asset_id,entity_id,region,site_id,ownership,vendor_id,lease_id,book_value_cents
GPU-00001,ENT-02,REG-1,COLO-1,owned,VEN-01,,3906250
GPU-00002,ENT-03,REG-2,COLO-2,owned,VEN-01,,3906250
GPU-00003,ENT-04,REG-3,COLO-1,owned,VEN-01,,3906250
GPU-00004,ENT-05,REG-1,COLO-2,owned,VEN-01,,3906250
GPU-00005,ENT-06,REG-2,COLO-1,owned,VEN-01,,3906250
GPU-00006,ENT-02,REG-3,COLO-2,owned,VEN-01,,3906250
GPU-00007,ENT-03,REG-1,COLO-1,owned,VEN-01,,3906250
GPU-00008,ENT-04,REG-2,COLO-2,owned,VEN-01,,3906250
GPU-00009,ENT-05,REG-3,COLO-1,owned,VEN-01,,3906250
GPU-00010,ENT-06,REG-1,COLO-2,owned,VEN-01,,3906250
GPU-00011,ENT-02,REG-2,COLO-1,owned,VEN-01,,3906250
GPU-00012,ENT-03,REG-3,COLO-2,owned,VEN-01,,3906250
GPU-00013,ENT-04,REG-1,COLO-1,owned,VEN-01,,3906250
GPU-00014,ENT-05,REG-2,COLO-2,owned,VEN-01,,3906250
GPU-00015,ENT-06,REG-3,COLO-1,owned,VEN-01,,3906250
GPU-00016,ENT-02,REG-1,COLO-2,owned,VEN-01,,3906250
GPU-00017,ENT-03,REG-2,COLO-1,owned,VEN-01,,3906250
GPU-00018,ENT-04,REG-3,COLO-2,owned,VEN-01,,3906250
GPU-00019,ENT-05,REG-1,COLO-1,owned,VEN-01,,3906250
GPU-00020,ENT-06,REG-2,COLO-2,owned,VEN-01,,3906250
GPU-00021,ENT-02,REG-3,COLO-1,owned,VEN-01,,3906250
GPU-00022,ENT-03,REG-1,COLO-2,owned,VEN-01,,3906250
GPU-00023,ENT-04,REG-2,COLO-1,owned,VEN-01,,3906250
GPU-00024,ENT-05,REG-3,COLO-2,owned,VEN-01,,3906250
GPU-00025,ENT-06,REG-1,COLO-1,owned,VEN-01,,3906250
GPU-00026,ENT-02,REG-2,COLO-2,owned,VEN-01,,3906250
GPU-00027,ENT-03,REG-3,COLO-1,owned,VEN-01,,3906250
GPU-00028,ENT-04,REG-1,COLO-2,owned,VEN-01,,3906250
GPU-00029,ENT-05,REG-2,COLO-1,owned,VEN-01,,3906250
GPU-00030,ENT-06,REG-3,COLO-2,owned,VEN-01,,3906250
GPU-00031,ENT-02,REG-1,COLO-1,owned,VEN-01,,3906250
GPU-00032,ENT-03,REG-2,COLO-2,owned,VEN-01,,3906250
GPU-00033,ENT-04,REG-3,COLO-1,owned,VEN-01,,3906250
GPU-00034,ENT-05,REG-1,COLO-2,owned,VEN-01,,3906250
GPU-00035,ENT-06,REG-2,COLO-1,owned,VEN-01,,3906250
GPU-00036,ENT-02,REG-3,COLO-2,owned,VEN-01,,3906250
GPU-00037,ENT-03,REG-1,COLO-1,owned,VEN-01,,3906250
GPU-00038,ENT-04,REG-2,COLO-2,owned,VEN-01,,3906250
GPU-00039,ENT-05,REG-3,COLO-1,owned,VEN-01,,3906250
GPU-00040,ENT-06,REG-1,COLO-2,owned,VEN-01,,3906250
GPU-00041,ENT-02,REG-2,COLO-1,owned,VEN-01,,3906250
GPU-00042,ENT-03,REG-3,COLO-2,owned,VEN-01,,3906250
GPU-00043,ENT-04,REG-1,COLO-1,owned,VEN-01,,3906250
GPU-00044,ENT-05,REG-2,COLO-2,owned,VEN-01,,3906250
GPU-00045,ENT-06,REG-3,COLO-1,owned,VEN-01,,3906250
GPU-00046,ENT-02,REG-1,COLO-2,owned,VEN-01,,3906250
GPU-00047,ENT-03,REG-2,COLO-1,owned,VEN-01,,3906250
GPU-00048,ENT-04,REG-3,COLO-2,owned,VEN-01,,3906250
GPU-00049,ENT-05,REG-1,COLO-1,owned,VEN-01,,3906250
GPU-00050,ENT-06,REG-2,COLO-2,owned,VEN-01,,3906250
GPU-00051,ENT-02,REG-3,COLO-1,owned,VEN-01,,3906250
GPU-00052,ENT-03,REG-1,COLO-2,owned,VEN-01,,3906250
GPU-00053,ENT-04,REG-2,COLO-1,owned,VEN-01,,3906250
GPU-00054,ENT-05,REG-3,COLO-2,owned,VEN-01,,3906250
GPU-00055,ENT-06,REG-1,COLO-1,owned,VEN-01,,3906250
GPU-00056,ENT-02,REG-2,COLO-2,owned,VEN-01,,3906250
GPU-00057,ENT-03,REG-3,COLO-1,owned,VEN-01,,3906250
GPU-00058,ENT-04,REG-1,COLO-2,owned,VEN-01,,3906250
GPU-00059,ENT-05,REG-2,COLO-1,owned,VEN-01,,3906250
GPU-00060,ENT-06,REG-3,COLO-2,owned,VEN-01,,3906250
GPU-00061,ENT-02,REG-1,COLO-1,owned,VEN-01,,3906250
GPU-00062,ENT-03,REG-2,COLO-2,owned,VEN-01,,3906250
GPU-00063,ENT-04,REG-3,COLO-1,owned,VEN-01,,3906250
GPU-00064,ENT-05,REG-1,COLO-2,owned,VEN-01,,3906250
GPU-00065,ENT-06,REG-2,COLO-1,owned,VEN-01,,3906250
GPU-00066,ENT-02,REG-3,COLO-2,owned,VEN-01,,3906250
GPU-00067,ENT-03,REG-1,COLO-1,owned,VEN-01,,3906250
GPU-00068,ENT-04,REG-2,COLO-2,owned,VEN-01,,3906250
GPU-00069,ENT-05,REG-3,COLO-1,owned,VEN-01,,3906250
GPU-00070,ENT-06,REG-1,COLO-2,owned,VEN-01,,3906250
GPU-00071,ENT-02,REG-2,COLO-1,owned,VEN-01,,3906250
GPU-00072,ENT-03,REG-3,COLO-2,owned,VEN-01,,3906250
GPU-00073,ENT-04,REG-1,COLO-1,owned,VEN-01,,3906250
GPU-00074,ENT-05,REG-2,COLO-2,owned,VEN-01,,3906250
GPU-00075,ENT-06,REG-3,COLO-1,owned,VEN-01,,3906250
GPU-00076,ENT-02,REG-1,COLO-2,owned,VEN-01,,3906250
GPU-00077,ENT-03,REG-2,COLO-1,owned,VEN-01,,3906250
GPU-00078,ENT-04,REG-3,COLO-2,owned,VEN-01,,3906250
GPU-00079,ENT-05,REG-1,COLO-1,owned,VEN-01,,3906250
GPU-00080,ENT-06,REG-2,COLO-2,owned,VEN-01,,3906250
GPU-00081,ENT-02,REG-3,COLO-1,owned,VEN-01,,3906250
GPU-00082,ENT-03,REG-1,COLO-2,owned,VEN-01,,3906250
GPU-00083,ENT-04,REG-2,COLO-1,owned,VEN-01,,3906250
GPU-00084,ENT-05,REG-3,COLO-2,owned,VEN-01,,3906250
GPU-00085,ENT-06,REG-1,COLO-1,owned,VEN-01,,3906250
GPU-00086,ENT-02,REG-2,COLO-2,owned,VEN-01,,3906250
GPU-00087,ENT-03,REG-3,COLO-1,owned,VEN-01,,3906250
GPU-00088,ENT-04,REG-1,COLO-2,owned,VEN-01,,3906250
GPU-00089,ENT-05,REG-2,COLO-1,owned,VEN-01,,3906250
GPU-00090,ENT-06,REG-3,COLO-2,owned,VEN-01,,3906250
GPU-00091,ENT-02,REG-1,COLO-1,owned,VEN-01,,3906250
GPU-00092,ENT-03,REG-2,COLO-2,owned,VEN-01,,3906250
GPU-00093,ENT-04,REG-3,COLO-1,owned,VEN-01,,3906250
GPU-00094,ENT-05,REG-1,COLO-2,owned,VEN-01,,3906250
GPU-00095,ENT-06,REG-2,COLO-1,owned,VEN-01,,3906250
GPU-00096,ENT-02,REG-3,COLO-2,owned,VEN-01,,3906250
GPU-00097,ENT-03,REG-1,COLO-1,owned,VEN-01,,3906250
GPU-00098,ENT-04,REG-2,COLO-2,owned,VEN-01,,3906250
GPU-00099,ENT-05,REG-3,COLO-1,owned,VEN-01,,3906250
GPU-00100,ENT-06,REG-1,COLO-2,owned,VEN-01,,3906250
GPU-00101,ENT-02,REG-2,COLO-1,owned,VEN-01,,3906250
GPU-00102,ENT-03,REG-3,COLO-2,owned,VEN-01,,3906250
GPU-00103,ENT-04,REG-1,COLO-1,owned,VEN-01,,3906250
GPU-00104,ENT-05,REG-2,COLO-2,owned,VEN-01,,3906250
GPU-00105,ENT-06,REG-3,COLO-1,owned,VEN-01,,3906250
GPU-00106,ENT-02,REG-1,COLO-2,owned,VEN-01,,3906250
GPU-00107,ENT-03,REG-2,COLO-1,owned,VEN-01,,3906250
GPU-00108,ENT-04,REG-3,COLO-2,owned,VEN-01,,3906250
GPU-00109,ENT-05,REG-1,COLO-1,owned,VEN-01,,3906250
GPU-00110,ENT-06,REG-2,COLO-2,owned,VEN-01,,3906250
GPU-00111,ENT-02,REG-3,COLO-1,owned,VEN-01,,3906250
GPU-00112,ENT-03,REG-1,COLO-2,owned,VEN-01,,3906250
GPU-00113,ENT-04,REG-2,COLO-1,owned,VEN-01,,3906250
GPU-00114,ENT-05,REG-3,COLO-2,owned,VEN-01,,3906250
GPU-00115,ENT-06,REG-1,COLO-1,owned,VEN-01,,3906250
GPU-00116,ENT-02,REG-2,COLO-2,owned,VEN-01,,3906250
GPU-00117,ENT-03,REG-3,COLO-1,owned,VEN-01,,3906250
GPU-00118,ENT-04,REG-1,COLO-2,owned,VEN-01,,3906250
GPU-00119,ENT-05,REG-2,COLO-1,owned,VEN-01,,3906250
GPU-00120,ENT-06,REG-3,COLO-2,owned,VEN-01,,3906250
GPU-00121,ENT-02,REG-1,COLO-1,owned,VEN-01,,3906250
GPU-00122,ENT-03,REG-2,COLO-2,owned,VEN-01,,3906250
GPU-00123,ENT-04,REG-3,COLO-1,owned,VEN-01,,3906250
GPU-00124,ENT-05,REG-1,COLO-2,owned,VEN-01,,3906250
GPU-00125,ENT-06,REG-2,COLO-1,owned,VEN-01,,3906250
GPU-00126,ENT-02,REG-3,COLO-2,owned,VEN-01,,3906250
GPU-00127,ENT-03,REG-1,COLO-1,owned,VEN-01,,3906250
GPU-00128,ENT-04,REG-2,COLO-2,owned,VEN-01,,3906250
GPU-00129,ENT-05,REG-3,COLO-1,owned,VEN-01,,3906250
GPU-00130,ENT-06,REG-1,COLO-2,owned,VEN-01,,3906250
GPU-00131,ENT-02,REG-2,COLO-1,owned,VEN-01,,3906250
GPU-00132,ENT-03,REG-3,COLO-2,owned,VEN-01,,3906250
GPU-00133,ENT-04,REG-1,COLO-1,owned,VEN-01,,3906250
GPU-00134,ENT-05,REG-2,COLO-2,owned,VEN-01,,3906250
GPU-00135,ENT-06,REG-3,COLO-1,owned,VEN-01,,3906250
GPU-00136,ENT-02,REG-1,COLO-2,owned,VEN-01,,3906250
GPU-00137,ENT-03,REG-2,COLO-1,owned,VEN-01,,3906250
GPU-00138,ENT-04,REG-3,COLO-2,owned,VEN-01,,3906250
GPU-00139,ENT-05,REG-1,COLO-1,owned,VEN-01,,3906250
GPU-00140,ENT-06,REG-2,COLO-2,owned,VEN-01,,3906250
GPU-00141,ENT-02,REG-3,COLO-1,owned,VEN-01,,3906250
GPU-00142,ENT-03,REG-1,COLO-2,owned,VEN-01,,3906250
GPU-00143,ENT-04,REG-2,COLO-1,owned,VEN-01,,3906250
GPU-00144,ENT-05,REG-3,COLO-2,owned,VEN-01,,3906250
GPU-00145,ENT-06,REG-1,COLO-1,owned,VEN-01,,3906250
GPU-00146,ENT-02,REG-2,COLO-2,owned,VEN-01,,3906250
GPU-00147,ENT-03,REG-3,COLO-1,owned,VEN-01,,3906250
GPU-00148,ENT-04,REG-1,COLO-2,owned,VEN-01,,3906250
GPU-00149,ENT-05,REG-2,COLO-1,owned,VEN-01,,3906250
GPU-00150,ENT-06,REG-3,COLO-2,owned,VEN-01,,3906250
GPU-00151,ENT-02,REG-1,COLO-1,owned,VEN-01,,3906250
GPU-00152,ENT-03,REG-2,COLO-2,owned,VEN-01,,3906250
GPU-00153,ENT-04,REG-3,COLO-1,owned,VEN-01,,3906250
GPU-00154,ENT-05,REG-1,COLO-2,owned,VEN-01,,3906250
GPU-00155,ENT-06,REG-2,COLO-1,owned,VEN-01,,3906250
GPU-00156,ENT-02,REG-3,COLO-2,owned,VEN-01,,3906250
GPU-00157,ENT-03,REG-1,COLO-1,owned,VEN-01,,3906250
GPU-00158,ENT-04,REG-2,COLO-2,owned,VEN-01,,3906250
GPU-00159,ENT-05,REG-3,COLO-1,owned,VEN-01,,3906250
GPU-00160,ENT-06,REG-1,COLO-2,owned,VEN-01,,3906250
GPU-00161,ENT-02,REG-2,COLO-1,owned,VEN-01,,3906250
GPU-00162,ENT-03,REG-3,COLO-2,owned,VEN-01,,3906250
GPU-00163,ENT-04,REG-1,COLO-1,owned,VEN-01,,3906250
GPU-00164,ENT-05,REG-2,COLO-2,owned,VEN-01,,3906250
GPU-00165,ENT-06,REG-3,COLO-1,owned,VEN-01,,3906250
GPU-00166,ENT-02,REG-1,COLO-2,owned,VEN-01,,3906250
GPU-00167,ENT-03,REG-2,COLO-1,owned,VEN-01,,3906250
GPU-00168,ENT-04,REG-3,COLO-2,owned,VEN-01,,3906250
GPU-00169,ENT-05,REG-1,COLO-1,owned,VEN-01,,3906250
GPU-00170,ENT-06,REG-2,COLO-2,owned,VEN-01,,3906250
GPU-00171,ENT-02,REG-3,COLO-1,owned,VEN-01,,3906250
GPU-00172,ENT-03,REG-1,COLO-2,owned,VEN-01,,3906250
GPU-00173,ENT-04,REG-2,COLO-1,owned,VEN-01,,3906250
GPU-00174,ENT-05,REG-3,COLO-2,owned,VEN-01,,3906250
GPU-00175,ENT-06,REG-1,COLO-1,owned,VEN-01,,3906250
GPU-00176,ENT-02,REG-2,COLO-2,owned,VEN-01,,3906250
GPU-00177,ENT-03,REG-3,COLO-1,owned,VEN-01,,3906250
GPU-00178,ENT-04,REG-1,COLO-2,owned,VEN-01,,3906250
GPU-00179,ENT-05,REG-2,COLO-1,owned,VEN-01,,3906250
GPU-00180,ENT-06,REG-3,COLO-2,owned,VEN-01,,3906250
GPU-00181,ENT-02,REG-1,COLO-1,owned,VEN-01,,3906250
GPU-00182,ENT-03,REG-2,COLO-2,owned,VEN-01,,3906250
GPU-00183,ENT-04,REG-3,COLO-1,owned,VEN-01,,3906250
GPU-00184,ENT-05,REG-1,COLO-2,owned,VEN-01,,3906250
GPU-00185,ENT-06,REG-2,COLO-1,owned,VEN-01,,3906250
GPU-00186,ENT-02,REG-3,COLO-2,owned,VEN-01,,3906250
GPU-00187,ENT-03,REG-1,COLO-1,owned,VEN-01,,3906250
GPU-00188,ENT-04,REG-2,COLO-2,owned,VEN-01,,3906250
GPU-00189,ENT-05,REG-3,COLO-1,owned,VEN-01,,3906250
GPU-00190,ENT-06,REG-1,COLO-2,owned,VEN-01,,3906250
GPU-00191,ENT-02,REG-2,COLO-1,owned,VEN-01,,3906250
GPU-00192,ENT-03,REG-3,COLO-2,owned,VEN-01,,3906250
GPU-00193,ENT-04,REG-1,COLO-1,owned,VEN-01,,3906250
GPU-00194,ENT-05,REG-2,COLO-2,owned,VEN-01,,3906250
GPU-00195,ENT-06,REG-3,COLO-1,owned,VEN-01,,3906250
GPU-00196,ENT-02,REG-1,COLO-2,owned,VEN-01,,3906250
GPU-00197,ENT-03,REG-2,COLO-1,owned,VEN-01,,3906250
GPU-00198,ENT-04,REG-3,COLO-2,owned,VEN-01,,3906250
GPU-00199,ENT-05,REG-1,COLO-1,owned,VEN-01,,3906250
GPU-00200,ENT-06,REG-2,COLO-2,owned,VEN-01,,3906250
GPU-00201,ENT-02,REG-3,COLO-1,owned,VEN-01,,3906250
GPU-00202,ENT-03,REG-1,COLO-2,owned,VEN-01,,3906250
GPU-00203,ENT-04,REG-2,COLO-1,owned,VEN-01,,3906250
GPU-00204,ENT-05,REG-3,COLO-2,owned,VEN-01,,3906250
GPU-00205,ENT-06,REG-1,COLO-1,owned,VEN-01,,3906250
GPU-00206,ENT-02,REG-2,COLO-2,owned,VEN-01,,3906250
GPU-00207,ENT-03,REG-3,COLO-1,owned,VEN-01,,3906250
GPU-00208,ENT-04,REG-1,COLO-2,owned,VEN-01,,3906250
GPU-00209,ENT-05,REG-2,COLO-1,owned,VEN-01,,3906250
GPU-00210,ENT-06,REG-3,COLO-2,owned,VEN-01,,3906250
GPU-00211,ENT-02,REG-1,COLO-1,owned,VEN-01,,3906250
GPU-00212,ENT-03,REG-2,COLO-2,owned,VEN-01,,3906250
GPU-00213,ENT-04,REG-3,COLO-1,owned,VEN-01,,3906250
GPU-00214,ENT-05,REG-1,COLO-2,owned,VEN-01,,3906250
GPU-00215,ENT-06,REG-2,COLO-1,owned,VEN-01,,3906250
GPU-00216,ENT-02,REG-3,COLO-2,owned,VEN-01,,3906250
GPU-00217,ENT-03,REG-1,COLO-1,owned,VEN-01,,3906250
GPU-00218,ENT-04,REG-2,COLO-2,owned,VEN-01,,3906250
GPU-00219,ENT-05,REG-3,COLO-1,owned,VEN-01,,3906250
GPU-00220,ENT-06,REG-1,COLO-2,owned,VEN-01,,3906250
GPU-00221,ENT-02,REG-2,COLO-1,owned,VEN-01,,3906250
GPU-00222,ENT-03,REG-3,COLO-2,owned,VEN-01,,3906250
GPU-00223,ENT-04,REG-1,COLO-1,owned,VEN-01,,3906250
GPU-00224,ENT-05,REG-2,COLO-2,owned,VEN-01,,3906250
GPU-00225,ENT-06,REG-3,COLO-1,owned,VEN-01,,3906250
GPU-00226,ENT-02,REG-1,COLO-2,owned,VEN-01,,3906250
GPU-00227,ENT-03,REG-2,COLO-1,owned,VEN-01,,3906250
GPU-00228,ENT-04,REG-3,COLO-2,owned,VEN-01,,3906250
GPU-00229,ENT-05,REG-1,COLO-1,owned,VEN-01,,3906250
GPU-00230,ENT-06,REG-2,COLO-2,owned,VEN-01,,3906250
GPU-00231,ENT-02,REG-3,COLO-1,owned,VEN-01,,3906250
GPU-00232,ENT-03,REG-1,COLO-2,owned,VEN-01,,3906250
GPU-00233,ENT-04,REG-2,COLO-1,owned,VEN-01,,3906250
GPU-00234,ENT-05,REG-3,COLO-2,owned,VEN-01,,3906250
GPU-00235,ENT-06,REG-1,COLO-1,owned,VEN-01,,3906250
GPU-00236,ENT-02,REG-2,COLO-2,owned,VEN-01,,3906250
GPU-00237,ENT-03,REG-3,COLO-1,owned,VEN-01,,3906250
GPU-00238,ENT-04,REG-1,COLO-2,owned,VEN-01,,3906250
GPU-00239,ENT-05,REG-2,COLO-1,owned,VEN-01,,3906250
GPU-00240,ENT-06,REG-3,COLO-2,owned,VEN-01,,3906250
GPU-00241,ENT-02,REG-1,COLO-1,owned,VEN-01,,3906250
GPU-00242,ENT-03,REG-2,COLO-2,owned,VEN-01,,3906250
GPU-00243,ENT-04,REG-3,COLO-1,owned,VEN-01,,3906250
GPU-00244,ENT-05,REG-1,COLO-2,owned,VEN-01,,3906250
GPU-00245,ENT-06,REG-2,COLO-1,owned,VEN-01,,3906250
GPU-00246,ENT-02,REG-3,COLO-2,owned,VEN-01,,3906250
GPU-00247,ENT-03,REG-1,COLO-1,owned,VEN-01,,3906250
GPU-00248,ENT-04,REG-2,COLO-2,owned,VEN-01,,3906250
GPU-00249,ENT-05,REG-3,COLO-1,owned,VEN-01,,3906250
GPU-00250,ENT-06,REG-1,COLO-2,owned,VEN-01,,3906250
GPU-00251,ENT-02,REG-2,COLO-1,owned,VEN-01,,3906250
GPU-00252,ENT-03,REG-3,COLO-2,owned,VEN-01,,3906250
GPU-00253,ENT-04,REG-1,COLO-1,owned,VEN-01,,3906250
GPU-00254,ENT-05,REG-2,COLO-2,owned,VEN-01,,3906250
GPU-00255,ENT-06,REG-3,COLO-1,owned,VEN-01,,3906250
GPU-00256,ENT-02,REG-1,COLO-2,owned,VEN-01,,3906250
GPU-00257,ENT-03,REG-2,COLO-1,owned,VEN-01,,3906250
GPU-00258,ENT-04,REG-3,COLO-2,owned,VEN-01,,3906250
GPU-00259,ENT-05,REG-1,COLO-1,owned,VEN-01,,3906250
GPU-00260,ENT-06,REG-2,COLO-2,owned,VEN-01,,3906250
GPU-00261,ENT-02,REG-3,COLO-1,owned,VEN-01,,3906250
GPU-00262,ENT-03,REG-1,COLO-2,owned,VEN-01,,3906250
GPU-00263,ENT-04,REG-2,COLO-1,owned,VEN-01,,3906250
GPU-00264,ENT-05,REG-3,COLO-2,owned,VEN-01,,3906250
GPU-00265,ENT-06,REG-1,COLO-1,owned,VEN-01,,3906250
GPU-00266,ENT-02,REG-2,COLO-2,owned,VEN-01,,3906250
GPU-00267,ENT-03,REG-3,COLO-1,owned,VEN-01,,3906250
GPU-00268,ENT-04,REG-1,COLO-2,owned,VEN-01,,3906250
GPU-00269,ENT-05,REG-2,COLO-1,owned,VEN-01,,3906250
GPU-00270,ENT-06,REG-3,COLO-2,owned,VEN-01,,3906250
GPU-00271,ENT-02,REG-1,COLO-1,owned,VEN-01,,3906250
GPU-00272,ENT-03,REG-2,COLO-2,owned,VEN-01,,3906250
GPU-00273,ENT-04,REG-3,COLO-1,owned,VEN-01,,3906250
GPU-00274,ENT-05,REG-1,COLO-2,owned,VEN-01,,3906250
GPU-00275,ENT-06,REG-2,COLO-1,owned,VEN-01,,3906250
GPU-00276,ENT-02,REG-3,COLO-2,owned,VEN-01,,3906250
GPU-00277,ENT-03,REG-1,COLO-1,owned,VEN-01,,3906250
GPU-00278,ENT-04,REG-2,COLO-2,owned,VEN-01,,3906250
GPU-00279,ENT-05,REG-3,COLO-1,owned,VEN-01,,3906250
GPU-00280,ENT-06,REG-1,COLO-2,owned,VEN-01,,3906250
GPU-00281,ENT-02,REG-2,COLO-1,owned,VEN-01,,3906250
GPU-00282,ENT-03,REG-3,COLO-2,owned,VEN-01,,3906250
GPU-00283,ENT-04,REG-1,COLO-1,owned,VEN-01,,3906250
GPU-00284,ENT-05,REG-2,COLO-2,owned,VEN-01,,3906250
GPU-00285,ENT-06,REG-3,COLO-1,owned,VEN-01,,3906250
GPU-00286,ENT-02,REG-1,COLO-2,owned,VEN-01,,3906250
GPU-00287,ENT-03,REG-2,COLO-1,owned,VEN-01,,3906250
GPU-00288,ENT-04,REG-3,COLO-2,owned,VEN-01,,3906250
GPU-00289,ENT-05,REG-1,COLO-1,owned,VEN-01,,3906250
GPU-00290,ENT-06,REG-2,COLO-2,owned,VEN-01,,3906250
GPU-00291,ENT-02,REG-3,COLO-1,owned,VEN-01,,3906250
GPU-00292,ENT-03,REG-1,COLO-2,owned,VEN-01,,3906250
GPU-00293,ENT-04,REG-2,COLO-1,owned,VEN-01,,3906250
GPU-00294,ENT-05,REG-3,COLO-2,owned,VEN-01,,3906250
GPU-00295,ENT-06,REG-1,COLO-1,owned,VEN-01,,3906250
GPU-00296,ENT-02,REG-2,COLO-2,owned,VEN-01,,3906250
GPU-00297,ENT-03,REG-3,COLO-1,owned,VEN-01,,3906250
GPU-00298,ENT-04,REG-1,COLO-2,owned,VEN-01,,3906250
GPU-00299,ENT-05,REG-2,COLO-1,owned,VEN-01,,3906250
GPU-00300,ENT-06,REG-3,COLO-2,owned,VEN-01,,3906250
GPU-00301,ENT-02,REG-1,COLO-1,owned,VEN-01,,3906250
GPU-00302,ENT-03,REG-2,COLO-2,owned,VEN-01,,3906250
GPU-00303,ENT-04,REG-3,COLO-1,owned,VEN-01,,3906250
GPU-00304,ENT-05,REG-1,COLO-2,owned,VEN-01,,3906250
GPU-00305,ENT-06,REG-2,COLO-1,owned,VEN-01,,3906250
GPU-00306,ENT-02,REG-3,COLO-2,owned,VEN-01,,3906250
GPU-00307,ENT-03,REG-1,COLO-1,owned,VEN-01,,3906250
GPU-00308,ENT-04,REG-2,COLO-2,owned,VEN-01,,3906250
GPU-00309,ENT-05,REG-3,COLO-1,owned,VEN-01,,3906250
GPU-00310,ENT-06,REG-1,COLO-2,owned,VEN-01,,3906250
GPU-00311,ENT-02,REG-2,COLO-1,owned,VEN-01,,3906250
GPU-00312,ENT-03,REG-3,COLO-2,owned,VEN-01,,3906250
GPU-00313,ENT-04,REG-1,COLO-1,owned,VEN-01,,3906250
GPU-00314,ENT-05,REG-2,COLO-2,owned,VEN-01,,3906250
GPU-00315,ENT-06,REG-3,COLO-1,owned,VEN-01,,3906250
GPU-00316,ENT-02,REG-1,COLO-2,owned,VEN-01,,3906250
GPU-00317,ENT-03,REG-2,COLO-1,owned,VEN-01,,3906250
GPU-00318,ENT-04,REG-3,COLO-2,owned,VEN-01,,3906250
GPU-00319,ENT-05,REG-1,COLO-1,owned,VEN-01,,3906250
GPU-00320,ENT-06,REG-2,COLO-2,owned,VEN-01,,3906250
GPU-00321,ENT-02,REG-3,COLO-1,owned,VEN-01,,3906250
GPU-00322,ENT-03,REG-1,COLO-2,owned,VEN-01,,3906250
GPU-00323,ENT-04,REG-2,COLO-1,owned,VEN-01,,3906250
GPU-00324,ENT-05,REG-3,COLO-2,owned,VEN-01,,3906250
GPU-00325,ENT-06,REG-1,COLO-1,owned,VEN-01,,3906250
GPU-00326,ENT-02,REG-2,COLO-2,owned,VEN-01,,3906250
GPU-00327,ENT-03,REG-3,COLO-1,owned,VEN-01,,3906250
GPU-00328,ENT-04,REG-1,COLO-2,owned,VEN-01,,3906250
GPU-00329,ENT-05,REG-2,COLO-1,owned,VEN-01,,3906250
GPU-00330,ENT-06,REG-3,COLO-2,owned,VEN-01,,3906250
GPU-00331,ENT-02,REG-1,COLO-1,owned,VEN-01,,3906250
GPU-00332,ENT-03,REG-2,COLO-2,owned,VEN-01,,3906250
GPU-00333,ENT-04,REG-3,COLO-1,owned,VEN-01,,3906250
GPU-00334,ENT-05,REG-1,COLO-2,owned,VEN-01,,3906250
GPU-00335,ENT-06,REG-2,COLO-1,owned,VEN-01,,3906250
GPU-00336,ENT-02,REG-3,COLO-2,owned,VEN-01,,3906250
GPU-00337,ENT-03,REG-1,COLO-1,owned,VEN-01,,3906250
GPU-00338,ENT-04,REG-2,COLO-2,owned,VEN-01,,3906250
GPU-00339,ENT-05,REG-3,COLO-1,owned,VEN-01,,3906250
GPU-00340,ENT-06,REG-1,COLO-2,owned,VEN-01,,3906250
GPU-00341,ENT-02,REG-2,COLO-1,owned,VEN-01,,3906250
GPU-00342,ENT-03,REG-3,COLO-2,owned,VEN-01,,3906250
GPU-00343,ENT-04,REG-1,COLO-1,owned,VEN-01,,3906250
GPU-00344,ENT-05,REG-2,COLO-2,owned,VEN-01,,3906250
GPU-00345,ENT-06,REG-3,COLO-1,owned,VEN-01,,3906250
GPU-00346,ENT-02,REG-1,COLO-2,owned,VEN-01,,3906250
GPU-00347,ENT-03,REG-2,COLO-1,owned,VEN-01,,3906250
GPU-00348,ENT-04,REG-3,COLO-2,owned,VEN-01,,3906250
GPU-00349,ENT-05,REG-1,COLO-1,owned,VEN-01,,3906250
GPU-00350,ENT-06,REG-2,COLO-2,owned,VEN-01,,3906250
GPU-00351,ENT-02,REG-3,COLO-1,owned,VEN-01,,3906250
GPU-00352,ENT-03,REG-1,COLO-2,owned,VEN-01,,3906250
GPU-00353,ENT-04,REG-2,COLO-1,owned,VEN-01,,3906250
GPU-00354,ENT-05,REG-3,COLO-2,owned,VEN-01,,3906250
GPU-00355,ENT-06,REG-1,COLO-1,owned,VEN-01,,3906250
GPU-00356,ENT-02,REG-2,COLO-2,owned,VEN-01,,3906250
GPU-00357,ENT-03,REG-3,COLO-1,owned,VEN-01,,3906250
GPU-00358,ENT-04,REG-1,COLO-2,owned,VEN-01,,3906250
GPU-00359,ENT-05,REG-2,COLO-1,owned,VEN-01,,3906250
GPU-00360,ENT-06,REG-3,COLO-2,owned,VEN-01,,3906250
GPU-00361,ENT-02,REG-1,COLO-1,owned,VEN-01,,3906250
GPU-00362,ENT-03,REG-2,COLO-2,owned,VEN-01,,3906250
GPU-00363,ENT-04,REG-3,COLO-1,owned,VEN-01,,3906250
GPU-00364,ENT-05,REG-1,COLO-2,owned,VEN-01,,3906250
GPU-00365,ENT-06,REG-2,COLO-1,owned,VEN-01,,3906250
GPU-00366,ENT-02,REG-3,COLO-2,owned,VEN-01,,3906250
GPU-00367,ENT-03,REG-1,COLO-1,owned,VEN-01,,3906250
GPU-00368,ENT-04,REG-2,COLO-2,owned,VEN-01,,3906250
GPU-00369,ENT-05,REG-3,COLO-1,owned,VEN-01,,3906250
GPU-00370,ENT-06,REG-1,COLO-2,owned,VEN-01,,3906250
GPU-00371,ENT-02,REG-2,COLO-1,owned,VEN-01,,3906250
GPU-00372,ENT-03,REG-3,COLO-2,owned,VEN-01,,3906250
GPU-00373,ENT-04,REG-1,COLO-1,owned,VEN-01,,3906250
GPU-00374,ENT-05,REG-2,COLO-2,owned,VEN-01,,3906250
GPU-00375,ENT-06,REG-3,COLO-1,owned,VEN-01,,3906250
GPU-00376,ENT-02,REG-1,COLO-2,owned,VEN-01,,3906250
GPU-00377,ENT-03,REG-2,COLO-1,owned,VEN-01,,3906250
GPU-00378,ENT-04,REG-3,COLO-2,owned,VEN-01,,3906250
GPU-00379,ENT-05,REG-1,COLO-1,owned,VEN-01,,3906250
GPU-00380,ENT-06,REG-2,COLO-2,owned,VEN-01,,3906250
GPU-00381,ENT-02,REG-3,COLO-1,owned,VEN-01,,3906250
GPU-00382,ENT-03,REG-1,COLO-2,owned,VEN-01,,3906250
GPU-00383,ENT-04,REG-2,COLO-1,owned,VEN-01,,3906250
GPU-00384,ENT-05,REG-3,COLO-2,owned,VEN-01,,3906250
GPU-00385,ENT-06,REG-1,COLO-1,owned,VEN-01,,3906250
GPU-00386,ENT-02,REG-2,COLO-2,owned,VEN-01,,3906250
GPU-00387,ENT-03,REG-3,COLO-1,owned,VEN-01,,3906250
GPU-00388,ENT-04,REG-1,COLO-2,owned,VEN-01,,3906250
GPU-00389,ENT-05,REG-2,COLO-1,owned,VEN-01,,3906250
GPU-00390,ENT-06,REG-3,COLO-2,owned,VEN-01,,3906250
GPU-00391,ENT-02,REG-1,COLO-1,owned,VEN-01,,3906250
GPU-00392,ENT-03,REG-2,COLO-2,owned,VEN-01,,3906250
GPU-00393,ENT-04,REG-3,COLO-1,owned,VEN-01,,3906250
GPU-00394,ENT-05,REG-1,COLO-2,owned,VEN-01,,3906250
GPU-00395,ENT-06,REG-2,COLO-1,owned,VEN-01,,3906250
GPU-00396,ENT-02,REG-3,COLO-2,owned,VEN-01,,3906250
GPU-00397,ENT-03,REG-1,COLO-1,owned,VEN-01,,3906250
GPU-00398,ENT-04,REG-2,COLO-2,owned,VEN-01,,3906250
GPU-00399,ENT-05,REG-3,COLO-1,owned,VEN-01,,3906250
GPU-00400,ENT-06,REG-1,COLO-2,owned,VEN-01,,3906250
GPU-00401,ENT-02,REG-2,COLO-1,owned,VEN-01,,3906250
GPU-00402,ENT-03,REG-3,COLO-2,owned,VEN-01,,3906250
GPU-00403,ENT-04,REG-1,COLO-1,owned,VEN-01,,3906250
GPU-00404,ENT-05,REG-2,COLO-2,owned,VEN-01,,3906250
GPU-00405,ENT-06,REG-3,COLO-1,owned,VEN-01,,3906250
GPU-00406,ENT-02,REG-1,COLO-2,owned,VEN-01,,3906250
GPU-00407,ENT-03,REG-2,COLO-1,owned,VEN-01,,3906250
GPU-00408,ENT-04,REG-3,COLO-2,owned,VEN-01,,3906250
GPU-00409,ENT-05,REG-1,COLO-1,owned,VEN-01,,3906250
GPU-00410,ENT-06,REG-2,COLO-2,owned,VEN-01,,3906250
GPU-00411,ENT-02,REG-3,COLO-1,owned,VEN-01,,3906250
GPU-00412,ENT-03,REG-1,COLO-2,owned,VEN-01,,3906250
GPU-00413,ENT-04,REG-2,COLO-1,owned,VEN-01,,3906250
GPU-00414,ENT-05,REG-3,COLO-2,owned,VEN-01,,3906250
GPU-00415,ENT-06,REG-1,COLO-1,owned,VEN-01,,3906250
GPU-00416,ENT-02,REG-2,COLO-2,owned,VEN-01,,3906250
GPU-00417,ENT-03,REG-3,COLO-1,owned,VEN-01,,3906250
GPU-00418,ENT-04,REG-1,COLO-2,owned,VEN-01,,3906250
GPU-00419,ENT-05,REG-2,COLO-1,owned,VEN-01,,3906250
GPU-00420,ENT-06,REG-3,COLO-2,owned,VEN-01,,3906250
GPU-00421,ENT-02,REG-1,COLO-1,owned,VEN-01,,3906250
GPU-00422,ENT-03,REG-2,COLO-2,owned,VEN-01,,3906250
GPU-00423,ENT-04,REG-3,COLO-1,owned,VEN-01,,3906250
GPU-00424,ENT-05,REG-1,COLO-2,owned,VEN-01,,3906250
GPU-00425,ENT-06,REG-2,COLO-1,owned,VEN-01,,3906250
GPU-00426,ENT-02,REG-3,COLO-2,owned,VEN-01,,3906250
GPU-00427,ENT-03,REG-1,COLO-1,owned,VEN-01,,3906250
GPU-00428,ENT-04,REG-2,COLO-2,owned,VEN-01,,3906250
GPU-00429,ENT-05,REG-3,COLO-1,owned,VEN-01,,3906250
GPU-00430,ENT-06,REG-1,COLO-2,owned,VEN-01,,3906250
GPU-00431,ENT-02,REG-2,COLO-1,owned,VEN-01,,3906250
GPU-00432,ENT-03,REG-3,COLO-2,owned,VEN-01,,3906250
GPU-00433,ENT-04,REG-1,COLO-1,owned,VEN-01,,3906250
GPU-00434,ENT-05,REG-2,COLO-2,owned,VEN-01,,3906250
GPU-00435,ENT-06,REG-3,COLO-1,owned,VEN-01,,3906250
GPU-00436,ENT-02,REG-1,COLO-2,owned,VEN-01,,3906250
GPU-00437,ENT-03,REG-2,COLO-1,owned,VEN-01,,3906250
GPU-00438,ENT-04,REG-3,COLO-2,owned,VEN-01,,3906250
GPU-00439,ENT-05,REG-1,COLO-1,owned,VEN-01,,3906250
GPU-00440,ENT-06,REG-2,COLO-2,owned,VEN-01,,3906250
GPU-00441,ENT-02,REG-3,COLO-1,owned,VEN-01,,3906250
GPU-00442,ENT-03,REG-1,COLO-2,owned,VEN-01,,3906250
GPU-00443,ENT-04,REG-2,COLO-1,owned,VEN-01,,3906250
GPU-00444,ENT-05,REG-3,COLO-2,owned,VEN-01,,3906250
GPU-00445,ENT-06,REG-1,COLO-1,owned,VEN-01,,3906250
GPU-00446,ENT-02,REG-2,COLO-2,owned,VEN-01,,3906250
GPU-00447,ENT-03,REG-3,COLO-1,owned,VEN-01,,3906250
GPU-00448,ENT-04,REG-1,COLO-2,owned,VEN-01,,3906250
GPU-00449,ENT-05,REG-2,COLO-1,owned,VEN-01,,3906250
GPU-00450,ENT-06,REG-3,COLO-2,owned,VEN-01,,3906250
GPU-00451,ENT-02,REG-1,COLO-1,owned,VEN-01,,3906250
GPU-00452,ENT-03,REG-2,COLO-2,owned,VEN-01,,3906250
GPU-00453,ENT-04,REG-3,COLO-1,owned,VEN-01,,3906250
GPU-00454,ENT-05,REG-1,COLO-2,owned,VEN-01,,3906250
GPU-00455,ENT-06,REG-2,COLO-1,owned,VEN-01,,3906250
GPU-00456,ENT-02,REG-3,COLO-2,owned,VEN-01,,3906250
GPU-00457,ENT-03,REG-1,COLO-1,owned,VEN-01,,3906250
GPU-00458,ENT-04,REG-2,COLO-2,owned,VEN-01,,3906250
GPU-00459,ENT-05,REG-3,COLO-1,owned,VEN-01,,3906250
GPU-00460,ENT-06,REG-1,COLO-2,owned,VEN-01,,3906250
GPU-00461,ENT-02,REG-2,COLO-1,owned,VEN-01,,3906250
GPU-00462,ENT-03,REG-3,COLO-2,owned,VEN-01,,3906250
GPU-00463,ENT-04,REG-1,COLO-1,owned,VEN-01,,3906250
GPU-00464,ENT-05,REG-2,COLO-2,owned,VEN-01,,3906250
GPU-00465,ENT-06,REG-3,COLO-1,owned,VEN-01,,3906250
GPU-00466,ENT-02,REG-1,COLO-2,owned,VEN-01,,3906250
GPU-00467,ENT-03,REG-2,COLO-1,owned,VEN-01,,3906250
GPU-00468,ENT-04,REG-3,COLO-2,owned,VEN-01,,3906250
GPU-00469,ENT-05,REG-1,COLO-1,owned,VEN-01,,3906250
GPU-00470,ENT-06,REG-2,COLO-2,owned,VEN-01,,3906250
GPU-00471,ENT-02,REG-3,COLO-1,owned,VEN-01,,3906250
GPU-00472,ENT-03,REG-1,COLO-2,owned,VEN-01,,3906250
GPU-00473,ENT-04,REG-2,COLO-1,owned,VEN-01,,3906250
GPU-00474,ENT-05,REG-3,COLO-2,owned,VEN-01,,3906250
GPU-00475,ENT-06,REG-1,COLO-1,owned,VEN-01,,3906250
GPU-00476,ENT-02,REG-2,COLO-2,owned,VEN-01,,3906250
GPU-00477,ENT-03,REG-3,COLO-1,owned,VEN-01,,3906250
GPU-00478,ENT-04,REG-1,COLO-2,owned,VEN-01,,3906250
GPU-00479,ENT-05,REG-2,COLO-1,owned,VEN-01,,3906250
GPU-00480,ENT-06,REG-3,COLO-2,owned,VEN-01,,3906250
GPU-00481,ENT-02,REG-1,COLO-1,owned,VEN-01,,3906250
GPU-00482,ENT-03,REG-2,COLO-2,owned,VEN-01,,3906250
GPU-00483,ENT-04,REG-3,COLO-1,owned,VEN-01,,3906250
GPU-00484,ENT-05,REG-1,COLO-2,owned,VEN-01,,3906250
GPU-00485,ENT-06,REG-2,COLO-1,owned,VEN-01,,3906250
GPU-00486,ENT-02,REG-3,COLO-2,owned,VEN-01,,3906250
GPU-00487,ENT-03,REG-1,COLO-1,owned,VEN-01,,3906250
GPU-00488,ENT-04,REG-2,COLO-2,owned,VEN-01,,3906250
GPU-00489,ENT-05,REG-3,COLO-1,owned,VEN-01,,3906250
GPU-00490,ENT-06,REG-1,COLO-2,owned,VEN-01,,3906250
GPU-00491,ENT-02,REG-2,COLO-1,owned,VEN-01,,3906250
GPU-00492,ENT-03,REG-3,COLO-2,owned,VEN-01,,3906250
GPU-00493,ENT-04,REG-1,COLO-1,owned,VEN-01,,3906250
GPU-00494,ENT-05,REG-2,COLO-2,owned,VEN-01,,3906250
GPU-00495,ENT-06,REG-3,COLO-1,owned,VEN-01,,3906250
GPU-00496,ENT-02,REG-1,COLO-2,owned,VEN-01,,3906250
GPU-00497,ENT-03,REG-2,COLO-1,owned,VEN-01,,3906250
GPU-00498,ENT-04,REG-3,COLO-2,owned,VEN-01,,3906250
GPU-00499,ENT-05,REG-1,COLO-1,owned,VEN-01,,3906250
GPU-00500,ENT-06,REG-2,COLO-2,owned,VEN-01,,3906250
GPU-00501,ENT-02,REG-3,COLO-1,owned,VEN-01,,3906250
GPU-00502,ENT-03,REG-1,COLO-2,owned,VEN-01,,3906250
GPU-00503,ENT-04,REG-2,COLO-1,owned,VEN-01,,3906250
GPU-00504,ENT-05,REG-3,COLO-2,owned,VEN-01,,3906250
GPU-00505,ENT-06,REG-1,COLO-1,owned,VEN-01,,3906250
GPU-00506,ENT-02,REG-2,COLO-2,owned,VEN-01,,3906250
GPU-00507,ENT-03,REG-3,COLO-1,owned,VEN-01,,3906250
GPU-00508,ENT-04,REG-1,COLO-2,owned,VEN-01,,3906250
GPU-00509,ENT-05,REG-2,COLO-1,owned,VEN-01,,3906250
GPU-00510,ENT-06,REG-3,COLO-2,owned,VEN-01,,3906250
GPU-00511,ENT-02,REG-1,COLO-1,owned,VEN-01,,3906250
GPU-00512,ENT-03,REG-2,COLO-2,owned,VEN-01,,3906250
GPU-00513,ENT-04,REG-3,COLO-1,owned,VEN-01,,3906250
GPU-00514,ENT-05,REG-1,COLO-2,owned,VEN-01,,3906250
GPU-00515,ENT-06,REG-2,COLO-1,owned,VEN-01,,3906250
GPU-00516,ENT-02,REG-3,COLO-2,owned,VEN-01,,3906250
GPU-00517,ENT-03,REG-1,COLO-1,owned,VEN-01,,3906250
GPU-00518,ENT-04,REG-2,COLO-2,owned,VEN-01,,3906250
GPU-00519,ENT-05,REG-3,COLO-1,owned,VEN-01,,3906250
GPU-00520,ENT-06,REG-1,COLO-2,owned,VEN-01,,3906250
GPU-00521,ENT-02,REG-2,COLO-1,owned,VEN-01,,3906250
GPU-00522,ENT-03,REG-3,COLO-2,owned,VEN-01,,3906250
GPU-00523,ENT-04,REG-1,COLO-1,owned,VEN-01,,3906250
GPU-00524,ENT-05,REG-2,COLO-2,owned,VEN-01,,3906250
GPU-00525,ENT-06,REG-3,COLO-1,owned,VEN-01,,3906250
GPU-00526,ENT-02,REG-1,COLO-2,owned,VEN-01,,3906250
GPU-00527,ENT-03,REG-2,COLO-1,owned,VEN-01,,3906250
GPU-00528,ENT-04,REG-3,COLO-2,owned,VEN-01,,3906250
GPU-00529,ENT-05,REG-1,COLO-1,owned,VEN-01,,3906250
GPU-00530,ENT-06,REG-2,COLO-2,owned,VEN-01,,3906250
GPU-00531,ENT-02,REG-3,COLO-1,owned,VEN-01,,3906250
GPU-00532,ENT-03,REG-1,COLO-2,owned,VEN-01,,3906250
GPU-00533,ENT-04,REG-2,COLO-1,owned,VEN-01,,3906250
GPU-00534,ENT-05,REG-3,COLO-2,owned,VEN-01,,3906250
GPU-00535,ENT-06,REG-1,COLO-1,owned,VEN-01,,3906250
GPU-00536,ENT-02,REG-2,COLO-2,owned,VEN-01,,3906250
GPU-00537,ENT-03,REG-3,COLO-1,owned,VEN-01,,3906250
GPU-00538,ENT-04,REG-1,COLO-2,owned,VEN-01,,3906250
GPU-00539,ENT-05,REG-2,COLO-1,owned,VEN-01,,3906250
GPU-00540,ENT-06,REG-3,COLO-2,owned,VEN-01,,3906250
GPU-00541,ENT-02,REG-1,COLO-1,owned,VEN-01,,3906250
GPU-00542,ENT-03,REG-2,COLO-2,owned,VEN-01,,3906250
GPU-00543,ENT-04,REG-3,COLO-1,owned,VEN-01,,3906250
GPU-00544,ENT-05,REG-1,COLO-2,owned,VEN-01,,3906250
GPU-00545,ENT-06,REG-2,COLO-1,owned,VEN-01,,3906250
GPU-00546,ENT-02,REG-3,COLO-2,owned,VEN-01,,3906250
GPU-00547,ENT-03,REG-1,COLO-1,owned,VEN-01,,3906250
GPU-00548,ENT-04,REG-2,COLO-2,owned,VEN-01,,3906250
GPU-00549,ENT-05,REG-3,COLO-1,owned,VEN-01,,3906250
GPU-00550,ENT-06,REG-1,COLO-2,owned,VEN-01,,3906250
GPU-00551,ENT-02,REG-2,COLO-1,owned,VEN-01,,3906250
GPU-00552,ENT-03,REG-3,COLO-2,owned,VEN-01,,3906250
GPU-00553,ENT-04,REG-1,COLO-1,owned,VEN-01,,3906250
GPU-00554,ENT-05,REG-2,COLO-2,owned,VEN-01,,3906250
GPU-00555,ENT-06,REG-3,COLO-1,owned,VEN-01,,3906250
GPU-00556,ENT-02,REG-1,COLO-2,owned,VEN-01,,3906250
GPU-00557,ENT-03,REG-2,COLO-1,owned,VEN-01,,3906250
GPU-00558,ENT-04,REG-3,COLO-2,owned,VEN-01,,3906250
GPU-00559,ENT-05,REG-1,COLO-1,owned,VEN-01,,3906250
GPU-00560,ENT-06,REG-2,COLO-2,owned,VEN-01,,3906250
GPU-00561,ENT-02,REG-3,COLO-1,owned,VEN-01,,3906250
GPU-00562,ENT-03,REG-1,COLO-2,owned,VEN-01,,3906250
GPU-00563,ENT-04,REG-2,COLO-1,owned,VEN-01,,3906250
GPU-00564,ENT-05,REG-3,COLO-2,owned,VEN-01,,3906250
GPU-00565,ENT-06,REG-1,COLO-1,owned,VEN-01,,3906250
GPU-00566,ENT-02,REG-2,COLO-2,owned,VEN-01,,3906250
GPU-00567,ENT-03,REG-3,COLO-1,owned,VEN-01,,3906250
GPU-00568,ENT-04,REG-1,COLO-2,owned,VEN-01,,3906250
GPU-00569,ENT-05,REG-2,COLO-1,owned,VEN-01,,3906250
GPU-00570,ENT-06,REG-3,COLO-2,owned,VEN-01,,3906250
GPU-00571,ENT-02,REG-1,COLO-1,owned,VEN-01,,3906250
GPU-00572,ENT-03,REG-2,COLO-2,owned,VEN-01,,3906250
GPU-00573,ENT-04,REG-3,COLO-1,owned,VEN-01,,3906250
GPU-00574,ENT-05,REG-1,COLO-2,owned,VEN-01,,3906250
GPU-00575,ENT-06,REG-2,COLO-1,owned,VEN-01,,3906250
GPU-00576,ENT-02,REG-3,COLO-2,owned,VEN-01,,3906250
GPU-00577,ENT-03,REG-1,COLO-1,owned,VEN-01,,3906250
GPU-00578,ENT-04,REG-2,COLO-2,owned,VEN-01,,3906250
GPU-00579,ENT-05,REG-3,COLO-1,owned,VEN-01,,3906250
GPU-00580,ENT-06,REG-1,COLO-2,owned,VEN-01,,3906250
GPU-00581,ENT-02,REG-2,COLO-1,owned,VEN-01,,3906250
GPU-00582,ENT-03,REG-3,COLO-2,owned,VEN-01,,3906250
GPU-00583,ENT-04,REG-1,COLO-1,owned,VEN-01,,3906250
GPU-00584,ENT-05,REG-2,COLO-2,owned,VEN-01,,3906250
GPU-00585,ENT-06,REG-3,COLO-1,owned,VEN-01,,3906250
GPU-00586,ENT-02,REG-1,COLO-2,owned,VEN-01,,3906250
GPU-00587,ENT-03,REG-2,COLO-1,owned,VEN-01,,3906250
GPU-00588,ENT-04,REG-3,COLO-2,owned,VEN-01,,3906250
GPU-00589,ENT-05,REG-1,COLO-1,owned,VEN-01,,3906250
GPU-00590,ENT-06,REG-2,COLO-2,owned,VEN-01,,3906250
GPU-00591,ENT-02,REG-3,COLO-1,owned,VEN-01,,3906250
GPU-00592,ENT-03,REG-1,COLO-2,owned,VEN-01,,3906250
GPU-00593,ENT-04,REG-2,COLO-1,owned,VEN-01,,3906250
GPU-00594,ENT-05,REG-3,COLO-2,owned,VEN-01,,3906250
GPU-00595,ENT-06,REG-1,COLO-1,owned,VEN-01,,3906250
GPU-00596,ENT-02,REG-2,COLO-2,owned,VEN-01,,3906250
GPU-00597,ENT-03,REG-3,COLO-1,owned,VEN-01,,3906250
GPU-00598,ENT-04,REG-1,COLO-2,owned,VEN-01,,3906250
GPU-00599,ENT-05,REG-2,COLO-1,owned,VEN-01,,3906250
GPU-00600,ENT-06,REG-3,COLO-2,owned,VEN-01,,3906250
GPU-00601,ENT-02,REG-1,COLO-1,owned,VEN-01,,3906250
GPU-00602,ENT-03,REG-2,COLO-2,owned,VEN-01,,3906250
GPU-00603,ENT-04,REG-3,COLO-1,owned,VEN-01,,3906250
GPU-00604,ENT-05,REG-1,COLO-2,owned,VEN-01,,3906250
GPU-00605,ENT-06,REG-2,COLO-1,owned,VEN-01,,3906250
GPU-00606,ENT-02,REG-3,COLO-2,owned,VEN-01,,3906250
GPU-00607,ENT-03,REG-1,COLO-1,owned,VEN-01,,3906250
GPU-00608,ENT-04,REG-2,COLO-2,owned,VEN-01,,3906250
GPU-00609,ENT-05,REG-3,COLO-1,owned,VEN-01,,3906250
GPU-00610,ENT-06,REG-1,COLO-2,owned,VEN-01,,3906250
GPU-00611,ENT-02,REG-2,COLO-1,owned,VEN-01,,3906250
GPU-00612,ENT-03,REG-3,COLO-2,owned,VEN-01,,3906250
GPU-00613,ENT-04,REG-1,COLO-1,owned,VEN-01,,3906250
GPU-00614,ENT-05,REG-2,COLO-2,owned,VEN-01,,3906250
GPU-00615,ENT-06,REG-3,COLO-1,owned,VEN-01,,3906250
GPU-00616,ENT-02,REG-1,COLO-2,owned,VEN-01,,3906250
GPU-00617,ENT-03,REG-2,COLO-1,owned,VEN-01,,3906250
GPU-00618,ENT-04,REG-3,COLO-2,owned,VEN-01,,3906250
GPU-00619,ENT-05,REG-1,COLO-1,owned,VEN-01,,3906250
GPU-00620,ENT-06,REG-2,COLO-2,owned,VEN-01,,3906250
GPU-00621,ENT-02,REG-3,COLO-1,owned,VEN-01,,3906250
GPU-00622,ENT-03,REG-1,COLO-2,owned,VEN-01,,3906250
GPU-00623,ENT-04,REG-2,COLO-1,owned,VEN-01,,3906250
GPU-00624,ENT-05,REG-3,COLO-2,owned,VEN-01,,3906250
GPU-00625,ENT-06,REG-1,COLO-1,owned,VEN-01,,3906250
GPU-00626,ENT-02,REG-2,COLO-2,owned,VEN-01,,3906250
GPU-00627,ENT-03,REG-3,COLO-1,owned,VEN-01,,3906250
GPU-00628,ENT-04,REG-1,COLO-2,owned,VEN-01,,3906250
GPU-00629,ENT-05,REG-2,COLO-1,owned,VEN-01,,3906250
GPU-00630,ENT-06,REG-3,COLO-2,owned,VEN-01,,3906250
GPU-00631,ENT-02,REG-1,COLO-1,owned,VEN-01,,3906250
GPU-00632,ENT-03,REG-2,COLO-2,owned,VEN-01,,3906250
GPU-00633,ENT-04,REG-3,COLO-1,owned,VEN-01,,3906250
GPU-00634,ENT-05,REG-1,COLO-2,owned,VEN-01,,3906250
GPU-00635,ENT-06,REG-2,COLO-1,owned,VEN-01,,3906250
GPU-00636,ENT-02,REG-3,COLO-2,owned,VEN-01,,3906250
GPU-00637,ENT-03,REG-1,COLO-1,owned,VEN-01,,3906250
GPU-00638,ENT-04,REG-2,COLO-2,owned,VEN-01,,3906250
GPU-00639,ENT-05,REG-3,COLO-1,owned,VEN-01,,3906250
GPU-00640,ENT-06,REG-1,COLO-2,owned,VEN-01,,3906250
GPU-00641,ENT-02,REG-2,COLO-1,owned,VEN-01,,3906250
GPU-00642,ENT-03,REG-3,COLO-2,owned,VEN-01,,3906250
GPU-00643,ENT-04,REG-1,COLO-1,owned,VEN-01,,3906250
GPU-00644,ENT-05,REG-2,COLO-2,owned,VEN-01,,3906250
GPU-00645,ENT-06,REG-3,COLO-1,owned,VEN-01,,3906250
GPU-00646,ENT-02,REG-1,COLO-2,owned,VEN-01,,3906250
GPU-00647,ENT-03,REG-2,COLO-1,owned,VEN-01,,3906250
GPU-00648,ENT-04,REG-3,COLO-2,owned,VEN-01,,3906250
GPU-00649,ENT-05,REG-1,COLO-1,owned,VEN-01,,3906250
GPU-00650,ENT-06,REG-2,COLO-2,owned,VEN-01,,3906250
GPU-00651,ENT-02,REG-3,COLO-1,owned,VEN-01,,3906250
GPU-00652,ENT-03,REG-1,COLO-2,owned,VEN-01,,3906250
GPU-00653,ENT-04,REG-2,COLO-1,owned,VEN-01,,3906250
GPU-00654,ENT-05,REG-3,COLO-2,owned,VEN-01,,3906250
GPU-00655,ENT-06,REG-1,COLO-1,owned,VEN-01,,3906250
GPU-00656,ENT-02,REG-2,COLO-2,owned,VEN-01,,3906250
GPU-00657,ENT-03,REG-3,COLO-1,owned,VEN-01,,3906250
GPU-00658,ENT-04,REG-1,COLO-2,owned,VEN-01,,3906250
GPU-00659,ENT-05,REG-2,COLO-1,owned,VEN-01,,3906250
GPU-00660,ENT-06,REG-3,COLO-2,owned,VEN-01,,3906250
GPU-00661,ENT-02,REG-1,COLO-1,owned,VEN-01,,3906250
GPU-00662,ENT-03,REG-2,COLO-2,owned,VEN-01,,3906250
GPU-00663,ENT-04,REG-3,COLO-1,owned,VEN-01,,3906250
GPU-00664,ENT-05,REG-1,COLO-2,owned,VEN-01,,3906250
GPU-00665,ENT-06,REG-2,COLO-1,owned,VEN-01,,3906250
GPU-00666,ENT-02,REG-3,COLO-2,owned,VEN-01,,3906250
GPU-00667,ENT-03,REG-1,COLO-1,owned,VEN-01,,3906250
GPU-00668,ENT-04,REG-2,COLO-2,owned,VEN-01,,3906250
GPU-00669,ENT-05,REG-3,COLO-1,owned,VEN-01,,3906250
GPU-00670,ENT-06,REG-1,COLO-2,owned,VEN-01,,3906250
GPU-00671,ENT-02,REG-2,COLO-1,owned,VEN-01,,3906250
GPU-00672,ENT-03,REG-3,COLO-2,owned,VEN-01,,3906250
GPU-00673,ENT-04,REG-1,COLO-1,owned,VEN-01,,3906250
GPU-00674,ENT-05,REG-2,COLO-2,owned,VEN-01,,3906250
GPU-00675,ENT-06,REG-3,COLO-1,owned,VEN-01,,3906250
GPU-00676,ENT-02,REG-1,COLO-2,owned,VEN-01,,3906250
GPU-00677,ENT-03,REG-2,COLO-1,owned,VEN-01,,3906250
GPU-00678,ENT-04,REG-3,COLO-2,owned,VEN-01,,3906250
GPU-00679,ENT-05,REG-1,COLO-1,owned,VEN-01,,3906250
GPU-00680,ENT-06,REG-2,COLO-2,owned,VEN-01,,3906250
GPU-00681,ENT-02,REG-3,COLO-1,owned,VEN-01,,3906250
GPU-00682,ENT-03,REG-1,COLO-2,owned,VEN-01,,3906250
GPU-00683,ENT-04,REG-2,COLO-1,owned,VEN-01,,3906250
GPU-00684,ENT-05,REG-3,COLO-2,owned,VEN-01,,3906250
GPU-00685,ENT-06,REG-1,COLO-1,owned,VEN-01,,3906250
GPU-00686,ENT-02,REG-2,COLO-2,owned,VEN-01,,3906250
GPU-00687,ENT-03,REG-3,COLO-1,owned,VEN-01,,3906250
GPU-00688,ENT-04,REG-1,COLO-2,owned,VEN-01,,3906250
GPU-00689,ENT-05,REG-2,COLO-1,owned,VEN-01,,3906250
GPU-00690,ENT-06,REG-3,COLO-2,owned,VEN-01,,3906250
GPU-00691,ENT-02,REG-1,COLO-1,owned,VEN-01,,3906250
GPU-00692,ENT-03,REG-2,COLO-2,owned,VEN-01,,3906250
GPU-00693,ENT-04,REG-3,COLO-1,owned,VEN-01,,3906250
GPU-00694,ENT-05,REG-1,COLO-2,owned,VEN-01,,3906250
GPU-00695,ENT-06,REG-2,COLO-1,owned,VEN-01,,3906250
GPU-00696,ENT-02,REG-3,COLO-2,owned,VEN-01,,3906250
GPU-00697,ENT-03,REG-1,COLO-1,owned,VEN-01,,3906250
GPU-00698,ENT-04,REG-2,COLO-2,owned,VEN-01,,3906250
GPU-00699,ENT-05,REG-3,COLO-1,owned,VEN-01,,3906250
GPU-00700,ENT-06,REG-1,COLO-2,owned,VEN-01,,3906250
GPU-00701,ENT-02,REG-2,COLO-1,owned,VEN-01,,3906250
GPU-00702,ENT-03,REG-3,COLO-2,owned,VEN-01,,3906250
GPU-00703,ENT-04,REG-1,COLO-1,owned,VEN-01,,3906250
GPU-00704,ENT-05,REG-2,COLO-2,owned,VEN-01,,3906250
GPU-00705,ENT-06,REG-3,COLO-1,owned,VEN-01,,3906250
GPU-00706,ENT-02,REG-1,COLO-2,owned,VEN-01,,3906250
GPU-00707,ENT-03,REG-2,COLO-1,owned,VEN-01,,3906250
GPU-00708,ENT-04,REG-3,COLO-2,owned,VEN-01,,3906250
GPU-00709,ENT-05,REG-1,COLO-1,owned,VEN-01,,3906250
GPU-00710,ENT-06,REG-2,COLO-2,owned,VEN-01,,3906250
GPU-00711,ENT-02,REG-3,COLO-1,owned,VEN-01,,3906250
GPU-00712,ENT-03,REG-1,COLO-2,owned,VEN-01,,3906250
GPU-00713,ENT-04,REG-2,COLO-1,owned,VEN-01,,3906250
GPU-00714,ENT-05,REG-3,COLO-2,owned,VEN-01,,3906250
GPU-00715,ENT-06,REG-1,COLO-1,owned,VEN-01,,3906250
GPU-00716,ENT-02,REG-2,COLO-2,owned,VEN-01,,3906250
GPU-00717,ENT-03,REG-3,COLO-1,owned,VEN-01,,3906250
GPU-00718,ENT-04,REG-1,COLO-2,owned,VEN-01,,3906250
GPU-00719,ENT-05,REG-2,COLO-1,owned,VEN-01,,3906250
GPU-00720,ENT-06,REG-3,COLO-2,owned,VEN-01,,3906250
GPU-00721,ENT-02,REG-1,COLO-1,owned,VEN-01,,3906250
GPU-00722,ENT-03,REG-2,COLO-2,owned,VEN-01,,3906250
GPU-00723,ENT-04,REG-3,COLO-1,owned,VEN-01,,3906250
GPU-00724,ENT-05,REG-1,COLO-2,owned,VEN-01,,3906250
GPU-00725,ENT-06,REG-2,COLO-1,owned,VEN-01,,3906250
GPU-00726,ENT-02,REG-3,COLO-2,owned,VEN-01,,3906250
GPU-00727,ENT-03,REG-1,COLO-1,owned,VEN-01,,3906250
GPU-00728,ENT-04,REG-2,COLO-2,owned,VEN-01,,3906250
GPU-00729,ENT-05,REG-3,COLO-1,owned,VEN-01,,3906250
GPU-00730,ENT-06,REG-1,COLO-2,owned,VEN-01,,3906250
GPU-00731,ENT-02,REG-2,COLO-1,owned,VEN-01,,3906250
GPU-00732,ENT-03,REG-3,COLO-2,owned,VEN-01,,3906250
GPU-00733,ENT-04,REG-1,COLO-1,owned,VEN-01,,3906250
GPU-00734,ENT-05,REG-2,COLO-2,owned,VEN-01,,3906250
GPU-00735,ENT-06,REG-3,COLO-1,owned,VEN-01,,3906250
GPU-00736,ENT-02,REG-1,COLO-2,owned,VEN-01,,3906250
GPU-00737,ENT-03,REG-2,COLO-1,owned,VEN-01,,3906250
GPU-00738,ENT-04,REG-3,COLO-2,owned,VEN-01,,3906250
GPU-00739,ENT-05,REG-1,COLO-1,owned,VEN-01,,3906250
GPU-00740,ENT-06,REG-2,COLO-2,owned,VEN-01,,3906250
GPU-00741,ENT-02,REG-3,COLO-1,owned,VEN-01,,3906250
GPU-00742,ENT-03,REG-1,COLO-2,owned,VEN-01,,3906250
GPU-00743,ENT-04,REG-2,COLO-1,owned,VEN-01,,3906250
GPU-00744,ENT-05,REG-3,COLO-2,owned,VEN-01,,3906250
GPU-00745,ENT-06,REG-1,COLO-1,owned,VEN-01,,3906250
GPU-00746,ENT-02,REG-2,COLO-2,owned,VEN-01,,3906250
GPU-00747,ENT-03,REG-3,COLO-1,owned,VEN-01,,3906250
GPU-00748,ENT-04,REG-1,COLO-2,owned,VEN-01,,3906250
GPU-00749,ENT-05,REG-2,COLO-1,owned,VEN-01,,3906250
GPU-00750,ENT-06,REG-3,COLO-2,owned,VEN-01,,3906250
GPU-00751,ENT-02,REG-1,COLO-1,owned,VEN-01,,3906250
GPU-00752,ENT-03,REG-2,COLO-2,owned,VEN-01,,3906250
GPU-00753,ENT-04,REG-3,COLO-1,owned,VEN-01,,3906250
GPU-00754,ENT-05,REG-1,COLO-2,owned,VEN-01,,3906250
GPU-00755,ENT-06,REG-2,COLO-1,owned,VEN-01,,3906250
GPU-00756,ENT-02,REG-3,COLO-2,owned,VEN-01,,3906250
GPU-00757,ENT-03,REG-1,COLO-1,owned,VEN-01,,3906250
GPU-00758,ENT-04,REG-2,COLO-2,owned,VEN-01,,3906250
GPU-00759,ENT-05,REG-3,COLO-1,owned,VEN-01,,3906250
GPU-00760,ENT-06,REG-1,COLO-2,owned,VEN-01,,3906250
GPU-00761,ENT-02,REG-2,COLO-1,owned,VEN-01,,3906250
GPU-00762,ENT-03,REG-3,COLO-2,owned,VEN-01,,3906250
GPU-00763,ENT-04,REG-1,COLO-1,owned,VEN-01,,3906250
GPU-00764,ENT-05,REG-2,COLO-2,owned,VEN-01,,3906250
GPU-00765,ENT-06,REG-3,COLO-1,owned,VEN-01,,3906250
GPU-00766,ENT-02,REG-1,COLO-2,owned,VEN-01,,3906250
GPU-00767,ENT-03,REG-2,COLO-1,owned,VEN-01,,3906250
GPU-00768,ENT-04,REG-3,COLO-2,owned,VEN-01,,3906250
GPU-00769,ENT-05,REG-1,COLO-1,owned,VEN-01,,3906250
GPU-00770,ENT-06,REG-2,COLO-2,owned,VEN-01,,3906250
GPU-00771,ENT-02,REG-3,COLO-1,owned,VEN-01,,3906250
GPU-00772,ENT-03,REG-1,COLO-2,owned,VEN-01,,3906250
GPU-00773,ENT-04,REG-2,COLO-1,owned,VEN-01,,3906250
GPU-00774,ENT-05,REG-3,COLO-2,owned,VEN-01,,3906250
GPU-00775,ENT-06,REG-1,COLO-1,owned,VEN-01,,3906250
GPU-00776,ENT-02,REG-2,COLO-2,owned,VEN-01,,3906250
GPU-00777,ENT-03,REG-3,COLO-1,owned,VEN-01,,3906250
GPU-00778,ENT-04,REG-1,COLO-2,owned,VEN-01,,3906250
GPU-00779,ENT-05,REG-2,COLO-1,owned,VEN-01,,3906250
GPU-00780,ENT-06,REG-3,COLO-2,owned,VEN-01,,3906250
GPU-00781,ENT-02,REG-1,COLO-1,owned,VEN-01,,3906250
GPU-00782,ENT-03,REG-2,COLO-2,owned,VEN-01,,3906250
GPU-00783,ENT-04,REG-3,COLO-1,owned,VEN-01,,3906250
GPU-00784,ENT-05,REG-1,COLO-2,owned,VEN-01,,3906250
GPU-00785,ENT-06,REG-2,COLO-1,owned,VEN-01,,3906250
GPU-00786,ENT-02,REG-3,COLO-2,owned,VEN-01,,3906250
GPU-00787,ENT-03,REG-1,COLO-1,owned,VEN-01,,3906250
GPU-00788,ENT-04,REG-2,COLO-2,owned,VEN-01,,3906250
GPU-00789,ENT-05,REG-3,COLO-1,owned,VEN-01,,3906250
GPU-00790,ENT-06,REG-1,COLO-2,owned,VEN-01,,3906250
GPU-00791,ENT-02,REG-2,COLO-1,owned,VEN-01,,3906250
GPU-00792,ENT-03,REG-3,COLO-2,owned,VEN-01,,3906250
GPU-00793,ENT-04,REG-1,COLO-1,owned,VEN-01,,3906250
GPU-00794,ENT-05,REG-2,COLO-2,owned,VEN-01,,3906250
GPU-00795,ENT-06,REG-3,COLO-1,owned,VEN-01,,3906250
GPU-00796,ENT-02,REG-1,COLO-2,owned,VEN-01,,3906250
GPU-00797,ENT-03,REG-2,COLO-1,owned,VEN-01,,3906250
GPU-00798,ENT-04,REG-3,COLO-2,owned,VEN-01,,3906250
GPU-00799,ENT-05,REG-1,COLO-1,owned,VEN-01,,3906250
GPU-00800,ENT-06,REG-2,COLO-2,owned,VEN-01,,3906250
GPU-00801,ENT-02,REG-3,COLO-1,owned,VEN-01,,3906250
GPU-00802,ENT-03,REG-1,COLO-2,owned,VEN-01,,3906250
GPU-00803,ENT-04,REG-2,COLO-1,owned,VEN-01,,3906250
GPU-00804,ENT-05,REG-3,COLO-2,owned,VEN-01,,3906250
GPU-00805,ENT-06,REG-1,COLO-1,owned,VEN-01,,3906250
GPU-00806,ENT-02,REG-2,COLO-2,owned,VEN-01,,3906250
GPU-00807,ENT-03,REG-3,COLO-1,owned,VEN-01,,3906250
GPU-00808,ENT-04,REG-1,COLO-2,owned,VEN-01,,3906250
GPU-00809,ENT-05,REG-2,COLO-1,owned,VEN-01,,3906250
GPU-00810,ENT-06,REG-3,COLO-2,owned,VEN-01,,3906250
GPU-00811,ENT-02,REG-1,COLO-1,owned,VEN-01,,3906250
GPU-00812,ENT-03,REG-2,COLO-2,owned,VEN-01,,3906250
GPU-00813,ENT-04,REG-3,COLO-1,owned,VEN-01,,3906250
GPU-00814,ENT-05,REG-1,COLO-2,owned,VEN-01,,3906250
GPU-00815,ENT-06,REG-2,COLO-1,owned,VEN-01,,3906250
GPU-00816,ENT-02,REG-3,COLO-2,owned,VEN-01,,3906250
GPU-00817,ENT-03,REG-1,COLO-1,owned,VEN-01,,3906250
GPU-00818,ENT-04,REG-2,COLO-2,owned,VEN-01,,3906250
GPU-00819,ENT-05,REG-3,COLO-1,owned,VEN-01,,3906250
GPU-00820,ENT-06,REG-1,COLO-2,owned,VEN-01,,3906250
GPU-00821,ENT-02,REG-2,COLO-1,owned,VEN-01,,3906250
GPU-00822,ENT-03,REG-3,COLO-2,owned,VEN-01,,3906250
GPU-00823,ENT-04,REG-1,COLO-1,owned,VEN-01,,3906250
GPU-00824,ENT-05,REG-2,COLO-2,owned,VEN-01,,3906250
GPU-00825,ENT-06,REG-3,COLO-1,owned,VEN-01,,3906250
GPU-00826,ENT-02,REG-1,COLO-2,owned,VEN-01,,3906250
GPU-00827,ENT-03,REG-2,COLO-1,owned,VEN-01,,3906250
GPU-00828,ENT-04,REG-3,COLO-2,owned,VEN-01,,3906250
GPU-00829,ENT-05,REG-1,COLO-1,owned,VEN-01,,3906250
GPU-00830,ENT-06,REG-2,COLO-2,owned,VEN-01,,3906250
GPU-00831,ENT-02,REG-3,COLO-1,owned,VEN-01,,3906250
GPU-00832,ENT-03,REG-1,COLO-2,owned,VEN-01,,3906250
GPU-00833,ENT-04,REG-2,COLO-1,owned,VEN-01,,3906250
GPU-00834,ENT-05,REG-3,COLO-2,owned,VEN-01,,3906250
GPU-00835,ENT-06,REG-1,COLO-1,owned,VEN-01,,3906250
GPU-00836,ENT-02,REG-2,COLO-2,owned,VEN-01,,3906250
GPU-00837,ENT-03,REG-3,COLO-1,owned,VEN-01,,3906250
GPU-00838,ENT-04,REG-1,COLO-2,owned,VEN-01,,3906250
GPU-00839,ENT-05,REG-2,COLO-1,owned,VEN-01,,3906250
GPU-00840,ENT-06,REG-3,COLO-2,owned,VEN-01,,3906250
GPU-00841,ENT-02,REG-1,COLO-1,owned,VEN-01,,3906250
GPU-00842,ENT-03,REG-2,COLO-2,owned,VEN-01,,3906250
GPU-00843,ENT-04,REG-3,COLO-1,owned,VEN-01,,3906250
GPU-00844,ENT-05,REG-1,COLO-2,owned,VEN-01,,3906250
GPU-00845,ENT-06,REG-2,COLO-1,owned,VEN-01,,3906250
GPU-00846,ENT-02,REG-3,COLO-2,owned,VEN-01,,3906250
GPU-00847,ENT-03,REG-1,COLO-1,owned,VEN-01,,3906250
GPU-00848,ENT-04,REG-2,COLO-2,owned,VEN-01,,3906250
GPU-00849,ENT-05,REG-3,COLO-1,owned,VEN-01,,3906250
GPU-00850,ENT-06,REG-1,COLO-2,owned,VEN-01,,3906250
GPU-00851,ENT-02,REG-2,COLO-1,owned,VEN-01,,3906250
GPU-00852,ENT-03,REG-3,COLO-2,owned,VEN-01,,3906250
GPU-00853,ENT-04,REG-1,COLO-1,owned,VEN-01,,3906250
GPU-00854,ENT-05,REG-2,COLO-2,owned,VEN-01,,3906250
GPU-00855,ENT-06,REG-3,COLO-1,owned,VEN-01,,3906250
GPU-00856,ENT-02,REG-1,COLO-2,owned,VEN-01,,3906250
GPU-00857,ENT-03,REG-2,COLO-1,owned,VEN-01,,3906250
GPU-00858,ENT-04,REG-3,COLO-2,owned,VEN-01,,3906250
GPU-00859,ENT-05,REG-1,COLO-1,owned,VEN-01,,3906250
GPU-00860,ENT-06,REG-2,COLO-2,owned,VEN-01,,3906250
GPU-00861,ENT-02,REG-3,COLO-1,owned,VEN-01,,3906250
GPU-00862,ENT-03,REG-1,COLO-2,owned,VEN-01,,3906250
GPU-00863,ENT-04,REG-2,COLO-1,owned,VEN-01,,3906250
GPU-00864,ENT-05,REG-3,COLO-2,owned,VEN-01,,3906250
GPU-00865,ENT-06,REG-1,COLO-1,owned,VEN-01,,3906250
GPU-00866,ENT-02,REG-2,COLO-2,owned,VEN-01,,3906250
GPU-00867,ENT-03,REG-3,COLO-1,owned,VEN-01,,3906250
GPU-00868,ENT-04,REG-1,COLO-2,owned,VEN-01,,3906250
GPU-00869,ENT-05,REG-2,COLO-1,owned,VEN-01,,3906250
GPU-00870,ENT-06,REG-3,COLO-2,owned,VEN-01,,3906250
GPU-00871,ENT-02,REG-1,COLO-1,owned,VEN-01,,3906250
GPU-00872,ENT-03,REG-2,COLO-2,owned,VEN-01,,3906250
GPU-00873,ENT-04,REG-3,COLO-1,owned,VEN-01,,3906250
GPU-00874,ENT-05,REG-1,COLO-2,owned,VEN-01,,3906250
GPU-00875,ENT-06,REG-2,COLO-1,owned,VEN-01,,3906250
GPU-00876,ENT-02,REG-3,COLO-2,owned,VEN-01,,3906250
GPU-00877,ENT-03,REG-1,COLO-1,owned,VEN-01,,3906250
GPU-00878,ENT-04,REG-2,COLO-2,owned,VEN-01,,3906250
GPU-00879,ENT-05,REG-3,COLO-1,owned,VEN-01,,3906250
GPU-00880,ENT-06,REG-1,COLO-2,owned,VEN-01,,3906250
GPU-00881,ENT-02,REG-2,COLO-1,owned,VEN-01,,3906250
GPU-00882,ENT-03,REG-3,COLO-2,owned,VEN-01,,3906250
GPU-00883,ENT-04,REG-1,COLO-1,owned,VEN-01,,3906250
GPU-00884,ENT-05,REG-2,COLO-2,owned,VEN-01,,3906250
GPU-00885,ENT-06,REG-3,COLO-1,owned,VEN-01,,3906250
GPU-00886,ENT-02,REG-1,COLO-2,owned,VEN-01,,3906250
GPU-00887,ENT-03,REG-2,COLO-1,owned,VEN-01,,3906250
GPU-00888,ENT-04,REG-3,COLO-2,owned,VEN-01,,3906250
GPU-00889,ENT-05,REG-1,COLO-1,owned,VEN-01,,3906250
GPU-00890,ENT-06,REG-2,COLO-2,owned,VEN-01,,3906250
GPU-00891,ENT-02,REG-3,COLO-1,owned,VEN-01,,3906250
GPU-00892,ENT-03,REG-1,COLO-2,owned,VEN-01,,3906250
GPU-00893,ENT-04,REG-2,COLO-1,owned,VEN-01,,3906250
GPU-00894,ENT-05,REG-3,COLO-2,owned,VEN-01,,3906250
GPU-00895,ENT-06,REG-1,COLO-1,owned,VEN-01,,3906250
GPU-00896,ENT-02,REG-2,COLO-2,owned,VEN-01,,3906250
GPU-00897,ENT-03,REG-3,COLO-1,owned,VEN-01,,3906250
GPU-00898,ENT-04,REG-1,COLO-2,owned,VEN-01,,3906250
GPU-00899,ENT-05,REG-2,COLO-1,owned,VEN-01,,3906250
GPU-00900,ENT-06,REG-3,COLO-2,owned,VEN-01,,3906250
GPU-00901,ENT-02,REG-1,COLO-1,owned,VEN-01,,3906250
GPU-00902,ENT-03,REG-2,COLO-2,owned,VEN-01,,3906250
GPU-00903,ENT-04,REG-3,COLO-1,owned,VEN-01,,3906250
GPU-00904,ENT-05,REG-1,COLO-2,owned,VEN-01,,3906250
GPU-00905,ENT-06,REG-2,COLO-1,owned,VEN-01,,3906250
GPU-00906,ENT-02,REG-3,COLO-2,owned,VEN-01,,3906250
GPU-00907,ENT-03,REG-1,COLO-1,owned,VEN-01,,3906250
GPU-00908,ENT-04,REG-2,COLO-2,owned,VEN-01,,3906250
GPU-00909,ENT-05,REG-3,COLO-1,owned,VEN-01,,3906250
GPU-00910,ENT-06,REG-1,COLO-2,owned,VEN-01,,3906250
GPU-00911,ENT-02,REG-2,COLO-1,owned,VEN-01,,3906250
GPU-00912,ENT-03,REG-3,COLO-2,owned,VEN-01,,3906250
GPU-00913,ENT-04,REG-1,COLO-1,owned,VEN-01,,3906250
GPU-00914,ENT-05,REG-2,COLO-2,owned,VEN-01,,3906250
GPU-00915,ENT-06,REG-3,COLO-1,owned,VEN-01,,3906250
GPU-00916,ENT-02,REG-1,COLO-2,owned,VEN-01,,3906250
GPU-00917,ENT-03,REG-2,COLO-1,owned,VEN-01,,3906250
GPU-00918,ENT-04,REG-3,COLO-2,owned,VEN-01,,3906250
GPU-00919,ENT-05,REG-1,COLO-1,owned,VEN-01,,3906250
GPU-00920,ENT-06,REG-2,COLO-2,owned,VEN-01,,3906250
GPU-00921,ENT-02,REG-3,COLO-1,owned,VEN-01,,3906250
GPU-00922,ENT-03,REG-1,COLO-2,owned,VEN-01,,3906250
GPU-00923,ENT-04,REG-2,COLO-1,owned,VEN-01,,3906250
GPU-00924,ENT-05,REG-3,COLO-2,owned,VEN-01,,3906250
GPU-00925,ENT-06,REG-1,COLO-1,owned,VEN-01,,3906250
GPU-00926,ENT-02,REG-2,COLO-2,owned,VEN-01,,3906250
GPU-00927,ENT-03,REG-3,COLO-1,owned,VEN-01,,3906250
GPU-00928,ENT-04,REG-1,COLO-2,owned,VEN-01,,3906250
GPU-00929,ENT-05,REG-2,COLO-1,owned,VEN-01,,3906250
GPU-00930,ENT-06,REG-3,COLO-2,owned,VEN-01,,3906250
GPU-00931,ENT-02,REG-1,COLO-1,owned,VEN-01,,3906250
GPU-00932,ENT-03,REG-2,COLO-2,owned,VEN-01,,3906250
GPU-00933,ENT-04,REG-3,COLO-1,owned,VEN-01,,3906250
GPU-00934,ENT-05,REG-1,COLO-2,owned,VEN-01,,3906250
GPU-00935,ENT-06,REG-2,COLO-1,owned,VEN-01,,3906250
GPU-00936,ENT-02,REG-3,COLO-2,owned,VEN-01,,3906250
GPU-00937,ENT-03,REG-1,COLO-1,owned,VEN-01,,3906250
GPU-00938,ENT-04,REG-2,COLO-2,owned,VEN-01,,3906250
GPU-00939,ENT-05,REG-3,COLO-1,owned,VEN-01,,3906250
GPU-00940,ENT-06,REG-1,COLO-2,owned,VEN-01,,3906250
GPU-00941,ENT-02,REG-2,COLO-1,owned,VEN-01,,3906250
GPU-00942,ENT-03,REG-3,COLO-2,owned,VEN-01,,3906250
GPU-00943,ENT-04,REG-1,COLO-1,owned,VEN-01,,3906250
GPU-00944,ENT-05,REG-2,COLO-2,owned,VEN-01,,3906250
GPU-00945,ENT-06,REG-3,COLO-1,owned,VEN-01,,3906250
GPU-00946,ENT-02,REG-1,COLO-2,owned,VEN-01,,3906250
GPU-00947,ENT-03,REG-2,COLO-1,owned,VEN-01,,3906250
GPU-00948,ENT-04,REG-3,COLO-2,owned,VEN-01,,3906250
GPU-00949,ENT-05,REG-1,COLO-1,owned,VEN-01,,3906250
GPU-00950,ENT-06,REG-2,COLO-2,owned,VEN-01,,3906250
GPU-00951,ENT-02,REG-3,COLO-1,owned,VEN-01,,3906250
GPU-00952,ENT-03,REG-1,COLO-2,owned,VEN-01,,3906250
GPU-00953,ENT-04,REG-2,COLO-1,owned,VEN-01,,3906250
GPU-00954,ENT-05,REG-3,COLO-2,owned,VEN-01,,3906250
GPU-00955,ENT-06,REG-1,COLO-1,owned,VEN-01,,3906250
GPU-00956,ENT-02,REG-2,COLO-2,owned,VEN-01,,3906250
GPU-00957,ENT-03,REG-3,COLO-1,owned,VEN-01,,3906250
GPU-00958,ENT-04,REG-1,COLO-2,owned,VEN-01,,3906250
GPU-00959,ENT-05,REG-2,COLO-1,owned,VEN-01,,3906250
GPU-00960,ENT-06,REG-3,COLO-2,owned,VEN-01,,3906250
GPU-00961,ENT-02,REG-1,COLO-1,owned,VEN-01,,3906250
GPU-00962,ENT-03,REG-2,COLO-2,owned,VEN-01,,3906250
GPU-00963,ENT-04,REG-3,COLO-1,owned,VEN-01,,3906250
GPU-00964,ENT-05,REG-1,COLO-2,owned,VEN-01,,3906250
GPU-00965,ENT-06,REG-2,COLO-1,owned,VEN-01,,3906250
GPU-00966,ENT-02,REG-3,COLO-2,owned,VEN-01,,3906250
GPU-00967,ENT-03,REG-1,COLO-1,owned,VEN-01,,3906250
GPU-00968,ENT-04,REG-2,COLO-2,owned,VEN-01,,3906250
GPU-00969,ENT-05,REG-3,COLO-1,owned,VEN-01,,3906250
GPU-00970,ENT-06,REG-1,COLO-2,owned,VEN-01,,3906250
GPU-00971,ENT-02,REG-2,COLO-1,owned,VEN-01,,3906250
GPU-00972,ENT-03,REG-3,COLO-2,owned,VEN-01,,3906250
GPU-00973,ENT-04,REG-1,COLO-1,owned,VEN-01,,3906250
GPU-00974,ENT-05,REG-2,COLO-2,owned,VEN-01,,3906250
GPU-00975,ENT-06,REG-3,COLO-1,owned,VEN-01,,3906250
GPU-00976,ENT-02,REG-1,COLO-2,owned,VEN-01,,3906250
GPU-00977,ENT-03,REG-2,COLO-1,owned,VEN-01,,3906250
GPU-00978,ENT-04,REG-3,COLO-2,owned,VEN-01,,3906250
GPU-00979,ENT-05,REG-1,COLO-1,owned,VEN-01,,3906250
GPU-00980,ENT-06,REG-2,COLO-2,owned,VEN-01,,3906250
GPU-00981,ENT-02,REG-3,COLO-1,owned,VEN-01,,3906250
GPU-00982,ENT-03,REG-1,COLO-2,owned,VEN-01,,3906250
GPU-00983,ENT-04,REG-2,COLO-1,owned,VEN-01,,3906250
GPU-00984,ENT-05,REG-3,COLO-2,owned,VEN-01,,3906250
GPU-00985,ENT-06,REG-1,COLO-1,owned,VEN-01,,3906250
GPU-00986,ENT-02,REG-2,COLO-2,owned,VEN-01,,3906250
GPU-00987,ENT-03,REG-3,COLO-1,owned,VEN-01,,3906250
GPU-00988,ENT-04,REG-1,COLO-2,owned,VEN-01,,3906250
GPU-00989,ENT-05,REG-2,COLO-1,owned,VEN-01,,3906250
GPU-00990,ENT-06,REG-3,COLO-2,owned,VEN-01,,3906250
GPU-00991,ENT-02,REG-1,COLO-1,owned,VEN-01,,3906250
GPU-00992,ENT-03,REG-2,COLO-2,owned,VEN-01,,3906250
GPU-00993,ENT-04,REG-3,COLO-1,owned,VEN-01,,3906250
GPU-00994,ENT-05,REG-1,COLO-2,owned,VEN-01,,3906250
GPU-00995,ENT-06,REG-2,COLO-1,owned,VEN-01,,3906250
GPU-00996,ENT-02,REG-3,COLO-2,owned,VEN-01,,3906250
GPU-00997,ENT-03,REG-1,COLO-1,owned,VEN-01,,3906250
GPU-00998,ENT-04,REG-2,COLO-2,owned,VEN-01,,3906250
GPU-00999,ENT-05,REG-3,COLO-1,owned,VEN-01,,3906250
GPU-01000,ENT-06,REG-1,COLO-2,owned,VEN-01,,3906250
GPU-01001,ENT-02,REG-2,COLO-1,owned,VEN-01,,3906250
GPU-01002,ENT-03,REG-3,COLO-2,owned,VEN-01,,3906250
GPU-01003,ENT-04,REG-1,COLO-1,owned,VEN-01,,3906250
GPU-01004,ENT-05,REG-2,COLO-2,owned,VEN-01,,3906250
GPU-01005,ENT-06,REG-3,COLO-1,owned,VEN-01,,3906250
GPU-01006,ENT-02,REG-1,COLO-2,owned,VEN-01,,3906250
GPU-01007,ENT-03,REG-2,COLO-1,owned,VEN-01,,3906250
GPU-01008,ENT-04,REG-3,COLO-2,owned,VEN-01,,3906250
GPU-01009,ENT-05,REG-1,COLO-1,owned,VEN-01,,3906250
GPU-01010,ENT-06,REG-2,COLO-2,owned,VEN-01,,3906250
GPU-01011,ENT-02,REG-3,COLO-1,owned,VEN-01,,3906250
GPU-01012,ENT-03,REG-1,COLO-2,owned,VEN-01,,3906250
GPU-01013,ENT-04,REG-2,COLO-1,owned,VEN-01,,3906250
GPU-01014,ENT-05,REG-3,COLO-2,owned,VEN-01,,3906250
GPU-01015,ENT-06,REG-1,COLO-1,owned,VEN-01,,3906250
GPU-01016,ENT-02,REG-2,COLO-2,owned,VEN-01,,3906250
GPU-01017,ENT-03,REG-3,COLO-1,owned,VEN-01,,3906250
GPU-01018,ENT-04,REG-1,COLO-2,owned,VEN-01,,3906250
GPU-01019,ENT-05,REG-2,COLO-1,owned,VEN-01,,3906250
GPU-01020,ENT-06,REG-3,COLO-2,owned,VEN-01,,3906250
GPU-01021,ENT-02,REG-1,COLO-1,owned,VEN-01,,3906250
GPU-01022,ENT-03,REG-2,COLO-2,owned,VEN-01,,3906250
GPU-01023,ENT-04,REG-3,COLO-1,owned,VEN-01,,3906250
GPU-01024,ENT-05,REG-1,COLO-2,owned,VEN-01,,3906250
GPU-01025,ENT-06,REG-2,COLO-1,owned,VEN-01,,3906250
GPU-01026,ENT-02,REG-3,COLO-2,owned,VEN-01,,3906250
GPU-01027,ENT-03,REG-1,COLO-1,owned,VEN-01,,3906250
GPU-01028,ENT-04,REG-2,COLO-2,owned,VEN-01,,3906250
GPU-01029,ENT-05,REG-3,COLO-1,owned,VEN-01,,3906250
GPU-01030,ENT-06,REG-1,COLO-2,owned,VEN-01,,3906250
GPU-01031,ENT-02,REG-2,COLO-1,owned,VEN-01,,3906250
GPU-01032,ENT-03,REG-3,COLO-2,owned,VEN-01,,3906250
GPU-01033,ENT-04,REG-1,COLO-1,owned,VEN-01,,3906250
GPU-01034,ENT-05,REG-2,COLO-2,owned,VEN-01,,3906250
GPU-01035,ENT-06,REG-3,COLO-1,owned,VEN-01,,3906250
GPU-01036,ENT-02,REG-1,COLO-2,owned,VEN-01,,3906250
GPU-01037,ENT-03,REG-2,COLO-1,owned,VEN-01,,3906250
GPU-01038,ENT-04,REG-3,COLO-2,owned,VEN-01,,3906250
GPU-01039,ENT-05,REG-1,COLO-1,owned,VEN-01,,3906250
GPU-01040,ENT-06,REG-2,COLO-2,owned,VEN-01,,3906250
GPU-01041,ENT-02,REG-3,COLO-1,owned,VEN-01,,3906250
GPU-01042,ENT-03,REG-1,COLO-2,owned,VEN-01,,3906250
GPU-01043,ENT-04,REG-2,COLO-1,owned,VEN-01,,3906250
GPU-01044,ENT-05,REG-3,COLO-2,owned,VEN-01,,3906250
GPU-01045,ENT-06,REG-1,COLO-1,owned,VEN-01,,3906250
GPU-01046,ENT-02,REG-2,COLO-2,owned,VEN-01,,3906250
GPU-01047,ENT-03,REG-3,COLO-1,owned,VEN-01,,3906250
GPU-01048,ENT-04,REG-1,COLO-2,owned,VEN-01,,3906250
GPU-01049,ENT-05,REG-2,COLO-1,owned,VEN-01,,3906250
GPU-01050,ENT-06,REG-3,COLO-2,owned,VEN-01,,3906250
GPU-01051,ENT-02,REG-1,COLO-1,owned,VEN-01,,3906250
GPU-01052,ENT-03,REG-2,COLO-2,owned,VEN-01,,3906250
GPU-01053,ENT-04,REG-3,COLO-1,owned,VEN-01,,3906250
GPU-01054,ENT-05,REG-1,COLO-2,owned,VEN-01,,3906250
GPU-01055,ENT-06,REG-2,COLO-1,owned,VEN-01,,3906250
GPU-01056,ENT-02,REG-3,COLO-2,owned,VEN-01,,3906250
GPU-01057,ENT-03,REG-1,COLO-1,owned,VEN-01,,3906250
GPU-01058,ENT-04,REG-2,COLO-2,owned,VEN-01,,3906250
GPU-01059,ENT-05,REG-3,COLO-1,owned,VEN-01,,3906250
GPU-01060,ENT-06,REG-1,COLO-2,owned,VEN-01,,3906250
GPU-01061,ENT-02,REG-2,COLO-1,owned,VEN-01,,3906250
GPU-01062,ENT-03,REG-3,COLO-2,owned,VEN-01,,3906250
GPU-01063,ENT-04,REG-1,COLO-1,owned,VEN-01,,3906250
GPU-01064,ENT-05,REG-2,COLO-2,owned,VEN-01,,3906250
GPU-01065,ENT-06,REG-3,COLO-1,owned,VEN-01,,3906250
GPU-01066,ENT-02,REG-1,COLO-2,owned,VEN-01,,3906250
GPU-01067,ENT-03,REG-2,COLO-1,owned,VEN-01,,3906250
GPU-01068,ENT-04,REG-3,COLO-2,owned,VEN-01,,3906250
GPU-01069,ENT-05,REG-1,COLO-1,owned,VEN-01,,3906250
GPU-01070,ENT-06,REG-2,COLO-2,owned,VEN-01,,3906250
GPU-01071,ENT-02,REG-3,COLO-1,owned,VEN-01,,3906250
GPU-01072,ENT-03,REG-1,COLO-2,owned,VEN-01,,3906250
GPU-01073,ENT-04,REG-2,COLO-1,owned,VEN-01,,3906250
GPU-01074,ENT-05,REG-3,COLO-2,owned,VEN-01,,3906250
GPU-01075,ENT-06,REG-1,COLO-1,owned,VEN-01,,3906250
GPU-01076,ENT-02,REG-2,COLO-2,owned,VEN-01,,3906250
GPU-01077,ENT-03,REG-3,COLO-1,owned,VEN-01,,3906250
GPU-01078,ENT-04,REG-1,COLO-2,owned,VEN-01,,3906250
GPU-01079,ENT-05,REG-2,COLO-1,owned,VEN-01,,3906250
GPU-01080,ENT-06,REG-3,COLO-2,owned,VEN-01,,3906250
GPU-01081,ENT-02,REG-1,COLO-1,owned,VEN-01,,3906250
GPU-01082,ENT-03,REG-2,COLO-2,owned,VEN-01,,3906250
GPU-01083,ENT-04,REG-3,COLO-1,owned,VEN-01,,3906250
GPU-01084,ENT-05,REG-1,COLO-2,owned,VEN-01,,3906250
GPU-01085,ENT-06,REG-2,COLO-1,owned,VEN-01,,3906250
GPU-01086,ENT-02,REG-3,COLO-2,owned,VEN-01,,3906250
GPU-01087,ENT-03,REG-1,COLO-1,owned,VEN-01,,3906250
GPU-01088,ENT-04,REG-2,COLO-2,owned,VEN-01,,3906250
GPU-01089,ENT-05,REG-3,COLO-1,owned,VEN-01,,3906250
GPU-01090,ENT-06,REG-1,COLO-2,owned,VEN-01,,3906250
GPU-01091,ENT-02,REG-2,COLO-1,owned,VEN-01,,3906250
GPU-01092,ENT-03,REG-3,COLO-2,owned,VEN-01,,3906250
GPU-01093,ENT-04,REG-1,COLO-1,owned,VEN-01,,3906250
GPU-01094,ENT-05,REG-2,COLO-2,owned,VEN-01,,3906250
GPU-01095,ENT-06,REG-3,COLO-1,owned,VEN-01,,3906250
GPU-01096,ENT-02,REG-1,COLO-2,owned,VEN-01,,3906250
GPU-01097,ENT-03,REG-2,COLO-1,owned,VEN-01,,3906250
GPU-01098,ENT-04,REG-3,COLO-2,owned,VEN-01,,3906250
GPU-01099,ENT-05,REG-1,COLO-1,owned,VEN-01,,3906250
GPU-01100,ENT-06,REG-2,COLO-2,owned,VEN-01,,3906250
GPU-01101,ENT-02,REG-3,COLO-1,owned,VEN-01,,3906250
GPU-01102,ENT-03,REG-1,COLO-2,owned,VEN-01,,3906250
GPU-01103,ENT-04,REG-2,COLO-1,owned,VEN-01,,3906250
GPU-01104,ENT-05,REG-3,COLO-2,owned,VEN-01,,3906250
GPU-01105,ENT-06,REG-1,COLO-1,owned,VEN-01,,3906250
GPU-01106,ENT-02,REG-2,COLO-2,owned,VEN-01,,3906250
GPU-01107,ENT-03,REG-3,COLO-1,owned,VEN-01,,3906250
GPU-01108,ENT-04,REG-1,COLO-2,owned,VEN-01,,3906250
GPU-01109,ENT-05,REG-2,COLO-1,owned,VEN-01,,3906250
GPU-01110,ENT-06,REG-3,COLO-2,owned,VEN-01,,3906250
GPU-01111,ENT-02,REG-1,COLO-1,owned,VEN-01,,3906250
GPU-01112,ENT-03,REG-2,COLO-2,owned,VEN-01,,3906250
GPU-01113,ENT-04,REG-3,COLO-1,owned,VEN-01,,3906250
GPU-01114,ENT-05,REG-1,COLO-2,owned,VEN-01,,3906250
GPU-01115,ENT-06,REG-2,COLO-1,owned,VEN-01,,3906250
GPU-01116,ENT-02,REG-3,COLO-2,owned,VEN-01,,3906250
GPU-01117,ENT-03,REG-1,COLO-1,owned,VEN-01,,3906250
GPU-01118,ENT-04,REG-2,COLO-2,owned,VEN-01,,3906250
GPU-01119,ENT-05,REG-3,COLO-1,owned,VEN-01,,3906250
GPU-01120,ENT-06,REG-1,COLO-2,owned,VEN-01,,3906250
GPU-01121,ENT-02,REG-2,COLO-1,owned,VEN-01,,3906250
GPU-01122,ENT-03,REG-3,COLO-2,owned,VEN-01,,3906250
GPU-01123,ENT-04,REG-1,COLO-1,owned,VEN-01,,3906250
GPU-01124,ENT-05,REG-2,COLO-2,owned,VEN-01,,3906250
GPU-01125,ENT-06,REG-3,COLO-1,owned,VEN-01,,3906250
GPU-01126,ENT-02,REG-1,COLO-2,owned,VEN-01,,3906250
GPU-01127,ENT-03,REG-2,COLO-1,owned,VEN-01,,3906250
GPU-01128,ENT-04,REG-3,COLO-2,owned,VEN-01,,3906250
GPU-01129,ENT-05,REG-1,COLO-1,owned,VEN-01,,3906250
GPU-01130,ENT-06,REG-2,COLO-2,owned,VEN-01,,3906250
GPU-01131,ENT-02,REG-3,COLO-1,owned,VEN-01,,3906250
GPU-01132,ENT-03,REG-1,COLO-2,owned,VEN-01,,3906250
GPU-01133,ENT-04,REG-2,COLO-1,owned,VEN-01,,3906250
GPU-01134,ENT-05,REG-3,COLO-2,owned,VEN-01,,3906250
GPU-01135,ENT-06,REG-1,COLO-1,owned,VEN-01,,3906250
GPU-01136,ENT-02,REG-2,COLO-2,owned,VEN-01,,3906250
GPU-01137,ENT-03,REG-3,COLO-1,owned,VEN-01,,3906250
GPU-01138,ENT-04,REG-1,COLO-2,owned,VEN-01,,3906250
GPU-01139,ENT-05,REG-2,COLO-1,owned,VEN-01,,3906250
GPU-01140,ENT-06,REG-3,COLO-2,owned,VEN-01,,3906250
GPU-01141,ENT-02,REG-1,COLO-1,owned,VEN-01,,3906250
GPU-01142,ENT-03,REG-2,COLO-2,owned,VEN-01,,3906250
GPU-01143,ENT-04,REG-3,COLO-1,owned,VEN-01,,3906250
GPU-01144,ENT-05,REG-1,COLO-2,owned,VEN-01,,3906250
GPU-01145,ENT-06,REG-2,COLO-1,owned,VEN-01,,3906250
GPU-01146,ENT-02,REG-3,COLO-2,owned,VEN-01,,3906250
GPU-01147,ENT-03,REG-1,COLO-1,owned,VEN-01,,3906250
GPU-01148,ENT-04,REG-2,COLO-2,owned,VEN-01,,3906250
GPU-01149,ENT-05,REG-3,COLO-1,owned,VEN-01,,3906250
GPU-01150,ENT-06,REG-1,COLO-2,owned,VEN-01,,3906250
GPU-01151,ENT-02,REG-2,COLO-1,owned,VEN-01,,3906250
GPU-01152,ENT-03,REG-3,COLO-2,owned,VEN-01,,3906250
GPU-01153,ENT-04,REG-1,COLO-1,owned,VEN-01,,3906250
GPU-01154,ENT-05,REG-2,COLO-2,owned,VEN-01,,3906250
GPU-01155,ENT-06,REG-3,COLO-1,owned,VEN-01,,3906250
GPU-01156,ENT-02,REG-1,COLO-2,owned,VEN-01,,3906250
GPU-01157,ENT-03,REG-2,COLO-1,owned,VEN-01,,3906250
GPU-01158,ENT-04,REG-3,COLO-2,owned,VEN-01,,3906250
GPU-01159,ENT-05,REG-1,COLO-1,owned,VEN-01,,3906250
GPU-01160,ENT-06,REG-2,COLO-2,owned,VEN-01,,3906250
GPU-01161,ENT-02,REG-3,COLO-1,owned,VEN-01,,3906250
GPU-01162,ENT-03,REG-1,COLO-2,owned,VEN-01,,3906250
GPU-01163,ENT-04,REG-2,COLO-1,owned,VEN-01,,3906250
GPU-01164,ENT-05,REG-3,COLO-2,owned,VEN-01,,3906250
GPU-01165,ENT-06,REG-1,COLO-1,owned,VEN-01,,3906250
GPU-01166,ENT-02,REG-2,COLO-2,owned,VEN-01,,3906250
GPU-01167,ENT-03,REG-3,COLO-1,owned,VEN-01,,3906250
GPU-01168,ENT-04,REG-1,COLO-2,owned,VEN-01,,3906250
GPU-01169,ENT-05,REG-2,COLO-1,owned,VEN-01,,3906250
GPU-01170,ENT-06,REG-3,COLO-2,owned,VEN-01,,3906250
GPU-01171,ENT-02,REG-1,COLO-1,owned,VEN-01,,3906250
GPU-01172,ENT-03,REG-2,COLO-2,owned,VEN-01,,3906250
GPU-01173,ENT-04,REG-3,COLO-1,owned,VEN-01,,3906250
GPU-01174,ENT-05,REG-1,COLO-2,owned,VEN-01,,3906250
GPU-01175,ENT-06,REG-2,COLO-1,owned,VEN-01,,3906250
GPU-01176,ENT-02,REG-3,COLO-2,owned,VEN-01,,3906250
GPU-01177,ENT-03,REG-1,COLO-1,owned,VEN-01,,3906250
GPU-01178,ENT-04,REG-2,COLO-2,owned,VEN-01,,3906250
GPU-01179,ENT-05,REG-3,COLO-1,owned,VEN-01,,3906250
GPU-01180,ENT-06,REG-1,COLO-2,owned,VEN-01,,3906250
GPU-01181,ENT-02,REG-2,COLO-1,owned,VEN-01,,3906250
GPU-01182,ENT-03,REG-3,COLO-2,owned,VEN-01,,3906250
GPU-01183,ENT-04,REG-1,COLO-1,owned,VEN-01,,3906250
GPU-01184,ENT-05,REG-2,COLO-2,owned,VEN-01,,3906250
GPU-01185,ENT-06,REG-3,COLO-1,owned,VEN-01,,3906250
GPU-01186,ENT-02,REG-1,COLO-2,owned,VEN-01,,3906250
GPU-01187,ENT-03,REG-2,COLO-1,owned,VEN-01,,3906250
GPU-01188,ENT-04,REG-3,COLO-2,owned,VEN-01,,3906250
GPU-01189,ENT-05,REG-1,COLO-1,owned,VEN-01,,3906250
GPU-01190,ENT-06,REG-2,COLO-2,owned,VEN-01,,3906250
GPU-01191,ENT-02,REG-3,COLO-1,owned,VEN-01,,3906250
GPU-01192,ENT-03,REG-1,COLO-2,owned,VEN-01,,3906250
GPU-01193,ENT-04,REG-2,COLO-1,owned,VEN-01,,3906250
GPU-01194,ENT-05,REG-3,COLO-2,owned,VEN-01,,3906250
GPU-01195,ENT-06,REG-1,COLO-1,owned,VEN-01,,3906250
GPU-01196,ENT-02,REG-2,COLO-2,owned,VEN-01,,3906250
GPU-01197,ENT-03,REG-3,COLO-1,owned,VEN-01,,3906250
GPU-01198,ENT-04,REG-1,COLO-2,owned,VEN-01,,3906250
GPU-01199,ENT-05,REG-2,COLO-1,owned,VEN-01,,3906250
GPU-01200,ENT-06,REG-3,COLO-2,owned,VEN-01,,3906250
GPU-01201,ENT-02,REG-1,COLO-1,owned,VEN-01,,3906250
GPU-01202,ENT-03,REG-2,COLO-2,owned,VEN-01,,3906250
GPU-01203,ENT-04,REG-3,COLO-1,owned,VEN-01,,3906250
GPU-01204,ENT-05,REG-1,COLO-2,owned,VEN-01,,3906250
GPU-01205,ENT-06,REG-2,COLO-1,owned,VEN-01,,3906250
GPU-01206,ENT-02,REG-3,COLO-2,owned,VEN-01,,3906250
GPU-01207,ENT-03,REG-1,COLO-1,owned,VEN-01,,3906250
GPU-01208,ENT-04,REG-2,COLO-2,owned,VEN-01,,3906250
GPU-01209,ENT-05,REG-3,COLO-1,owned,VEN-01,,3906250
GPU-01210,ENT-06,REG-1,COLO-2,owned,VEN-01,,3906250
GPU-01211,ENT-02,REG-2,COLO-1,owned,VEN-01,,3906250
GPU-01212,ENT-03,REG-3,COLO-2,owned,VEN-01,,3906250
GPU-01213,ENT-04,REG-1,COLO-1,owned,VEN-01,,3906250
GPU-01214,ENT-05,REG-2,COLO-2,owned,VEN-01,,3906250
GPU-01215,ENT-06,REG-3,COLO-1,owned,VEN-01,,3906250
GPU-01216,ENT-02,REG-1,COLO-2,owned,VEN-01,,3906250
GPU-01217,ENT-03,REG-2,COLO-1,owned,VEN-01,,3906250
GPU-01218,ENT-04,REG-3,COLO-2,owned,VEN-01,,3906250
GPU-01219,ENT-05,REG-1,COLO-1,owned,VEN-01,,3906250
GPU-01220,ENT-06,REG-2,COLO-2,owned,VEN-01,,3906250
GPU-01221,ENT-02,REG-3,COLO-1,owned,VEN-01,,3906250
GPU-01222,ENT-03,REG-1,COLO-2,owned,VEN-01,,3906250
GPU-01223,ENT-04,REG-2,COLO-1,owned,VEN-01,,3906250
GPU-01224,ENT-05,REG-3,COLO-2,owned,VEN-01,,3906250
GPU-01225,ENT-06,REG-1,COLO-1,owned,VEN-01,,3906250
GPU-01226,ENT-02,REG-2,COLO-2,owned,VEN-01,,3906250
GPU-01227,ENT-03,REG-3,COLO-1,owned,VEN-01,,3906250
GPU-01228,ENT-04,REG-1,COLO-2,owned,VEN-01,,3906250
GPU-01229,ENT-05,REG-2,COLO-1,owned,VEN-01,,3906250
GPU-01230,ENT-06,REG-3,COLO-2,owned,VEN-01,,3906250
GPU-01231,ENT-02,REG-1,COLO-1,owned,VEN-01,,3906250
GPU-01232,ENT-03,REG-2,COLO-2,owned,VEN-01,,3906250
GPU-01233,ENT-04,REG-3,COLO-1,owned,VEN-01,,3906250
GPU-01234,ENT-05,REG-1,COLO-2,owned,VEN-01,,3906250
GPU-01235,ENT-06,REG-2,COLO-1,owned,VEN-01,,3906250
GPU-01236,ENT-02,REG-3,COLO-2,owned,VEN-01,,3906250
GPU-01237,ENT-03,REG-1,COLO-1,owned,VEN-01,,3906250
GPU-01238,ENT-04,REG-2,COLO-2,owned,VEN-01,,3906250
GPU-01239,ENT-05,REG-3,COLO-1,owned,VEN-01,,3906250
GPU-01240,ENT-06,REG-1,COLO-2,owned,VEN-01,,3906250
GPU-01241,ENT-02,REG-2,COLO-1,owned,VEN-01,,3906250
GPU-01242,ENT-03,REG-3,COLO-2,owned,VEN-01,,3906250
GPU-01243,ENT-04,REG-1,COLO-1,owned,VEN-01,,3906250
GPU-01244,ENT-05,REG-2,COLO-2,owned,VEN-01,,3906250
GPU-01245,ENT-06,REG-3,COLO-1,owned,VEN-01,,3906250
GPU-01246,ENT-02,REG-1,COLO-2,owned,VEN-01,,3906250
GPU-01247,ENT-03,REG-2,COLO-1,owned,VEN-01,,3906250
GPU-01248,ENT-04,REG-3,COLO-2,owned,VEN-01,,3906250
GPU-01249,ENT-05,REG-1,COLO-1,owned,VEN-01,,3906250
GPU-01250,ENT-06,REG-2,COLO-2,owned,VEN-01,,3906250
GPU-01251,ENT-02,REG-3,COLO-1,owned,VEN-01,,3906250
GPU-01252,ENT-03,REG-1,COLO-2,owned,VEN-01,,3906250
GPU-01253,ENT-04,REG-2,COLO-1,owned,VEN-01,,3906250
GPU-01254,ENT-05,REG-3,COLO-2,owned,VEN-01,,3906250
GPU-01255,ENT-06,REG-1,COLO-1,owned,VEN-01,,3906250
GPU-01256,ENT-02,REG-2,COLO-2,owned,VEN-01,,3906250
GPU-01257,ENT-03,REG-3,COLO-1,owned,VEN-01,,3906250
GPU-01258,ENT-04,REG-1,COLO-2,owned,VEN-01,,3906250
GPU-01259,ENT-05,REG-2,COLO-1,owned,VEN-01,,3906250
GPU-01260,ENT-06,REG-3,COLO-2,owned,VEN-01,,3906250
GPU-01261,ENT-02,REG-1,COLO-1,owned,VEN-01,,3906250
GPU-01262,ENT-03,REG-2,COLO-2,owned,VEN-01,,3906250
GPU-01263,ENT-04,REG-3,COLO-1,owned,VEN-01,,3906250
GPU-01264,ENT-05,REG-1,COLO-2,owned,VEN-01,,3906250
GPU-01265,ENT-06,REG-2,COLO-1,owned,VEN-01,,3906250
GPU-01266,ENT-02,REG-3,COLO-2,owned,VEN-01,,3906250
GPU-01267,ENT-03,REG-1,COLO-1,owned,VEN-01,,3906250
GPU-01268,ENT-04,REG-2,COLO-2,owned,VEN-01,,3906250
GPU-01269,ENT-05,REG-3,COLO-1,owned,VEN-01,,3906250
GPU-01270,ENT-06,REG-1,COLO-2,owned,VEN-01,,3906250
GPU-01271,ENT-02,REG-2,COLO-1,owned,VEN-01,,3906250
GPU-01272,ENT-03,REG-3,COLO-2,owned,VEN-01,,3906250
GPU-01273,ENT-04,REG-1,COLO-1,owned,VEN-01,,3906250
GPU-01274,ENT-05,REG-2,COLO-2,owned,VEN-01,,3906250
GPU-01275,ENT-06,REG-3,COLO-1,owned,VEN-01,,3906250
GPU-01276,ENT-02,REG-1,COLO-2,owned,VEN-01,,3906250
GPU-01277,ENT-03,REG-2,COLO-1,owned,VEN-01,,3906250
GPU-01278,ENT-04,REG-3,COLO-2,owned,VEN-01,,3906250
GPU-01279,ENT-05,REG-1,COLO-1,owned,VEN-01,,3906250
GPU-01280,ENT-06,REG-2,COLO-2,owned,VEN-01,,3906250
GPU-01281,ENT-02,REG-3,COLO-1,owned,VEN-01,,3906250
GPU-01282,ENT-03,REG-1,COLO-2,owned,VEN-01,,3906250
GPU-01283,ENT-04,REG-2,COLO-1,owned,VEN-01,,3906250
GPU-01284,ENT-05,REG-3,COLO-2,owned,VEN-01,,3906250
GPU-01285,ENT-06,REG-1,COLO-1,owned,VEN-01,,3906250
GPU-01286,ENT-02,REG-2,COLO-2,owned,VEN-01,,3906250
GPU-01287,ENT-03,REG-3,COLO-1,owned,VEN-01,,3906250
GPU-01288,ENT-04,REG-1,COLO-2,owned,VEN-01,,3906250
GPU-01289,ENT-05,REG-2,COLO-1,owned,VEN-01,,3906250
GPU-01290,ENT-06,REG-3,COLO-2,owned,VEN-01,,3906250
GPU-01291,ENT-02,REG-1,COLO-1,owned,VEN-01,,3906250
GPU-01292,ENT-03,REG-2,COLO-2,owned,VEN-01,,3906250
GPU-01293,ENT-04,REG-3,COLO-1,owned,VEN-01,,3906250
GPU-01294,ENT-05,REG-1,COLO-2,owned,VEN-01,,3906250
GPU-01295,ENT-06,REG-2,COLO-1,owned,VEN-01,,3906250
GPU-01296,ENT-02,REG-3,COLO-2,owned,VEN-01,,3906250
GPU-01297,ENT-03,REG-1,COLO-1,owned,VEN-01,,3906250
GPU-01298,ENT-04,REG-2,COLO-2,owned,VEN-01,,3906250
GPU-01299,ENT-05,REG-3,COLO-1,owned,VEN-01,,3906250
GPU-01300,ENT-06,REG-1,COLO-2,owned,VEN-01,,3906250
GPU-01301,ENT-02,REG-2,COLO-1,owned,VEN-01,,3906250
GPU-01302,ENT-03,REG-3,COLO-2,owned,VEN-01,,3906250
GPU-01303,ENT-04,REG-1,COLO-1,owned,VEN-01,,3906250
GPU-01304,ENT-05,REG-2,COLO-2,owned,VEN-01,,3906250
GPU-01305,ENT-06,REG-3,COLO-1,owned,VEN-01,,3906250
GPU-01306,ENT-02,REG-1,COLO-2,owned,VEN-01,,3906250
GPU-01307,ENT-03,REG-2,COLO-1,owned,VEN-01,,3906250
GPU-01308,ENT-04,REG-3,COLO-2,owned,VEN-01,,3906250
GPU-01309,ENT-05,REG-1,COLO-1,owned,VEN-01,,3906250
GPU-01310,ENT-06,REG-2,COLO-2,owned,VEN-01,,3906250
GPU-01311,ENT-02,REG-3,COLO-1,owned,VEN-01,,3906250
GPU-01312,ENT-03,REG-1,COLO-2,owned,VEN-01,,3906250
GPU-01313,ENT-04,REG-2,COLO-1,owned,VEN-01,,3906250
GPU-01314,ENT-05,REG-3,COLO-2,owned,VEN-01,,3906250
GPU-01315,ENT-06,REG-1,COLO-1,owned,VEN-01,,3906250
GPU-01316,ENT-02,REG-2,COLO-2,owned,VEN-01,,3906250
GPU-01317,ENT-03,REG-3,COLO-1,owned,VEN-01,,3906250
GPU-01318,ENT-04,REG-1,COLO-2,owned,VEN-01,,3906250
GPU-01319,ENT-05,REG-2,COLO-1,owned,VEN-01,,3906250
GPU-01320,ENT-06,REG-3,COLO-2,owned,VEN-01,,3906250
GPU-01321,ENT-02,REG-1,COLO-1,owned,VEN-01,,3906250
GPU-01322,ENT-03,REG-2,COLO-2,owned,VEN-01,,3906250
GPU-01323,ENT-04,REG-3,COLO-1,owned,VEN-01,,3906250
GPU-01324,ENT-05,REG-1,COLO-2,owned,VEN-01,,3906250
GPU-01325,ENT-06,REG-2,COLO-1,owned,VEN-01,,3906250
GPU-01326,ENT-02,REG-3,COLO-2,owned,VEN-01,,3906250
GPU-01327,ENT-03,REG-1,COLO-1,owned,VEN-01,,3906250
GPU-01328,ENT-04,REG-2,COLO-2,owned,VEN-01,,3906250
GPU-01329,ENT-05,REG-3,COLO-1,owned,VEN-01,,3906250
GPU-01330,ENT-06,REG-1,COLO-2,owned,VEN-01,,3906250
GPU-01331,ENT-02,REG-2,COLO-1,owned,VEN-01,,3906250
GPU-01332,ENT-03,REG-3,COLO-2,owned,VEN-01,,3906250
GPU-01333,ENT-04,REG-1,COLO-1,owned,VEN-01,,3906250
GPU-01334,ENT-05,REG-2,COLO-2,owned,VEN-01,,3906250
GPU-01335,ENT-06,REG-3,COLO-1,owned,VEN-01,,3906250
GPU-01336,ENT-02,REG-1,COLO-2,owned,VEN-01,,3906250
GPU-01337,ENT-03,REG-2,COLO-1,owned,VEN-01,,3906250
GPU-01338,ENT-04,REG-3,COLO-2,owned,VEN-01,,3906250
GPU-01339,ENT-05,REG-1,COLO-1,owned,VEN-01,,3906250
GPU-01340,ENT-06,REG-2,COLO-2,owned,VEN-01,,3906250
GPU-01341,ENT-02,REG-3,COLO-1,owned,VEN-01,,3906250
GPU-01342,ENT-03,REG-1,COLO-2,owned,VEN-01,,3906250
GPU-01343,ENT-04,REG-2,COLO-1,owned,VEN-01,,3906250
GPU-01344,ENT-05,REG-3,COLO-2,owned,VEN-01,,3906250
GPU-01345,ENT-06,REG-1,COLO-1,owned,VEN-01,,3906250
GPU-01346,ENT-02,REG-2,COLO-2,owned,VEN-01,,3906250
GPU-01347,ENT-03,REG-3,COLO-1,owned,VEN-01,,3906250
GPU-01348,ENT-04,REG-1,COLO-2,owned,VEN-01,,3906250
GPU-01349,ENT-05,REG-2,COLO-1,owned,VEN-01,,3906250
GPU-01350,ENT-06,REG-3,COLO-2,owned,VEN-01,,3906250
GPU-01351,ENT-02,REG-1,COLO-1,owned,VEN-01,,3906250
GPU-01352,ENT-03,REG-2,COLO-2,owned,VEN-01,,3906250
GPU-01353,ENT-04,REG-3,COLO-1,owned,VEN-01,,3906250
GPU-01354,ENT-05,REG-1,COLO-2,owned,VEN-01,,3906250
GPU-01355,ENT-06,REG-2,COLO-1,owned,VEN-01,,3906250
GPU-01356,ENT-02,REG-3,COLO-2,owned,VEN-01,,3906250
GPU-01357,ENT-03,REG-1,COLO-1,owned,VEN-01,,3906250
GPU-01358,ENT-04,REG-2,COLO-2,owned,VEN-01,,3906250
GPU-01359,ENT-05,REG-3,COLO-1,owned,VEN-01,,3906250
GPU-01360,ENT-06,REG-1,COLO-2,owned,VEN-01,,3906250
GPU-01361,ENT-02,REG-2,COLO-1,owned,VEN-01,,3906250
GPU-01362,ENT-03,REG-3,COLO-2,owned,VEN-01,,3906250
GPU-01363,ENT-04,REG-1,COLO-1,owned,VEN-01,,3906250
GPU-01364,ENT-05,REG-2,COLO-2,owned,VEN-01,,3906250
GPU-01365,ENT-06,REG-3,COLO-1,owned,VEN-01,,3906250
GPU-01366,ENT-02,REG-1,COLO-2,owned,VEN-01,,3906250
GPU-01367,ENT-03,REG-2,COLO-1,owned,VEN-01,,3906250
GPU-01368,ENT-04,REG-3,COLO-2,owned,VEN-01,,3906250
GPU-01369,ENT-05,REG-1,COLO-1,owned,VEN-01,,3906250
GPU-01370,ENT-06,REG-2,COLO-2,owned,VEN-01,,3906250
GPU-01371,ENT-02,REG-3,COLO-1,owned,VEN-01,,3906250
GPU-01372,ENT-03,REG-1,COLO-2,owned,VEN-01,,3906250
GPU-01373,ENT-04,REG-2,COLO-1,owned,VEN-01,,3906250
GPU-01374,ENT-05,REG-3,COLO-2,owned,VEN-01,,3906250
GPU-01375,ENT-06,REG-1,COLO-1,owned,VEN-01,,3906250
GPU-01376,ENT-02,REG-2,COLO-2,owned,VEN-01,,3906250
GPU-01377,ENT-03,REG-3,COLO-1,owned,VEN-01,,3906250
GPU-01378,ENT-04,REG-1,COLO-2,owned,VEN-01,,3906250
GPU-01379,ENT-05,REG-2,COLO-1,owned,VEN-01,,3906250
GPU-01380,ENT-06,REG-3,COLO-2,owned,VEN-01,,3906250
GPU-01381,ENT-02,REG-1,COLO-1,owned,VEN-01,,3906250
GPU-01382,ENT-03,REG-2,COLO-2,owned,VEN-01,,3906250
GPU-01383,ENT-04,REG-3,COLO-1,owned,VEN-01,,3906250
GPU-01384,ENT-05,REG-1,COLO-2,owned,VEN-01,,3906250
GPU-01385,ENT-06,REG-2,COLO-1,owned,VEN-01,,3906250
GPU-01386,ENT-02,REG-3,COLO-2,owned,VEN-01,,3906250
GPU-01387,ENT-03,REG-1,COLO-1,owned,VEN-01,,3906250
GPU-01388,ENT-04,REG-2,COLO-2,owned,VEN-01,,3906250
GPU-01389,ENT-05,REG-3,COLO-1,owned,VEN-01,,3906250
GPU-01390,ENT-06,REG-1,COLO-2,owned,VEN-01,,3906250
GPU-01391,ENT-02,REG-2,COLO-1,owned,VEN-01,,3906250
GPU-01392,ENT-03,REG-3,COLO-2,owned,VEN-01,,3906250
GPU-01393,ENT-04,REG-1,COLO-1,owned,VEN-01,,3906250
GPU-01394,ENT-05,REG-2,COLO-2,owned,VEN-01,,3906250
GPU-01395,ENT-06,REG-3,COLO-1,owned,VEN-01,,3906250
GPU-01396,ENT-02,REG-1,COLO-2,owned,VEN-01,,3906250
GPU-01397,ENT-03,REG-2,COLO-1,owned,VEN-01,,3906250
GPU-01398,ENT-04,REG-3,COLO-2,owned,VEN-01,,3906250
GPU-01399,ENT-05,REG-1,COLO-1,owned,VEN-01,,3906250
GPU-01400,ENT-06,REG-2,COLO-2,owned,VEN-01,,3906250
GPU-01401,ENT-02,REG-3,COLO-1,owned,VEN-01,,3906250
GPU-01402,ENT-03,REG-1,COLO-2,owned,VEN-01,,3906250
GPU-01403,ENT-04,REG-2,COLO-1,owned,VEN-01,,3906250
GPU-01404,ENT-05,REG-3,COLO-2,owned,VEN-01,,3906250
GPU-01405,ENT-06,REG-1,COLO-1,owned,VEN-01,,3906250
GPU-01406,ENT-02,REG-2,COLO-2,owned,VEN-01,,3906250
GPU-01407,ENT-03,REG-3,COLO-1,owned,VEN-01,,3906250
GPU-01408,ENT-04,REG-1,COLO-2,owned,VEN-01,,3906250
GPU-01409,ENT-05,REG-2,COLO-1,owned,VEN-01,,3906250
GPU-01410,ENT-06,REG-3,COLO-2,owned,VEN-01,,3906250
GPU-01411,ENT-02,REG-1,COLO-1,owned,VEN-01,,3906250
GPU-01412,ENT-03,REG-2,COLO-2,owned,VEN-01,,3906250
GPU-01413,ENT-04,REG-3,COLO-1,owned,VEN-01,,3906250
GPU-01414,ENT-05,REG-1,COLO-2,owned,VEN-01,,3906250
GPU-01415,ENT-06,REG-2,COLO-1,owned,VEN-01,,3906250
GPU-01416,ENT-02,REG-3,COLO-2,owned,VEN-01,,3906250
GPU-01417,ENT-03,REG-1,COLO-1,owned,VEN-01,,3906250
GPU-01418,ENT-04,REG-2,COLO-2,owned,VEN-01,,3906250
GPU-01419,ENT-05,REG-3,COLO-1,owned,VEN-01,,3906250
GPU-01420,ENT-06,REG-1,COLO-2,owned,VEN-01,,3906250
GPU-01421,ENT-02,REG-2,COLO-1,owned,VEN-01,,3906250
GPU-01422,ENT-03,REG-3,COLO-2,owned,VEN-01,,3906250
GPU-01423,ENT-04,REG-1,COLO-1,owned,VEN-01,,3906250
GPU-01424,ENT-05,REG-2,COLO-2,owned,VEN-01,,3906250
GPU-01425,ENT-06,REG-3,COLO-1,owned,VEN-01,,3906250
GPU-01426,ENT-02,REG-1,COLO-2,owned,VEN-01,,3906250
GPU-01427,ENT-03,REG-2,COLO-1,owned,VEN-01,,3906250
GPU-01428,ENT-04,REG-3,COLO-2,owned,VEN-01,,3906250
GPU-01429,ENT-05,REG-1,COLO-1,owned,VEN-01,,3906250
GPU-01430,ENT-06,REG-2,COLO-2,owned,VEN-01,,3906250
GPU-01431,ENT-02,REG-3,COLO-1,owned,VEN-01,,3906250
GPU-01432,ENT-03,REG-1,COLO-2,owned,VEN-01,,3906250
GPU-01433,ENT-04,REG-2,COLO-1,owned,VEN-01,,3906250
GPU-01434,ENT-05,REG-3,COLO-2,owned,VEN-01,,3906250
GPU-01435,ENT-06,REG-1,COLO-1,owned,VEN-01,,3906250
GPU-01436,ENT-02,REG-2,COLO-2,owned,VEN-01,,3906250
GPU-01437,ENT-03,REG-3,COLO-1,owned,VEN-01,,3906250
GPU-01438,ENT-04,REG-1,COLO-2,owned,VEN-01,,3906250
GPU-01439,ENT-05,REG-2,COLO-1,owned,VEN-01,,3906250
GPU-01440,ENT-06,REG-3,COLO-2,owned,VEN-01,,3906250
GPU-01441,ENT-02,REG-1,COLO-1,owned,VEN-01,,3906250
GPU-01442,ENT-03,REG-2,COLO-2,owned,VEN-01,,3906250
GPU-01443,ENT-04,REG-3,COLO-1,owned,VEN-01,,3906250
GPU-01444,ENT-05,REG-1,COLO-2,owned,VEN-01,,3906250
GPU-01445,ENT-06,REG-2,COLO-1,owned,VEN-01,,3906250
GPU-01446,ENT-02,REG-3,COLO-2,owned,VEN-01,,3906250
GPU-01447,ENT-03,REG-1,COLO-1,owned,VEN-01,,3906250
GPU-01448,ENT-04,REG-2,COLO-2,owned,VEN-01,,3906250
GPU-01449,ENT-05,REG-3,COLO-1,owned,VEN-01,,3906250
GPU-01450,ENT-06,REG-1,COLO-2,owned,VEN-01,,3906250
GPU-01451,ENT-02,REG-2,COLO-1,owned,VEN-01,,3906250
GPU-01452,ENT-03,REG-3,COLO-2,owned,VEN-01,,3906250
GPU-01453,ENT-04,REG-1,COLO-1,owned,VEN-01,,3906250
GPU-01454,ENT-05,REG-2,COLO-2,owned,VEN-01,,3906250
GPU-01455,ENT-06,REG-3,COLO-1,owned,VEN-01,,3906250
GPU-01456,ENT-02,REG-1,COLO-2,owned,VEN-01,,3906250
GPU-01457,ENT-03,REG-2,COLO-1,owned,VEN-01,,3906250
GPU-01458,ENT-04,REG-3,COLO-2,owned,VEN-01,,3906250
GPU-01459,ENT-05,REG-1,COLO-1,owned,VEN-01,,3906250
GPU-01460,ENT-06,REG-2,COLO-2,owned,VEN-01,,3906250
GPU-01461,ENT-02,REG-3,COLO-1,owned,VEN-01,,3906250
GPU-01462,ENT-03,REG-1,COLO-2,owned,VEN-01,,3906250
GPU-01463,ENT-04,REG-2,COLO-1,owned,VEN-01,,3906250
GPU-01464,ENT-05,REG-3,COLO-2,owned,VEN-01,,3906250
GPU-01465,ENT-06,REG-1,COLO-1,owned,VEN-01,,3906250
GPU-01466,ENT-02,REG-2,COLO-2,owned,VEN-01,,3906250
GPU-01467,ENT-03,REG-3,COLO-1,owned,VEN-01,,3906250
GPU-01468,ENT-04,REG-1,COLO-2,owned,VEN-01,,3906250
GPU-01469,ENT-05,REG-2,COLO-1,owned,VEN-01,,3906250
GPU-01470,ENT-06,REG-3,COLO-2,owned,VEN-01,,3906250
GPU-01471,ENT-02,REG-1,COLO-1,owned,VEN-01,,3906250
GPU-01472,ENT-03,REG-2,COLO-2,owned,VEN-01,,3906250
GPU-01473,ENT-04,REG-3,COLO-1,owned,VEN-01,,3906250
GPU-01474,ENT-05,REG-1,COLO-2,owned,VEN-01,,3906250
GPU-01475,ENT-06,REG-2,COLO-1,owned,VEN-01,,3906250
GPU-01476,ENT-02,REG-3,COLO-2,owned,VEN-01,,3906250
GPU-01477,ENT-03,REG-1,COLO-1,owned,VEN-01,,3906250
GPU-01478,ENT-04,REG-2,COLO-2,owned,VEN-01,,3906250
GPU-01479,ENT-05,REG-3,COLO-1,owned,VEN-01,,3906250
GPU-01480,ENT-06,REG-1,COLO-2,owned,VEN-01,,3906250
GPU-01481,ENT-02,REG-2,COLO-1,owned,VEN-01,,3906250
GPU-01482,ENT-03,REG-3,COLO-2,owned,VEN-01,,3906250
GPU-01483,ENT-04,REG-1,COLO-1,owned,VEN-01,,3906250
GPU-01484,ENT-05,REG-2,COLO-2,owned,VEN-01,,3906250
GPU-01485,ENT-06,REG-3,COLO-1,owned,VEN-01,,3906250
GPU-01486,ENT-02,REG-1,COLO-2,owned,VEN-01,,3906250
GPU-01487,ENT-03,REG-2,COLO-1,owned,VEN-01,,3906250
GPU-01488,ENT-04,REG-3,COLO-2,owned,VEN-01,,3906250
GPU-01489,ENT-05,REG-1,COLO-1,owned,VEN-01,,3906250
GPU-01490,ENT-06,REG-2,COLO-2,owned,VEN-01,,3906250
GPU-01491,ENT-02,REG-3,COLO-1,owned,VEN-01,,3906250
GPU-01492,ENT-03,REG-1,COLO-2,owned,VEN-01,,3906250
GPU-01493,ENT-04,REG-2,COLO-1,owned,VEN-01,,3906250
GPU-01494,ENT-05,REG-3,COLO-2,owned,VEN-01,,3906250
GPU-01495,ENT-06,REG-1,COLO-1,owned,VEN-01,,3906250
GPU-01496,ENT-02,REG-2,COLO-2,owned,VEN-01,,3906250
GPU-01497,ENT-03,REG-3,COLO-1,owned,VEN-01,,3906250
GPU-01498,ENT-04,REG-1,COLO-2,owned,VEN-01,,3906250
GPU-01499,ENT-05,REG-2,COLO-1,owned,VEN-01,,3906250
GPU-01500,ENT-06,REG-3,COLO-2,owned,VEN-01,,3906250
GPU-01501,ENT-02,REG-1,COLO-1,owned,VEN-01,,3906250
GPU-01502,ENT-03,REG-2,COLO-2,owned,VEN-01,,3906250
GPU-01503,ENT-04,REG-3,COLO-1,owned,VEN-01,,3906250
GPU-01504,ENT-05,REG-1,COLO-2,owned,VEN-01,,3906250
GPU-01505,ENT-06,REG-2,COLO-1,owned,VEN-01,,3906250
GPU-01506,ENT-02,REG-3,COLO-2,owned,VEN-01,,3906250
GPU-01507,ENT-03,REG-1,COLO-1,owned,VEN-01,,3906250
GPU-01508,ENT-04,REG-2,COLO-2,owned,VEN-01,,3906250
GPU-01509,ENT-05,REG-3,COLO-1,owned,VEN-01,,3906250
GPU-01510,ENT-06,REG-1,COLO-2,owned,VEN-01,,3906250
GPU-01511,ENT-02,REG-2,COLO-1,owned,VEN-01,,3906250
GPU-01512,ENT-03,REG-3,COLO-2,owned,VEN-01,,3906250
GPU-01513,ENT-04,REG-1,COLO-1,owned,VEN-01,,3906250
GPU-01514,ENT-05,REG-2,COLO-2,owned,VEN-01,,3906250
GPU-01515,ENT-06,REG-3,COLO-1,owned,VEN-01,,3906250
GPU-01516,ENT-02,REG-1,COLO-2,owned,VEN-01,,3906250
GPU-01517,ENT-03,REG-2,COLO-1,owned,VEN-01,,3906250
GPU-01518,ENT-04,REG-3,COLO-2,owned,VEN-01,,3906250
GPU-01519,ENT-05,REG-1,COLO-1,owned,VEN-01,,3906250
GPU-01520,ENT-06,REG-2,COLO-2,owned,VEN-01,,3906250
GPU-01521,ENT-02,REG-3,COLO-1,owned,VEN-01,,3906250
GPU-01522,ENT-03,REG-1,COLO-2,owned,VEN-01,,3906250
GPU-01523,ENT-04,REG-2,COLO-1,owned,VEN-01,,3906250
GPU-01524,ENT-05,REG-3,COLO-2,owned,VEN-01,,3906250
GPU-01525,ENT-06,REG-1,COLO-1,owned,VEN-01,,3906250
GPU-01526,ENT-02,REG-2,COLO-2,owned,VEN-01,,3906250
GPU-01527,ENT-03,REG-3,COLO-1,owned,VEN-01,,3906250
GPU-01528,ENT-04,REG-1,COLO-2,owned,VEN-01,,3906250
GPU-01529,ENT-05,REG-2,COLO-1,owned,VEN-01,,3906250
GPU-01530,ENT-06,REG-3,COLO-2,owned,VEN-01,,3906250
GPU-01531,ENT-02,REG-1,COLO-1,owned,VEN-01,,3906250
GPU-01532,ENT-03,REG-2,COLO-2,owned,VEN-01,,3906250
GPU-01533,ENT-04,REG-3,COLO-1,owned,VEN-01,,3906250
GPU-01534,ENT-05,REG-1,COLO-2,owned,VEN-01,,3906250
GPU-01535,ENT-06,REG-2,COLO-1,owned,VEN-01,,3906250
GPU-01536,ENT-02,REG-3,COLO-2,owned,VEN-01,,3906250
GPU-01537,ENT-03,REG-1,COLO-1,owned,VEN-01,,3906250
GPU-01538,ENT-04,REG-2,COLO-2,owned,VEN-01,,3906250
GPU-01539,ENT-05,REG-3,COLO-1,owned,VEN-01,,3906250
GPU-01540,ENT-06,REG-1,COLO-2,owned,VEN-01,,3906250
GPU-01541,ENT-02,REG-2,COLO-1,owned,VEN-01,,3906250
GPU-01542,ENT-03,REG-3,COLO-2,owned,VEN-01,,3906250
GPU-01543,ENT-04,REG-1,COLO-1,owned,VEN-01,,3906250
GPU-01544,ENT-05,REG-2,COLO-2,owned,VEN-01,,3906250
GPU-01545,ENT-06,REG-3,COLO-1,owned,VEN-01,,3906250
GPU-01546,ENT-02,REG-1,COLO-2,owned,VEN-01,,3906250
GPU-01547,ENT-03,REG-2,COLO-1,owned,VEN-01,,3906250
GPU-01548,ENT-04,REG-3,COLO-2,owned,VEN-01,,3906250
GPU-01549,ENT-05,REG-1,COLO-1,owned,VEN-01,,3906250
GPU-01550,ENT-06,REG-2,COLO-2,owned,VEN-01,,3906250
GPU-01551,ENT-02,REG-3,COLO-1,owned,VEN-01,,3906250
GPU-01552,ENT-03,REG-1,COLO-2,owned,VEN-01,,3906250
GPU-01553,ENT-04,REG-2,COLO-1,owned,VEN-01,,3906250
GPU-01554,ENT-05,REG-3,COLO-2,owned,VEN-01,,3906250
GPU-01555,ENT-06,REG-1,COLO-1,owned,VEN-01,,3906250
GPU-01556,ENT-02,REG-2,COLO-2,owned,VEN-01,,3906250
GPU-01557,ENT-03,REG-3,COLO-1,owned,VEN-01,,3906250
GPU-01558,ENT-04,REG-1,COLO-2,owned,VEN-01,,3906250
GPU-01559,ENT-05,REG-2,COLO-1,owned,VEN-01,,3906250
GPU-01560,ENT-06,REG-3,COLO-2,owned,VEN-01,,3906250
GPU-01561,ENT-02,REG-1,COLO-1,owned,VEN-01,,3906250
GPU-01562,ENT-03,REG-2,COLO-2,owned,VEN-01,,3906250
GPU-01563,ENT-04,REG-3,COLO-1,owned,VEN-01,,3906250
GPU-01564,ENT-05,REG-1,COLO-2,owned,VEN-01,,3906250
GPU-01565,ENT-06,REG-2,COLO-1,owned,VEN-01,,3906250
GPU-01566,ENT-02,REG-3,COLO-2,owned,VEN-01,,3906250
GPU-01567,ENT-03,REG-1,COLO-1,owned,VEN-01,,3906250
GPU-01568,ENT-04,REG-2,COLO-2,owned,VEN-01,,3906250
GPU-01569,ENT-05,REG-3,COLO-1,owned,VEN-01,,3906250
GPU-01570,ENT-06,REG-1,COLO-2,owned,VEN-01,,3906250
GPU-01571,ENT-02,REG-2,COLO-1,owned,VEN-01,,3906250
GPU-01572,ENT-03,REG-3,COLO-2,owned,VEN-01,,3906250
GPU-01573,ENT-04,REG-1,COLO-1,owned,VEN-01,,3906250
GPU-01574,ENT-05,REG-2,COLO-2,owned,VEN-01,,3906250
GPU-01575,ENT-06,REG-3,COLO-1,owned,VEN-01,,3906250
GPU-01576,ENT-02,REG-1,COLO-2,owned,VEN-01,,3906250
GPU-01577,ENT-03,REG-2,COLO-1,owned,VEN-01,,3906250
GPU-01578,ENT-04,REG-3,COLO-2,owned,VEN-01,,3906250
GPU-01579,ENT-05,REG-1,COLO-1,owned,VEN-01,,3906250
GPU-01580,ENT-06,REG-2,COLO-2,owned,VEN-01,,3906250
GPU-01581,ENT-02,REG-3,COLO-1,owned,VEN-01,,3906250
GPU-01582,ENT-03,REG-1,COLO-2,owned,VEN-01,,3906250
GPU-01583,ENT-04,REG-2,COLO-1,owned,VEN-01,,3906250
GPU-01584,ENT-05,REG-3,COLO-2,owned,VEN-01,,3906250
GPU-01585,ENT-06,REG-1,COLO-1,owned,VEN-01,,3906250
GPU-01586,ENT-02,REG-2,COLO-2,owned,VEN-01,,3906250
GPU-01587,ENT-03,REG-3,COLO-1,owned,VEN-01,,3906250
GPU-01588,ENT-04,REG-1,COLO-2,owned,VEN-01,,3906250
GPU-01589,ENT-05,REG-2,COLO-1,owned,VEN-01,,3906250
GPU-01590,ENT-06,REG-3,COLO-2,owned,VEN-01,,3906250
GPU-01591,ENT-02,REG-1,COLO-1,owned,VEN-01,,3906250
GPU-01592,ENT-03,REG-2,COLO-2,owned,VEN-01,,3906250
GPU-01593,ENT-04,REG-3,COLO-1,owned,VEN-01,,3906250
GPU-01594,ENT-05,REG-1,COLO-2,owned,VEN-01,,3906250
GPU-01595,ENT-06,REG-2,COLO-1,owned,VEN-01,,3906250
GPU-01596,ENT-02,REG-3,COLO-2,owned,VEN-01,,3906250
GPU-01597,ENT-03,REG-1,COLO-1,owned,VEN-01,,3906250
GPU-01598,ENT-04,REG-2,COLO-2,owned,VEN-01,,3906250
GPU-01599,ENT-05,REG-3,COLO-1,owned,VEN-01,,3906250
GPU-01600,ENT-06,REG-1,COLO-2,owned,VEN-01,,3906250
GPU-01601,ENT-02,REG-2,COLO-1,owned,VEN-01,,3906250
GPU-01602,ENT-03,REG-3,COLO-2,owned,VEN-01,,3906250
GPU-01603,ENT-04,REG-1,COLO-1,owned,VEN-01,,3906250
GPU-01604,ENT-05,REG-2,COLO-2,owned,VEN-01,,3906250
GPU-01605,ENT-06,REG-3,COLO-1,owned,VEN-01,,3906250
GPU-01606,ENT-02,REG-1,COLO-2,owned,VEN-01,,3906250
GPU-01607,ENT-03,REG-2,COLO-1,owned,VEN-01,,3906250
GPU-01608,ENT-04,REG-3,COLO-2,owned,VEN-01,,3906250
GPU-01609,ENT-05,REG-1,COLO-1,owned,VEN-01,,3906250
GPU-01610,ENT-06,REG-2,COLO-2,owned,VEN-01,,3906250
GPU-01611,ENT-02,REG-3,COLO-1,owned,VEN-01,,3906250
GPU-01612,ENT-03,REG-1,COLO-2,owned,VEN-01,,3906250
GPU-01613,ENT-04,REG-2,COLO-1,owned,VEN-01,,3906250
GPU-01614,ENT-05,REG-3,COLO-2,owned,VEN-01,,3906250
GPU-01615,ENT-06,REG-1,COLO-1,owned,VEN-01,,3906250
GPU-01616,ENT-02,REG-2,COLO-2,owned,VEN-01,,3906250
GPU-01617,ENT-03,REG-3,COLO-1,owned,VEN-01,,3906250
GPU-01618,ENT-04,REG-1,COLO-2,owned,VEN-01,,3906250
GPU-01619,ENT-05,REG-2,COLO-1,owned,VEN-01,,3906250
GPU-01620,ENT-06,REG-3,COLO-2,owned,VEN-01,,3906250
GPU-01621,ENT-02,REG-1,COLO-1,owned,VEN-01,,3906250
GPU-01622,ENT-03,REG-2,COLO-2,owned,VEN-01,,3906250
GPU-01623,ENT-04,REG-3,COLO-1,owned,VEN-01,,3906250
GPU-01624,ENT-05,REG-1,COLO-2,owned,VEN-01,,3906250
GPU-01625,ENT-06,REG-2,COLO-1,owned,VEN-01,,3906250
GPU-01626,ENT-02,REG-3,COLO-2,owned,VEN-01,,3906250
GPU-01627,ENT-03,REG-1,COLO-1,owned,VEN-01,,3906250
GPU-01628,ENT-04,REG-2,COLO-2,owned,VEN-01,,3906250
GPU-01629,ENT-05,REG-3,COLO-1,owned,VEN-01,,3906250
GPU-01630,ENT-06,REG-1,COLO-2,owned,VEN-01,,3906250
GPU-01631,ENT-02,REG-2,COLO-1,owned,VEN-01,,3906250
GPU-01632,ENT-03,REG-3,COLO-2,owned,VEN-01,,3906250
GPU-01633,ENT-04,REG-1,COLO-1,owned,VEN-01,,3906250
GPU-01634,ENT-05,REG-2,COLO-2,owned,VEN-01,,3906250
GPU-01635,ENT-06,REG-3,COLO-1,owned,VEN-01,,3906250
GPU-01636,ENT-02,REG-1,COLO-2,owned,VEN-01,,3906250
GPU-01637,ENT-03,REG-2,COLO-1,owned,VEN-01,,3906250
GPU-01638,ENT-04,REG-3,COLO-2,owned,VEN-01,,3906250
GPU-01639,ENT-05,REG-1,COLO-1,owned,VEN-01,,3906250
GPU-01640,ENT-06,REG-2,COLO-2,owned,VEN-01,,3906250
GPU-01641,ENT-02,REG-3,COLO-1,owned,VEN-01,,3906250
GPU-01642,ENT-03,REG-1,COLO-2,owned,VEN-01,,3906250
GPU-01643,ENT-04,REG-2,COLO-1,owned,VEN-01,,3906250
GPU-01644,ENT-05,REG-3,COLO-2,owned,VEN-01,,3906250
GPU-01645,ENT-06,REG-1,COLO-1,owned,VEN-01,,3906250
GPU-01646,ENT-02,REG-2,COLO-2,owned,VEN-01,,3906250
GPU-01647,ENT-03,REG-3,COLO-1,owned,VEN-01,,3906250
GPU-01648,ENT-04,REG-1,COLO-2,owned,VEN-01,,3906250
GPU-01649,ENT-05,REG-2,COLO-1,owned,VEN-01,,3906250
GPU-01650,ENT-06,REG-3,COLO-2,owned,VEN-01,,3906250
GPU-01651,ENT-02,REG-1,COLO-1,owned,VEN-01,,3906250
GPU-01652,ENT-03,REG-2,COLO-2,owned,VEN-01,,3906250
GPU-01653,ENT-04,REG-3,COLO-1,owned,VEN-01,,3906250
GPU-01654,ENT-05,REG-1,COLO-2,owned,VEN-01,,3906250
GPU-01655,ENT-06,REG-2,COLO-1,owned,VEN-01,,3906250
GPU-01656,ENT-02,REG-3,COLO-2,owned,VEN-01,,3906250
GPU-01657,ENT-03,REG-1,COLO-1,owned,VEN-01,,3906250
GPU-01658,ENT-04,REG-2,COLO-2,owned,VEN-01,,3906250
GPU-01659,ENT-05,REG-3,COLO-1,owned,VEN-01,,3906250
GPU-01660,ENT-06,REG-1,COLO-2,owned,VEN-01,,3906250
GPU-01661,ENT-02,REG-2,COLO-1,owned,VEN-01,,3906250
GPU-01662,ENT-03,REG-3,COLO-2,owned,VEN-01,,3906250
GPU-01663,ENT-04,REG-1,COLO-1,owned,VEN-01,,3906250
GPU-01664,ENT-05,REG-2,COLO-2,owned,VEN-01,,3906250
GPU-01665,ENT-06,REG-3,COLO-1,owned,VEN-01,,3906250
GPU-01666,ENT-02,REG-1,COLO-2,owned,VEN-01,,3906250
GPU-01667,ENT-03,REG-2,COLO-1,owned,VEN-01,,3906250
GPU-01668,ENT-04,REG-3,COLO-2,owned,VEN-01,,3906250
GPU-01669,ENT-05,REG-1,COLO-1,owned,VEN-01,,3906250
GPU-01670,ENT-06,REG-2,COLO-2,owned,VEN-01,,3906250
GPU-01671,ENT-02,REG-3,COLO-1,owned,VEN-01,,3906250
GPU-01672,ENT-03,REG-1,COLO-2,owned,VEN-01,,3906250
GPU-01673,ENT-04,REG-2,COLO-1,owned,VEN-01,,3906250
GPU-01674,ENT-05,REG-3,COLO-2,owned,VEN-01,,3906250
GPU-01675,ENT-06,REG-1,COLO-1,owned,VEN-01,,3906250
GPU-01676,ENT-02,REG-2,COLO-2,owned,VEN-01,,3906250
GPU-01677,ENT-03,REG-3,COLO-1,owned,VEN-01,,3906250
GPU-01678,ENT-04,REG-1,COLO-2,owned,VEN-01,,3906250
GPU-01679,ENT-05,REG-2,COLO-1,owned,VEN-01,,3906250
GPU-01680,ENT-06,REG-3,COLO-2,owned,VEN-01,,3906250
GPU-01681,ENT-02,REG-1,COLO-1,owned,VEN-01,,3906250
GPU-01682,ENT-03,REG-2,COLO-2,owned,VEN-01,,3906250
GPU-01683,ENT-04,REG-3,COLO-1,owned,VEN-01,,3906250
GPU-01684,ENT-05,REG-1,COLO-2,owned,VEN-01,,3906250
GPU-01685,ENT-06,REG-2,COLO-1,owned,VEN-01,,3906250
GPU-01686,ENT-02,REG-3,COLO-2,owned,VEN-01,,3906250
GPU-01687,ENT-03,REG-1,COLO-1,owned,VEN-01,,3906250
GPU-01688,ENT-04,REG-2,COLO-2,owned,VEN-01,,3906250
GPU-01689,ENT-05,REG-3,COLO-1,owned,VEN-01,,3906250
GPU-01690,ENT-06,REG-1,COLO-2,owned,VEN-01,,3906250
GPU-01691,ENT-02,REG-2,COLO-1,owned,VEN-01,,3906250
GPU-01692,ENT-03,REG-3,COLO-2,owned,VEN-01,,3906250
GPU-01693,ENT-04,REG-1,COLO-1,owned,VEN-01,,3906250
GPU-01694,ENT-05,REG-2,COLO-2,owned,VEN-01,,3906250
GPU-01695,ENT-06,REG-3,COLO-1,owned,VEN-01,,3906250
GPU-01696,ENT-02,REG-1,COLO-2,owned,VEN-01,,3906250
GPU-01697,ENT-03,REG-2,COLO-1,owned,VEN-01,,3906250
GPU-01698,ENT-04,REG-3,COLO-2,owned,VEN-01,,3906250
GPU-01699,ENT-05,REG-1,COLO-1,owned,VEN-01,,3906250
GPU-01700,ENT-06,REG-2,COLO-2,owned,VEN-01,,3906250
GPU-01701,ENT-02,REG-3,COLO-1,owned,VEN-01,,3906250
GPU-01702,ENT-03,REG-1,COLO-2,owned,VEN-01,,3906250
GPU-01703,ENT-04,REG-2,COLO-1,owned,VEN-01,,3906250
GPU-01704,ENT-05,REG-3,COLO-2,owned,VEN-01,,3906250
GPU-01705,ENT-06,REG-1,COLO-1,owned,VEN-01,,3906250
GPU-01706,ENT-02,REG-2,COLO-2,owned,VEN-01,,3906250
GPU-01707,ENT-03,REG-3,COLO-1,owned,VEN-01,,3906250
GPU-01708,ENT-04,REG-1,COLO-2,owned,VEN-01,,3906250
GPU-01709,ENT-05,REG-2,COLO-1,owned,VEN-01,,3906250
GPU-01710,ENT-06,REG-3,COLO-2,owned,VEN-01,,3906250
GPU-01711,ENT-02,REG-1,COLO-1,owned,VEN-01,,3906250
GPU-01712,ENT-03,REG-2,COLO-2,owned,VEN-01,,3906250
GPU-01713,ENT-04,REG-3,COLO-1,owned,VEN-01,,3906250
GPU-01714,ENT-05,REG-1,COLO-2,owned,VEN-01,,3906250
GPU-01715,ENT-06,REG-2,COLO-1,owned,VEN-01,,3906250
GPU-01716,ENT-02,REG-3,COLO-2,owned,VEN-01,,3906250
GPU-01717,ENT-03,REG-1,COLO-1,owned,VEN-01,,3906250
GPU-01718,ENT-04,REG-2,COLO-2,owned,VEN-01,,3906250
GPU-01719,ENT-05,REG-3,COLO-1,owned,VEN-01,,3906250
GPU-01720,ENT-06,REG-1,COLO-2,owned,VEN-01,,3906250
GPU-01721,ENT-02,REG-2,COLO-1,owned,VEN-01,,3906250
GPU-01722,ENT-03,REG-3,COLO-2,owned,VEN-01,,3906250
GPU-01723,ENT-04,REG-1,COLO-1,owned,VEN-01,,3906250
GPU-01724,ENT-05,REG-2,COLO-2,owned,VEN-01,,3906250
GPU-01725,ENT-06,REG-3,COLO-1,owned,VEN-01,,3906250
GPU-01726,ENT-02,REG-1,COLO-2,owned,VEN-01,,3906250
GPU-01727,ENT-03,REG-2,COLO-1,owned,VEN-01,,3906250
GPU-01728,ENT-04,REG-3,COLO-2,owned,VEN-01,,3906250
GPU-01729,ENT-05,REG-1,COLO-1,owned,VEN-01,,3906250
GPU-01730,ENT-06,REG-2,COLO-2,owned,VEN-01,,3906250
GPU-01731,ENT-02,REG-3,COLO-1,owned,VEN-01,,3906250
GPU-01732,ENT-03,REG-1,COLO-2,owned,VEN-01,,3906250
GPU-01733,ENT-04,REG-2,COLO-1,owned,VEN-01,,3906250
GPU-01734,ENT-05,REG-3,COLO-2,owned,VEN-01,,3906250
GPU-01735,ENT-06,REG-1,COLO-1,owned,VEN-01,,3906250
GPU-01736,ENT-02,REG-2,COLO-2,owned,VEN-01,,3906250
GPU-01737,ENT-03,REG-3,COLO-1,owned,VEN-01,,3906250
GPU-01738,ENT-04,REG-1,COLO-2,owned,VEN-01,,3906250
GPU-01739,ENT-05,REG-2,COLO-1,owned,VEN-01,,3906250
GPU-01740,ENT-06,REG-3,COLO-2,owned,VEN-01,,3906250
GPU-01741,ENT-02,REG-1,COLO-1,owned,VEN-01,,3906250
GPU-01742,ENT-03,REG-2,COLO-2,owned,VEN-01,,3906250
GPU-01743,ENT-04,REG-3,COLO-1,owned,VEN-01,,3906250
GPU-01744,ENT-05,REG-1,COLO-2,owned,VEN-01,,3906250
GPU-01745,ENT-06,REG-2,COLO-1,owned,VEN-01,,3906250
GPU-01746,ENT-02,REG-3,COLO-2,owned,VEN-01,,3906250
GPU-01747,ENT-03,REG-1,COLO-1,owned,VEN-01,,3906250
GPU-01748,ENT-04,REG-2,COLO-2,owned,VEN-01,,3906250
GPU-01749,ENT-05,REG-3,COLO-1,owned,VEN-01,,3906250
GPU-01750,ENT-06,REG-1,COLO-2,owned,VEN-01,,3906250
GPU-01751,ENT-02,REG-2,COLO-1,owned,VEN-01,,3906250
GPU-01752,ENT-03,REG-3,COLO-2,owned,VEN-01,,3906250
GPU-01753,ENT-04,REG-1,COLO-1,owned,VEN-01,,3906250
GPU-01754,ENT-05,REG-2,COLO-2,owned,VEN-01,,3906250
GPU-01755,ENT-06,REG-3,COLO-1,owned,VEN-01,,3906250
GPU-01756,ENT-02,REG-1,COLO-2,owned,VEN-01,,3906250
GPU-01757,ENT-03,REG-2,COLO-1,owned,VEN-01,,3906250
GPU-01758,ENT-04,REG-3,COLO-2,owned,VEN-01,,3906250
GPU-01759,ENT-05,REG-1,COLO-1,owned,VEN-01,,3906250
GPU-01760,ENT-06,REG-2,COLO-2,owned,VEN-01,,3906250
GPU-01761,ENT-02,REG-3,COLO-1,owned,VEN-01,,3906250
GPU-01762,ENT-03,REG-1,COLO-2,owned,VEN-01,,3906250
GPU-01763,ENT-04,REG-2,COLO-1,owned,VEN-01,,3906250
GPU-01764,ENT-05,REG-3,COLO-2,owned,VEN-01,,3906250
GPU-01765,ENT-06,REG-1,COLO-1,owned,VEN-01,,3906250
GPU-01766,ENT-02,REG-2,COLO-2,owned,VEN-01,,3906250
GPU-01767,ENT-03,REG-3,COLO-1,owned,VEN-01,,3906250
GPU-01768,ENT-04,REG-1,COLO-2,owned,VEN-01,,3906250
GPU-01769,ENT-05,REG-2,COLO-1,owned,VEN-01,,3906250
GPU-01770,ENT-06,REG-3,COLO-2,owned,VEN-01,,3906250
GPU-01771,ENT-02,REG-1,COLO-1,owned,VEN-01,,3906250
GPU-01772,ENT-03,REG-2,COLO-2,owned,VEN-01,,3906250
GPU-01773,ENT-04,REG-3,COLO-1,owned,VEN-01,,3906250
GPU-01774,ENT-05,REG-1,COLO-2,owned,VEN-01,,3906250
GPU-01775,ENT-06,REG-2,COLO-1,owned,VEN-01,,3906250
GPU-01776,ENT-02,REG-3,COLO-2,owned,VEN-01,,3906250
GPU-01777,ENT-03,REG-1,COLO-1,owned,VEN-01,,3906250
GPU-01778,ENT-04,REG-2,COLO-2,owned,VEN-01,,3906250
GPU-01779,ENT-05,REG-3,COLO-1,owned,VEN-01,,3906250
GPU-01780,ENT-06,REG-1,COLO-2,owned,VEN-01,,3906250
GPU-01781,ENT-02,REG-2,COLO-1,owned,VEN-01,,3906250
GPU-01782,ENT-03,REG-3,COLO-2,owned,VEN-01,,3906250
GPU-01783,ENT-04,REG-1,COLO-1,owned,VEN-01,,3906250
GPU-01784,ENT-05,REG-2,COLO-2,owned,VEN-01,,3906250
GPU-01785,ENT-06,REG-3,COLO-1,owned,VEN-01,,3906250
GPU-01786,ENT-02,REG-1,COLO-2,owned,VEN-01,,3906250
GPU-01787,ENT-03,REG-2,COLO-1,owned,VEN-01,,3906250
GPU-01788,ENT-04,REG-3,COLO-2,owned,VEN-01,,3906250
GPU-01789,ENT-05,REG-1,COLO-1,owned,VEN-01,,3906250
GPU-01790,ENT-06,REG-2,COLO-2,owned,VEN-01,,3906250
GPU-01791,ENT-02,REG-3,COLO-1,owned,VEN-01,,3906250
GPU-01792,ENT-03,REG-1,COLO-2,owned,VEN-01,,3906250
GPU-01793,ENT-04,REG-2,COLO-1,owned,VEN-01,,3906250
GPU-01794,ENT-05,REG-3,COLO-2,owned,VEN-01,,3906250
GPU-01795,ENT-06,REG-1,COLO-1,owned,VEN-01,,3906250
GPU-01796,ENT-02,REG-2,COLO-2,owned,VEN-01,,3906250
GPU-01797,ENT-03,REG-3,COLO-1,owned,VEN-01,,3906250
GPU-01798,ENT-04,REG-1,COLO-2,owned,VEN-01,,3906250
GPU-01799,ENT-05,REG-2,COLO-1,owned,VEN-01,,3906250
GPU-01800,ENT-06,REG-3,COLO-2,owned,VEN-01,,3906250
GPU-01801,ENT-02,REG-1,COLO-1,owned,VEN-01,,3906250
GPU-01802,ENT-03,REG-2,COLO-2,owned,VEN-01,,3906250
GPU-01803,ENT-04,REG-3,COLO-1,owned,VEN-01,,3906250
GPU-01804,ENT-05,REG-1,COLO-2,owned,VEN-01,,3906250
GPU-01805,ENT-06,REG-2,COLO-1,owned,VEN-01,,3906250
GPU-01806,ENT-02,REG-3,COLO-2,owned,VEN-01,,3906250
GPU-01807,ENT-03,REG-1,COLO-1,owned,VEN-01,,3906250
GPU-01808,ENT-04,REG-2,COLO-2,owned,VEN-01,,3906250
GPU-01809,ENT-05,REG-3,COLO-1,owned,VEN-01,,3906250
GPU-01810,ENT-06,REG-1,COLO-2,owned,VEN-01,,3906250
GPU-01811,ENT-02,REG-2,COLO-1,owned,VEN-01,,3906250
GPU-01812,ENT-03,REG-3,COLO-2,owned,VEN-01,,3906250
GPU-01813,ENT-04,REG-1,COLO-1,owned,VEN-01,,3906250
GPU-01814,ENT-05,REG-2,COLO-2,owned,VEN-01,,3906250
GPU-01815,ENT-06,REG-3,COLO-1,owned,VEN-01,,3906250
GPU-01816,ENT-02,REG-1,COLO-2,owned,VEN-01,,3906250
GPU-01817,ENT-03,REG-2,COLO-1,owned,VEN-01,,3906250
GPU-01818,ENT-04,REG-3,COLO-2,owned,VEN-01,,3906250
GPU-01819,ENT-05,REG-1,COLO-1,owned,VEN-01,,3906250
GPU-01820,ENT-06,REG-2,COLO-2,owned,VEN-01,,3906250
GPU-01821,ENT-02,REG-3,COLO-1,owned,VEN-01,,3906250
GPU-01822,ENT-03,REG-1,COLO-2,owned,VEN-01,,3906250
GPU-01823,ENT-04,REG-2,COLO-1,owned,VEN-01,,3906250
GPU-01824,ENT-05,REG-3,COLO-2,owned,VEN-01,,3906250
GPU-01825,ENT-06,REG-1,COLO-1,owned,VEN-01,,3906250
GPU-01826,ENT-02,REG-2,COLO-2,owned,VEN-01,,3906250
GPU-01827,ENT-03,REG-3,COLO-1,owned,VEN-01,,3906250
GPU-01828,ENT-04,REG-1,COLO-2,owned,VEN-01,,3906250
GPU-01829,ENT-05,REG-2,COLO-1,owned,VEN-01,,3906250
GPU-01830,ENT-06,REG-3,COLO-2,owned,VEN-01,,3906250
GPU-01831,ENT-02,REG-1,COLO-1,owned,VEN-01,,3906250
GPU-01832,ENT-03,REG-2,COLO-2,owned,VEN-01,,3906250
GPU-01833,ENT-04,REG-3,COLO-1,owned,VEN-01,,3906250
GPU-01834,ENT-05,REG-1,COLO-2,owned,VEN-01,,3906250
GPU-01835,ENT-06,REG-2,COLO-1,owned,VEN-01,,3906250
GPU-01836,ENT-02,REG-3,COLO-2,owned,VEN-01,,3906250
GPU-01837,ENT-03,REG-1,COLO-1,owned,VEN-01,,3906250
GPU-01838,ENT-04,REG-2,COLO-2,owned,VEN-01,,3906250
GPU-01839,ENT-05,REG-3,COLO-1,owned,VEN-01,,3906250
GPU-01840,ENT-06,REG-1,COLO-2,owned,VEN-01,,3906250
GPU-01841,ENT-02,REG-2,COLO-1,owned,VEN-01,,3906250
GPU-01842,ENT-03,REG-3,COLO-2,owned,VEN-01,,3906250
GPU-01843,ENT-04,REG-1,COLO-1,owned,VEN-01,,3906250
GPU-01844,ENT-05,REG-2,COLO-2,owned,VEN-01,,3906250
GPU-01845,ENT-06,REG-3,COLO-1,owned,VEN-01,,3906250
GPU-01846,ENT-02,REG-1,COLO-2,owned,VEN-01,,3906250
GPU-01847,ENT-03,REG-2,COLO-1,owned,VEN-01,,3906250
GPU-01848,ENT-04,REG-3,COLO-2,owned,VEN-01,,3906250
GPU-01849,ENT-05,REG-1,COLO-1,owned,VEN-01,,3906250
GPU-01850,ENT-06,REG-2,COLO-2,owned,VEN-01,,3906250
GPU-01851,ENT-02,REG-3,COLO-1,owned,VEN-01,,3906250
GPU-01852,ENT-03,REG-1,COLO-2,owned,VEN-01,,3906250
GPU-01853,ENT-04,REG-2,COLO-1,owned,VEN-01,,3906250
GPU-01854,ENT-05,REG-3,COLO-2,owned,VEN-01,,3906250
GPU-01855,ENT-06,REG-1,COLO-1,owned,VEN-01,,3906250
GPU-01856,ENT-02,REG-2,COLO-2,owned,VEN-01,,3906250
GPU-01857,ENT-03,REG-3,COLO-1,owned,VEN-01,,3906250
GPU-01858,ENT-04,REG-1,COLO-2,owned,VEN-01,,3906250
GPU-01859,ENT-05,REG-2,COLO-1,owned,VEN-01,,3906250
GPU-01860,ENT-06,REG-3,COLO-2,owned,VEN-01,,3906250
GPU-01861,ENT-02,REG-1,COLO-1,owned,VEN-01,,3906250
GPU-01862,ENT-03,REG-2,COLO-2,owned,VEN-01,,3906250
GPU-01863,ENT-04,REG-3,COLO-1,owned,VEN-01,,3906250
GPU-01864,ENT-05,REG-1,COLO-2,owned,VEN-01,,3906250
GPU-01865,ENT-06,REG-2,COLO-1,owned,VEN-01,,3906250
GPU-01866,ENT-02,REG-3,COLO-2,owned,VEN-01,,3906250
GPU-01867,ENT-03,REG-1,COLO-1,owned,VEN-01,,3906250
GPU-01868,ENT-04,REG-2,COLO-2,owned,VEN-01,,3906250
GPU-01869,ENT-05,REG-3,COLO-1,owned,VEN-01,,3906250
GPU-01870,ENT-06,REG-1,COLO-2,owned,VEN-01,,3906250
GPU-01871,ENT-02,REG-2,COLO-1,owned,VEN-01,,3906250
GPU-01872,ENT-03,REG-3,COLO-2,owned,VEN-01,,3906250
GPU-01873,ENT-04,REG-1,COLO-1,owned,VEN-01,,3906250
GPU-01874,ENT-05,REG-2,COLO-2,owned,VEN-01,,3906250
GPU-01875,ENT-06,REG-3,COLO-1,owned,VEN-01,,3906250
GPU-01876,ENT-02,REG-1,COLO-2,owned,VEN-01,,3906250
GPU-01877,ENT-03,REG-2,COLO-1,owned,VEN-01,,3906250
GPU-01878,ENT-04,REG-3,COLO-2,owned,VEN-01,,3906250
GPU-01879,ENT-05,REG-1,COLO-1,owned,VEN-01,,3906250
GPU-01880,ENT-06,REG-2,COLO-2,owned,VEN-01,,3906250
GPU-01881,ENT-02,REG-3,COLO-1,owned,VEN-01,,3906250
GPU-01882,ENT-03,REG-1,COLO-2,owned,VEN-01,,3906250
GPU-01883,ENT-04,REG-2,COLO-1,owned,VEN-01,,3906250
GPU-01884,ENT-05,REG-3,COLO-2,owned,VEN-01,,3906250
GPU-01885,ENT-06,REG-1,COLO-1,owned,VEN-01,,3906250
GPU-01886,ENT-02,REG-2,COLO-2,owned,VEN-01,,3906250
GPU-01887,ENT-03,REG-3,COLO-1,owned,VEN-01,,3906250
GPU-01888,ENT-04,REG-1,COLO-2,owned,VEN-01,,3906250
GPU-01889,ENT-05,REG-2,COLO-1,owned,VEN-01,,3906250
GPU-01890,ENT-06,REG-3,COLO-2,owned,VEN-01,,3906250
GPU-01891,ENT-02,REG-1,COLO-1,owned,VEN-01,,3906250
GPU-01892,ENT-03,REG-2,COLO-2,owned,VEN-01,,3906250
GPU-01893,ENT-04,REG-3,COLO-1,owned,VEN-01,,3906250
GPU-01894,ENT-05,REG-1,COLO-2,owned,VEN-01,,3906250
GPU-01895,ENT-06,REG-2,COLO-1,owned,VEN-01,,3906250
GPU-01896,ENT-02,REG-3,COLO-2,owned,VEN-01,,3906250
GPU-01897,ENT-03,REG-1,COLO-1,owned,VEN-01,,3906250
GPU-01898,ENT-04,REG-2,COLO-2,owned,VEN-01,,3906250
GPU-01899,ENT-05,REG-3,COLO-1,owned,VEN-01,,3906250
GPU-01900,ENT-06,REG-1,COLO-2,owned,VEN-01,,3906250
GPU-01901,ENT-02,REG-2,COLO-1,owned,VEN-01,,3906250
GPU-01902,ENT-03,REG-3,COLO-2,owned,VEN-01,,3906250
GPU-01903,ENT-04,REG-1,COLO-1,owned,VEN-01,,3906250
GPU-01904,ENT-05,REG-2,COLO-2,owned,VEN-01,,3906250
GPU-01905,ENT-06,REG-3,COLO-1,owned,VEN-01,,3906250
GPU-01906,ENT-02,REG-1,COLO-2,owned,VEN-01,,3906250
GPU-01907,ENT-03,REG-2,COLO-1,owned,VEN-01,,3906250
GPU-01908,ENT-04,REG-3,COLO-2,owned,VEN-01,,3906250
GPU-01909,ENT-05,REG-1,COLO-1,owned,VEN-01,,3906250
GPU-01910,ENT-06,REG-2,COLO-2,owned,VEN-01,,3906250
GPU-01911,ENT-02,REG-3,COLO-1,owned,VEN-01,,3906250
GPU-01912,ENT-03,REG-1,COLO-2,owned,VEN-01,,3906250
GPU-01913,ENT-04,REG-2,COLO-1,owned,VEN-01,,3906250
GPU-01914,ENT-05,REG-3,COLO-2,owned,VEN-01,,3906250
GPU-01915,ENT-06,REG-1,COLO-1,owned,VEN-01,,3906250
GPU-01916,ENT-02,REG-2,COLO-2,owned,VEN-01,,3906250
GPU-01917,ENT-03,REG-3,COLO-1,owned,VEN-01,,3906250
GPU-01918,ENT-04,REG-1,COLO-2,owned,VEN-01,,3906250
GPU-01919,ENT-05,REG-2,COLO-1,owned,VEN-01,,3906250
GPU-01920,ENT-06,REG-3,COLO-2,owned,VEN-01,,3906250
GPU-01921,ENT-02,REG-1,COLO-1,owned,VEN-01,,3906250
GPU-01922,ENT-03,REG-2,COLO-2,owned,VEN-01,,3906250
GPU-01923,ENT-04,REG-3,COLO-1,owned,VEN-01,,3906250
GPU-01924,ENT-05,REG-1,COLO-2,owned,VEN-01,,3906250
GPU-01925,ENT-06,REG-2,COLO-1,owned,VEN-01,,3906250
GPU-01926,ENT-02,REG-3,COLO-2,owned,VEN-01,,3906250
GPU-01927,ENT-03,REG-1,COLO-1,owned,VEN-01,,3906250
GPU-01928,ENT-04,REG-2,COLO-2,owned,VEN-01,,3906250
GPU-01929,ENT-05,REG-3,COLO-1,owned,VEN-01,,3906250
GPU-01930,ENT-06,REG-1,COLO-2,owned,VEN-01,,3906250
GPU-01931,ENT-02,REG-2,COLO-1,owned,VEN-01,,3906250
GPU-01932,ENT-03,REG-3,COLO-2,owned,VEN-01,,3906250
GPU-01933,ENT-04,REG-1,COLO-1,owned,VEN-01,,3906250
GPU-01934,ENT-05,REG-2,COLO-2,owned,VEN-01,,3906250
GPU-01935,ENT-06,REG-3,COLO-1,owned,VEN-01,,3906250
GPU-01936,ENT-02,REG-1,COLO-2,owned,VEN-01,,3906250
GPU-01937,ENT-03,REG-2,COLO-1,owned,VEN-01,,3906250
GPU-01938,ENT-04,REG-3,COLO-2,owned,VEN-01,,3906250
GPU-01939,ENT-05,REG-1,COLO-1,owned,VEN-01,,3906250
GPU-01940,ENT-06,REG-2,COLO-2,owned,VEN-01,,3906250
GPU-01941,ENT-02,REG-3,COLO-1,owned,VEN-01,,3906250
GPU-01942,ENT-03,REG-1,COLO-2,owned,VEN-01,,3906250
GPU-01943,ENT-04,REG-2,COLO-1,owned,VEN-01,,3906250
GPU-01944,ENT-05,REG-3,COLO-2,owned,VEN-01,,3906250
GPU-01945,ENT-06,REG-1,COLO-1,owned,VEN-01,,3906250
GPU-01946,ENT-02,REG-2,COLO-2,owned,VEN-01,,3906250
GPU-01947,ENT-03,REG-3,COLO-1,owned,VEN-01,,3906250
GPU-01948,ENT-04,REG-1,COLO-2,owned,VEN-01,,3906250
GPU-01949,ENT-05,REG-2,COLO-1,owned,VEN-01,,3906250
GPU-01950,ENT-06,REG-3,COLO-2,owned,VEN-01,,3906250
GPU-01951,ENT-02,REG-1,COLO-1,owned,VEN-01,,3906250
GPU-01952,ENT-03,REG-2,COLO-2,owned,VEN-01,,3906250
GPU-01953,ENT-04,REG-3,COLO-1,owned,VEN-01,,3906250
GPU-01954,ENT-05,REG-1,COLO-2,owned,VEN-01,,3906250
GPU-01955,ENT-06,REG-2,COLO-1,owned,VEN-01,,3906250
GPU-01956,ENT-02,REG-3,COLO-2,owned,VEN-01,,3906250
GPU-01957,ENT-03,REG-1,COLO-1,owned,VEN-01,,3906250
GPU-01958,ENT-04,REG-2,COLO-2,owned,VEN-01,,3906250
GPU-01959,ENT-05,REG-3,COLO-1,owned,VEN-01,,3906250
GPU-01960,ENT-06,REG-1,COLO-2,owned,VEN-01,,3906250
GPU-01961,ENT-02,REG-2,COLO-1,owned,VEN-01,,3906250
GPU-01962,ENT-03,REG-3,COLO-2,owned,VEN-01,,3906250
GPU-01963,ENT-04,REG-1,COLO-1,owned,VEN-01,,3906250
GPU-01964,ENT-05,REG-2,COLO-2,owned,VEN-01,,3906250
GPU-01965,ENT-06,REG-3,COLO-1,owned,VEN-01,,3906250
GPU-01966,ENT-02,REG-1,COLO-2,owned,VEN-01,,3906250
GPU-01967,ENT-03,REG-2,COLO-1,owned,VEN-01,,3906250
GPU-01968,ENT-04,REG-3,COLO-2,owned,VEN-01,,3906250
GPU-01969,ENT-05,REG-1,COLO-1,owned,VEN-01,,3906250
GPU-01970,ENT-06,REG-2,COLO-2,owned,VEN-01,,3906250
GPU-01971,ENT-02,REG-3,COLO-1,owned,VEN-01,,3906250
GPU-01972,ENT-03,REG-1,COLO-2,owned,VEN-01,,3906250
GPU-01973,ENT-04,REG-2,COLO-1,owned,VEN-01,,3906250
GPU-01974,ENT-05,REG-3,COLO-2,owned,VEN-01,,3906250
GPU-01975,ENT-06,REG-1,COLO-1,owned,VEN-01,,3906250
GPU-01976,ENT-02,REG-2,COLO-2,owned,VEN-01,,3906250
GPU-01977,ENT-03,REG-3,COLO-1,owned,VEN-01,,3906250
GPU-01978,ENT-04,REG-1,COLO-2,owned,VEN-01,,3906250
GPU-01979,ENT-05,REG-2,COLO-1,owned,VEN-01,,3906250
GPU-01980,ENT-06,REG-3,COLO-2,owned,VEN-01,,3906250
GPU-01981,ENT-02,REG-1,COLO-1,owned,VEN-01,,3906250
GPU-01982,ENT-03,REG-2,COLO-2,owned,VEN-01,,3906250
GPU-01983,ENT-04,REG-3,COLO-1,owned,VEN-01,,3906250
GPU-01984,ENT-05,REG-1,COLO-2,owned,VEN-01,,3906250
GPU-01985,ENT-06,REG-2,COLO-1,owned,VEN-01,,3906250
GPU-01986,ENT-02,REG-3,COLO-2,owned,VEN-01,,3906250
GPU-01987,ENT-03,REG-1,COLO-1,owned,VEN-01,,3906250
GPU-01988,ENT-04,REG-2,COLO-2,owned,VEN-01,,3906250
GPU-01989,ENT-05,REG-3,COLO-1,owned,VEN-01,,3906250
GPU-01990,ENT-06,REG-1,COLO-2,owned,VEN-01,,3906250
GPU-01991,ENT-02,REG-2,COLO-1,owned,VEN-01,,3906250
GPU-01992,ENT-03,REG-3,COLO-2,owned,VEN-01,,3906250
GPU-01993,ENT-04,REG-1,COLO-1,owned,VEN-01,,3906250
GPU-01994,ENT-05,REG-2,COLO-2,owned,VEN-01,,3906250
GPU-01995,ENT-06,REG-3,COLO-1,owned,VEN-01,,3906250
GPU-01996,ENT-02,REG-1,COLO-2,owned,VEN-01,,3906250
GPU-01997,ENT-03,REG-2,COLO-1,owned,VEN-01,,3906250
GPU-01998,ENT-04,REG-3,COLO-2,owned,VEN-01,,3906250
GPU-01999,ENT-05,REG-1,COLO-1,owned,VEN-01,,3906250
GPU-02000,ENT-06,REG-2,COLO-2,owned,VEN-01,,3906250
GPU-02001,ENT-02,REG-3,COLO-1,owned,VEN-01,,3906250
GPU-02002,ENT-03,REG-1,COLO-2,owned,VEN-01,,3906250
GPU-02003,ENT-04,REG-2,COLO-1,owned,VEN-01,,3906250
GPU-02004,ENT-05,REG-3,COLO-2,owned,VEN-01,,3906250
GPU-02005,ENT-06,REG-1,COLO-1,owned,VEN-01,,3906250
GPU-02006,ENT-02,REG-2,COLO-2,owned,VEN-01,,3906250
GPU-02007,ENT-03,REG-3,COLO-1,owned,VEN-01,,3906250
GPU-02008,ENT-04,REG-1,COLO-2,owned,VEN-01,,3906250
GPU-02009,ENT-05,REG-2,COLO-1,owned,VEN-01,,3906250
GPU-02010,ENT-06,REG-3,COLO-2,owned,VEN-01,,3906250
GPU-02011,ENT-02,REG-1,COLO-1,owned,VEN-01,,3906250
GPU-02012,ENT-03,REG-2,COLO-2,owned,VEN-01,,3906250
GPU-02013,ENT-04,REG-3,COLO-1,owned,VEN-01,,3906250
GPU-02014,ENT-05,REG-1,COLO-2,owned,VEN-01,,3906250
GPU-02015,ENT-06,REG-2,COLO-1,owned,VEN-01,,3906250
GPU-02016,ENT-02,REG-3,COLO-2,owned,VEN-01,,3906250
GPU-02017,ENT-03,REG-1,COLO-1,owned,VEN-01,,3906250
GPU-02018,ENT-04,REG-2,COLO-2,owned,VEN-01,,3906250
GPU-02019,ENT-05,REG-3,COLO-1,owned,VEN-01,,3906250
GPU-02020,ENT-06,REG-1,COLO-2,owned,VEN-01,,3906250
GPU-02021,ENT-02,REG-2,COLO-1,owned,VEN-01,,3906250
GPU-02022,ENT-03,REG-3,COLO-2,owned,VEN-01,,3906250
GPU-02023,ENT-04,REG-1,COLO-1,owned,VEN-01,,3906250
GPU-02024,ENT-05,REG-2,COLO-2,owned,VEN-01,,3906250
GPU-02025,ENT-06,REG-3,COLO-1,owned,VEN-01,,3906250
GPU-02026,ENT-02,REG-1,COLO-2,owned,VEN-01,,3906250
GPU-02027,ENT-03,REG-2,COLO-1,owned,VEN-01,,3906250
GPU-02028,ENT-04,REG-3,COLO-2,owned,VEN-01,,3906250
GPU-02029,ENT-05,REG-1,COLO-1,owned,VEN-01,,3906250
GPU-02030,ENT-06,REG-2,COLO-2,owned,VEN-01,,3906250
GPU-02031,ENT-02,REG-3,COLO-1,owned,VEN-01,,3906250
GPU-02032,ENT-03,REG-1,COLO-2,owned,VEN-01,,3906250
GPU-02033,ENT-04,REG-2,COLO-1,owned,VEN-01,,3906250
GPU-02034,ENT-05,REG-3,COLO-2,owned,VEN-01,,3906250
GPU-02035,ENT-06,REG-1,COLO-1,owned,VEN-01,,3906250
GPU-02036,ENT-02,REG-2,COLO-2,owned,VEN-01,,3906250
GPU-02037,ENT-03,REG-3,COLO-1,owned,VEN-01,,3906250
GPU-02038,ENT-04,REG-1,COLO-2,owned,VEN-01,,3906250
GPU-02039,ENT-05,REG-2,COLO-1,owned,VEN-01,,3906250
GPU-02040,ENT-06,REG-3,COLO-2,owned,VEN-01,,3906250
GPU-02041,ENT-02,REG-1,COLO-1,owned,VEN-01,,3906250
GPU-02042,ENT-03,REG-2,COLO-2,owned,VEN-01,,3906250
GPU-02043,ENT-04,REG-3,COLO-1,owned,VEN-01,,3906250
GPU-02044,ENT-05,REG-1,COLO-2,owned,VEN-01,,3906250
GPU-02045,ENT-06,REG-2,COLO-1,owned,VEN-01,,3906250
GPU-02046,ENT-02,REG-3,COLO-2,owned,VEN-01,,3906250
GPU-02047,ENT-03,REG-1,COLO-1,owned,VEN-01,,3906250
GPU-02048,ENT-04,REG-2,COLO-2,owned,VEN-01,,3906250
GPU-02049,ENT-05,REG-3,COLO-1,owned,VEN-01,,3906250
GPU-02050,ENT-06,REG-1,COLO-2,owned,VEN-01,,3906250
GPU-02051,ENT-02,REG-2,COLO-1,owned,VEN-01,,3906250
GPU-02052,ENT-03,REG-3,COLO-2,owned,VEN-01,,3906250
GPU-02053,ENT-04,REG-1,COLO-1,owned,VEN-01,,3906250
GPU-02054,ENT-05,REG-2,COLO-2,owned,VEN-01,,3906250
GPU-02055,ENT-06,REG-3,COLO-1,owned,VEN-01,,3906250
GPU-02056,ENT-02,REG-1,COLO-2,owned,VEN-01,,3906250
GPU-02057,ENT-03,REG-2,COLO-1,owned,VEN-01,,3906250
GPU-02058,ENT-04,REG-3,COLO-2,owned,VEN-01,,3906250
GPU-02059,ENT-05,REG-1,COLO-1,owned,VEN-01,,3906250
GPU-02060,ENT-06,REG-2,COLO-2,owned,VEN-01,,3906250
GPU-02061,ENT-02,REG-3,COLO-1,owned,VEN-01,,3906250
GPU-02062,ENT-03,REG-1,COLO-2,owned,VEN-01,,3906250
GPU-02063,ENT-04,REG-2,COLO-1,owned,VEN-01,,3906250
GPU-02064,ENT-05,REG-3,COLO-2,owned,VEN-01,,3906250
GPU-02065,ENT-06,REG-1,COLO-1,owned,VEN-01,,3906250
GPU-02066,ENT-02,REG-2,COLO-2,owned,VEN-01,,3906250
GPU-02067,ENT-03,REG-3,COLO-1,owned,VEN-01,,3906250
GPU-02068,ENT-04,REG-1,COLO-2,owned,VEN-01,,3906250
GPU-02069,ENT-05,REG-2,COLO-1,owned,VEN-01,,3906250
GPU-02070,ENT-06,REG-3,COLO-2,owned,VEN-01,,3906250
GPU-02071,ENT-02,REG-1,COLO-1,owned,VEN-01,,3906250
GPU-02072,ENT-03,REG-2,COLO-2,owned,VEN-01,,3906250
GPU-02073,ENT-04,REG-3,COLO-1,owned,VEN-01,,3906250
GPU-02074,ENT-05,REG-1,COLO-2,owned,VEN-01,,3906250
GPU-02075,ENT-06,REG-2,COLO-1,owned,VEN-01,,3906250
GPU-02076,ENT-02,REG-3,COLO-2,owned,VEN-01,,3906250
GPU-02077,ENT-03,REG-1,COLO-1,owned,VEN-01,,3906250
GPU-02078,ENT-04,REG-2,COLO-2,owned,VEN-01,,3906250
GPU-02079,ENT-05,REG-3,COLO-1,owned,VEN-01,,3906250
GPU-02080,ENT-06,REG-1,COLO-2,owned,VEN-01,,3906250
GPU-02081,ENT-02,REG-2,COLO-1,owned,VEN-01,,3906250
GPU-02082,ENT-03,REG-3,COLO-2,owned,VEN-01,,3906250
GPU-02083,ENT-04,REG-1,COLO-1,owned,VEN-01,,3906250
GPU-02084,ENT-05,REG-2,COLO-2,owned,VEN-01,,3906250
GPU-02085,ENT-06,REG-3,COLO-1,owned,VEN-01,,3906250
GPU-02086,ENT-02,REG-1,COLO-2,owned,VEN-01,,3906250
GPU-02087,ENT-03,REG-2,COLO-1,owned,VEN-01,,3906250
GPU-02088,ENT-04,REG-3,COLO-2,owned,VEN-01,,3906250
GPU-02089,ENT-05,REG-1,COLO-1,owned,VEN-01,,3906250
GPU-02090,ENT-06,REG-2,COLO-2,owned,VEN-01,,3906250
GPU-02091,ENT-02,REG-3,COLO-1,owned,VEN-01,,3906250
GPU-02092,ENT-03,REG-1,COLO-2,owned,VEN-01,,3906250
GPU-02093,ENT-04,REG-2,COLO-1,owned,VEN-01,,3906250
GPU-02094,ENT-05,REG-3,COLO-2,owned,VEN-01,,3906250
GPU-02095,ENT-06,REG-1,COLO-1,owned,VEN-01,,3906250
GPU-02096,ENT-02,REG-2,COLO-2,owned,VEN-01,,3906250
GPU-02097,ENT-03,REG-3,COLO-1,owned,VEN-01,,3906250
GPU-02098,ENT-04,REG-1,COLO-2,owned,VEN-01,,3906250
GPU-02099,ENT-05,REG-2,COLO-1,owned,VEN-01,,3906250
GPU-02100,ENT-06,REG-3,COLO-2,owned,VEN-01,,3906250
GPU-02101,ENT-02,REG-1,COLO-1,owned,VEN-01,,3906250
GPU-02102,ENT-03,REG-2,COLO-2,owned,VEN-01,,3906250
GPU-02103,ENT-04,REG-3,COLO-1,owned,VEN-01,,3906250
GPU-02104,ENT-05,REG-1,COLO-2,owned,VEN-01,,3906250
GPU-02105,ENT-06,REG-2,COLO-1,owned,VEN-01,,3906250
GPU-02106,ENT-02,REG-3,COLO-2,owned,VEN-01,,3906250
GPU-02107,ENT-03,REG-1,COLO-1,owned,VEN-01,,3906250
GPU-02108,ENT-04,REG-2,COLO-2,owned,VEN-01,,3906250
GPU-02109,ENT-05,REG-3,COLO-1,owned,VEN-01,,3906250
GPU-02110,ENT-06,REG-1,COLO-2,owned,VEN-01,,3906250
GPU-02111,ENT-02,REG-2,COLO-1,owned,VEN-01,,3906250
GPU-02112,ENT-03,REG-3,COLO-2,owned,VEN-01,,3906250
GPU-02113,ENT-04,REG-1,COLO-1,owned,VEN-01,,3906250
GPU-02114,ENT-05,REG-2,COLO-2,owned,VEN-01,,3906250
GPU-02115,ENT-06,REG-3,COLO-1,owned,VEN-01,,3906250
GPU-02116,ENT-02,REG-1,COLO-2,owned,VEN-01,,3906250
GPU-02117,ENT-03,REG-2,COLO-1,owned,VEN-01,,3906250
GPU-02118,ENT-04,REG-3,COLO-2,owned,VEN-01,,3906250
GPU-02119,ENT-05,REG-1,COLO-1,owned,VEN-01,,3906250
GPU-02120,ENT-06,REG-2,COLO-2,owned,VEN-01,,3906250
GPU-02121,ENT-02,REG-3,COLO-1,owned,VEN-01,,3906250
GPU-02122,ENT-03,REG-1,COLO-2,owned,VEN-01,,3906250
GPU-02123,ENT-04,REG-2,COLO-1,owned,VEN-01,,3906250
GPU-02124,ENT-05,REG-3,COLO-2,owned,VEN-01,,3906250
GPU-02125,ENT-06,REG-1,COLO-1,owned,VEN-01,,3906250
GPU-02126,ENT-02,REG-2,COLO-2,owned,VEN-01,,3906250
GPU-02127,ENT-03,REG-3,COLO-1,owned,VEN-01,,3906250
GPU-02128,ENT-04,REG-1,COLO-2,owned,VEN-01,,3906250
GPU-02129,ENT-05,REG-2,COLO-1,owned,VEN-01,,3906250
GPU-02130,ENT-06,REG-3,COLO-2,owned,VEN-01,,3906250
GPU-02131,ENT-02,REG-1,COLO-1,owned,VEN-01,,3906250
GPU-02132,ENT-03,REG-2,COLO-2,owned,VEN-01,,3906250
GPU-02133,ENT-04,REG-3,COLO-1,owned,VEN-01,,3906250
GPU-02134,ENT-05,REG-1,COLO-2,owned,VEN-01,,3906250
GPU-02135,ENT-06,REG-2,COLO-1,owned,VEN-01,,3906250
GPU-02136,ENT-02,REG-3,COLO-2,owned,VEN-01,,3906250
GPU-02137,ENT-03,REG-1,COLO-1,owned,VEN-01,,3906250
GPU-02138,ENT-04,REG-2,COLO-2,owned,VEN-01,,3906250
GPU-02139,ENT-05,REG-3,COLO-1,owned,VEN-01,,3906250
GPU-02140,ENT-06,REG-1,COLO-2,owned,VEN-01,,3906250
GPU-02141,ENT-02,REG-2,COLO-1,owned,VEN-01,,3906250
GPU-02142,ENT-03,REG-3,COLO-2,owned,VEN-01,,3906250
GPU-02143,ENT-04,REG-1,COLO-1,owned,VEN-01,,3906250
GPU-02144,ENT-05,REG-2,COLO-2,owned,VEN-01,,3906250
GPU-02145,ENT-06,REG-3,COLO-1,owned,VEN-01,,3906250
GPU-02146,ENT-02,REG-1,COLO-2,owned,VEN-01,,3906250
GPU-02147,ENT-03,REG-2,COLO-1,owned,VEN-01,,3906250
GPU-02148,ENT-04,REG-3,COLO-2,owned,VEN-01,,3906250
GPU-02149,ENT-05,REG-1,COLO-1,owned,VEN-01,,3906250
GPU-02150,ENT-06,REG-2,COLO-2,owned,VEN-01,,3906250
GPU-02151,ENT-02,REG-3,COLO-1,owned,VEN-01,,3906250
GPU-02152,ENT-03,REG-1,COLO-2,owned,VEN-01,,3906250
GPU-02153,ENT-04,REG-2,COLO-1,owned,VEN-01,,3906250
GPU-02154,ENT-05,REG-3,COLO-2,owned,VEN-01,,3906250
GPU-02155,ENT-06,REG-1,COLO-1,owned,VEN-01,,3906250
GPU-02156,ENT-02,REG-2,COLO-2,owned,VEN-01,,3906250
GPU-02157,ENT-03,REG-3,COLO-1,owned,VEN-01,,3906250
GPU-02158,ENT-04,REG-1,COLO-2,owned,VEN-01,,3906250
GPU-02159,ENT-05,REG-2,COLO-1,owned,VEN-01,,3906250
GPU-02160,ENT-06,REG-3,COLO-2,owned,VEN-01,,3906250
GPU-02161,ENT-02,REG-1,COLO-1,owned,VEN-01,,3906250
GPU-02162,ENT-03,REG-2,COLO-2,owned,VEN-01,,3906250
GPU-02163,ENT-04,REG-3,COLO-1,owned,VEN-01,,3906250
GPU-02164,ENT-05,REG-1,COLO-2,owned,VEN-01,,3906250
GPU-02165,ENT-06,REG-2,COLO-1,owned,VEN-01,,3906250
GPU-02166,ENT-02,REG-3,COLO-2,owned,VEN-01,,3906250
GPU-02167,ENT-03,REG-1,COLO-1,owned,VEN-01,,3906250
GPU-02168,ENT-04,REG-2,COLO-2,owned,VEN-01,,3906250
GPU-02169,ENT-05,REG-3,COLO-1,owned,VEN-01,,3906250
GPU-02170,ENT-06,REG-1,COLO-2,owned,VEN-01,,3906250
GPU-02171,ENT-02,REG-2,COLO-1,owned,VEN-01,,3906250
GPU-02172,ENT-03,REG-3,COLO-2,owned,VEN-01,,3906250
GPU-02173,ENT-04,REG-1,COLO-1,owned,VEN-01,,3906250
GPU-02174,ENT-05,REG-2,COLO-2,owned,VEN-01,,3906250
GPU-02175,ENT-06,REG-3,COLO-1,owned,VEN-01,,3906250
GPU-02176,ENT-02,REG-1,COLO-2,owned,VEN-01,,3906250
GPU-02177,ENT-03,REG-2,COLO-1,owned,VEN-01,,3906250
GPU-02178,ENT-04,REG-3,COLO-2,owned,VEN-01,,3906250
GPU-02179,ENT-05,REG-1,COLO-1,owned,VEN-01,,3906250
GPU-02180,ENT-06,REG-2,COLO-2,owned,VEN-01,,3906250
GPU-02181,ENT-02,REG-3,COLO-1,owned,VEN-01,,3906250
GPU-02182,ENT-03,REG-1,COLO-2,owned,VEN-01,,3906250
GPU-02183,ENT-04,REG-2,COLO-1,owned,VEN-01,,3906250
GPU-02184,ENT-05,REG-3,COLO-2,owned,VEN-01,,3906250
GPU-02185,ENT-06,REG-1,COLO-1,owned,VEN-01,,3906250
GPU-02186,ENT-02,REG-2,COLO-2,owned,VEN-01,,3906250
GPU-02187,ENT-03,REG-3,COLO-1,owned,VEN-01,,3906250
GPU-02188,ENT-04,REG-1,COLO-2,owned,VEN-01,,3906250
GPU-02189,ENT-05,REG-2,COLO-1,owned,VEN-01,,3906250
GPU-02190,ENT-06,REG-3,COLO-2,owned,VEN-01,,3906250
GPU-02191,ENT-02,REG-1,COLO-1,owned,VEN-01,,3906250
GPU-02192,ENT-03,REG-2,COLO-2,owned,VEN-01,,3906250
GPU-02193,ENT-04,REG-3,COLO-1,owned,VEN-01,,3906250
GPU-02194,ENT-05,REG-1,COLO-2,owned,VEN-01,,3906250
GPU-02195,ENT-06,REG-2,COLO-1,owned,VEN-01,,3906250
GPU-02196,ENT-02,REG-3,COLO-2,owned,VEN-01,,3906250
GPU-02197,ENT-03,REG-1,COLO-1,owned,VEN-01,,3906250
GPU-02198,ENT-04,REG-2,COLO-2,owned,VEN-01,,3906250
GPU-02199,ENT-05,REG-3,COLO-1,owned,VEN-01,,3906250
GPU-02200,ENT-06,REG-1,COLO-2,owned,VEN-01,,3906250
GPU-02201,ENT-02,REG-2,COLO-1,owned,VEN-01,,3906250
GPU-02202,ENT-03,REG-3,COLO-2,owned,VEN-01,,3906250
GPU-02203,ENT-04,REG-1,COLO-1,owned,VEN-01,,3906250
GPU-02204,ENT-05,REG-2,COLO-2,owned,VEN-01,,3906250
GPU-02205,ENT-06,REG-3,COLO-1,owned,VEN-01,,3906250
GPU-02206,ENT-02,REG-1,COLO-2,owned,VEN-01,,3906250
GPU-02207,ENT-03,REG-2,COLO-1,owned,VEN-01,,3906250
GPU-02208,ENT-04,REG-3,COLO-2,owned,VEN-01,,3906250
GPU-02209,ENT-05,REG-1,COLO-1,owned,VEN-01,,3906250
GPU-02210,ENT-06,REG-2,COLO-2,owned,VEN-01,,3906250
GPU-02211,ENT-02,REG-3,COLO-1,owned,VEN-01,,3906250
GPU-02212,ENT-03,REG-1,COLO-2,owned,VEN-01,,3906250
GPU-02213,ENT-04,REG-2,COLO-1,owned,VEN-01,,3906250
GPU-02214,ENT-05,REG-3,COLO-2,owned,VEN-01,,3906250
GPU-02215,ENT-06,REG-1,COLO-1,owned,VEN-01,,3906250
GPU-02216,ENT-02,REG-2,COLO-2,owned,VEN-01,,3906250
GPU-02217,ENT-03,REG-3,COLO-1,owned,VEN-01,,3906250
GPU-02218,ENT-04,REG-1,COLO-2,owned,VEN-01,,3906250
GPU-02219,ENT-05,REG-2,COLO-1,owned,VEN-01,,3906250
GPU-02220,ENT-06,REG-3,COLO-2,owned,VEN-01,,3906250
GPU-02221,ENT-02,REG-1,COLO-1,owned,VEN-01,,3906250
GPU-02222,ENT-03,REG-2,COLO-2,owned,VEN-01,,3906250
GPU-02223,ENT-04,REG-3,COLO-1,owned,VEN-01,,3906250
GPU-02224,ENT-05,REG-1,COLO-2,owned,VEN-01,,3906250
GPU-02225,ENT-06,REG-2,COLO-1,owned,VEN-01,,3906250
GPU-02226,ENT-02,REG-3,COLO-2,owned,VEN-01,,3906250
GPU-02227,ENT-03,REG-1,COLO-1,owned,VEN-01,,3906250
GPU-02228,ENT-04,REG-2,COLO-2,owned,VEN-01,,3906250
GPU-02229,ENT-05,REG-3,COLO-1,owned,VEN-01,,3906250
GPU-02230,ENT-06,REG-1,COLO-2,owned,VEN-01,,3906250
GPU-02231,ENT-02,REG-2,COLO-1,owned,VEN-01,,3906250
GPU-02232,ENT-03,REG-3,COLO-2,owned,VEN-01,,3906250
GPU-02233,ENT-04,REG-1,COLO-1,owned,VEN-01,,3906250
GPU-02234,ENT-05,REG-2,COLO-2,owned,VEN-01,,3906250
GPU-02235,ENT-06,REG-3,COLO-1,owned,VEN-01,,3906250
GPU-02236,ENT-02,REG-1,COLO-2,owned,VEN-01,,3906250
GPU-02237,ENT-03,REG-2,COLO-1,owned,VEN-01,,3906250
GPU-02238,ENT-04,REG-3,COLO-2,owned,VEN-01,,3906250
GPU-02239,ENT-05,REG-1,COLO-1,owned,VEN-01,,3906250
GPU-02240,ENT-06,REG-2,COLO-2,owned,VEN-01,,3906250
GPU-02241,ENT-02,REG-3,COLO-1,owned,VEN-01,,3906250
GPU-02242,ENT-03,REG-1,COLO-2,owned,VEN-01,,3906250
GPU-02243,ENT-04,REG-2,COLO-1,owned,VEN-01,,3906250
GPU-02244,ENT-05,REG-3,COLO-2,owned,VEN-01,,3906250
GPU-02245,ENT-06,REG-1,COLO-1,owned,VEN-01,,3906250
GPU-02246,ENT-02,REG-2,COLO-2,owned,VEN-01,,3906250
GPU-02247,ENT-03,REG-3,COLO-1,owned,VEN-01,,3906250
GPU-02248,ENT-04,REG-1,COLO-2,owned,VEN-01,,3906250
GPU-02249,ENT-05,REG-2,COLO-1,owned,VEN-01,,3906250
GPU-02250,ENT-06,REG-3,COLO-2,owned,VEN-01,,3906250
GPU-02251,ENT-02,REG-1,COLO-1,owned,VEN-01,,3906250
GPU-02252,ENT-03,REG-2,COLO-2,owned,VEN-01,,3906250
GPU-02253,ENT-04,REG-3,COLO-1,owned,VEN-01,,3906250
GPU-02254,ENT-05,REG-1,COLO-2,owned,VEN-01,,3906250
GPU-02255,ENT-06,REG-2,COLO-1,owned,VEN-01,,3906250
GPU-02256,ENT-02,REG-3,COLO-2,owned,VEN-01,,3906250
GPU-02257,ENT-03,REG-1,COLO-1,owned,VEN-01,,3906250
GPU-02258,ENT-04,REG-2,COLO-2,owned,VEN-01,,3906250
GPU-02259,ENT-05,REG-3,COLO-1,owned,VEN-01,,3906250
GPU-02260,ENT-06,REG-1,COLO-2,owned,VEN-01,,3906250
GPU-02261,ENT-02,REG-2,COLO-1,owned,VEN-01,,3906250
GPU-02262,ENT-03,REG-3,COLO-2,owned,VEN-01,,3906250
GPU-02263,ENT-04,REG-1,COLO-1,owned,VEN-01,,3906250
GPU-02264,ENT-05,REG-2,COLO-2,owned,VEN-01,,3906250
GPU-02265,ENT-06,REG-3,COLO-1,owned,VEN-01,,3906250
GPU-02266,ENT-02,REG-1,COLO-2,owned,VEN-01,,3906250
GPU-02267,ENT-03,REG-2,COLO-1,owned,VEN-01,,3906250
GPU-02268,ENT-04,REG-3,COLO-2,owned,VEN-01,,3906250
GPU-02269,ENT-05,REG-1,COLO-1,owned,VEN-01,,3906250
GPU-02270,ENT-06,REG-2,COLO-2,owned,VEN-01,,3906250
GPU-02271,ENT-02,REG-3,COLO-1,owned,VEN-01,,3906250
GPU-02272,ENT-03,REG-1,COLO-2,owned,VEN-01,,3906250
GPU-02273,ENT-04,REG-2,COLO-1,owned,VEN-01,,3906250
GPU-02274,ENT-05,REG-3,COLO-2,owned,VEN-01,,3906250
GPU-02275,ENT-06,REG-1,COLO-1,owned,VEN-01,,3906250
GPU-02276,ENT-02,REG-2,COLO-2,owned,VEN-01,,3906250
GPU-02277,ENT-03,REG-3,COLO-1,owned,VEN-01,,3906250
GPU-02278,ENT-04,REG-1,COLO-2,owned,VEN-01,,3906250
GPU-02279,ENT-05,REG-2,COLO-1,owned,VEN-01,,3906250
GPU-02280,ENT-06,REG-3,COLO-2,owned,VEN-01,,3906250
GPU-02281,ENT-02,REG-1,COLO-1,owned,VEN-01,,3906250
GPU-02282,ENT-03,REG-2,COLO-2,owned,VEN-01,,3906250
GPU-02283,ENT-04,REG-3,COLO-1,owned,VEN-01,,3906250
GPU-02284,ENT-05,REG-1,COLO-2,owned,VEN-01,,3906250
GPU-02285,ENT-06,REG-2,COLO-1,owned,VEN-01,,3906250
GPU-02286,ENT-02,REG-3,COLO-2,owned,VEN-01,,3906250
GPU-02287,ENT-03,REG-1,COLO-1,owned,VEN-01,,3906250
GPU-02288,ENT-04,REG-2,COLO-2,owned,VEN-01,,3906250
GPU-02289,ENT-05,REG-3,COLO-1,owned,VEN-01,,3906250
GPU-02290,ENT-06,REG-1,COLO-2,owned,VEN-01,,3906250
GPU-02291,ENT-02,REG-2,COLO-1,owned,VEN-01,,3906250
GPU-02292,ENT-03,REG-3,COLO-2,owned,VEN-01,,3906250
GPU-02293,ENT-04,REG-1,COLO-1,owned,VEN-01,,3906250
GPU-02294,ENT-05,REG-2,COLO-2,owned,VEN-01,,3906250
GPU-02295,ENT-06,REG-3,COLO-1,owned,VEN-01,,3906250
GPU-02296,ENT-02,REG-1,COLO-2,owned,VEN-01,,3906250
GPU-02297,ENT-03,REG-2,COLO-1,owned,VEN-01,,3906250
GPU-02298,ENT-04,REG-3,COLO-2,owned,VEN-01,,3906250
GPU-02299,ENT-05,REG-1,COLO-1,owned,VEN-01,,3906250
GPU-02300,ENT-06,REG-2,COLO-2,owned,VEN-01,,3906250
GPU-02301,ENT-02,REG-3,COLO-1,owned,VEN-01,,3906250
GPU-02302,ENT-03,REG-1,COLO-2,owned,VEN-01,,3906250
GPU-02303,ENT-04,REG-2,COLO-1,owned,VEN-01,,3906250
GPU-02304,ENT-05,REG-3,COLO-2,owned,VEN-01,,3906250
GPU-02305,ENT-06,REG-1,COLO-1,owned,VEN-01,,3906250
GPU-02306,ENT-02,REG-2,COLO-2,owned,VEN-01,,3906250
GPU-02307,ENT-03,REG-3,COLO-1,owned,VEN-01,,3906250
GPU-02308,ENT-04,REG-1,COLO-2,owned,VEN-01,,3906250
GPU-02309,ENT-05,REG-2,COLO-1,owned,VEN-01,,3906250
GPU-02310,ENT-06,REG-3,COLO-2,owned,VEN-01,,3906250
GPU-02311,ENT-02,REG-1,COLO-1,owned,VEN-01,,3906250
GPU-02312,ENT-03,REG-2,COLO-2,owned,VEN-01,,3906250
GPU-02313,ENT-04,REG-3,COLO-1,owned,VEN-01,,3906250
GPU-02314,ENT-05,REG-1,COLO-2,owned,VEN-01,,3906250
GPU-02315,ENT-06,REG-2,COLO-1,owned,VEN-01,,3906250
GPU-02316,ENT-02,REG-3,COLO-2,owned,VEN-01,,3906250
GPU-02317,ENT-03,REG-1,COLO-1,owned,VEN-01,,3906250
GPU-02318,ENT-04,REG-2,COLO-2,owned,VEN-01,,3906250
GPU-02319,ENT-05,REG-3,COLO-1,owned,VEN-01,,3906250
GPU-02320,ENT-06,REG-1,COLO-2,owned,VEN-01,,3906250
GPU-02321,ENT-02,REG-2,COLO-1,owned,VEN-01,,3906250
GPU-02322,ENT-03,REG-3,COLO-2,owned,VEN-01,,3906250
GPU-02323,ENT-04,REG-1,COLO-1,owned,VEN-01,,3906250
GPU-02324,ENT-05,REG-2,COLO-2,owned,VEN-01,,3906250
GPU-02325,ENT-06,REG-3,COLO-1,owned,VEN-01,,3906250
GPU-02326,ENT-02,REG-1,COLO-2,owned,VEN-01,,3906250
GPU-02327,ENT-03,REG-2,COLO-1,owned,VEN-01,,3906250
GPU-02328,ENT-04,REG-3,COLO-2,owned,VEN-01,,3906250
GPU-02329,ENT-05,REG-1,COLO-1,owned,VEN-01,,3906250
GPU-02330,ENT-06,REG-2,COLO-2,owned,VEN-01,,3906250
GPU-02331,ENT-02,REG-3,COLO-1,owned,VEN-01,,3906250
GPU-02332,ENT-03,REG-1,COLO-2,owned,VEN-01,,3906250
GPU-02333,ENT-04,REG-2,COLO-1,owned,VEN-01,,3906250
GPU-02334,ENT-05,REG-3,COLO-2,owned,VEN-01,,3906250
GPU-02335,ENT-06,REG-1,COLO-1,owned,VEN-01,,3906250
GPU-02336,ENT-02,REG-2,COLO-2,owned,VEN-01,,3906250
GPU-02337,ENT-03,REG-3,COLO-1,owned,VEN-01,,3906250
GPU-02338,ENT-04,REG-1,COLO-2,owned,VEN-01,,3906250
GPU-02339,ENT-05,REG-2,COLO-1,owned,VEN-01,,3906250
GPU-02340,ENT-06,REG-3,COLO-2,owned,VEN-01,,3906250
GPU-02341,ENT-02,REG-1,COLO-1,owned,VEN-01,,3906250
GPU-02342,ENT-03,REG-2,COLO-2,owned,VEN-01,,3906250
GPU-02343,ENT-04,REG-3,COLO-1,owned,VEN-01,,3906250
GPU-02344,ENT-05,REG-1,COLO-2,owned,VEN-01,,3906250
GPU-02345,ENT-06,REG-2,COLO-1,owned,VEN-01,,3906250
GPU-02346,ENT-02,REG-3,COLO-2,owned,VEN-01,,3906250
GPU-02347,ENT-03,REG-1,COLO-1,owned,VEN-01,,3906250
GPU-02348,ENT-04,REG-2,COLO-2,owned,VEN-01,,3906250
GPU-02349,ENT-05,REG-3,COLO-1,owned,VEN-01,,3906250
GPU-02350,ENT-06,REG-1,COLO-2,owned,VEN-01,,3906250
GPU-02351,ENT-02,REG-2,COLO-1,owned,VEN-01,,3906250
GPU-02352,ENT-03,REG-3,COLO-2,owned,VEN-01,,3906250
GPU-02353,ENT-04,REG-1,COLO-1,owned,VEN-01,,3906250
GPU-02354,ENT-05,REG-2,COLO-2,owned,VEN-01,,3906250
GPU-02355,ENT-06,REG-3,COLO-1,owned,VEN-01,,3906250
GPU-02356,ENT-02,REG-1,COLO-2,owned,VEN-01,,3906250
GPU-02357,ENT-03,REG-2,COLO-1,owned,VEN-01,,3906250
GPU-02358,ENT-04,REG-3,COLO-2,owned,VEN-01,,3906250
GPU-02359,ENT-05,REG-1,COLO-1,owned,VEN-01,,3906250
GPU-02360,ENT-06,REG-2,COLO-2,owned,VEN-01,,3906250
GPU-02361,ENT-02,REG-3,COLO-1,owned,VEN-01,,3906250
GPU-02362,ENT-03,REG-1,COLO-2,owned,VEN-01,,3906250
GPU-02363,ENT-04,REG-2,COLO-1,owned,VEN-01,,3906250
GPU-02364,ENT-05,REG-3,COLO-2,owned,VEN-01,,3906250
GPU-02365,ENT-06,REG-1,COLO-1,owned,VEN-01,,3906250
GPU-02366,ENT-02,REG-2,COLO-2,owned,VEN-01,,3906250
GPU-02367,ENT-03,REG-3,COLO-1,owned,VEN-01,,3906250
GPU-02368,ENT-04,REG-1,COLO-2,owned,VEN-01,,3906250
GPU-02369,ENT-05,REG-2,COLO-1,owned,VEN-01,,3906250
GPU-02370,ENT-06,REG-3,COLO-2,owned,VEN-01,,3906250
GPU-02371,ENT-02,REG-1,COLO-1,owned,VEN-01,,3906250
GPU-02372,ENT-03,REG-2,COLO-2,owned,VEN-01,,3906250
GPU-02373,ENT-04,REG-3,COLO-1,owned,VEN-01,,3906250
GPU-02374,ENT-05,REG-1,COLO-2,owned,VEN-01,,3906250
GPU-02375,ENT-06,REG-2,COLO-1,owned,VEN-01,,3906250
GPU-02376,ENT-02,REG-3,COLO-2,owned,VEN-01,,3906250
GPU-02377,ENT-03,REG-1,COLO-1,owned,VEN-01,,3906250
GPU-02378,ENT-04,REG-2,COLO-2,owned,VEN-01,,3906250
GPU-02379,ENT-05,REG-3,COLO-1,owned,VEN-01,,3906250
GPU-02380,ENT-06,REG-1,COLO-2,owned,VEN-01,,3906250
GPU-02381,ENT-02,REG-2,COLO-1,owned,VEN-01,,3906250
GPU-02382,ENT-03,REG-3,COLO-2,owned,VEN-01,,3906250
GPU-02383,ENT-04,REG-1,COLO-1,owned,VEN-01,,3906250
GPU-02384,ENT-05,REG-2,COLO-2,owned,VEN-01,,3906250
GPU-02385,ENT-06,REG-3,COLO-1,owned,VEN-01,,3906250
GPU-02386,ENT-02,REG-1,COLO-2,owned,VEN-01,,3906250
GPU-02387,ENT-03,REG-2,COLO-1,owned,VEN-01,,3906250
GPU-02388,ENT-04,REG-3,COLO-2,owned,VEN-01,,3906250
GPU-02389,ENT-05,REG-1,COLO-1,owned,VEN-01,,3906250
GPU-02390,ENT-06,REG-2,COLO-2,owned,VEN-01,,3906250
GPU-02391,ENT-02,REG-3,COLO-1,owned,VEN-01,,3906250
GPU-02392,ENT-03,REG-1,COLO-2,owned,VEN-01,,3906250
GPU-02393,ENT-04,REG-2,COLO-1,owned,VEN-01,,3906250
GPU-02394,ENT-05,REG-3,COLO-2,owned,VEN-01,,3906250
GPU-02395,ENT-06,REG-1,COLO-1,owned,VEN-01,,3906250
GPU-02396,ENT-02,REG-2,COLO-2,owned,VEN-01,,3906250
GPU-02397,ENT-03,REG-3,COLO-1,owned,VEN-01,,3906250
GPU-02398,ENT-04,REG-1,COLO-2,owned,VEN-01,,3906250
GPU-02399,ENT-05,REG-2,COLO-1,owned,VEN-01,,3906250
GPU-02400,ENT-06,REG-3,COLO-2,owned,VEN-01,,3906250
GPU-02401,ENT-02,REG-1,COLO-1,owned,VEN-01,,3906250
GPU-02402,ENT-03,REG-2,COLO-2,owned,VEN-01,,3906250
GPU-02403,ENT-04,REG-3,COLO-1,owned,VEN-01,,3906250
GPU-02404,ENT-05,REG-1,COLO-2,owned,VEN-01,,3906250
GPU-02405,ENT-06,REG-2,COLO-1,owned,VEN-01,,3906250
GPU-02406,ENT-02,REG-3,COLO-2,owned,VEN-01,,3906250
GPU-02407,ENT-03,REG-1,COLO-1,owned,VEN-01,,3906250
GPU-02408,ENT-04,REG-2,COLO-2,owned,VEN-01,,3906250
GPU-02409,ENT-05,REG-3,COLO-1,owned,VEN-01,,3906250
GPU-02410,ENT-06,REG-1,COLO-2,owned,VEN-01,,3906250
GPU-02411,ENT-02,REG-2,COLO-1,owned,VEN-01,,3906250
GPU-02412,ENT-03,REG-3,COLO-2,owned,VEN-01,,3906250
GPU-02413,ENT-04,REG-1,COLO-1,owned,VEN-01,,3906250
GPU-02414,ENT-05,REG-2,COLO-2,owned,VEN-01,,3906250
GPU-02415,ENT-06,REG-3,COLO-1,owned,VEN-01,,3906250
GPU-02416,ENT-02,REG-1,COLO-2,owned,VEN-01,,3906250
GPU-02417,ENT-03,REG-2,COLO-1,owned,VEN-01,,3906250
GPU-02418,ENT-04,REG-3,COLO-2,owned,VEN-01,,3906250
GPU-02419,ENT-05,REG-1,COLO-1,owned,VEN-01,,3906250
GPU-02420,ENT-06,REG-2,COLO-2,owned,VEN-01,,3906250
GPU-02421,ENT-02,REG-3,COLO-1,owned,VEN-01,,3906250
GPU-02422,ENT-03,REG-1,COLO-2,owned,VEN-01,,3906250
GPU-02423,ENT-04,REG-2,COLO-1,owned,VEN-01,,3906250
GPU-02424,ENT-05,REG-3,COLO-2,owned,VEN-01,,3906250
GPU-02425,ENT-06,REG-1,COLO-1,owned,VEN-01,,3906250
GPU-02426,ENT-02,REG-2,COLO-2,owned,VEN-01,,3906250
GPU-02427,ENT-03,REG-3,COLO-1,owned,VEN-01,,3906250
GPU-02428,ENT-04,REG-1,COLO-2,owned,VEN-01,,3906250
GPU-02429,ENT-05,REG-2,COLO-1,owned,VEN-01,,3906250
GPU-02430,ENT-06,REG-3,COLO-2,owned,VEN-01,,3906250
GPU-02431,ENT-02,REG-1,COLO-1,owned,VEN-01,,3906250
GPU-02432,ENT-03,REG-2,COLO-2,owned,VEN-01,,3906250
GPU-02433,ENT-04,REG-3,COLO-1,owned,VEN-01,,3906250
GPU-02434,ENT-05,REG-1,COLO-2,owned,VEN-01,,3906250
GPU-02435,ENT-06,REG-2,COLO-1,owned,VEN-01,,3906250
GPU-02436,ENT-02,REG-3,COLO-2,owned,VEN-01,,3906250
GPU-02437,ENT-03,REG-1,COLO-1,owned,VEN-01,,3906250
GPU-02438,ENT-04,REG-2,COLO-2,owned,VEN-01,,3906250
GPU-02439,ENT-05,REG-3,COLO-1,owned,VEN-01,,3906250
GPU-02440,ENT-06,REG-1,COLO-2,owned,VEN-01,,3906250
GPU-02441,ENT-02,REG-2,COLO-1,owned,VEN-01,,3906250
GPU-02442,ENT-03,REG-3,COLO-2,owned,VEN-01,,3906250
GPU-02443,ENT-04,REG-1,COLO-1,owned,VEN-01,,3906250
GPU-02444,ENT-05,REG-2,COLO-2,owned,VEN-01,,3906250
GPU-02445,ENT-06,REG-3,COLO-1,owned,VEN-01,,3906250
GPU-02446,ENT-02,REG-1,COLO-2,owned,VEN-01,,3906250
GPU-02447,ENT-03,REG-2,COLO-1,owned,VEN-01,,3906250
GPU-02448,ENT-04,REG-3,COLO-2,owned,VEN-01,,3906250
GPU-02449,ENT-05,REG-1,COLO-1,owned,VEN-01,,3906250
GPU-02450,ENT-06,REG-2,COLO-2,owned,VEN-01,,3906250
GPU-02451,ENT-02,REG-3,COLO-1,owned,VEN-01,,3906250
GPU-02452,ENT-03,REG-1,COLO-2,owned,VEN-01,,3906250
GPU-02453,ENT-04,REG-2,COLO-1,owned,VEN-01,,3906250
GPU-02454,ENT-05,REG-3,COLO-2,owned,VEN-01,,3906250
GPU-02455,ENT-06,REG-1,COLO-1,owned,VEN-01,,3906250
GPU-02456,ENT-02,REG-2,COLO-2,owned,VEN-01,,3906250
GPU-02457,ENT-03,REG-3,COLO-1,owned,VEN-01,,3906250
GPU-02458,ENT-04,REG-1,COLO-2,owned,VEN-01,,3906250
GPU-02459,ENT-05,REG-2,COLO-1,owned,VEN-01,,3906250
GPU-02460,ENT-06,REG-3,COLO-2,owned,VEN-01,,3906250
GPU-02461,ENT-02,REG-1,COLO-1,owned,VEN-01,,3906250
GPU-02462,ENT-03,REG-2,COLO-2,owned,VEN-01,,3906250
GPU-02463,ENT-04,REG-3,COLO-1,owned,VEN-01,,3906250
GPU-02464,ENT-05,REG-1,COLO-2,owned,VEN-01,,3906250
GPU-02465,ENT-06,REG-2,COLO-1,owned,VEN-01,,3906250
GPU-02466,ENT-02,REG-3,COLO-2,owned,VEN-01,,3906250
GPU-02467,ENT-03,REG-1,COLO-1,owned,VEN-01,,3906250
GPU-02468,ENT-04,REG-2,COLO-2,owned,VEN-01,,3906250
GPU-02469,ENT-05,REG-3,COLO-1,owned,VEN-01,,3906250
GPU-02470,ENT-06,REG-1,COLO-2,owned,VEN-01,,3906250
GPU-02471,ENT-02,REG-2,COLO-1,owned,VEN-01,,3906250
GPU-02472,ENT-03,REG-3,COLO-2,owned,VEN-01,,3906250
GPU-02473,ENT-04,REG-1,COLO-1,owned,VEN-01,,3906250
GPU-02474,ENT-05,REG-2,COLO-2,owned,VEN-01,,3906250
GPU-02475,ENT-06,REG-3,COLO-1,owned,VEN-01,,3906250
GPU-02476,ENT-02,REG-1,COLO-2,owned,VEN-01,,3906250
GPU-02477,ENT-03,REG-2,COLO-1,owned,VEN-01,,3906250
GPU-02478,ENT-04,REG-3,COLO-2,owned,VEN-01,,3906250
GPU-02479,ENT-05,REG-1,COLO-1,owned,VEN-01,,3906250
GPU-02480,ENT-06,REG-2,COLO-2,owned,VEN-01,,3906250
GPU-02481,ENT-02,REG-3,COLO-1,owned,VEN-01,,3906250
GPU-02482,ENT-03,REG-1,COLO-2,owned,VEN-01,,3906250
GPU-02483,ENT-04,REG-2,COLO-1,owned,VEN-01,,3906250
GPU-02484,ENT-05,REG-3,COLO-2,owned,VEN-01,,3906250
GPU-02485,ENT-06,REG-1,COLO-1,owned,VEN-01,,3906250
GPU-02486,ENT-02,REG-2,COLO-2,owned,VEN-01,,3906250
GPU-02487,ENT-03,REG-3,COLO-1,owned,VEN-01,,3906250
GPU-02488,ENT-04,REG-1,COLO-2,owned,VEN-01,,3906250
GPU-02489,ENT-05,REG-2,COLO-1,owned,VEN-01,,3906250
GPU-02490,ENT-06,REG-3,COLO-2,owned,VEN-01,,3906250
GPU-02491,ENT-02,REG-1,COLO-1,owned,VEN-01,,3906250
GPU-02492,ENT-03,REG-2,COLO-2,owned,VEN-01,,3906250
GPU-02493,ENT-04,REG-3,COLO-1,owned,VEN-01,,3906250
GPU-02494,ENT-05,REG-1,COLO-2,owned,VEN-01,,3906250
GPU-02495,ENT-06,REG-2,COLO-1,owned,VEN-01,,3906250
GPU-02496,ENT-02,REG-3,COLO-2,owned,VEN-01,,3906250
GPU-02497,ENT-03,REG-1,COLO-1,owned,VEN-01,,3906250
GPU-02498,ENT-04,REG-2,COLO-2,owned,VEN-01,,3906250
GPU-02499,ENT-05,REG-3,COLO-1,owned,VEN-01,,3906250
GPU-02500,ENT-06,REG-1,COLO-2,owned,VEN-01,,3906250
GPU-02501,ENT-02,REG-2,COLO-1,owned,VEN-01,,3906250
GPU-02502,ENT-03,REG-3,COLO-2,owned,VEN-01,,3906250
GPU-02503,ENT-04,REG-1,COLO-1,owned,VEN-01,,3906250
GPU-02504,ENT-05,REG-2,COLO-2,owned,VEN-01,,3906250
GPU-02505,ENT-06,REG-3,COLO-1,owned,VEN-01,,3906250
GPU-02506,ENT-02,REG-1,COLO-2,owned,VEN-01,,3906250
GPU-02507,ENT-03,REG-2,COLO-1,owned,VEN-01,,3906250
GPU-02508,ENT-04,REG-3,COLO-2,owned,VEN-01,,3906250
GPU-02509,ENT-05,REG-1,COLO-1,owned,VEN-01,,3906250
GPU-02510,ENT-06,REG-2,COLO-2,owned,VEN-01,,3906250
GPU-02511,ENT-02,REG-3,COLO-1,owned,VEN-01,,3906250
GPU-02512,ENT-03,REG-1,COLO-2,owned,VEN-01,,3906250
GPU-02513,ENT-04,REG-2,COLO-1,owned,VEN-01,,3906250
GPU-02514,ENT-05,REG-3,COLO-2,owned,VEN-01,,3906250
GPU-02515,ENT-06,REG-1,COLO-1,owned,VEN-01,,3906250
GPU-02516,ENT-02,REG-2,COLO-2,owned,VEN-01,,3906250
GPU-02517,ENT-03,REG-3,COLO-1,owned,VEN-01,,3906250
GPU-02518,ENT-04,REG-1,COLO-2,owned,VEN-01,,3906250
GPU-02519,ENT-05,REG-2,COLO-1,owned,VEN-01,,3906250
GPU-02520,ENT-06,REG-3,COLO-2,owned,VEN-01,,3906250
GPU-02521,ENT-02,REG-1,COLO-1,owned,VEN-01,,3906250
GPU-02522,ENT-03,REG-2,COLO-2,owned,VEN-01,,3906250
GPU-02523,ENT-04,REG-3,COLO-1,owned,VEN-01,,3906250
GPU-02524,ENT-05,REG-1,COLO-2,owned,VEN-01,,3906250
GPU-02525,ENT-06,REG-2,COLO-1,owned,VEN-01,,3906250
GPU-02526,ENT-02,REG-3,COLO-2,owned,VEN-01,,3906250
GPU-02527,ENT-03,REG-1,COLO-1,owned,VEN-01,,3906250
GPU-02528,ENT-04,REG-2,COLO-2,owned,VEN-01,,3906250
GPU-02529,ENT-05,REG-3,COLO-1,owned,VEN-01,,3906250
GPU-02530,ENT-06,REG-1,COLO-2,owned,VEN-01,,3906250
GPU-02531,ENT-02,REG-2,COLO-1,owned,VEN-01,,3906250
GPU-02532,ENT-03,REG-3,COLO-2,owned,VEN-01,,3906250
GPU-02533,ENT-04,REG-1,COLO-1,owned,VEN-01,,3906250
GPU-02534,ENT-05,REG-2,COLO-2,owned,VEN-01,,3906250
GPU-02535,ENT-06,REG-3,COLO-1,owned,VEN-01,,3906250
GPU-02536,ENT-02,REG-1,COLO-2,owned,VEN-01,,3906250
GPU-02537,ENT-03,REG-2,COLO-1,owned,VEN-01,,3906250
GPU-02538,ENT-04,REG-3,COLO-2,owned,VEN-01,,3906250
GPU-02539,ENT-05,REG-1,COLO-1,owned,VEN-01,,3906250
GPU-02540,ENT-06,REG-2,COLO-2,owned,VEN-01,,3906250
GPU-02541,ENT-02,REG-3,COLO-1,owned,VEN-01,,3906250
GPU-02542,ENT-03,REG-1,COLO-2,owned,VEN-01,,3906250
GPU-02543,ENT-04,REG-2,COLO-1,owned,VEN-01,,3906250
GPU-02544,ENT-05,REG-3,COLO-2,owned,VEN-01,,3906250
GPU-02545,ENT-06,REG-1,COLO-1,owned,VEN-01,,3906250
GPU-02546,ENT-02,REG-2,COLO-2,owned,VEN-01,,3906250
GPU-02547,ENT-03,REG-3,COLO-1,owned,VEN-01,,3906250
GPU-02548,ENT-04,REG-1,COLO-2,owned,VEN-01,,3906250
GPU-02549,ENT-05,REG-2,COLO-1,owned,VEN-01,,3906250
GPU-02550,ENT-06,REG-3,COLO-2,owned,VEN-01,,3906250
GPU-02551,ENT-02,REG-1,COLO-1,owned,VEN-01,,3906250
GPU-02552,ENT-03,REG-2,COLO-2,owned,VEN-01,,3906250
GPU-02553,ENT-04,REG-3,COLO-1,owned,VEN-01,,3906250
GPU-02554,ENT-05,REG-1,COLO-2,owned,VEN-01,,3906250
GPU-02555,ENT-06,REG-2,COLO-1,owned,VEN-01,,3906250
GPU-02556,ENT-02,REG-3,COLO-2,owned,VEN-01,,3906250
GPU-02557,ENT-03,REG-1,COLO-1,owned,VEN-01,,3906250
GPU-02558,ENT-04,REG-2,COLO-2,owned,VEN-01,,3906250
GPU-02559,ENT-05,REG-3,COLO-1,owned,VEN-01,,3906250
GPU-02560,ENT-06,REG-1,COLO-2,owned,VEN-01,,3906250
GPU-02561,ENT-02,REG-2,COLO-1,owned,VEN-01,,3906250
GPU-02562,ENT-03,REG-3,COLO-2,owned,VEN-01,,3906250
GPU-02563,ENT-04,REG-1,COLO-1,owned,VEN-01,,3906250
GPU-02564,ENT-05,REG-2,COLO-2,owned,VEN-01,,3906250
GPU-02565,ENT-06,REG-3,COLO-1,owned,VEN-01,,3906250
GPU-02566,ENT-02,REG-1,COLO-2,owned,VEN-01,,3906250
GPU-02567,ENT-03,REG-2,COLO-1,owned,VEN-01,,3906250
GPU-02568,ENT-04,REG-3,COLO-2,owned,VEN-01,,3906250
GPU-02569,ENT-05,REG-1,COLO-1,owned,VEN-01,,3906250
GPU-02570,ENT-06,REG-2,COLO-2,owned,VEN-01,,3906250
GPU-02571,ENT-02,REG-3,COLO-1,owned,VEN-01,,3906250
GPU-02572,ENT-03,REG-1,COLO-2,owned,VEN-01,,3906250
GPU-02573,ENT-04,REG-2,COLO-1,owned,VEN-01,,3906250
GPU-02574,ENT-05,REG-3,COLO-2,owned,VEN-01,,3906250
GPU-02575,ENT-06,REG-1,COLO-1,owned,VEN-01,,3906250
GPU-02576,ENT-02,REG-2,COLO-2,owned,VEN-01,,3906250
GPU-02577,ENT-03,REG-3,COLO-1,owned,VEN-01,,3906250
GPU-02578,ENT-04,REG-1,COLO-2,owned,VEN-01,,3906250
GPU-02579,ENT-05,REG-2,COLO-1,owned,VEN-01,,3906250
GPU-02580,ENT-06,REG-3,COLO-2,owned,VEN-01,,3906250
GPU-02581,ENT-02,REG-1,COLO-1,owned,VEN-01,,3906250
GPU-02582,ENT-03,REG-2,COLO-2,owned,VEN-01,,3906250
GPU-02583,ENT-04,REG-3,COLO-1,owned,VEN-01,,3906250
GPU-02584,ENT-05,REG-1,COLO-2,owned,VEN-01,,3906250
GPU-02585,ENT-06,REG-2,COLO-1,owned,VEN-01,,3906250
GPU-02586,ENT-02,REG-3,COLO-2,owned,VEN-01,,3906250
GPU-02587,ENT-03,REG-1,COLO-1,owned,VEN-01,,3906250
GPU-02588,ENT-04,REG-2,COLO-2,owned,VEN-01,,3906250
GPU-02589,ENT-05,REG-3,COLO-1,owned,VEN-01,,3906250
GPU-02590,ENT-06,REG-1,COLO-2,owned,VEN-01,,3906250
GPU-02591,ENT-02,REG-2,COLO-1,owned,VEN-01,,3906250
GPU-02592,ENT-03,REG-3,COLO-2,owned,VEN-01,,3906250
GPU-02593,ENT-04,REG-1,COLO-1,owned,VEN-01,,3906250
GPU-02594,ENT-05,REG-2,COLO-2,owned,VEN-01,,3906250
GPU-02595,ENT-06,REG-3,COLO-1,owned,VEN-01,,3906250
GPU-02596,ENT-02,REG-1,COLO-2,owned,VEN-01,,3906250
GPU-02597,ENT-03,REG-2,COLO-1,owned,VEN-01,,3906250
GPU-02598,ENT-04,REG-3,COLO-2,owned,VEN-01,,3906250
GPU-02599,ENT-05,REG-1,COLO-1,owned,VEN-01,,3906250
GPU-02600,ENT-06,REG-2,COLO-2,owned,VEN-01,,3906250
GPU-02601,ENT-02,REG-3,COLO-1,owned,VEN-01,,3906250
GPU-02602,ENT-03,REG-1,COLO-2,owned,VEN-01,,3906250
GPU-02603,ENT-04,REG-2,COLO-1,owned,VEN-01,,3906250
GPU-02604,ENT-05,REG-3,COLO-2,owned,VEN-01,,3906250
GPU-02605,ENT-06,REG-1,COLO-1,owned,VEN-01,,3906250
GPU-02606,ENT-02,REG-2,COLO-2,owned,VEN-01,,3906250
GPU-02607,ENT-03,REG-3,COLO-1,owned,VEN-01,,3906250
GPU-02608,ENT-04,REG-1,COLO-2,owned,VEN-01,,3906250
GPU-02609,ENT-05,REG-2,COLO-1,owned,VEN-01,,3906250
GPU-02610,ENT-06,REG-3,COLO-2,owned,VEN-01,,3906250
GPU-02611,ENT-02,REG-1,COLO-1,owned,VEN-01,,3906250
GPU-02612,ENT-03,REG-2,COLO-2,owned,VEN-01,,3906250
GPU-02613,ENT-04,REG-3,COLO-1,owned,VEN-01,,3906250
GPU-02614,ENT-05,REG-1,COLO-2,owned,VEN-01,,3906250
GPU-02615,ENT-06,REG-2,COLO-1,owned,VEN-01,,3906250
GPU-02616,ENT-02,REG-3,COLO-2,owned,VEN-01,,3906250
GPU-02617,ENT-03,REG-1,COLO-1,owned,VEN-01,,3906250
GPU-02618,ENT-04,REG-2,COLO-2,owned,VEN-01,,3906250
GPU-02619,ENT-05,REG-3,COLO-1,owned,VEN-01,,3906250
GPU-02620,ENT-06,REG-1,COLO-2,owned,VEN-01,,3906250
GPU-02621,ENT-02,REG-2,COLO-1,owned,VEN-01,,3906250
GPU-02622,ENT-03,REG-3,COLO-2,owned,VEN-01,,3906250
GPU-02623,ENT-04,REG-1,COLO-1,owned,VEN-01,,3906250
GPU-02624,ENT-05,REG-2,COLO-2,owned,VEN-01,,3906250
GPU-02625,ENT-06,REG-3,COLO-1,owned,VEN-01,,3906250
GPU-02626,ENT-02,REG-1,COLO-2,owned,VEN-01,,3906250
GPU-02627,ENT-03,REG-2,COLO-1,owned,VEN-01,,3906250
GPU-02628,ENT-04,REG-3,COLO-2,owned,VEN-01,,3906250
GPU-02629,ENT-05,REG-1,COLO-1,owned,VEN-01,,3906250
GPU-02630,ENT-06,REG-2,COLO-2,owned,VEN-01,,3906250
GPU-02631,ENT-02,REG-3,COLO-1,owned,VEN-01,,3906250
GPU-02632,ENT-03,REG-1,COLO-2,owned,VEN-01,,3906250
GPU-02633,ENT-04,REG-2,COLO-1,owned,VEN-01,,3906250
GPU-02634,ENT-05,REG-3,COLO-2,owned,VEN-01,,3906250
GPU-02635,ENT-06,REG-1,COLO-1,owned,VEN-01,,3906250
GPU-02636,ENT-02,REG-2,COLO-2,owned,VEN-01,,3906250
GPU-02637,ENT-03,REG-3,COLO-1,owned,VEN-01,,3906250
GPU-02638,ENT-04,REG-1,COLO-2,owned,VEN-01,,3906250
GPU-02639,ENT-05,REG-2,COLO-1,owned,VEN-01,,3906250
GPU-02640,ENT-06,REG-3,COLO-2,owned,VEN-01,,3906250
GPU-02641,ENT-02,REG-1,COLO-1,owned,VEN-01,,3906250
GPU-02642,ENT-03,REG-2,COLO-2,owned,VEN-01,,3906250
GPU-02643,ENT-04,REG-3,COLO-1,owned,VEN-01,,3906250
GPU-02644,ENT-05,REG-1,COLO-2,owned,VEN-01,,3906250
GPU-02645,ENT-06,REG-2,COLO-1,owned,VEN-01,,3906250
GPU-02646,ENT-02,REG-3,COLO-2,owned,VEN-01,,3906250
GPU-02647,ENT-03,REG-1,COLO-1,owned,VEN-01,,3906250
GPU-02648,ENT-04,REG-2,COLO-2,owned,VEN-01,,3906250
GPU-02649,ENT-05,REG-3,COLO-1,owned,VEN-01,,3906250
GPU-02650,ENT-06,REG-1,COLO-2,owned,VEN-01,,3906250
GPU-02651,ENT-02,REG-2,COLO-1,owned,VEN-01,,3906250
GPU-02652,ENT-03,REG-3,COLO-2,owned,VEN-01,,3906250
GPU-02653,ENT-04,REG-1,COLO-1,owned,VEN-01,,3906250
GPU-02654,ENT-05,REG-2,COLO-2,owned,VEN-01,,3906250
GPU-02655,ENT-06,REG-3,COLO-1,owned,VEN-01,,3906250
GPU-02656,ENT-02,REG-1,COLO-2,owned,VEN-01,,3906250
GPU-02657,ENT-03,REG-2,COLO-1,owned,VEN-01,,3906250
GPU-02658,ENT-04,REG-3,COLO-2,owned,VEN-01,,3906250
GPU-02659,ENT-05,REG-1,COLO-1,owned,VEN-01,,3906250
GPU-02660,ENT-06,REG-2,COLO-2,owned,VEN-01,,3906250
GPU-02661,ENT-02,REG-3,COLO-1,owned,VEN-01,,3906250
GPU-02662,ENT-03,REG-1,COLO-2,owned,VEN-01,,3906250
GPU-02663,ENT-04,REG-2,COLO-1,owned,VEN-01,,3906250
GPU-02664,ENT-05,REG-3,COLO-2,owned,VEN-01,,3906250
GPU-02665,ENT-06,REG-1,COLO-1,owned,VEN-01,,3906250
GPU-02666,ENT-02,REG-2,COLO-2,owned,VEN-01,,3906250
GPU-02667,ENT-03,REG-3,COLO-1,owned,VEN-01,,3906250
GPU-02668,ENT-04,REG-1,COLO-2,owned,VEN-01,,3906250
GPU-02669,ENT-05,REG-2,COLO-1,owned,VEN-01,,3906250
GPU-02670,ENT-06,REG-3,COLO-2,owned,VEN-01,,3906250
GPU-02671,ENT-02,REG-1,COLO-1,owned,VEN-01,,3906250
GPU-02672,ENT-03,REG-2,COLO-2,owned,VEN-01,,3906250
GPU-02673,ENT-04,REG-3,COLO-1,owned,VEN-01,,3906250
GPU-02674,ENT-05,REG-1,COLO-2,owned,VEN-01,,3906250
GPU-02675,ENT-06,REG-2,COLO-1,owned,VEN-01,,3906250
GPU-02676,ENT-02,REG-3,COLO-2,owned,VEN-01,,3906250
GPU-02677,ENT-03,REG-1,COLO-1,owned,VEN-01,,3906250
GPU-02678,ENT-04,REG-2,COLO-2,owned,VEN-01,,3906250
GPU-02679,ENT-05,REG-3,COLO-1,owned,VEN-01,,3906250
GPU-02680,ENT-06,REG-1,COLO-2,owned,VEN-01,,3906250
GPU-02681,ENT-02,REG-2,COLO-1,owned,VEN-01,,3906250
GPU-02682,ENT-03,REG-3,COLO-2,owned,VEN-01,,3906250
GPU-02683,ENT-04,REG-1,COLO-1,owned,VEN-01,,3906250
GPU-02684,ENT-05,REG-2,COLO-2,owned,VEN-01,,3906250
GPU-02685,ENT-06,REG-3,COLO-1,owned,VEN-01,,3906250
GPU-02686,ENT-02,REG-1,COLO-2,owned,VEN-01,,3906250
GPU-02687,ENT-03,REG-2,COLO-1,owned,VEN-01,,3906250
GPU-02688,ENT-04,REG-3,COLO-2,owned,VEN-01,,3906250
GPU-02689,ENT-05,REG-1,COLO-1,owned,VEN-01,,3906250
GPU-02690,ENT-06,REG-2,COLO-2,owned,VEN-01,,3906250
GPU-02691,ENT-02,REG-3,COLO-1,owned,VEN-01,,3906250
GPU-02692,ENT-03,REG-1,COLO-2,owned,VEN-01,,3906250
GPU-02693,ENT-04,REG-2,COLO-1,owned,VEN-01,,3906250
GPU-02694,ENT-05,REG-3,COLO-2,owned,VEN-01,,3906250
GPU-02695,ENT-06,REG-1,COLO-1,owned,VEN-01,,3906250
GPU-02696,ENT-02,REG-2,COLO-2,owned,VEN-01,,3906250
GPU-02697,ENT-03,REG-3,COLO-1,owned,VEN-01,,3906250
GPU-02698,ENT-04,REG-1,COLO-2,owned,VEN-01,,3906250
GPU-02699,ENT-05,REG-2,COLO-1,owned,VEN-01,,3906250
GPU-02700,ENT-06,REG-3,COLO-2,owned,VEN-01,,3906250
GPU-02701,ENT-02,REG-1,COLO-1,owned,VEN-01,,3906250
GPU-02702,ENT-03,REG-2,COLO-2,owned,VEN-01,,3906250
GPU-02703,ENT-04,REG-3,COLO-1,owned,VEN-01,,3906250
GPU-02704,ENT-05,REG-1,COLO-2,owned,VEN-01,,3906250
GPU-02705,ENT-06,REG-2,COLO-1,owned,VEN-01,,3906250
GPU-02706,ENT-02,REG-3,COLO-2,owned,VEN-01,,3906250
GPU-02707,ENT-03,REG-1,COLO-1,owned,VEN-01,,3906250
GPU-02708,ENT-04,REG-2,COLO-2,owned,VEN-01,,3906250
GPU-02709,ENT-05,REG-3,COLO-1,owned,VEN-01,,3906250
GPU-02710,ENT-06,REG-1,COLO-2,owned,VEN-01,,3906250
GPU-02711,ENT-02,REG-2,COLO-1,owned,VEN-01,,3906250
GPU-02712,ENT-03,REG-3,COLO-2,owned,VEN-01,,3906250
GPU-02713,ENT-04,REG-1,COLO-1,owned,VEN-01,,3906250
GPU-02714,ENT-05,REG-2,COLO-2,owned,VEN-01,,3906250
GPU-02715,ENT-06,REG-3,COLO-1,owned,VEN-01,,3906250
GPU-02716,ENT-02,REG-1,COLO-2,owned,VEN-01,,3906250
GPU-02717,ENT-03,REG-2,COLO-1,owned,VEN-01,,3906250
GPU-02718,ENT-04,REG-3,COLO-2,owned,VEN-01,,3906250
GPU-02719,ENT-05,REG-1,COLO-1,owned,VEN-01,,3906250
GPU-02720,ENT-06,REG-2,COLO-2,owned,VEN-01,,3906250
GPU-02721,ENT-02,REG-3,COLO-1,owned,VEN-01,,3906250
GPU-02722,ENT-03,REG-1,COLO-2,owned,VEN-01,,3906250
GPU-02723,ENT-04,REG-2,COLO-1,owned,VEN-01,,3906250
GPU-02724,ENT-05,REG-3,COLO-2,owned,VEN-01,,3906250
GPU-02725,ENT-06,REG-1,COLO-1,owned,VEN-01,,3906250
GPU-02726,ENT-02,REG-2,COLO-2,owned,VEN-01,,3906250
GPU-02727,ENT-03,REG-3,COLO-1,owned,VEN-01,,3906250
GPU-02728,ENT-04,REG-1,COLO-2,owned,VEN-01,,3906250
GPU-02729,ENT-05,REG-2,COLO-1,owned,VEN-01,,3906250
GPU-02730,ENT-06,REG-3,COLO-2,owned,VEN-01,,3906250
GPU-02731,ENT-02,REG-1,COLO-1,owned,VEN-01,,3906250
GPU-02732,ENT-03,REG-2,COLO-2,owned,VEN-01,,3906250
GPU-02733,ENT-04,REG-3,COLO-1,owned,VEN-01,,3906250
GPU-02734,ENT-05,REG-1,COLO-2,owned,VEN-01,,3906250
GPU-02735,ENT-06,REG-2,COLO-1,owned,VEN-01,,3906250
GPU-02736,ENT-02,REG-3,COLO-2,owned,VEN-01,,3906250
GPU-02737,ENT-03,REG-1,COLO-1,owned,VEN-01,,3906250
GPU-02738,ENT-04,REG-2,COLO-2,owned,VEN-01,,3906250
GPU-02739,ENT-05,REG-3,COLO-1,owned,VEN-01,,3906250
GPU-02740,ENT-06,REG-1,COLO-2,owned,VEN-01,,3906250
GPU-02741,ENT-02,REG-2,COLO-1,owned,VEN-01,,3906250
GPU-02742,ENT-03,REG-3,COLO-2,owned,VEN-01,,3906250
GPU-02743,ENT-04,REG-1,COLO-1,owned,VEN-01,,3906250
GPU-02744,ENT-05,REG-2,COLO-2,owned,VEN-01,,3906250
GPU-02745,ENT-06,REG-3,COLO-1,owned,VEN-01,,3906250
GPU-02746,ENT-02,REG-1,COLO-2,owned,VEN-01,,3906250
GPU-02747,ENT-03,REG-2,COLO-1,owned,VEN-01,,3906250
GPU-02748,ENT-04,REG-3,COLO-2,owned,VEN-01,,3906250
GPU-02749,ENT-05,REG-1,COLO-1,owned,VEN-01,,3906250
GPU-02750,ENT-06,REG-2,COLO-2,owned,VEN-01,,3906250
GPU-02751,ENT-02,REG-3,COLO-1,owned,VEN-01,,3906250
GPU-02752,ENT-03,REG-1,COLO-2,owned,VEN-01,,3906250
GPU-02753,ENT-04,REG-2,COLO-1,owned,VEN-01,,3906250
GPU-02754,ENT-05,REG-3,COLO-2,owned,VEN-01,,3906250
GPU-02755,ENT-06,REG-1,COLO-1,owned,VEN-01,,3906250
GPU-02756,ENT-02,REG-2,COLO-2,owned,VEN-01,,3906250
GPU-02757,ENT-03,REG-3,COLO-1,owned,VEN-01,,3906250
GPU-02758,ENT-04,REG-1,COLO-2,owned,VEN-01,,3906250
GPU-02759,ENT-05,REG-2,COLO-1,owned,VEN-01,,3906250
GPU-02760,ENT-06,REG-3,COLO-2,owned,VEN-01,,3906250
GPU-02761,ENT-02,REG-1,COLO-1,owned,VEN-01,,3906250
GPU-02762,ENT-03,REG-2,COLO-2,owned,VEN-01,,3906250
GPU-02763,ENT-04,REG-3,COLO-1,owned,VEN-01,,3906250
GPU-02764,ENT-05,REG-1,COLO-2,owned,VEN-01,,3906250
GPU-02765,ENT-06,REG-2,COLO-1,owned,VEN-01,,3906250
GPU-02766,ENT-02,REG-3,COLO-2,owned,VEN-01,,3906250
GPU-02767,ENT-03,REG-1,COLO-1,owned,VEN-01,,3906250
GPU-02768,ENT-04,REG-2,COLO-2,owned,VEN-01,,3906250
GPU-02769,ENT-05,REG-3,COLO-1,owned,VEN-01,,3906250
GPU-02770,ENT-06,REG-1,COLO-2,owned,VEN-01,,3906250
GPU-02771,ENT-02,REG-2,COLO-1,owned,VEN-01,,3906250
GPU-02772,ENT-03,REG-3,COLO-2,owned,VEN-01,,3906250
GPU-02773,ENT-04,REG-1,COLO-1,owned,VEN-01,,3906250
GPU-02774,ENT-05,REG-2,COLO-2,owned,VEN-01,,3906250
GPU-02775,ENT-06,REG-3,COLO-1,owned,VEN-01,,3906250
GPU-02776,ENT-02,REG-1,COLO-2,owned,VEN-01,,3906250
GPU-02777,ENT-03,REG-2,COLO-1,owned,VEN-01,,3906250
GPU-02778,ENT-04,REG-3,COLO-2,owned,VEN-01,,3906250
GPU-02779,ENT-05,REG-1,COLO-1,owned,VEN-01,,3906250
GPU-02780,ENT-06,REG-2,COLO-2,owned,VEN-01,,3906250
GPU-02781,ENT-02,REG-3,COLO-1,owned,VEN-01,,3906250
GPU-02782,ENT-03,REG-1,COLO-2,owned,VEN-01,,3906250
GPU-02783,ENT-04,REG-2,COLO-1,owned,VEN-01,,3906250
GPU-02784,ENT-05,REG-3,COLO-2,owned,VEN-01,,3906250
GPU-02785,ENT-06,REG-1,COLO-1,owned,VEN-01,,3906250
GPU-02786,ENT-02,REG-2,COLO-2,owned,VEN-01,,3906250
GPU-02787,ENT-03,REG-3,COLO-1,owned,VEN-01,,3906250
GPU-02788,ENT-04,REG-1,COLO-2,owned,VEN-01,,3906250
GPU-02789,ENT-05,REG-2,COLO-1,owned,VEN-01,,3906250
GPU-02790,ENT-06,REG-3,COLO-2,owned,VEN-01,,3906250
GPU-02791,ENT-02,REG-1,COLO-1,owned,VEN-01,,3906250
GPU-02792,ENT-03,REG-2,COLO-2,owned,VEN-01,,3906250
GPU-02793,ENT-04,REG-3,COLO-1,owned,VEN-01,,3906250
GPU-02794,ENT-05,REG-1,COLO-2,owned,VEN-01,,3906250
GPU-02795,ENT-06,REG-2,COLO-1,owned,VEN-01,,3906250
GPU-02796,ENT-02,REG-3,COLO-2,owned,VEN-01,,3906250
GPU-02797,ENT-03,REG-1,COLO-1,owned,VEN-01,,3906250
GPU-02798,ENT-04,REG-2,COLO-2,owned,VEN-01,,3906250
GPU-02799,ENT-05,REG-3,COLO-1,owned,VEN-01,,3906250
GPU-02800,ENT-06,REG-1,COLO-2,owned,VEN-01,,3906250
GPU-02801,ENT-02,REG-2,COLO-1,owned,VEN-01,,3906250
GPU-02802,ENT-03,REG-3,COLO-2,owned,VEN-01,,3906250
GPU-02803,ENT-04,REG-1,COLO-1,owned,VEN-01,,3906250
GPU-02804,ENT-05,REG-2,COLO-2,owned,VEN-01,,3906250
GPU-02805,ENT-06,REG-3,COLO-1,owned,VEN-01,,3906250
GPU-02806,ENT-02,REG-1,COLO-2,owned,VEN-01,,3906250
GPU-02807,ENT-03,REG-2,COLO-1,owned,VEN-01,,3906250
GPU-02808,ENT-04,REG-3,COLO-2,owned,VEN-01,,3906250
GPU-02809,ENT-05,REG-1,COLO-1,owned,VEN-01,,3906250
GPU-02810,ENT-06,REG-2,COLO-2,owned,VEN-01,,3906250
GPU-02811,ENT-02,REG-3,COLO-1,owned,VEN-01,,3906250
GPU-02812,ENT-03,REG-1,COLO-2,owned,VEN-01,,3906250
GPU-02813,ENT-04,REG-2,COLO-1,owned,VEN-01,,3906250
GPU-02814,ENT-05,REG-3,COLO-2,owned,VEN-01,,3906250
GPU-02815,ENT-06,REG-1,COLO-1,owned,VEN-01,,3906250
GPU-02816,ENT-02,REG-2,COLO-2,owned,VEN-01,,3906250
GPU-02817,ENT-03,REG-3,COLO-1,owned,VEN-01,,3906250
GPU-02818,ENT-04,REG-1,COLO-2,owned,VEN-01,,3906250
GPU-02819,ENT-05,REG-2,COLO-1,owned,VEN-01,,3906250
GPU-02820,ENT-06,REG-3,COLO-2,owned,VEN-01,,3906250
GPU-02821,ENT-02,REG-1,COLO-1,owned,VEN-01,,3906250
GPU-02822,ENT-03,REG-2,COLO-2,owned,VEN-01,,3906250
GPU-02823,ENT-04,REG-3,COLO-1,owned,VEN-01,,3906250
GPU-02824,ENT-05,REG-1,COLO-2,owned,VEN-01,,3906250
GPU-02825,ENT-06,REG-2,COLO-1,owned,VEN-01,,3906250
GPU-02826,ENT-02,REG-3,COLO-2,owned,VEN-01,,3906250
GPU-02827,ENT-03,REG-1,COLO-1,owned,VEN-01,,3906250
GPU-02828,ENT-04,REG-2,COLO-2,owned,VEN-01,,3906250
GPU-02829,ENT-05,REG-3,COLO-1,owned,VEN-01,,3906250
GPU-02830,ENT-06,REG-1,COLO-2,owned,VEN-01,,3906250
GPU-02831,ENT-02,REG-2,COLO-1,owned,VEN-01,,3906250
GPU-02832,ENT-03,REG-3,COLO-2,owned,VEN-01,,3906250
GPU-02833,ENT-04,REG-1,COLO-1,owned,VEN-01,,3906250
GPU-02834,ENT-05,REG-2,COLO-2,owned,VEN-01,,3906250
GPU-02835,ENT-06,REG-3,COLO-1,owned,VEN-01,,3906250
GPU-02836,ENT-02,REG-1,COLO-2,owned,VEN-01,,3906250
GPU-02837,ENT-03,REG-2,COLO-1,owned,VEN-01,,3906250
GPU-02838,ENT-04,REG-3,COLO-2,owned,VEN-01,,3906250
GPU-02839,ENT-05,REG-1,COLO-1,owned,VEN-01,,3906250
GPU-02840,ENT-06,REG-2,COLO-2,owned,VEN-01,,3906250
GPU-02841,ENT-02,REG-3,COLO-1,owned,VEN-01,,3906250
GPU-02842,ENT-03,REG-1,COLO-2,owned,VEN-01,,3906250
GPU-02843,ENT-04,REG-2,COLO-1,owned,VEN-01,,3906250
GPU-02844,ENT-05,REG-3,COLO-2,owned,VEN-01,,3906250
GPU-02845,ENT-06,REG-1,COLO-1,owned,VEN-01,,3906250
GPU-02846,ENT-02,REG-2,COLO-2,owned,VEN-01,,3906250
GPU-02847,ENT-03,REG-3,COLO-1,owned,VEN-01,,3906250
GPU-02848,ENT-04,REG-1,COLO-2,owned,VEN-01,,3906250
GPU-02849,ENT-05,REG-2,COLO-1,owned,VEN-01,,3906250
GPU-02850,ENT-06,REG-3,COLO-2,owned,VEN-01,,3906250
GPU-02851,ENT-02,REG-1,COLO-1,owned,VEN-01,,3906250
GPU-02852,ENT-03,REG-2,COLO-2,owned,VEN-01,,3906250
GPU-02853,ENT-04,REG-3,COLO-1,owned,VEN-01,,3906250
GPU-02854,ENT-05,REG-1,COLO-2,owned,VEN-01,,3906250
GPU-02855,ENT-06,REG-2,COLO-1,owned,VEN-01,,3906250
GPU-02856,ENT-02,REG-3,COLO-2,owned,VEN-01,,3906250
GPU-02857,ENT-03,REG-1,COLO-1,owned,VEN-01,,3906250
GPU-02858,ENT-04,REG-2,COLO-2,owned,VEN-01,,3906250
GPU-02859,ENT-05,REG-3,COLO-1,owned,VEN-01,,3906250
GPU-02860,ENT-06,REG-1,COLO-2,owned,VEN-01,,3906250
GPU-02861,ENT-02,REG-2,COLO-1,owned,VEN-01,,3906250
GPU-02862,ENT-03,REG-3,COLO-2,owned,VEN-01,,3906250
GPU-02863,ENT-04,REG-1,COLO-1,owned,VEN-01,,3906250
GPU-02864,ENT-05,REG-2,COLO-2,owned,VEN-01,,3906250
GPU-02865,ENT-06,REG-3,COLO-1,owned,VEN-01,,3906250
GPU-02866,ENT-02,REG-1,COLO-2,owned,VEN-01,,3906250
GPU-02867,ENT-03,REG-2,COLO-1,owned,VEN-01,,3906250
GPU-02868,ENT-04,REG-3,COLO-2,owned,VEN-01,,3906250
GPU-02869,ENT-05,REG-1,COLO-1,owned,VEN-01,,3906250
GPU-02870,ENT-06,REG-2,COLO-2,owned,VEN-01,,3906250
GPU-02871,ENT-02,REG-3,COLO-1,owned,VEN-01,,3906250
GPU-02872,ENT-03,REG-1,COLO-2,owned,VEN-01,,3906250
GPU-02873,ENT-04,REG-2,COLO-1,owned,VEN-01,,3906250
GPU-02874,ENT-05,REG-3,COLO-2,owned,VEN-01,,3906250
GPU-02875,ENT-06,REG-1,COLO-1,owned,VEN-01,,3906250
GPU-02876,ENT-02,REG-2,COLO-2,owned,VEN-01,,3906250
GPU-02877,ENT-03,REG-3,COLO-1,owned,VEN-01,,3906250
GPU-02878,ENT-04,REG-1,COLO-2,owned,VEN-01,,3906250
GPU-02879,ENT-05,REG-2,COLO-1,owned,VEN-01,,3906250
GPU-02880,ENT-06,REG-3,COLO-2,owned,VEN-01,,3906250
GPU-02881,ENT-02,REG-1,COLO-1,owned,VEN-01,,3906250
GPU-02882,ENT-03,REG-2,COLO-2,owned,VEN-01,,3906250
GPU-02883,ENT-04,REG-3,COLO-1,owned,VEN-01,,3906250
GPU-02884,ENT-05,REG-1,COLO-2,owned,VEN-01,,3906250
GPU-02885,ENT-06,REG-2,COLO-1,owned,VEN-01,,3906250
GPU-02886,ENT-02,REG-3,COLO-2,owned,VEN-01,,3906250
GPU-02887,ENT-03,REG-1,COLO-1,owned,VEN-01,,3906250
GPU-02888,ENT-04,REG-2,COLO-2,owned,VEN-01,,3906250
GPU-02889,ENT-05,REG-3,COLO-1,owned,VEN-01,,3906250
GPU-02890,ENT-06,REG-1,COLO-2,owned,VEN-01,,3906250
GPU-02891,ENT-02,REG-2,COLO-1,owned,VEN-01,,3906250
GPU-02892,ENT-03,REG-3,COLO-2,owned,VEN-01,,3906250
GPU-02893,ENT-04,REG-1,COLO-1,owned,VEN-01,,3906250
GPU-02894,ENT-05,REG-2,COLO-2,owned,VEN-01,,3906250
GPU-02895,ENT-06,REG-3,COLO-1,owned,VEN-01,,3906250
GPU-02896,ENT-02,REG-1,COLO-2,owned,VEN-01,,3906250
GPU-02897,ENT-03,REG-2,COLO-1,owned,VEN-01,,3906250
GPU-02898,ENT-04,REG-3,COLO-2,owned,VEN-01,,3906250
GPU-02899,ENT-05,REG-1,COLO-1,owned,VEN-01,,3906250
GPU-02900,ENT-06,REG-2,COLO-2,owned,VEN-01,,3906250
GPU-02901,ENT-02,REG-3,COLO-1,owned,VEN-01,,3906250
GPU-02902,ENT-03,REG-1,COLO-2,owned,VEN-01,,3906250
GPU-02903,ENT-04,REG-2,COLO-1,owned,VEN-01,,3906250
GPU-02904,ENT-05,REG-3,COLO-2,owned,VEN-01,,3906250
GPU-02905,ENT-06,REG-1,COLO-1,owned,VEN-01,,3906250
GPU-02906,ENT-02,REG-2,COLO-2,owned,VEN-01,,3906250
GPU-02907,ENT-03,REG-3,COLO-1,owned,VEN-01,,3906250
GPU-02908,ENT-04,REG-1,COLO-2,owned,VEN-01,,3906250
GPU-02909,ENT-05,REG-2,COLO-1,owned,VEN-01,,3906250
GPU-02910,ENT-06,REG-3,COLO-2,owned,VEN-01,,3906250
GPU-02911,ENT-02,REG-1,COLO-1,owned,VEN-01,,3906250
GPU-02912,ENT-03,REG-2,COLO-2,owned,VEN-01,,3906250
GPU-02913,ENT-04,REG-3,COLO-1,owned,VEN-01,,3906250
GPU-02914,ENT-05,REG-1,COLO-2,owned,VEN-01,,3906250
GPU-02915,ENT-06,REG-2,COLO-1,owned,VEN-01,,3906250
GPU-02916,ENT-02,REG-3,COLO-2,owned,VEN-01,,3906250
GPU-02917,ENT-03,REG-1,COLO-1,owned,VEN-01,,3906250
GPU-02918,ENT-04,REG-2,COLO-2,owned,VEN-01,,3906250
GPU-02919,ENT-05,REG-3,COLO-1,owned,VEN-01,,3906250
GPU-02920,ENT-06,REG-1,COLO-2,owned,VEN-01,,3906250
GPU-02921,ENT-02,REG-2,COLO-1,owned,VEN-01,,3906250
GPU-02922,ENT-03,REG-3,COLO-2,owned,VEN-01,,3906250
GPU-02923,ENT-04,REG-1,COLO-1,owned,VEN-01,,3906250
GPU-02924,ENT-05,REG-2,COLO-2,owned,VEN-01,,3906250
GPU-02925,ENT-06,REG-3,COLO-1,owned,VEN-01,,3906250
GPU-02926,ENT-02,REG-1,COLO-2,owned,VEN-01,,3906250
GPU-02927,ENT-03,REG-2,COLO-1,owned,VEN-01,,3906250
GPU-02928,ENT-04,REG-3,COLO-2,owned,VEN-01,,3906250
GPU-02929,ENT-05,REG-1,COLO-1,owned,VEN-01,,3906250
GPU-02930,ENT-06,REG-2,COLO-2,owned,VEN-01,,3906250
GPU-02931,ENT-02,REG-3,COLO-1,owned,VEN-01,,3906250
GPU-02932,ENT-03,REG-1,COLO-2,owned,VEN-01,,3906250
GPU-02933,ENT-04,REG-2,COLO-1,owned,VEN-01,,3906250
GPU-02934,ENT-05,REG-3,COLO-2,owned,VEN-01,,3906250
GPU-02935,ENT-06,REG-1,COLO-1,owned,VEN-01,,3906250
GPU-02936,ENT-02,REG-2,COLO-2,owned,VEN-01,,3906250
GPU-02937,ENT-03,REG-3,COLO-1,owned,VEN-01,,3906250
GPU-02938,ENT-04,REG-1,COLO-2,owned,VEN-01,,3906250
GPU-02939,ENT-05,REG-2,COLO-1,owned,VEN-01,,3906250
GPU-02940,ENT-06,REG-3,COLO-2,owned,VEN-01,,3906250
GPU-02941,ENT-02,REG-1,COLO-1,owned,VEN-01,,3906250
GPU-02942,ENT-03,REG-2,COLO-2,owned,VEN-01,,3906250
GPU-02943,ENT-04,REG-3,COLO-1,owned,VEN-01,,3906250
GPU-02944,ENT-05,REG-1,COLO-2,owned,VEN-01,,3906250
GPU-02945,ENT-06,REG-2,COLO-1,owned,VEN-01,,3906250
GPU-02946,ENT-02,REG-3,COLO-2,owned,VEN-01,,3906250
GPU-02947,ENT-03,REG-1,COLO-1,owned,VEN-01,,3906250
GPU-02948,ENT-04,REG-2,COLO-2,owned,VEN-01,,3906250
GPU-02949,ENT-05,REG-3,COLO-1,owned,VEN-01,,3906250
GPU-02950,ENT-06,REG-1,COLO-2,owned,VEN-01,,3906250
GPU-02951,ENT-02,REG-2,COLO-1,owned,VEN-01,,3906250
GPU-02952,ENT-03,REG-3,COLO-2,owned,VEN-01,,3906250
GPU-02953,ENT-04,REG-1,COLO-1,owned,VEN-01,,3906250
GPU-02954,ENT-05,REG-2,COLO-2,owned,VEN-01,,3906250
GPU-02955,ENT-06,REG-3,COLO-1,owned,VEN-01,,3906250
GPU-02956,ENT-02,REG-1,COLO-2,owned,VEN-01,,3906250
GPU-02957,ENT-03,REG-2,COLO-1,owned,VEN-01,,3906250
GPU-02958,ENT-04,REG-3,COLO-2,owned,VEN-01,,3906250
GPU-02959,ENT-05,REG-1,COLO-1,owned,VEN-01,,3906250
GPU-02960,ENT-06,REG-2,COLO-2,owned,VEN-01,,3906250
GPU-02961,ENT-02,REG-3,COLO-1,owned,VEN-01,,3906250
GPU-02962,ENT-03,REG-1,COLO-2,owned,VEN-01,,3906250
GPU-02963,ENT-04,REG-2,COLO-1,owned,VEN-01,,3906250
GPU-02964,ENT-05,REG-3,COLO-2,owned,VEN-01,,3906250
GPU-02965,ENT-06,REG-1,COLO-1,owned,VEN-01,,3906250
GPU-02966,ENT-02,REG-2,COLO-2,owned,VEN-01,,3906250
GPU-02967,ENT-03,REG-3,COLO-1,owned,VEN-01,,3906250
GPU-02968,ENT-04,REG-1,COLO-2,owned,VEN-01,,3906250
GPU-02969,ENT-05,REG-2,COLO-1,owned,VEN-01,,3906250
GPU-02970,ENT-06,REG-3,COLO-2,owned,VEN-01,,3906250
GPU-02971,ENT-02,REG-1,COLO-1,owned,VEN-01,,3906250
GPU-02972,ENT-03,REG-2,COLO-2,owned,VEN-01,,3906250
GPU-02973,ENT-04,REG-3,COLO-1,owned,VEN-01,,3906250
GPU-02974,ENT-05,REG-1,COLO-2,owned,VEN-01,,3906250
GPU-02975,ENT-06,REG-2,COLO-1,owned,VEN-01,,3906250
GPU-02976,ENT-02,REG-3,COLO-2,owned,VEN-01,,3906250
GPU-02977,ENT-03,REG-1,COLO-1,owned,VEN-01,,3906250
GPU-02978,ENT-04,REG-2,COLO-2,owned,VEN-01,,3906250
GPU-02979,ENT-05,REG-3,COLO-1,owned,VEN-01,,3906250
GPU-02980,ENT-06,REG-1,COLO-2,owned,VEN-01,,3906250
GPU-02981,ENT-02,REG-2,COLO-1,owned,VEN-01,,3906250
GPU-02982,ENT-03,REG-3,COLO-2,owned,VEN-01,,3906250
GPU-02983,ENT-04,REG-1,COLO-1,owned,VEN-01,,3906250
GPU-02984,ENT-05,REG-2,COLO-2,owned,VEN-01,,3906250
GPU-02985,ENT-06,REG-3,COLO-1,owned,VEN-01,,3906250
GPU-02986,ENT-02,REG-1,COLO-2,owned,VEN-01,,3906250
GPU-02987,ENT-03,REG-2,COLO-1,owned,VEN-01,,3906250
GPU-02988,ENT-04,REG-3,COLO-2,owned,VEN-01,,3906250
GPU-02989,ENT-05,REG-1,COLO-1,owned,VEN-01,,3906250
GPU-02990,ENT-06,REG-2,COLO-2,owned,VEN-01,,3906250
GPU-02991,ENT-02,REG-3,COLO-1,owned,VEN-01,,3906250
GPU-02992,ENT-03,REG-1,COLO-2,owned,VEN-01,,3906250
GPU-02993,ENT-04,REG-2,COLO-1,owned,VEN-01,,3906250
GPU-02994,ENT-05,REG-3,COLO-2,owned,VEN-01,,3906250
GPU-02995,ENT-06,REG-1,COLO-1,owned,VEN-01,,3906250
GPU-02996,ENT-02,REG-2,COLO-2,owned,VEN-01,,3906250
GPU-02997,ENT-03,REG-3,COLO-1,owned,VEN-01,,3906250
GPU-02998,ENT-04,REG-1,COLO-2,owned,VEN-01,,3906250
GPU-02999,ENT-05,REG-2,COLO-1,owned,VEN-01,,3906250
GPU-03000,ENT-06,REG-3,COLO-2,owned,VEN-01,,3906250
GPU-03001,ENT-02,REG-1,COLO-1,owned,VEN-01,,3906250
GPU-03002,ENT-03,REG-2,COLO-2,owned,VEN-01,,3906250
GPU-03003,ENT-04,REG-3,COLO-1,owned,VEN-01,,3906250
GPU-03004,ENT-05,REG-1,COLO-2,owned,VEN-01,,3906250
GPU-03005,ENT-06,REG-2,COLO-1,owned,VEN-01,,3906250
GPU-03006,ENT-02,REG-3,COLO-2,owned,VEN-01,,3906250
GPU-03007,ENT-03,REG-1,COLO-1,owned,VEN-01,,3906250
GPU-03008,ENT-04,REG-2,COLO-2,owned,VEN-01,,3906250
GPU-03009,ENT-05,REG-3,COLO-1,owned,VEN-01,,3906250
GPU-03010,ENT-06,REG-1,COLO-2,owned,VEN-01,,3906250
GPU-03011,ENT-02,REG-2,COLO-1,owned,VEN-01,,3906250
GPU-03012,ENT-03,REG-3,COLO-2,owned,VEN-01,,3906250
GPU-03013,ENT-04,REG-1,COLO-1,owned,VEN-01,,3906250
GPU-03014,ENT-05,REG-2,COLO-2,owned,VEN-01,,3906250
GPU-03015,ENT-06,REG-3,COLO-1,owned,VEN-01,,3906250
GPU-03016,ENT-02,REG-1,COLO-2,owned,VEN-01,,3906250
GPU-03017,ENT-03,REG-2,COLO-1,owned,VEN-01,,3906250
GPU-03018,ENT-04,REG-3,COLO-2,owned,VEN-01,,3906250
GPU-03019,ENT-05,REG-1,COLO-1,owned,VEN-01,,3906250
GPU-03020,ENT-06,REG-2,COLO-2,owned,VEN-01,,3906250
GPU-03021,ENT-02,REG-3,COLO-1,owned,VEN-01,,3906250
GPU-03022,ENT-03,REG-1,COLO-2,owned,VEN-01,,3906250
GPU-03023,ENT-04,REG-2,COLO-1,owned,VEN-01,,3906250
GPU-03024,ENT-05,REG-3,COLO-2,owned,VEN-01,,3906250
GPU-03025,ENT-06,REG-1,COLO-1,owned,VEN-01,,3906250
GPU-03026,ENT-02,REG-2,COLO-2,owned,VEN-01,,3906250
GPU-03027,ENT-03,REG-3,COLO-1,owned,VEN-01,,3906250
GPU-03028,ENT-04,REG-1,COLO-2,owned,VEN-01,,3906250
GPU-03029,ENT-05,REG-2,COLO-1,owned,VEN-01,,3906250
GPU-03030,ENT-06,REG-3,COLO-2,owned,VEN-01,,3906250
GPU-03031,ENT-02,REG-1,COLO-1,owned,VEN-01,,3906250
GPU-03032,ENT-03,REG-2,COLO-2,owned,VEN-01,,3906250
GPU-03033,ENT-04,REG-3,COLO-1,owned,VEN-01,,3906250
GPU-03034,ENT-05,REG-1,COLO-2,owned,VEN-01,,3906250
GPU-03035,ENT-06,REG-2,COLO-1,owned,VEN-01,,3906250
GPU-03036,ENT-02,REG-3,COLO-2,owned,VEN-01,,3906250
GPU-03037,ENT-03,REG-1,COLO-1,owned,VEN-01,,3906250
GPU-03038,ENT-04,REG-2,COLO-2,owned,VEN-01,,3906250
GPU-03039,ENT-05,REG-3,COLO-1,owned,VEN-01,,3906250
GPU-03040,ENT-06,REG-1,COLO-2,owned,VEN-01,,3906250
GPU-03041,ENT-02,REG-2,COLO-1,owned,VEN-01,,3906250
GPU-03042,ENT-03,REG-3,COLO-2,owned,VEN-01,,3906250
GPU-03043,ENT-04,REG-1,COLO-1,owned,VEN-01,,3906250
GPU-03044,ENT-05,REG-2,COLO-2,owned,VEN-01,,3906250
GPU-03045,ENT-06,REG-3,COLO-1,owned,VEN-01,,3906250
GPU-03046,ENT-02,REG-1,COLO-2,owned,VEN-01,,3906250
GPU-03047,ENT-03,REG-2,COLO-1,owned,VEN-01,,3906250
GPU-03048,ENT-04,REG-3,COLO-2,owned,VEN-01,,3906250
GPU-03049,ENT-05,REG-1,COLO-1,owned,VEN-01,,3906250
GPU-03050,ENT-06,REG-2,COLO-2,owned,VEN-01,,3906250
GPU-03051,ENT-02,REG-3,COLO-1,owned,VEN-01,,3906250
GPU-03052,ENT-03,REG-1,COLO-2,owned,VEN-01,,3906250
GPU-03053,ENT-04,REG-2,COLO-1,owned,VEN-01,,3906250
GPU-03054,ENT-05,REG-3,COLO-2,owned,VEN-01,,3906250
GPU-03055,ENT-06,REG-1,COLO-1,owned,VEN-01,,3906250
GPU-03056,ENT-02,REG-2,COLO-2,owned,VEN-01,,3906250
GPU-03057,ENT-03,REG-3,COLO-1,owned,VEN-01,,3906250
GPU-03058,ENT-04,REG-1,COLO-2,owned,VEN-01,,3906250
GPU-03059,ENT-05,REG-2,COLO-1,owned,VEN-01,,3906250
GPU-03060,ENT-06,REG-3,COLO-2,owned,VEN-01,,3906250
GPU-03061,ENT-02,REG-1,COLO-1,owned,VEN-01,,3906250
GPU-03062,ENT-03,REG-2,COLO-2,owned,VEN-01,,3906250
GPU-03063,ENT-04,REG-3,COLO-1,owned,VEN-01,,3906250
GPU-03064,ENT-05,REG-1,COLO-2,owned,VEN-01,,3906250
GPU-03065,ENT-06,REG-2,COLO-1,owned,VEN-01,,3906250
GPU-03066,ENT-02,REG-3,COLO-2,owned,VEN-01,,3906250
GPU-03067,ENT-03,REG-1,COLO-1,owned,VEN-01,,3906250
GPU-03068,ENT-04,REG-2,COLO-2,owned,VEN-01,,3906250
GPU-03069,ENT-05,REG-3,COLO-1,owned,VEN-01,,3906250
GPU-03070,ENT-06,REG-1,COLO-2,owned,VEN-01,,3906250
GPU-03071,ENT-02,REG-2,COLO-1,owned,VEN-01,,3906250
GPU-03072,ENT-03,REG-3,COLO-2,owned,VEN-01,,3906250
GPU-03073,ENT-04,REG-1,COLO-1,leased,VEN-02,LEASE-01,0
GPU-03074,ENT-05,REG-2,COLO-2,leased,VEN-02,LEASE-01,0
GPU-03075,ENT-06,REG-3,COLO-1,leased,VEN-02,LEASE-01,0
GPU-03076,ENT-02,REG-1,COLO-2,leased,VEN-02,LEASE-01,0
GPU-03077,ENT-03,REG-2,COLO-1,leased,VEN-02,LEASE-01,0
GPU-03078,ENT-04,REG-3,COLO-2,leased,VEN-02,LEASE-01,0
GPU-03079,ENT-05,REG-1,COLO-1,leased,VEN-02,LEASE-01,0
GPU-03080,ENT-06,REG-2,COLO-2,leased,VEN-02,LEASE-01,0
GPU-03081,ENT-02,REG-3,COLO-1,leased,VEN-02,LEASE-01,0
GPU-03082,ENT-03,REG-1,COLO-2,leased,VEN-02,LEASE-01,0
GPU-03083,ENT-04,REG-2,COLO-1,leased,VEN-02,LEASE-01,0
GPU-03084,ENT-05,REG-3,COLO-2,leased,VEN-02,LEASE-01,0
GPU-03085,ENT-06,REG-1,COLO-1,leased,VEN-02,LEASE-01,0
GPU-03086,ENT-02,REG-2,COLO-2,leased,VEN-02,LEASE-01,0
GPU-03087,ENT-03,REG-3,COLO-1,leased,VEN-02,LEASE-01,0
GPU-03088,ENT-04,REG-1,COLO-2,leased,VEN-02,LEASE-01,0
GPU-03089,ENT-05,REG-2,COLO-1,leased,VEN-02,LEASE-01,0
GPU-03090,ENT-06,REG-3,COLO-2,leased,VEN-02,LEASE-01,0
GPU-03091,ENT-02,REG-1,COLO-1,leased,VEN-02,LEASE-01,0
GPU-03092,ENT-03,REG-2,COLO-2,leased,VEN-02,LEASE-01,0
GPU-03093,ENT-04,REG-3,COLO-1,leased,VEN-02,LEASE-01,0
GPU-03094,ENT-05,REG-1,COLO-2,leased,VEN-02,LEASE-01,0
GPU-03095,ENT-06,REG-2,COLO-1,leased,VEN-02,LEASE-01,0
GPU-03096,ENT-02,REG-3,COLO-2,leased,VEN-02,LEASE-01,0
GPU-03097,ENT-03,REG-1,COLO-1,leased,VEN-02,LEASE-01,0
GPU-03098,ENT-04,REG-2,COLO-2,leased,VEN-02,LEASE-01,0
GPU-03099,ENT-05,REG-3,COLO-1,leased,VEN-02,LEASE-01,0
GPU-03100,ENT-06,REG-1,COLO-2,leased,VEN-02,LEASE-01,0
GPU-03101,ENT-02,REG-2,COLO-1,leased,VEN-02,LEASE-01,0
GPU-03102,ENT-03,REG-3,COLO-2,leased,VEN-02,LEASE-01,0
GPU-03103,ENT-04,REG-1,COLO-1,leased,VEN-02,LEASE-01,0
GPU-03104,ENT-05,REG-2,COLO-2,leased,VEN-02,LEASE-01,0
GPU-03105,ENT-06,REG-3,COLO-1,leased,VEN-02,LEASE-01,0
GPU-03106,ENT-02,REG-1,COLO-2,leased,VEN-02,LEASE-01,0
GPU-03107,ENT-03,REG-2,COLO-1,leased,VEN-02,LEASE-01,0
GPU-03108,ENT-04,REG-3,COLO-2,leased,VEN-02,LEASE-01,0
GPU-03109,ENT-05,REG-1,COLO-1,leased,VEN-02,LEASE-01,0
GPU-03110,ENT-06,REG-2,COLO-2,leased,VEN-02,LEASE-01,0
GPU-03111,ENT-02,REG-3,COLO-1,leased,VEN-02,LEASE-01,0
GPU-03112,ENT-03,REG-1,COLO-2,leased,VEN-02,LEASE-01,0
GPU-03113,ENT-04,REG-2,COLO-1,leased,VEN-02,LEASE-01,0
GPU-03114,ENT-05,REG-3,COLO-2,leased,VEN-02,LEASE-01,0
GPU-03115,ENT-06,REG-1,COLO-1,leased,VEN-02,LEASE-01,0
GPU-03116,ENT-02,REG-2,COLO-2,leased,VEN-02,LEASE-01,0
GPU-03117,ENT-03,REG-3,COLO-1,leased,VEN-02,LEASE-01,0
GPU-03118,ENT-04,REG-1,COLO-2,leased,VEN-02,LEASE-01,0
GPU-03119,ENT-05,REG-2,COLO-1,leased,VEN-02,LEASE-01,0
GPU-03120,ENT-06,REG-3,COLO-2,leased,VEN-02,LEASE-01,0
GPU-03121,ENT-02,REG-1,COLO-1,leased,VEN-02,LEASE-01,0
GPU-03122,ENT-03,REG-2,COLO-2,leased,VEN-02,LEASE-01,0
GPU-03123,ENT-04,REG-3,COLO-1,leased,VEN-02,LEASE-01,0
GPU-03124,ENT-05,REG-1,COLO-2,leased,VEN-02,LEASE-01,0
GPU-03125,ENT-06,REG-2,COLO-1,leased,VEN-02,LEASE-01,0
GPU-03126,ENT-02,REG-3,COLO-2,leased,VEN-02,LEASE-01,0
GPU-03127,ENT-03,REG-1,COLO-1,leased,VEN-02,LEASE-01,0
GPU-03128,ENT-04,REG-2,COLO-2,leased,VEN-02,LEASE-01,0
GPU-03129,ENT-05,REG-3,COLO-1,leased,VEN-02,LEASE-01,0
GPU-03130,ENT-06,REG-1,COLO-2,leased,VEN-02,LEASE-01,0
GPU-03131,ENT-02,REG-2,COLO-1,leased,VEN-02,LEASE-01,0
GPU-03132,ENT-03,REG-3,COLO-2,leased,VEN-02,LEASE-01,0
GPU-03133,ENT-04,REG-1,COLO-1,leased,VEN-02,LEASE-01,0
GPU-03134,ENT-05,REG-2,COLO-2,leased,VEN-02,LEASE-01,0
GPU-03135,ENT-06,REG-3,COLO-1,leased,VEN-02,LEASE-01,0
GPU-03136,ENT-02,REG-1,COLO-2,leased,VEN-02,LEASE-01,0
GPU-03137,ENT-03,REG-2,COLO-1,leased,VEN-02,LEASE-01,0
GPU-03138,ENT-04,REG-3,COLO-2,leased,VEN-02,LEASE-01,0
GPU-03139,ENT-05,REG-1,COLO-1,leased,VEN-02,LEASE-01,0
GPU-03140,ENT-06,REG-2,COLO-2,leased,VEN-02,LEASE-01,0
GPU-03141,ENT-02,REG-3,COLO-1,leased,VEN-02,LEASE-01,0
GPU-03142,ENT-03,REG-1,COLO-2,leased,VEN-02,LEASE-01,0
GPU-03143,ENT-04,REG-2,COLO-1,leased,VEN-02,LEASE-01,0
GPU-03144,ENT-05,REG-3,COLO-2,leased,VEN-02,LEASE-01,0
GPU-03145,ENT-06,REG-1,COLO-1,leased,VEN-02,LEASE-01,0
GPU-03146,ENT-02,REG-2,COLO-2,leased,VEN-02,LEASE-01,0
GPU-03147,ENT-03,REG-3,COLO-1,leased,VEN-02,LEASE-01,0
GPU-03148,ENT-04,REG-1,COLO-2,leased,VEN-02,LEASE-01,0
GPU-03149,ENT-05,REG-2,COLO-1,leased,VEN-02,LEASE-01,0
GPU-03150,ENT-06,REG-3,COLO-2,leased,VEN-02,LEASE-01,0
GPU-03151,ENT-02,REG-1,COLO-1,leased,VEN-02,LEASE-01,0
GPU-03152,ENT-03,REG-2,COLO-2,leased,VEN-02,LEASE-01,0
GPU-03153,ENT-04,REG-3,COLO-1,leased,VEN-02,LEASE-01,0
GPU-03154,ENT-05,REG-1,COLO-2,leased,VEN-02,LEASE-01,0
GPU-03155,ENT-06,REG-2,COLO-1,leased,VEN-02,LEASE-01,0
GPU-03156,ENT-02,REG-3,COLO-2,leased,VEN-02,LEASE-01,0
GPU-03157,ENT-03,REG-1,COLO-1,leased,VEN-02,LEASE-01,0
GPU-03158,ENT-04,REG-2,COLO-2,leased,VEN-02,LEASE-01,0
GPU-03159,ENT-05,REG-3,COLO-1,leased,VEN-02,LEASE-01,0
GPU-03160,ENT-06,REG-1,COLO-2,leased,VEN-02,LEASE-01,0
GPU-03161,ENT-02,REG-2,COLO-1,leased,VEN-02,LEASE-01,0
GPU-03162,ENT-03,REG-3,COLO-2,leased,VEN-02,LEASE-01,0
GPU-03163,ENT-04,REG-1,COLO-1,leased,VEN-02,LEASE-01,0
GPU-03164,ENT-05,REG-2,COLO-2,leased,VEN-02,LEASE-01,0
GPU-03165,ENT-06,REG-3,COLO-1,leased,VEN-02,LEASE-01,0
GPU-03166,ENT-02,REG-1,COLO-2,leased,VEN-02,LEASE-01,0
GPU-03167,ENT-03,REG-2,COLO-1,leased,VEN-02,LEASE-01,0
GPU-03168,ENT-04,REG-3,COLO-2,leased,VEN-02,LEASE-01,0
GPU-03169,ENT-05,REG-1,COLO-1,leased,VEN-02,LEASE-01,0
GPU-03170,ENT-06,REG-2,COLO-2,leased,VEN-02,LEASE-01,0
GPU-03171,ENT-02,REG-3,COLO-1,leased,VEN-02,LEASE-01,0
GPU-03172,ENT-03,REG-1,COLO-2,leased,VEN-02,LEASE-01,0
GPU-03173,ENT-04,REG-2,COLO-1,leased,VEN-02,LEASE-01,0
GPU-03174,ENT-05,REG-3,COLO-2,leased,VEN-02,LEASE-01,0
GPU-03175,ENT-06,REG-1,COLO-1,leased,VEN-02,LEASE-01,0
GPU-03176,ENT-02,REG-2,COLO-2,leased,VEN-02,LEASE-01,0
GPU-03177,ENT-03,REG-3,COLO-1,leased,VEN-02,LEASE-01,0
GPU-03178,ENT-04,REG-1,COLO-2,leased,VEN-02,LEASE-01,0
GPU-03179,ENT-05,REG-2,COLO-1,leased,VEN-02,LEASE-01,0
GPU-03180,ENT-06,REG-3,COLO-2,leased,VEN-02,LEASE-01,0
GPU-03181,ENT-02,REG-1,COLO-1,leased,VEN-02,LEASE-01,0
GPU-03182,ENT-03,REG-2,COLO-2,leased,VEN-02,LEASE-01,0
GPU-03183,ENT-04,REG-3,COLO-1,leased,VEN-02,LEASE-01,0
GPU-03184,ENT-05,REG-1,COLO-2,leased,VEN-02,LEASE-01,0
GPU-03185,ENT-06,REG-2,COLO-1,leased,VEN-02,LEASE-01,0
GPU-03186,ENT-02,REG-3,COLO-2,leased,VEN-02,LEASE-01,0
GPU-03187,ENT-03,REG-1,COLO-1,leased,VEN-02,LEASE-01,0
GPU-03188,ENT-04,REG-2,COLO-2,leased,VEN-02,LEASE-01,0
GPU-03189,ENT-05,REG-3,COLO-1,leased,VEN-02,LEASE-01,0
GPU-03190,ENT-06,REG-1,COLO-2,leased,VEN-02,LEASE-01,0
GPU-03191,ENT-02,REG-2,COLO-1,leased,VEN-02,LEASE-01,0
GPU-03192,ENT-03,REG-3,COLO-2,leased,VEN-02,LEASE-01,0
GPU-03193,ENT-04,REG-1,COLO-1,leased,VEN-02,LEASE-01,0
GPU-03194,ENT-05,REG-2,COLO-2,leased,VEN-02,LEASE-01,0
GPU-03195,ENT-06,REG-3,COLO-1,leased,VEN-02,LEASE-01,0
GPU-03196,ENT-02,REG-1,COLO-2,leased,VEN-02,LEASE-01,0
GPU-03197,ENT-03,REG-2,COLO-1,leased,VEN-02,LEASE-01,0
GPU-03198,ENT-04,REG-3,COLO-2,leased,VEN-02,LEASE-01,0
GPU-03199,ENT-05,REG-1,COLO-1,leased,VEN-02,LEASE-01,0
GPU-03200,ENT-06,REG-2,COLO-2,leased,VEN-02,LEASE-01,0
GPU-03201,ENT-02,REG-3,COLO-1,leased,VEN-02,LEASE-01,0
GPU-03202,ENT-03,REG-1,COLO-2,leased,VEN-02,LEASE-01,0
GPU-03203,ENT-04,REG-2,COLO-1,leased,VEN-02,LEASE-01,0
GPU-03204,ENT-05,REG-3,COLO-2,leased,VEN-02,LEASE-01,0
GPU-03205,ENT-06,REG-1,COLO-1,leased,VEN-02,LEASE-01,0
GPU-03206,ENT-02,REG-2,COLO-2,leased,VEN-02,LEASE-01,0
GPU-03207,ENT-03,REG-3,COLO-1,leased,VEN-02,LEASE-01,0
GPU-03208,ENT-04,REG-1,COLO-2,leased,VEN-02,LEASE-01,0
GPU-03209,ENT-05,REG-2,COLO-1,leased,VEN-02,LEASE-01,0
GPU-03210,ENT-06,REG-3,COLO-2,leased,VEN-02,LEASE-01,0
GPU-03211,ENT-02,REG-1,COLO-1,leased,VEN-02,LEASE-01,0
GPU-03212,ENT-03,REG-2,COLO-2,leased,VEN-02,LEASE-01,0
GPU-03213,ENT-04,REG-3,COLO-1,leased,VEN-02,LEASE-01,0
GPU-03214,ENT-05,REG-1,COLO-2,leased,VEN-02,LEASE-01,0
GPU-03215,ENT-06,REG-2,COLO-1,leased,VEN-02,LEASE-01,0
GPU-03216,ENT-02,REG-3,COLO-2,leased,VEN-02,LEASE-01,0
GPU-03217,ENT-03,REG-1,COLO-1,leased,VEN-02,LEASE-01,0
GPU-03218,ENT-04,REG-2,COLO-2,leased,VEN-02,LEASE-01,0
GPU-03219,ENT-05,REG-3,COLO-1,leased,VEN-02,LEASE-01,0
GPU-03220,ENT-06,REG-1,COLO-2,leased,VEN-02,LEASE-01,0
GPU-03221,ENT-02,REG-2,COLO-1,leased,VEN-02,LEASE-01,0
GPU-03222,ENT-03,REG-3,COLO-2,leased,VEN-02,LEASE-01,0
GPU-03223,ENT-04,REG-1,COLO-1,leased,VEN-02,LEASE-01,0
GPU-03224,ENT-05,REG-2,COLO-2,leased,VEN-02,LEASE-01,0
GPU-03225,ENT-06,REG-3,COLO-1,leased,VEN-02,LEASE-01,0
GPU-03226,ENT-02,REG-1,COLO-2,leased,VEN-02,LEASE-01,0
GPU-03227,ENT-03,REG-2,COLO-1,leased,VEN-02,LEASE-01,0
GPU-03228,ENT-04,REG-3,COLO-2,leased,VEN-02,LEASE-01,0
GPU-03229,ENT-05,REG-1,COLO-1,leased,VEN-02,LEASE-01,0
GPU-03230,ENT-06,REG-2,COLO-2,leased,VEN-02,LEASE-01,0
GPU-03231,ENT-02,REG-3,COLO-1,leased,VEN-02,LEASE-01,0
GPU-03232,ENT-03,REG-1,COLO-2,leased,VEN-02,LEASE-01,0
GPU-03233,ENT-04,REG-2,COLO-1,leased,VEN-02,LEASE-01,0
GPU-03234,ENT-05,REG-3,COLO-2,leased,VEN-02,LEASE-01,0
GPU-03235,ENT-06,REG-1,COLO-1,leased,VEN-02,LEASE-01,0
GPU-03236,ENT-02,REG-2,COLO-2,leased,VEN-02,LEASE-01,0
GPU-03237,ENT-03,REG-3,COLO-1,leased,VEN-02,LEASE-01,0
GPU-03238,ENT-04,REG-1,COLO-2,leased,VEN-02,LEASE-01,0
GPU-03239,ENT-05,REG-2,COLO-1,leased,VEN-02,LEASE-01,0
GPU-03240,ENT-06,REG-3,COLO-2,leased,VEN-02,LEASE-01,0
GPU-03241,ENT-02,REG-1,COLO-1,leased,VEN-02,LEASE-01,0
GPU-03242,ENT-03,REG-2,COLO-2,leased,VEN-02,LEASE-01,0
GPU-03243,ENT-04,REG-3,COLO-1,leased,VEN-02,LEASE-01,0
GPU-03244,ENT-05,REG-1,COLO-2,leased,VEN-02,LEASE-01,0
GPU-03245,ENT-06,REG-2,COLO-1,leased,VEN-02,LEASE-01,0
GPU-03246,ENT-02,REG-3,COLO-2,leased,VEN-02,LEASE-01,0
GPU-03247,ENT-03,REG-1,COLO-1,leased,VEN-02,LEASE-01,0
GPU-03248,ENT-04,REG-2,COLO-2,leased,VEN-02,LEASE-01,0
GPU-03249,ENT-05,REG-3,COLO-1,leased,VEN-02,LEASE-01,0
GPU-03250,ENT-06,REG-1,COLO-2,leased,VEN-02,LEASE-01,0
GPU-03251,ENT-02,REG-2,COLO-1,leased,VEN-02,LEASE-01,0
GPU-03252,ENT-03,REG-3,COLO-2,leased,VEN-02,LEASE-01,0
GPU-03253,ENT-04,REG-1,COLO-1,leased,VEN-02,LEASE-01,0
GPU-03254,ENT-05,REG-2,COLO-2,leased,VEN-02,LEASE-01,0
GPU-03255,ENT-06,REG-3,COLO-1,leased,VEN-02,LEASE-01,0
GPU-03256,ENT-02,REG-1,COLO-2,leased,VEN-02,LEASE-01,0
GPU-03257,ENT-03,REG-2,COLO-1,leased,VEN-02,LEASE-01,0
GPU-03258,ENT-04,REG-3,COLO-2,leased,VEN-02,LEASE-01,0
GPU-03259,ENT-05,REG-1,COLO-1,leased,VEN-02,LEASE-01,0
GPU-03260,ENT-06,REG-2,COLO-2,leased,VEN-02,LEASE-01,0
GPU-03261,ENT-02,REG-3,COLO-1,leased,VEN-02,LEASE-01,0
GPU-03262,ENT-03,REG-1,COLO-2,leased,VEN-02,LEASE-01,0
GPU-03263,ENT-04,REG-2,COLO-1,leased,VEN-02,LEASE-01,0
GPU-03264,ENT-05,REG-3,COLO-2,leased,VEN-02,LEASE-01,0
GPU-03265,ENT-06,REG-1,COLO-1,leased,VEN-02,LEASE-01,0
GPU-03266,ENT-02,REG-2,COLO-2,leased,VEN-02,LEASE-01,0
GPU-03267,ENT-03,REG-3,COLO-1,leased,VEN-02,LEASE-01,0
GPU-03268,ENT-04,REG-1,COLO-2,leased,VEN-02,LEASE-01,0
GPU-03269,ENT-05,REG-2,COLO-1,leased,VEN-02,LEASE-01,0
GPU-03270,ENT-06,REG-3,COLO-2,leased,VEN-02,LEASE-01,0
GPU-03271,ENT-02,REG-1,COLO-1,leased,VEN-02,LEASE-01,0
GPU-03272,ENT-03,REG-2,COLO-2,leased,VEN-02,LEASE-01,0
GPU-03273,ENT-04,REG-3,COLO-1,leased,VEN-02,LEASE-01,0
GPU-03274,ENT-05,REG-1,COLO-2,leased,VEN-02,LEASE-01,0
GPU-03275,ENT-06,REG-2,COLO-1,leased,VEN-02,LEASE-01,0
GPU-03276,ENT-02,REG-3,COLO-2,leased,VEN-02,LEASE-01,0
GPU-03277,ENT-03,REG-1,COLO-1,leased,VEN-02,LEASE-01,0
GPU-03278,ENT-04,REG-2,COLO-2,leased,VEN-02,LEASE-01,0
GPU-03279,ENT-05,REG-3,COLO-1,leased,VEN-02,LEASE-01,0
GPU-03280,ENT-06,REG-1,COLO-2,leased,VEN-02,LEASE-01,0
GPU-03281,ENT-02,REG-2,COLO-1,leased,VEN-02,LEASE-01,0
GPU-03282,ENT-03,REG-3,COLO-2,leased,VEN-02,LEASE-01,0
GPU-03283,ENT-04,REG-1,COLO-1,leased,VEN-02,LEASE-01,0
GPU-03284,ENT-05,REG-2,COLO-2,leased,VEN-02,LEASE-01,0
GPU-03285,ENT-06,REG-3,COLO-1,leased,VEN-02,LEASE-01,0
GPU-03286,ENT-02,REG-1,COLO-2,leased,VEN-02,LEASE-01,0
GPU-03287,ENT-03,REG-2,COLO-1,leased,VEN-02,LEASE-01,0
GPU-03288,ENT-04,REG-3,COLO-2,leased,VEN-02,LEASE-01,0
GPU-03289,ENT-05,REG-1,COLO-1,leased,VEN-02,LEASE-01,0
GPU-03290,ENT-06,REG-2,COLO-2,leased,VEN-02,LEASE-01,0
GPU-03291,ENT-02,REG-3,COLO-1,leased,VEN-02,LEASE-01,0
GPU-03292,ENT-03,REG-1,COLO-2,leased,VEN-02,LEASE-01,0
GPU-03293,ENT-04,REG-2,COLO-1,leased,VEN-02,LEASE-01,0
GPU-03294,ENT-05,REG-3,COLO-2,leased,VEN-02,LEASE-01,0
GPU-03295,ENT-06,REG-1,COLO-1,leased,VEN-02,LEASE-01,0
GPU-03296,ENT-02,REG-2,COLO-2,leased,VEN-02,LEASE-01,0
GPU-03297,ENT-03,REG-3,COLO-1,leased,VEN-02,LEASE-01,0
GPU-03298,ENT-04,REG-1,COLO-2,leased,VEN-02,LEASE-01,0
GPU-03299,ENT-05,REG-2,COLO-1,leased,VEN-02,LEASE-01,0
GPU-03300,ENT-06,REG-3,COLO-2,leased,VEN-02,LEASE-01,0
GPU-03301,ENT-02,REG-1,COLO-1,leased,VEN-02,LEASE-01,0
GPU-03302,ENT-03,REG-2,COLO-2,leased,VEN-02,LEASE-01,0
GPU-03303,ENT-04,REG-3,COLO-1,leased,VEN-02,LEASE-01,0
GPU-03304,ENT-05,REG-1,COLO-2,leased,VEN-02,LEASE-01,0
GPU-03305,ENT-06,REG-2,COLO-1,leased,VEN-02,LEASE-01,0
GPU-03306,ENT-02,REG-3,COLO-2,leased,VEN-02,LEASE-01,0
GPU-03307,ENT-03,REG-1,COLO-1,leased,VEN-02,LEASE-01,0
GPU-03308,ENT-04,REG-2,COLO-2,leased,VEN-02,LEASE-01,0
GPU-03309,ENT-05,REG-3,COLO-1,leased,VEN-02,LEASE-01,0
GPU-03310,ENT-06,REG-1,COLO-2,leased,VEN-02,LEASE-01,0
GPU-03311,ENT-02,REG-2,COLO-1,leased,VEN-02,LEASE-01,0
GPU-03312,ENT-03,REG-3,COLO-2,leased,VEN-02,LEASE-01,0
GPU-03313,ENT-04,REG-1,COLO-1,leased,VEN-02,LEASE-01,0
GPU-03314,ENT-05,REG-2,COLO-2,leased,VEN-02,LEASE-01,0
GPU-03315,ENT-06,REG-3,COLO-1,leased,VEN-02,LEASE-01,0
GPU-03316,ENT-02,REG-1,COLO-2,leased,VEN-02,LEASE-01,0
GPU-03317,ENT-03,REG-2,COLO-1,leased,VEN-02,LEASE-01,0
GPU-03318,ENT-04,REG-3,COLO-2,leased,VEN-02,LEASE-01,0
GPU-03319,ENT-05,REG-1,COLO-1,leased,VEN-02,LEASE-01,0
GPU-03320,ENT-06,REG-2,COLO-2,leased,VEN-02,LEASE-01,0
GPU-03321,ENT-02,REG-3,COLO-1,leased,VEN-02,LEASE-01,0
GPU-03322,ENT-03,REG-1,COLO-2,leased,VEN-02,LEASE-01,0
GPU-03323,ENT-04,REG-2,COLO-1,leased,VEN-02,LEASE-01,0
GPU-03324,ENT-05,REG-3,COLO-2,leased,VEN-02,LEASE-01,0
GPU-03325,ENT-06,REG-1,COLO-1,leased,VEN-02,LEASE-01,0
GPU-03326,ENT-02,REG-2,COLO-2,leased,VEN-02,LEASE-01,0
GPU-03327,ENT-03,REG-3,COLO-1,leased,VEN-02,LEASE-01,0
GPU-03328,ENT-04,REG-1,COLO-2,leased,VEN-02,LEASE-01,0
GPU-03329,ENT-05,REG-2,COLO-1,leased,VEN-02,LEASE-01,0
GPU-03330,ENT-06,REG-3,COLO-2,leased,VEN-02,LEASE-01,0
GPU-03331,ENT-02,REG-1,COLO-1,leased,VEN-02,LEASE-01,0
GPU-03332,ENT-03,REG-2,COLO-2,leased,VEN-02,LEASE-01,0
GPU-03333,ENT-04,REG-3,COLO-1,leased,VEN-02,LEASE-01,0
GPU-03334,ENT-05,REG-1,COLO-2,leased,VEN-02,LEASE-01,0
GPU-03335,ENT-06,REG-2,COLO-1,leased,VEN-02,LEASE-01,0
GPU-03336,ENT-02,REG-3,COLO-2,leased,VEN-02,LEASE-01,0
GPU-03337,ENT-03,REG-1,COLO-1,leased,VEN-02,LEASE-01,0
GPU-03338,ENT-04,REG-2,COLO-2,leased,VEN-02,LEASE-01,0
GPU-03339,ENT-05,REG-3,COLO-1,leased,VEN-02,LEASE-01,0
GPU-03340,ENT-06,REG-1,COLO-2,leased,VEN-02,LEASE-01,0
GPU-03341,ENT-02,REG-2,COLO-1,leased,VEN-02,LEASE-01,0
GPU-03342,ENT-03,REG-3,COLO-2,leased,VEN-02,LEASE-01,0
GPU-03343,ENT-04,REG-1,COLO-1,leased,VEN-02,LEASE-01,0
GPU-03344,ENT-05,REG-2,COLO-2,leased,VEN-02,LEASE-01,0
GPU-03345,ENT-06,REG-3,COLO-1,leased,VEN-02,LEASE-01,0
GPU-03346,ENT-02,REG-1,COLO-2,leased,VEN-02,LEASE-01,0
GPU-03347,ENT-03,REG-2,COLO-1,leased,VEN-02,LEASE-01,0
GPU-03348,ENT-04,REG-3,COLO-2,leased,VEN-02,LEASE-01,0
GPU-03349,ENT-05,REG-1,COLO-1,leased,VEN-02,LEASE-01,0
GPU-03350,ENT-06,REG-2,COLO-2,leased,VEN-02,LEASE-01,0
GPU-03351,ENT-02,REG-3,COLO-1,leased,VEN-02,LEASE-01,0
GPU-03352,ENT-03,REG-1,COLO-2,leased,VEN-02,LEASE-01,0
GPU-03353,ENT-04,REG-2,COLO-1,leased,VEN-02,LEASE-01,0
GPU-03354,ENT-05,REG-3,COLO-2,leased,VEN-02,LEASE-01,0
GPU-03355,ENT-06,REG-1,COLO-1,leased,VEN-02,LEASE-01,0
GPU-03356,ENT-02,REG-2,COLO-2,leased,VEN-02,LEASE-01,0
GPU-03357,ENT-03,REG-3,COLO-1,leased,VEN-02,LEASE-01,0
GPU-03358,ENT-04,REG-1,COLO-2,leased,VEN-02,LEASE-01,0
GPU-03359,ENT-05,REG-2,COLO-1,leased,VEN-02,LEASE-01,0
GPU-03360,ENT-06,REG-3,COLO-2,leased,VEN-02,LEASE-01,0
GPU-03361,ENT-02,REG-1,COLO-1,leased,VEN-02,LEASE-01,0
GPU-03362,ENT-03,REG-2,COLO-2,leased,VEN-02,LEASE-01,0
GPU-03363,ENT-04,REG-3,COLO-1,leased,VEN-02,LEASE-01,0
GPU-03364,ENT-05,REG-1,COLO-2,leased,VEN-02,LEASE-01,0
GPU-03365,ENT-06,REG-2,COLO-1,leased,VEN-02,LEASE-01,0
GPU-03366,ENT-02,REG-3,COLO-2,leased,VEN-02,LEASE-01,0
GPU-03367,ENT-03,REG-1,COLO-1,leased,VEN-02,LEASE-01,0
GPU-03368,ENT-04,REG-2,COLO-2,leased,VEN-02,LEASE-01,0
GPU-03369,ENT-05,REG-3,COLO-1,leased,VEN-02,LEASE-01,0
GPU-03370,ENT-06,REG-1,COLO-2,leased,VEN-02,LEASE-01,0
GPU-03371,ENT-02,REG-2,COLO-1,leased,VEN-02,LEASE-01,0
GPU-03372,ENT-03,REG-3,COLO-2,leased,VEN-02,LEASE-01,0
GPU-03373,ENT-04,REG-1,COLO-1,leased,VEN-02,LEASE-01,0
GPU-03374,ENT-05,REG-2,COLO-2,leased,VEN-02,LEASE-01,0
GPU-03375,ENT-06,REG-3,COLO-1,leased,VEN-02,LEASE-01,0
GPU-03376,ENT-02,REG-1,COLO-2,leased,VEN-02,LEASE-01,0
GPU-03377,ENT-03,REG-2,COLO-1,leased,VEN-02,LEASE-01,0
GPU-03378,ENT-04,REG-3,COLO-2,leased,VEN-02,LEASE-01,0
GPU-03379,ENT-05,REG-1,COLO-1,leased,VEN-02,LEASE-01,0
GPU-03380,ENT-06,REG-2,COLO-2,leased,VEN-02,LEASE-01,0
GPU-03381,ENT-02,REG-3,COLO-1,leased,VEN-02,LEASE-01,0
GPU-03382,ENT-03,REG-1,COLO-2,leased,VEN-02,LEASE-01,0
GPU-03383,ENT-04,REG-2,COLO-1,leased,VEN-02,LEASE-01,0
GPU-03384,ENT-05,REG-3,COLO-2,leased,VEN-02,LEASE-01,0
GPU-03385,ENT-06,REG-1,COLO-1,leased,VEN-02,LEASE-01,0
GPU-03386,ENT-02,REG-2,COLO-2,leased,VEN-02,LEASE-01,0
GPU-03387,ENT-03,REG-3,COLO-1,leased,VEN-02,LEASE-01,0
GPU-03388,ENT-04,REG-1,COLO-2,leased,VEN-02,LEASE-01,0
GPU-03389,ENT-05,REG-2,COLO-1,leased,VEN-02,LEASE-01,0
GPU-03390,ENT-06,REG-3,COLO-2,leased,VEN-02,LEASE-01,0
GPU-03391,ENT-02,REG-1,COLO-1,leased,VEN-02,LEASE-01,0
GPU-03392,ENT-03,REG-2,COLO-2,leased,VEN-02,LEASE-01,0
GPU-03393,ENT-04,REG-3,COLO-1,leased,VEN-02,LEASE-01,0
GPU-03394,ENT-05,REG-1,COLO-2,leased,VEN-02,LEASE-01,0
GPU-03395,ENT-06,REG-2,COLO-1,leased,VEN-02,LEASE-01,0
GPU-03396,ENT-02,REG-3,COLO-2,leased,VEN-02,LEASE-01,0
GPU-03397,ENT-03,REG-1,COLO-1,leased,VEN-02,LEASE-01,0
GPU-03398,ENT-04,REG-2,COLO-2,leased,VEN-02,LEASE-01,0
GPU-03399,ENT-05,REG-3,COLO-1,leased,VEN-02,LEASE-01,0
GPU-03400,ENT-06,REG-1,COLO-2,leased,VEN-02,LEASE-01,0
GPU-03401,ENT-02,REG-2,COLO-1,leased,VEN-02,LEASE-01,0
GPU-03402,ENT-03,REG-3,COLO-2,leased,VEN-02,LEASE-01,0
GPU-03403,ENT-04,REG-1,COLO-1,leased,VEN-02,LEASE-01,0
GPU-03404,ENT-05,REG-2,COLO-2,leased,VEN-02,LEASE-01,0
GPU-03405,ENT-06,REG-3,COLO-1,leased,VEN-02,LEASE-01,0
GPU-03406,ENT-02,REG-1,COLO-2,leased,VEN-02,LEASE-01,0
GPU-03407,ENT-03,REG-2,COLO-1,leased,VEN-02,LEASE-01,0
GPU-03408,ENT-04,REG-3,COLO-2,leased,VEN-02,LEASE-01,0
GPU-03409,ENT-05,REG-1,COLO-1,leased,VEN-02,LEASE-01,0
GPU-03410,ENT-06,REG-2,COLO-2,leased,VEN-02,LEASE-01,0
GPU-03411,ENT-02,REG-3,COLO-1,leased,VEN-02,LEASE-01,0
GPU-03412,ENT-03,REG-1,COLO-2,leased,VEN-02,LEASE-01,0
GPU-03413,ENT-04,REG-2,COLO-1,leased,VEN-02,LEASE-01,0
GPU-03414,ENT-05,REG-3,COLO-2,leased,VEN-02,LEASE-01,0
GPU-03415,ENT-06,REG-1,COLO-1,leased,VEN-02,LEASE-01,0
GPU-03416,ENT-02,REG-2,COLO-2,leased,VEN-02,LEASE-01,0
GPU-03417,ENT-03,REG-3,COLO-1,leased,VEN-02,LEASE-01,0
GPU-03418,ENT-04,REG-1,COLO-2,leased,VEN-02,LEASE-01,0
GPU-03419,ENT-05,REG-2,COLO-1,leased,VEN-02,LEASE-01,0
GPU-03420,ENT-06,REG-3,COLO-2,leased,VEN-02,LEASE-01,0
GPU-03421,ENT-02,REG-1,COLO-1,leased,VEN-02,LEASE-01,0
GPU-03422,ENT-03,REG-2,COLO-2,leased,VEN-02,LEASE-01,0
GPU-03423,ENT-04,REG-3,COLO-1,leased,VEN-02,LEASE-01,0
GPU-03424,ENT-05,REG-1,COLO-2,leased,VEN-02,LEASE-01,0
GPU-03425,ENT-06,REG-2,COLO-1,leased,VEN-02,LEASE-01,0
GPU-03426,ENT-02,REG-3,COLO-2,leased,VEN-02,LEASE-01,0
GPU-03427,ENT-03,REG-1,COLO-1,leased,VEN-02,LEASE-01,0
GPU-03428,ENT-04,REG-2,COLO-2,leased,VEN-02,LEASE-01,0
GPU-03429,ENT-05,REG-3,COLO-1,leased,VEN-02,LEASE-01,0
GPU-03430,ENT-06,REG-1,COLO-2,leased,VEN-02,LEASE-01,0
GPU-03431,ENT-02,REG-2,COLO-1,leased,VEN-02,LEASE-01,0
GPU-03432,ENT-03,REG-3,COLO-2,leased,VEN-02,LEASE-01,0
GPU-03433,ENT-04,REG-1,COLO-1,leased,VEN-02,LEASE-01,0
GPU-03434,ENT-05,REG-2,COLO-2,leased,VEN-02,LEASE-01,0
GPU-03435,ENT-06,REG-3,COLO-1,leased,VEN-02,LEASE-01,0
GPU-03436,ENT-02,REG-1,COLO-2,leased,VEN-02,LEASE-01,0
GPU-03437,ENT-03,REG-2,COLO-1,leased,VEN-02,LEASE-01,0
GPU-03438,ENT-04,REG-3,COLO-2,leased,VEN-02,LEASE-01,0
GPU-03439,ENT-05,REG-1,COLO-1,leased,VEN-02,LEASE-01,0
GPU-03440,ENT-06,REG-2,COLO-2,leased,VEN-02,LEASE-01,0
GPU-03441,ENT-02,REG-3,COLO-1,leased,VEN-02,LEASE-01,0
GPU-03442,ENT-03,REG-1,COLO-2,leased,VEN-02,LEASE-01,0
GPU-03443,ENT-04,REG-2,COLO-1,leased,VEN-02,LEASE-01,0
GPU-03444,ENT-05,REG-3,COLO-2,leased,VEN-02,LEASE-01,0
GPU-03445,ENT-06,REG-1,COLO-1,leased,VEN-02,LEASE-01,0
GPU-03446,ENT-02,REG-2,COLO-2,leased,VEN-02,LEASE-01,0
GPU-03447,ENT-03,REG-3,COLO-1,leased,VEN-02,LEASE-01,0
GPU-03448,ENT-04,REG-1,COLO-2,leased,VEN-02,LEASE-01,0
GPU-03449,ENT-05,REG-2,COLO-1,leased,VEN-02,LEASE-01,0
GPU-03450,ENT-06,REG-3,COLO-2,leased,VEN-02,LEASE-01,0
GPU-03451,ENT-02,REG-1,COLO-1,leased,VEN-02,LEASE-01,0
GPU-03452,ENT-03,REG-2,COLO-2,leased,VEN-02,LEASE-01,0
GPU-03453,ENT-04,REG-3,COLO-1,leased,VEN-02,LEASE-01,0
GPU-03454,ENT-05,REG-1,COLO-2,leased,VEN-02,LEASE-01,0
GPU-03455,ENT-06,REG-2,COLO-1,leased,VEN-02,LEASE-01,0
GPU-03456,ENT-02,REG-3,COLO-2,leased,VEN-02,LEASE-01,0
GPU-03457,ENT-03,REG-1,COLO-1,leased,VEN-02,LEASE-01,0
GPU-03458,ENT-04,REG-2,COLO-2,leased,VEN-02,LEASE-01,0
GPU-03459,ENT-05,REG-3,COLO-1,leased,VEN-02,LEASE-01,0
GPU-03460,ENT-06,REG-1,COLO-2,leased,VEN-02,LEASE-01,0
GPU-03461,ENT-02,REG-2,COLO-1,leased,VEN-02,LEASE-01,0
GPU-03462,ENT-03,REG-3,COLO-2,leased,VEN-02,LEASE-01,0
GPU-03463,ENT-04,REG-1,COLO-1,leased,VEN-02,LEASE-01,0
GPU-03464,ENT-05,REG-2,COLO-2,leased,VEN-02,LEASE-01,0
GPU-03465,ENT-06,REG-3,COLO-1,leased,VEN-02,LEASE-01,0
GPU-03466,ENT-02,REG-1,COLO-2,leased,VEN-02,LEASE-01,0
GPU-03467,ENT-03,REG-2,COLO-1,leased,VEN-02,LEASE-01,0
GPU-03468,ENT-04,REG-3,COLO-2,leased,VEN-02,LEASE-01,0
GPU-03469,ENT-05,REG-1,COLO-1,leased,VEN-02,LEASE-01,0
GPU-03470,ENT-06,REG-2,COLO-2,leased,VEN-02,LEASE-01,0
GPU-03471,ENT-02,REG-3,COLO-1,leased,VEN-02,LEASE-01,0
GPU-03472,ENT-03,REG-1,COLO-2,leased,VEN-02,LEASE-01,0
GPU-03473,ENT-04,REG-2,COLO-1,leased,VEN-02,LEASE-01,0
GPU-03474,ENT-05,REG-3,COLO-2,leased,VEN-02,LEASE-01,0
GPU-03475,ENT-06,REG-1,COLO-1,leased,VEN-02,LEASE-01,0
GPU-03476,ENT-02,REG-2,COLO-2,leased,VEN-02,LEASE-01,0
GPU-03477,ENT-03,REG-3,COLO-1,leased,VEN-02,LEASE-01,0
GPU-03478,ENT-04,REG-1,COLO-2,leased,VEN-02,LEASE-01,0
GPU-03479,ENT-05,REG-2,COLO-1,leased,VEN-02,LEASE-01,0
GPU-03480,ENT-06,REG-3,COLO-2,leased,VEN-02,LEASE-01,0
GPU-03481,ENT-02,REG-1,COLO-1,leased,VEN-02,LEASE-01,0
GPU-03482,ENT-03,REG-2,COLO-2,leased,VEN-02,LEASE-01,0
GPU-03483,ENT-04,REG-3,COLO-1,leased,VEN-02,LEASE-01,0
GPU-03484,ENT-05,REG-1,COLO-2,leased,VEN-02,LEASE-01,0
GPU-03485,ENT-06,REG-2,COLO-1,leased,VEN-02,LEASE-01,0
GPU-03486,ENT-02,REG-3,COLO-2,leased,VEN-02,LEASE-01,0
GPU-03487,ENT-03,REG-1,COLO-1,leased,VEN-02,LEASE-01,0
GPU-03488,ENT-04,REG-2,COLO-2,leased,VEN-02,LEASE-01,0
GPU-03489,ENT-05,REG-3,COLO-1,leased,VEN-02,LEASE-01,0
GPU-03490,ENT-06,REG-1,COLO-2,leased,VEN-02,LEASE-01,0
GPU-03491,ENT-02,REG-2,COLO-1,leased,VEN-02,LEASE-01,0
GPU-03492,ENT-03,REG-3,COLO-2,leased,VEN-02,LEASE-01,0
GPU-03493,ENT-04,REG-1,COLO-1,leased,VEN-02,LEASE-01,0
GPU-03494,ENT-05,REG-2,COLO-2,leased,VEN-02,LEASE-01,0
GPU-03495,ENT-06,REG-3,COLO-1,leased,VEN-02,LEASE-01,0
GPU-03496,ENT-02,REG-1,COLO-2,leased,VEN-02,LEASE-01,0
GPU-03497,ENT-03,REG-2,COLO-1,leased,VEN-02,LEASE-01,0
GPU-03498,ENT-04,REG-3,COLO-2,leased,VEN-02,LEASE-01,0
GPU-03499,ENT-05,REG-1,COLO-1,leased,VEN-02,LEASE-01,0
GPU-03500,ENT-06,REG-2,COLO-2,leased,VEN-02,LEASE-01,0
GPU-03501,ENT-02,REG-3,COLO-1,leased,VEN-02,LEASE-01,0
GPU-03502,ENT-03,REG-1,COLO-2,leased,VEN-02,LEASE-01,0
GPU-03503,ENT-04,REG-2,COLO-1,leased,VEN-02,LEASE-01,0
GPU-03504,ENT-05,REG-3,COLO-2,leased,VEN-02,LEASE-01,0
GPU-03505,ENT-06,REG-1,COLO-1,leased,VEN-02,LEASE-01,0
GPU-03506,ENT-02,REG-2,COLO-2,leased,VEN-02,LEASE-01,0
GPU-03507,ENT-03,REG-3,COLO-1,leased,VEN-02,LEASE-01,0
GPU-03508,ENT-04,REG-1,COLO-2,leased,VEN-02,LEASE-01,0
GPU-03509,ENT-05,REG-2,COLO-1,leased,VEN-02,LEASE-01,0
GPU-03510,ENT-06,REG-3,COLO-2,leased,VEN-02,LEASE-01,0
GPU-03511,ENT-02,REG-1,COLO-1,leased,VEN-02,LEASE-01,0
GPU-03512,ENT-03,REG-2,COLO-2,leased,VEN-02,LEASE-01,0
GPU-03513,ENT-04,REG-3,COLO-1,leased,VEN-02,LEASE-01,0
GPU-03514,ENT-05,REG-1,COLO-2,leased,VEN-02,LEASE-01,0
GPU-03515,ENT-06,REG-2,COLO-1,leased,VEN-02,LEASE-01,0
GPU-03516,ENT-02,REG-3,COLO-2,leased,VEN-02,LEASE-01,0
GPU-03517,ENT-03,REG-1,COLO-1,leased,VEN-02,LEASE-01,0
GPU-03518,ENT-04,REG-2,COLO-2,leased,VEN-02,LEASE-01,0
GPU-03519,ENT-05,REG-3,COLO-1,leased,VEN-02,LEASE-01,0
GPU-03520,ENT-06,REG-1,COLO-2,leased,VEN-02,LEASE-01,0
GPU-03521,ENT-02,REG-2,COLO-1,leased,VEN-02,LEASE-01,0
GPU-03522,ENT-03,REG-3,COLO-2,leased,VEN-02,LEASE-01,0
GPU-03523,ENT-04,REG-1,COLO-1,leased,VEN-02,LEASE-01,0
GPU-03524,ENT-05,REG-2,COLO-2,leased,VEN-02,LEASE-01,0
GPU-03525,ENT-06,REG-3,COLO-1,leased,VEN-02,LEASE-01,0
GPU-03526,ENT-02,REG-1,COLO-2,leased,VEN-02,LEASE-01,0
GPU-03527,ENT-03,REG-2,COLO-1,leased,VEN-02,LEASE-01,0
GPU-03528,ENT-04,REG-3,COLO-2,leased,VEN-02,LEASE-01,0
GPU-03529,ENT-05,REG-1,COLO-1,leased,VEN-02,LEASE-01,0
GPU-03530,ENT-06,REG-2,COLO-2,leased,VEN-02,LEASE-01,0
GPU-03531,ENT-02,REG-3,COLO-1,leased,VEN-02,LEASE-01,0
GPU-03532,ENT-03,REG-1,COLO-2,leased,VEN-02,LEASE-01,0
GPU-03533,ENT-04,REG-2,COLO-1,leased,VEN-02,LEASE-01,0
GPU-03534,ENT-05,REG-3,COLO-2,leased,VEN-02,LEASE-01,0
GPU-03535,ENT-06,REG-1,COLO-1,leased,VEN-02,LEASE-01,0
GPU-03536,ENT-02,REG-2,COLO-2,leased,VEN-02,LEASE-01,0
GPU-03537,ENT-03,REG-3,COLO-1,leased,VEN-02,LEASE-01,0
GPU-03538,ENT-04,REG-1,COLO-2,leased,VEN-02,LEASE-01,0
GPU-03539,ENT-05,REG-2,COLO-1,leased,VEN-02,LEASE-01,0
GPU-03540,ENT-06,REG-3,COLO-2,leased,VEN-02,LEASE-01,0
GPU-03541,ENT-02,REG-1,COLO-1,leased,VEN-02,LEASE-01,0
GPU-03542,ENT-03,REG-2,COLO-2,leased,VEN-02,LEASE-01,0
GPU-03543,ENT-04,REG-3,COLO-1,leased,VEN-02,LEASE-01,0
GPU-03544,ENT-05,REG-1,COLO-2,leased,VEN-02,LEASE-01,0
GPU-03545,ENT-06,REG-2,COLO-1,leased,VEN-02,LEASE-01,0
GPU-03546,ENT-02,REG-3,COLO-2,leased,VEN-02,LEASE-01,0
GPU-03547,ENT-03,REG-1,COLO-1,leased,VEN-02,LEASE-01,0
GPU-03548,ENT-04,REG-2,COLO-2,leased,VEN-02,LEASE-01,0
GPU-03549,ENT-05,REG-3,COLO-1,leased,VEN-02,LEASE-01,0
GPU-03550,ENT-06,REG-1,COLO-2,leased,VEN-02,LEASE-01,0
GPU-03551,ENT-02,REG-2,COLO-1,leased,VEN-02,LEASE-01,0
GPU-03552,ENT-03,REG-3,COLO-2,leased,VEN-02,LEASE-01,0
GPU-03553,ENT-04,REG-1,COLO-1,leased,VEN-02,LEASE-01,0
GPU-03554,ENT-05,REG-2,COLO-2,leased,VEN-02,LEASE-01,0
GPU-03555,ENT-06,REG-3,COLO-1,leased,VEN-02,LEASE-01,0
GPU-03556,ENT-02,REG-1,COLO-2,leased,VEN-02,LEASE-01,0
GPU-03557,ENT-03,REG-2,COLO-1,leased,VEN-02,LEASE-01,0
GPU-03558,ENT-04,REG-3,COLO-2,leased,VEN-02,LEASE-01,0
GPU-03559,ENT-05,REG-1,COLO-1,leased,VEN-02,LEASE-01,0
GPU-03560,ENT-06,REG-2,COLO-2,leased,VEN-02,LEASE-01,0
GPU-03561,ENT-02,REG-3,COLO-1,leased,VEN-02,LEASE-01,0
GPU-03562,ENT-03,REG-1,COLO-2,leased,VEN-02,LEASE-01,0
GPU-03563,ENT-04,REG-2,COLO-1,leased,VEN-02,LEASE-01,0
GPU-03564,ENT-05,REG-3,COLO-2,leased,VEN-02,LEASE-01,0
GPU-03565,ENT-06,REG-1,COLO-1,leased,VEN-02,LEASE-01,0
GPU-03566,ENT-02,REG-2,COLO-2,leased,VEN-02,LEASE-01,0
GPU-03567,ENT-03,REG-3,COLO-1,leased,VEN-02,LEASE-01,0
GPU-03568,ENT-04,REG-1,COLO-2,leased,VEN-02,LEASE-01,0
GPU-03569,ENT-05,REG-2,COLO-1,leased,VEN-02,LEASE-01,0
GPU-03570,ENT-06,REG-3,COLO-2,leased,VEN-02,LEASE-01,0
GPU-03571,ENT-02,REG-1,COLO-1,leased,VEN-02,LEASE-01,0
GPU-03572,ENT-03,REG-2,COLO-2,leased,VEN-02,LEASE-01,0
GPU-03573,ENT-04,REG-3,COLO-1,leased,VEN-02,LEASE-01,0
GPU-03574,ENT-05,REG-1,COLO-2,leased,VEN-02,LEASE-01,0
GPU-03575,ENT-06,REG-2,COLO-1,leased,VEN-02,LEASE-01,0
GPU-03576,ENT-02,REG-3,COLO-2,leased,VEN-02,LEASE-01,0
GPU-03577,ENT-03,REG-1,COLO-1,leased,VEN-02,LEASE-01,0
GPU-03578,ENT-04,REG-2,COLO-2,leased,VEN-02,LEASE-01,0
GPU-03579,ENT-05,REG-3,COLO-1,leased,VEN-02,LEASE-01,0
GPU-03580,ENT-06,REG-1,COLO-2,leased,VEN-02,LEASE-01,0
GPU-03581,ENT-02,REG-2,COLO-1,leased,VEN-02,LEASE-01,0
GPU-03582,ENT-03,REG-3,COLO-2,leased,VEN-02,LEASE-01,0
GPU-03583,ENT-04,REG-1,COLO-1,leased,VEN-02,LEASE-01,0
GPU-03584,ENT-05,REG-2,COLO-2,leased,VEN-02,LEASE-01,0
GPU-03585,ENT-06,REG-3,COLO-1,leased,VEN-02,LEASE-01,0
GPU-03586,ENT-02,REG-1,COLO-2,leased,VEN-02,LEASE-01,0
GPU-03587,ENT-03,REG-2,COLO-1,leased,VEN-02,LEASE-01,0
GPU-03588,ENT-04,REG-3,COLO-2,leased,VEN-02,LEASE-01,0
GPU-03589,ENT-05,REG-1,COLO-1,leased,VEN-02,LEASE-01,0
GPU-03590,ENT-06,REG-2,COLO-2,leased,VEN-02,LEASE-01,0
GPU-03591,ENT-02,REG-3,COLO-1,leased,VEN-02,LEASE-01,0
GPU-03592,ENT-03,REG-1,COLO-2,leased,VEN-02,LEASE-01,0
GPU-03593,ENT-04,REG-2,COLO-1,leased,VEN-02,LEASE-01,0
GPU-03594,ENT-05,REG-3,COLO-2,leased,VEN-02,LEASE-01,0
GPU-03595,ENT-06,REG-1,COLO-1,leased,VEN-02,LEASE-01,0
GPU-03596,ENT-02,REG-2,COLO-2,leased,VEN-02,LEASE-01,0
GPU-03597,ENT-03,REG-3,COLO-1,leased,VEN-02,LEASE-01,0
GPU-03598,ENT-04,REG-1,COLO-2,leased,VEN-02,LEASE-01,0
GPU-03599,ENT-05,REG-2,COLO-1,leased,VEN-02,LEASE-01,0
GPU-03600,ENT-06,REG-3,COLO-2,leased,VEN-02,LEASE-01,0
GPU-03601,ENT-02,REG-1,COLO-1,leased,VEN-02,LEASE-01,0
GPU-03602,ENT-03,REG-2,COLO-2,leased,VEN-02,LEASE-01,0
GPU-03603,ENT-04,REG-3,COLO-1,leased,VEN-02,LEASE-01,0
GPU-03604,ENT-05,REG-1,COLO-2,leased,VEN-02,LEASE-01,0
GPU-03605,ENT-06,REG-2,COLO-1,leased,VEN-02,LEASE-01,0
GPU-03606,ENT-02,REG-3,COLO-2,leased,VEN-02,LEASE-01,0
GPU-03607,ENT-03,REG-1,COLO-1,leased,VEN-02,LEASE-01,0
GPU-03608,ENT-04,REG-2,COLO-2,leased,VEN-02,LEASE-01,0
GPU-03609,ENT-05,REG-3,COLO-1,leased,VEN-02,LEASE-01,0
GPU-03610,ENT-06,REG-1,COLO-2,leased,VEN-02,LEASE-01,0
GPU-03611,ENT-02,REG-2,COLO-1,leased,VEN-02,LEASE-01,0
GPU-03612,ENT-03,REG-3,COLO-2,leased,VEN-02,LEASE-01,0
GPU-03613,ENT-04,REG-1,COLO-1,leased,VEN-02,LEASE-01,0
GPU-03614,ENT-05,REG-2,COLO-2,leased,VEN-02,LEASE-01,0
GPU-03615,ENT-06,REG-3,COLO-1,leased,VEN-02,LEASE-01,0
GPU-03616,ENT-02,REG-1,COLO-2,leased,VEN-02,LEASE-01,0
GPU-03617,ENT-03,REG-2,COLO-1,leased,VEN-02,LEASE-01,0
GPU-03618,ENT-04,REG-3,COLO-2,leased,VEN-02,LEASE-01,0
GPU-03619,ENT-05,REG-1,COLO-1,leased,VEN-02,LEASE-01,0
GPU-03620,ENT-06,REG-2,COLO-2,leased,VEN-02,LEASE-01,0
GPU-03621,ENT-02,REG-3,COLO-1,leased,VEN-02,LEASE-01,0
GPU-03622,ENT-03,REG-1,COLO-2,leased,VEN-02,LEASE-01,0
GPU-03623,ENT-04,REG-2,COLO-1,leased,VEN-02,LEASE-01,0
GPU-03624,ENT-05,REG-3,COLO-2,leased,VEN-02,LEASE-01,0
GPU-03625,ENT-06,REG-1,COLO-1,leased,VEN-02,LEASE-01,0
GPU-03626,ENT-02,REG-2,COLO-2,leased,VEN-02,LEASE-01,0
GPU-03627,ENT-03,REG-3,COLO-1,leased,VEN-02,LEASE-01,0
GPU-03628,ENT-04,REG-1,COLO-2,leased,VEN-02,LEASE-01,0
GPU-03629,ENT-05,REG-2,COLO-1,leased,VEN-02,LEASE-01,0
GPU-03630,ENT-06,REG-3,COLO-2,leased,VEN-02,LEASE-01,0
GPU-03631,ENT-02,REG-1,COLO-1,leased,VEN-02,LEASE-01,0
GPU-03632,ENT-03,REG-2,COLO-2,leased,VEN-02,LEASE-01,0
GPU-03633,ENT-04,REG-3,COLO-1,leased,VEN-02,LEASE-01,0
GPU-03634,ENT-05,REG-1,COLO-2,leased,VEN-02,LEASE-01,0
GPU-03635,ENT-06,REG-2,COLO-1,leased,VEN-02,LEASE-01,0
GPU-03636,ENT-02,REG-3,COLO-2,leased,VEN-02,LEASE-01,0
GPU-03637,ENT-03,REG-1,COLO-1,leased,VEN-02,LEASE-01,0
GPU-03638,ENT-04,REG-2,COLO-2,leased,VEN-02,LEASE-01,0
GPU-03639,ENT-05,REG-3,COLO-1,leased,VEN-02,LEASE-01,0
GPU-03640,ENT-06,REG-1,COLO-2,leased,VEN-02,LEASE-01,0
GPU-03641,ENT-02,REG-2,COLO-1,leased,VEN-02,LEASE-01,0
GPU-03642,ENT-03,REG-3,COLO-2,leased,VEN-02,LEASE-01,0
GPU-03643,ENT-04,REG-1,COLO-1,leased,VEN-02,LEASE-01,0
GPU-03644,ENT-05,REG-2,COLO-2,leased,VEN-02,LEASE-01,0
GPU-03645,ENT-06,REG-3,COLO-1,leased,VEN-02,LEASE-01,0
GPU-03646,ENT-02,REG-1,COLO-2,leased,VEN-02,LEASE-01,0
GPU-03647,ENT-03,REG-2,COLO-1,leased,VEN-02,LEASE-01,0
GPU-03648,ENT-04,REG-3,COLO-2,leased,VEN-02,LEASE-01,0
GPU-03649,ENT-05,REG-1,COLO-1,leased,VEN-02,LEASE-01,0
GPU-03650,ENT-06,REG-2,COLO-2,leased,VEN-02,LEASE-01,0
GPU-03651,ENT-02,REG-3,COLO-1,leased,VEN-02,LEASE-01,0
GPU-03652,ENT-03,REG-1,COLO-2,leased,VEN-02,LEASE-01,0
GPU-03653,ENT-04,REG-2,COLO-1,leased,VEN-02,LEASE-01,0
GPU-03654,ENT-05,REG-3,COLO-2,leased,VEN-02,LEASE-01,0
GPU-03655,ENT-06,REG-1,COLO-1,leased,VEN-02,LEASE-01,0
GPU-03656,ENT-02,REG-2,COLO-2,leased,VEN-02,LEASE-01,0
GPU-03657,ENT-03,REG-3,COLO-1,leased,VEN-02,LEASE-01,0
GPU-03658,ENT-04,REG-1,COLO-2,leased,VEN-02,LEASE-01,0
GPU-03659,ENT-05,REG-2,COLO-1,leased,VEN-02,LEASE-01,0
GPU-03660,ENT-06,REG-3,COLO-2,leased,VEN-02,LEASE-01,0
GPU-03661,ENT-02,REG-1,COLO-1,leased,VEN-02,LEASE-01,0
GPU-03662,ENT-03,REG-2,COLO-2,leased,VEN-02,LEASE-01,0
GPU-03663,ENT-04,REG-3,COLO-1,leased,VEN-02,LEASE-01,0
GPU-03664,ENT-05,REG-1,COLO-2,leased,VEN-02,LEASE-01,0
GPU-03665,ENT-06,REG-2,COLO-1,leased,VEN-02,LEASE-01,0
GPU-03666,ENT-02,REG-3,COLO-2,leased,VEN-02,LEASE-01,0
GPU-03667,ENT-03,REG-1,COLO-1,leased,VEN-02,LEASE-01,0
GPU-03668,ENT-04,REG-2,COLO-2,leased,VEN-02,LEASE-01,0
GPU-03669,ENT-05,REG-3,COLO-1,leased,VEN-02,LEASE-01,0
GPU-03670,ENT-06,REG-1,COLO-2,leased,VEN-02,LEASE-01,0
GPU-03671,ENT-02,REG-2,COLO-1,leased,VEN-02,LEASE-01,0
GPU-03672,ENT-03,REG-3,COLO-2,leased,VEN-02,LEASE-01,0
GPU-03673,ENT-04,REG-1,COLO-1,leased,VEN-02,LEASE-01,0
GPU-03674,ENT-05,REG-2,COLO-2,leased,VEN-02,LEASE-01,0
GPU-03675,ENT-06,REG-3,COLO-1,leased,VEN-02,LEASE-01,0
GPU-03676,ENT-02,REG-1,COLO-2,leased,VEN-02,LEASE-01,0
GPU-03677,ENT-03,REG-2,COLO-1,leased,VEN-02,LEASE-01,0
GPU-03678,ENT-04,REG-3,COLO-2,leased,VEN-02,LEASE-01,0
GPU-03679,ENT-05,REG-1,COLO-1,leased,VEN-02,LEASE-01,0
GPU-03680,ENT-06,REG-2,COLO-2,leased,VEN-02,LEASE-01,0
GPU-03681,ENT-02,REG-3,COLO-1,leased,VEN-02,LEASE-01,0
GPU-03682,ENT-03,REG-1,COLO-2,leased,VEN-02,LEASE-01,0
GPU-03683,ENT-04,REG-2,COLO-1,leased,VEN-02,LEASE-01,0
GPU-03684,ENT-05,REG-3,COLO-2,leased,VEN-02,LEASE-01,0
GPU-03685,ENT-06,REG-1,COLO-1,leased,VEN-02,LEASE-01,0
GPU-03686,ENT-02,REG-2,COLO-2,leased,VEN-02,LEASE-01,0
GPU-03687,ENT-03,REG-3,COLO-1,leased,VEN-02,LEASE-01,0
GPU-03688,ENT-04,REG-1,COLO-2,leased,VEN-02,LEASE-01,0
GPU-03689,ENT-05,REG-2,COLO-1,leased,VEN-02,LEASE-01,0
GPU-03690,ENT-06,REG-3,COLO-2,leased,VEN-02,LEASE-01,0
GPU-03691,ENT-02,REG-1,COLO-1,leased,VEN-02,LEASE-01,0
GPU-03692,ENT-03,REG-2,COLO-2,leased,VEN-02,LEASE-01,0
GPU-03693,ENT-04,REG-3,COLO-1,leased,VEN-02,LEASE-01,0
GPU-03694,ENT-05,REG-1,COLO-2,leased,VEN-02,LEASE-01,0
GPU-03695,ENT-06,REG-2,COLO-1,leased,VEN-02,LEASE-01,0
GPU-03696,ENT-02,REG-3,COLO-2,leased,VEN-02,LEASE-01,0
GPU-03697,ENT-03,REG-1,COLO-1,leased,VEN-02,LEASE-01,0
GPU-03698,ENT-04,REG-2,COLO-2,leased,VEN-02,LEASE-01,0
GPU-03699,ENT-05,REG-3,COLO-1,leased,VEN-02,LEASE-01,0
GPU-03700,ENT-06,REG-1,COLO-2,leased,VEN-02,LEASE-01,0
GPU-03701,ENT-02,REG-2,COLO-1,leased,VEN-02,LEASE-01,0
GPU-03702,ENT-03,REG-3,COLO-2,leased,VEN-02,LEASE-01,0
GPU-03703,ENT-04,REG-1,COLO-1,leased,VEN-02,LEASE-01,0
GPU-03704,ENT-05,REG-2,COLO-2,leased,VEN-02,LEASE-01,0
GPU-03705,ENT-06,REG-3,COLO-1,leased,VEN-02,LEASE-01,0
GPU-03706,ENT-02,REG-1,COLO-2,leased,VEN-02,LEASE-01,0
GPU-03707,ENT-03,REG-2,COLO-1,leased,VEN-02,LEASE-01,0
GPU-03708,ENT-04,REG-3,COLO-2,leased,VEN-02,LEASE-01,0
GPU-03709,ENT-05,REG-1,COLO-1,leased,VEN-02,LEASE-01,0
GPU-03710,ENT-06,REG-2,COLO-2,leased,VEN-02,LEASE-01,0
GPU-03711,ENT-02,REG-3,COLO-1,leased,VEN-02,LEASE-01,0
GPU-03712,ENT-03,REG-1,COLO-2,leased,VEN-02,LEASE-01,0
GPU-03713,ENT-04,REG-2,COLO-1,leased,VEN-02,LEASE-01,0
GPU-03714,ENT-05,REG-3,COLO-2,leased,VEN-02,LEASE-01,0
GPU-03715,ENT-06,REG-1,COLO-1,leased,VEN-02,LEASE-01,0
GPU-03716,ENT-02,REG-2,COLO-2,leased,VEN-02,LEASE-01,0
GPU-03717,ENT-03,REG-3,COLO-1,leased,VEN-02,LEASE-01,0
GPU-03718,ENT-04,REG-1,COLO-2,leased,VEN-02,LEASE-01,0
GPU-03719,ENT-05,REG-2,COLO-1,leased,VEN-02,LEASE-01,0
GPU-03720,ENT-06,REG-3,COLO-2,leased,VEN-02,LEASE-01,0
GPU-03721,ENT-02,REG-1,COLO-1,leased,VEN-02,LEASE-01,0
GPU-03722,ENT-03,REG-2,COLO-2,leased,VEN-02,LEASE-01,0
GPU-03723,ENT-04,REG-3,COLO-1,leased,VEN-02,LEASE-01,0
GPU-03724,ENT-05,REG-1,COLO-2,leased,VEN-02,LEASE-01,0
GPU-03725,ENT-06,REG-2,COLO-1,leased,VEN-02,LEASE-01,0
GPU-03726,ENT-02,REG-3,COLO-2,leased,VEN-02,LEASE-01,0
GPU-03727,ENT-03,REG-1,COLO-1,leased,VEN-02,LEASE-01,0
GPU-03728,ENT-04,REG-2,COLO-2,leased,VEN-02,LEASE-01,0
GPU-03729,ENT-05,REG-3,COLO-1,leased,VEN-02,LEASE-01,0
GPU-03730,ENT-06,REG-1,COLO-2,leased,VEN-02,LEASE-01,0
GPU-03731,ENT-02,REG-2,COLO-1,leased,VEN-02,LEASE-01,0
GPU-03732,ENT-03,REG-3,COLO-2,leased,VEN-02,LEASE-01,0
GPU-03733,ENT-04,REG-1,COLO-1,leased,VEN-02,LEASE-01,0
GPU-03734,ENT-05,REG-2,COLO-2,leased,VEN-02,LEASE-01,0
GPU-03735,ENT-06,REG-3,COLO-1,leased,VEN-02,LEASE-01,0
GPU-03736,ENT-02,REG-1,COLO-2,leased,VEN-02,LEASE-01,0
GPU-03737,ENT-03,REG-2,COLO-1,leased,VEN-02,LEASE-01,0
GPU-03738,ENT-04,REG-3,COLO-2,leased,VEN-02,LEASE-01,0
GPU-03739,ENT-05,REG-1,COLO-1,leased,VEN-02,LEASE-01,0
GPU-03740,ENT-06,REG-2,COLO-2,leased,VEN-02,LEASE-01,0
GPU-03741,ENT-02,REG-3,COLO-1,leased,VEN-02,LEASE-01,0
GPU-03742,ENT-03,REG-1,COLO-2,leased,VEN-02,LEASE-01,0
GPU-03743,ENT-04,REG-2,COLO-1,leased,VEN-02,LEASE-01,0
GPU-03744,ENT-05,REG-3,COLO-2,leased,VEN-02,LEASE-01,0
GPU-03745,ENT-06,REG-1,COLO-1,leased,VEN-02,LEASE-01,0
GPU-03746,ENT-02,REG-2,COLO-2,leased,VEN-02,LEASE-01,0
GPU-03747,ENT-03,REG-3,COLO-1,leased,VEN-02,LEASE-01,0
GPU-03748,ENT-04,REG-1,COLO-2,leased,VEN-02,LEASE-01,0
GPU-03749,ENT-05,REG-2,COLO-1,leased,VEN-02,LEASE-01,0
GPU-03750,ENT-06,REG-3,COLO-2,leased,VEN-02,LEASE-01,0
GPU-03751,ENT-02,REG-1,COLO-1,leased,VEN-02,LEASE-01,0
GPU-03752,ENT-03,REG-2,COLO-2,leased,VEN-02,LEASE-01,0
GPU-03753,ENT-04,REG-3,COLO-1,leased,VEN-02,LEASE-01,0
GPU-03754,ENT-05,REG-1,COLO-2,leased,VEN-02,LEASE-01,0
GPU-03755,ENT-06,REG-2,COLO-1,leased,VEN-02,LEASE-01,0
GPU-03756,ENT-02,REG-3,COLO-2,leased,VEN-02,LEASE-01,0
GPU-03757,ENT-03,REG-1,COLO-1,leased,VEN-02,LEASE-01,0
GPU-03758,ENT-04,REG-2,COLO-2,leased,VEN-02,LEASE-01,0
GPU-03759,ENT-05,REG-3,COLO-1,leased,VEN-02,LEASE-01,0
GPU-03760,ENT-06,REG-1,COLO-2,leased,VEN-02,LEASE-01,0
GPU-03761,ENT-02,REG-2,COLO-1,leased,VEN-02,LEASE-01,0
GPU-03762,ENT-03,REG-3,COLO-2,leased,VEN-02,LEASE-01,0
GPU-03763,ENT-04,REG-1,COLO-1,leased,VEN-02,LEASE-01,0
GPU-03764,ENT-05,REG-2,COLO-2,leased,VEN-02,LEASE-01,0
GPU-03765,ENT-06,REG-3,COLO-1,leased,VEN-02,LEASE-01,0
GPU-03766,ENT-02,REG-1,COLO-2,leased,VEN-02,LEASE-01,0
GPU-03767,ENT-03,REG-2,COLO-1,leased,VEN-02,LEASE-01,0
GPU-03768,ENT-04,REG-3,COLO-2,leased,VEN-02,LEASE-01,0
GPU-03769,ENT-05,REG-1,COLO-1,leased,VEN-02,LEASE-01,0
GPU-03770,ENT-06,REG-2,COLO-2,leased,VEN-02,LEASE-01,0
GPU-03771,ENT-02,REG-3,COLO-1,leased,VEN-02,LEASE-01,0
GPU-03772,ENT-03,REG-1,COLO-2,leased,VEN-02,LEASE-01,0
GPU-03773,ENT-04,REG-2,COLO-1,leased,VEN-02,LEASE-01,0
GPU-03774,ENT-05,REG-3,COLO-2,leased,VEN-02,LEASE-01,0
GPU-03775,ENT-06,REG-1,COLO-1,leased,VEN-02,LEASE-01,0
GPU-03776,ENT-02,REG-2,COLO-2,leased,VEN-02,LEASE-01,0
GPU-03777,ENT-03,REG-3,COLO-1,leased,VEN-02,LEASE-01,0
GPU-03778,ENT-04,REG-1,COLO-2,leased,VEN-02,LEASE-01,0
GPU-03779,ENT-05,REG-2,COLO-1,leased,VEN-02,LEASE-01,0
GPU-03780,ENT-06,REG-3,COLO-2,leased,VEN-02,LEASE-01,0
GPU-03781,ENT-02,REG-1,COLO-1,leased,VEN-02,LEASE-01,0
GPU-03782,ENT-03,REG-2,COLO-2,leased,VEN-02,LEASE-01,0
GPU-03783,ENT-04,REG-3,COLO-1,leased,VEN-02,LEASE-01,0
GPU-03784,ENT-05,REG-1,COLO-2,leased,VEN-02,LEASE-01,0
GPU-03785,ENT-06,REG-2,COLO-1,leased,VEN-02,LEASE-01,0
GPU-03786,ENT-02,REG-3,COLO-2,leased,VEN-02,LEASE-01,0
GPU-03787,ENT-03,REG-1,COLO-1,leased,VEN-02,LEASE-01,0
GPU-03788,ENT-04,REG-2,COLO-2,leased,VEN-02,LEASE-01,0
GPU-03789,ENT-05,REG-3,COLO-1,leased,VEN-02,LEASE-01,0
GPU-03790,ENT-06,REG-1,COLO-2,leased,VEN-02,LEASE-01,0
GPU-03791,ENT-02,REG-2,COLO-1,leased,VEN-02,LEASE-01,0
GPU-03792,ENT-03,REG-3,COLO-2,leased,VEN-02,LEASE-01,0
GPU-03793,ENT-04,REG-1,COLO-1,leased,VEN-02,LEASE-01,0
GPU-03794,ENT-05,REG-2,COLO-2,leased,VEN-02,LEASE-01,0
GPU-03795,ENT-06,REG-3,COLO-1,leased,VEN-02,LEASE-01,0
GPU-03796,ENT-02,REG-1,COLO-2,leased,VEN-02,LEASE-01,0
GPU-03797,ENT-03,REG-2,COLO-1,leased,VEN-02,LEASE-01,0
GPU-03798,ENT-04,REG-3,COLO-2,leased,VEN-02,LEASE-01,0
GPU-03799,ENT-05,REG-1,COLO-1,leased,VEN-02,LEASE-01,0
GPU-03800,ENT-06,REG-2,COLO-2,leased,VEN-02,LEASE-01,0
GPU-03801,ENT-02,REG-3,COLO-1,leased,VEN-02,LEASE-01,0
GPU-03802,ENT-03,REG-1,COLO-2,leased,VEN-02,LEASE-01,0
GPU-03803,ENT-04,REG-2,COLO-1,leased,VEN-02,LEASE-01,0
GPU-03804,ENT-05,REG-3,COLO-2,leased,VEN-02,LEASE-01,0
GPU-03805,ENT-06,REG-1,COLO-1,leased,VEN-02,LEASE-01,0
GPU-03806,ENT-02,REG-2,COLO-2,leased,VEN-02,LEASE-01,0
GPU-03807,ENT-03,REG-3,COLO-1,leased,VEN-02,LEASE-01,0
GPU-03808,ENT-04,REG-1,COLO-2,leased,VEN-02,LEASE-01,0
GPU-03809,ENT-05,REG-2,COLO-1,leased,VEN-02,LEASE-01,0
GPU-03810,ENT-06,REG-3,COLO-2,leased,VEN-02,LEASE-01,0
GPU-03811,ENT-02,REG-1,COLO-1,leased,VEN-02,LEASE-01,0
GPU-03812,ENT-03,REG-2,COLO-2,leased,VEN-02,LEASE-01,0
GPU-03813,ENT-04,REG-3,COLO-1,leased,VEN-02,LEASE-01,0
GPU-03814,ENT-05,REG-1,COLO-2,leased,VEN-02,LEASE-01,0
GPU-03815,ENT-06,REG-2,COLO-1,leased,VEN-02,LEASE-01,0
GPU-03816,ENT-02,REG-3,COLO-2,leased,VEN-02,LEASE-01,0
GPU-03817,ENT-03,REG-1,COLO-1,leased,VEN-02,LEASE-01,0
GPU-03818,ENT-04,REG-2,COLO-2,leased,VEN-02,LEASE-01,0
GPU-03819,ENT-05,REG-3,COLO-1,leased,VEN-02,LEASE-01,0
GPU-03820,ENT-06,REG-1,COLO-2,leased,VEN-02,LEASE-01,0
GPU-03821,ENT-02,REG-2,COLO-1,leased,VEN-02,LEASE-01,0
GPU-03822,ENT-03,REG-3,COLO-2,leased,VEN-02,LEASE-01,0
GPU-03823,ENT-04,REG-1,COLO-1,leased,VEN-02,LEASE-01,0
GPU-03824,ENT-05,REG-2,COLO-2,leased,VEN-02,LEASE-01,0
GPU-03825,ENT-06,REG-3,COLO-1,leased,VEN-02,LEASE-01,0
GPU-03826,ENT-02,REG-1,COLO-2,leased,VEN-02,LEASE-01,0
GPU-03827,ENT-03,REG-2,COLO-1,leased,VEN-02,LEASE-01,0
GPU-03828,ENT-04,REG-3,COLO-2,leased,VEN-02,LEASE-01,0
GPU-03829,ENT-05,REG-1,COLO-1,leased,VEN-02,LEASE-01,0
GPU-03830,ENT-06,REG-2,COLO-2,leased,VEN-02,LEASE-01,0
GPU-03831,ENT-02,REG-3,COLO-1,leased,VEN-02,LEASE-01,0
GPU-03832,ENT-03,REG-1,COLO-2,leased,VEN-02,LEASE-01,0
GPU-03833,ENT-04,REG-2,COLO-1,leased,VEN-02,LEASE-01,0
GPU-03834,ENT-05,REG-3,COLO-2,leased,VEN-02,LEASE-01,0
GPU-03835,ENT-06,REG-1,COLO-1,leased,VEN-02,LEASE-01,0
GPU-03836,ENT-02,REG-2,COLO-2,leased,VEN-02,LEASE-01,0
GPU-03837,ENT-03,REG-3,COLO-1,leased,VEN-02,LEASE-01,0
GPU-03838,ENT-04,REG-1,COLO-2,leased,VEN-02,LEASE-01,0
GPU-03839,ENT-05,REG-2,COLO-1,leased,VEN-02,LEASE-01,0
GPU-03840,ENT-06,REG-3,COLO-2,leased,VEN-02,LEASE-01,0
GPU-03841,ENT-02,REG-1,COLO-1,leased,VEN-02,LEASE-01,0
GPU-03842,ENT-03,REG-2,COLO-2,leased,VEN-02,LEASE-01,0
GPU-03843,ENT-04,REG-3,COLO-1,leased,VEN-02,LEASE-01,0
GPU-03844,ENT-05,REG-1,COLO-2,leased,VEN-02,LEASE-01,0
GPU-03845,ENT-06,REG-2,COLO-1,leased,VEN-02,LEASE-01,0
GPU-03846,ENT-02,REG-3,COLO-2,leased,VEN-02,LEASE-01,0
GPU-03847,ENT-03,REG-1,COLO-1,leased,VEN-02,LEASE-01,0
GPU-03848,ENT-04,REG-2,COLO-2,leased,VEN-02,LEASE-01,0
GPU-03849,ENT-05,REG-3,COLO-1,leased,VEN-02,LEASE-01,0
GPU-03850,ENT-06,REG-1,COLO-2,leased,VEN-02,LEASE-01,0
GPU-03851,ENT-02,REG-2,COLO-1,leased,VEN-02,LEASE-01,0
GPU-03852,ENT-03,REG-3,COLO-2,leased,VEN-02,LEASE-01,0
GPU-03853,ENT-04,REG-1,COLO-1,leased,VEN-02,LEASE-01,0
GPU-03854,ENT-05,REG-2,COLO-2,leased,VEN-02,LEASE-01,0
GPU-03855,ENT-06,REG-3,COLO-1,leased,VEN-02,LEASE-01,0
GPU-03856,ENT-02,REG-1,COLO-2,leased,VEN-02,LEASE-01,0
GPU-03857,ENT-03,REG-2,COLO-1,leased,VEN-02,LEASE-01,0
GPU-03858,ENT-04,REG-3,COLO-2,leased,VEN-02,LEASE-01,0
GPU-03859,ENT-05,REG-1,COLO-1,leased,VEN-02,LEASE-01,0
GPU-03860,ENT-06,REG-2,COLO-2,leased,VEN-02,LEASE-01,0
GPU-03861,ENT-02,REG-3,COLO-1,leased,VEN-02,LEASE-01,0
GPU-03862,ENT-03,REG-1,COLO-2,leased,VEN-02,LEASE-01,0
GPU-03863,ENT-04,REG-2,COLO-1,leased,VEN-02,LEASE-01,0
GPU-03864,ENT-05,REG-3,COLO-2,leased,VEN-02,LEASE-01,0
GPU-03865,ENT-06,REG-1,COLO-1,leased,VEN-02,LEASE-01,0
GPU-03866,ENT-02,REG-2,COLO-2,leased,VEN-02,LEASE-01,0
GPU-03867,ENT-03,REG-3,COLO-1,leased,VEN-02,LEASE-01,0
GPU-03868,ENT-04,REG-1,COLO-2,leased,VEN-02,LEASE-01,0
GPU-03869,ENT-05,REG-2,COLO-1,leased,VEN-02,LEASE-01,0
GPU-03870,ENT-06,REG-3,COLO-2,leased,VEN-02,LEASE-01,0
GPU-03871,ENT-02,REG-1,COLO-1,leased,VEN-02,LEASE-01,0
GPU-03872,ENT-03,REG-2,COLO-2,leased,VEN-02,LEASE-01,0
GPU-03873,ENT-04,REG-3,COLO-1,leased,VEN-02,LEASE-01,0
GPU-03874,ENT-05,REG-1,COLO-2,leased,VEN-02,LEASE-01,0
GPU-03875,ENT-06,REG-2,COLO-1,leased,VEN-02,LEASE-01,0
GPU-03876,ENT-02,REG-3,COLO-2,leased,VEN-02,LEASE-01,0
GPU-03877,ENT-03,REG-1,COLO-1,leased,VEN-02,LEASE-01,0
GPU-03878,ENT-04,REG-2,COLO-2,leased,VEN-02,LEASE-01,0
GPU-03879,ENT-05,REG-3,COLO-1,leased,VEN-02,LEASE-01,0
GPU-03880,ENT-06,REG-1,COLO-2,leased,VEN-02,LEASE-01,0
GPU-03881,ENT-02,REG-2,COLO-1,leased,VEN-02,LEASE-01,0
GPU-03882,ENT-03,REG-3,COLO-2,leased,VEN-02,LEASE-01,0
GPU-03883,ENT-04,REG-1,COLO-1,leased,VEN-02,LEASE-01,0
GPU-03884,ENT-05,REG-2,COLO-2,leased,VEN-02,LEASE-01,0
GPU-03885,ENT-06,REG-3,COLO-1,leased,VEN-02,LEASE-01,0
GPU-03886,ENT-02,REG-1,COLO-2,leased,VEN-02,LEASE-01,0
GPU-03887,ENT-03,REG-2,COLO-1,leased,VEN-02,LEASE-01,0
GPU-03888,ENT-04,REG-3,COLO-2,leased,VEN-02,LEASE-01,0
GPU-03889,ENT-05,REG-1,COLO-1,leased,VEN-02,LEASE-01,0
GPU-03890,ENT-06,REG-2,COLO-2,leased,VEN-02,LEASE-01,0
GPU-03891,ENT-02,REG-3,COLO-1,leased,VEN-02,LEASE-01,0
GPU-03892,ENT-03,REG-1,COLO-2,leased,VEN-02,LEASE-01,0
GPU-03893,ENT-04,REG-2,COLO-1,leased,VEN-02,LEASE-01,0
GPU-03894,ENT-05,REG-3,COLO-2,leased,VEN-02,LEASE-01,0
GPU-03895,ENT-06,REG-1,COLO-1,leased,VEN-02,LEASE-01,0
GPU-03896,ENT-02,REG-2,COLO-2,leased,VEN-02,LEASE-01,0
GPU-03897,ENT-03,REG-3,COLO-1,leased,VEN-02,LEASE-01,0
GPU-03898,ENT-04,REG-1,COLO-2,leased,VEN-02,LEASE-01,0
GPU-03899,ENT-05,REG-2,COLO-1,leased,VEN-02,LEASE-01,0
GPU-03900,ENT-06,REG-3,COLO-2,leased,VEN-02,LEASE-01,0
GPU-03901,ENT-02,REG-1,COLO-1,leased,VEN-02,LEASE-01,0
GPU-03902,ENT-03,REG-2,COLO-2,leased,VEN-02,LEASE-01,0
GPU-03903,ENT-04,REG-3,COLO-1,leased,VEN-02,LEASE-01,0
GPU-03904,ENT-05,REG-1,COLO-2,leased,VEN-02,LEASE-01,0
GPU-03905,ENT-06,REG-2,COLO-1,leased,VEN-02,LEASE-01,0
GPU-03906,ENT-02,REG-3,COLO-2,leased,VEN-02,LEASE-01,0
GPU-03907,ENT-03,REG-1,COLO-1,leased,VEN-02,LEASE-01,0
GPU-03908,ENT-04,REG-2,COLO-2,leased,VEN-02,LEASE-01,0
GPU-03909,ENT-05,REG-3,COLO-1,leased,VEN-02,LEASE-01,0
GPU-03910,ENT-06,REG-1,COLO-2,leased,VEN-02,LEASE-01,0
GPU-03911,ENT-02,REG-2,COLO-1,leased,VEN-02,LEASE-01,0
GPU-03912,ENT-03,REG-3,COLO-2,leased,VEN-02,LEASE-01,0
GPU-03913,ENT-04,REG-1,COLO-1,leased,VEN-02,LEASE-01,0
GPU-03914,ENT-05,REG-2,COLO-2,leased,VEN-02,LEASE-01,0
GPU-03915,ENT-06,REG-3,COLO-1,leased,VEN-02,LEASE-01,0
GPU-03916,ENT-02,REG-1,COLO-2,leased,VEN-02,LEASE-01,0
GPU-03917,ENT-03,REG-2,COLO-1,leased,VEN-02,LEASE-01,0
GPU-03918,ENT-04,REG-3,COLO-2,leased,VEN-02,LEASE-01,0
GPU-03919,ENT-05,REG-1,COLO-1,leased,VEN-02,LEASE-01,0
GPU-03920,ENT-06,REG-2,COLO-2,leased,VEN-02,LEASE-01,0
GPU-03921,ENT-02,REG-3,COLO-1,leased,VEN-02,LEASE-01,0
GPU-03922,ENT-03,REG-1,COLO-2,leased,VEN-02,LEASE-01,0
GPU-03923,ENT-04,REG-2,COLO-1,leased,VEN-02,LEASE-01,0
GPU-03924,ENT-05,REG-3,COLO-2,leased,VEN-02,LEASE-01,0
GPU-03925,ENT-06,REG-1,COLO-1,leased,VEN-02,LEASE-01,0
GPU-03926,ENT-02,REG-2,COLO-2,leased,VEN-02,LEASE-01,0
GPU-03927,ENT-03,REG-3,COLO-1,leased,VEN-02,LEASE-01,0
GPU-03928,ENT-04,REG-1,COLO-2,leased,VEN-02,LEASE-01,0
GPU-03929,ENT-05,REG-2,COLO-1,leased,VEN-02,LEASE-01,0
GPU-03930,ENT-06,REG-3,COLO-2,leased,VEN-02,LEASE-01,0
GPU-03931,ENT-02,REG-1,COLO-1,leased,VEN-02,LEASE-01,0
GPU-03932,ENT-03,REG-2,COLO-2,leased,VEN-02,LEASE-01,0
GPU-03933,ENT-04,REG-3,COLO-1,leased,VEN-02,LEASE-01,0
GPU-03934,ENT-05,REG-1,COLO-2,leased,VEN-02,LEASE-01,0
GPU-03935,ENT-06,REG-2,COLO-1,leased,VEN-02,LEASE-01,0
GPU-03936,ENT-02,REG-3,COLO-2,leased,VEN-02,LEASE-01,0
GPU-03937,ENT-03,REG-1,COLO-1,leased,VEN-02,LEASE-01,0
GPU-03938,ENT-04,REG-2,COLO-2,leased,VEN-02,LEASE-01,0
GPU-03939,ENT-05,REG-3,COLO-1,leased,VEN-02,LEASE-01,0
GPU-03940,ENT-06,REG-1,COLO-2,leased,VEN-02,LEASE-01,0
GPU-03941,ENT-02,REG-2,COLO-1,leased,VEN-02,LEASE-01,0
GPU-03942,ENT-03,REG-3,COLO-2,leased,VEN-02,LEASE-01,0
GPU-03943,ENT-04,REG-1,COLO-1,leased,VEN-02,LEASE-01,0
GPU-03944,ENT-05,REG-2,COLO-2,leased,VEN-02,LEASE-01,0
GPU-03945,ENT-06,REG-3,COLO-1,leased,VEN-02,LEASE-01,0
GPU-03946,ENT-02,REG-1,COLO-2,leased,VEN-02,LEASE-01,0
GPU-03947,ENT-03,REG-2,COLO-1,leased,VEN-02,LEASE-01,0
GPU-03948,ENT-04,REG-3,COLO-2,leased,VEN-02,LEASE-01,0
GPU-03949,ENT-05,REG-1,COLO-1,leased,VEN-02,LEASE-01,0
GPU-03950,ENT-06,REG-2,COLO-2,leased,VEN-02,LEASE-01,0
GPU-03951,ENT-02,REG-3,COLO-1,leased,VEN-02,LEASE-01,0
GPU-03952,ENT-03,REG-1,COLO-2,leased,VEN-02,LEASE-01,0
GPU-03953,ENT-04,REG-2,COLO-1,leased,VEN-02,LEASE-01,0
GPU-03954,ENT-05,REG-3,COLO-2,leased,VEN-02,LEASE-01,0
GPU-03955,ENT-06,REG-1,COLO-1,leased,VEN-02,LEASE-01,0
GPU-03956,ENT-02,REG-2,COLO-2,leased,VEN-02,LEASE-01,0
GPU-03957,ENT-03,REG-3,COLO-1,leased,VEN-02,LEASE-01,0
GPU-03958,ENT-04,REG-1,COLO-2,leased,VEN-02,LEASE-01,0
GPU-03959,ENT-05,REG-2,COLO-1,leased,VEN-02,LEASE-01,0
GPU-03960,ENT-06,REG-3,COLO-2,leased,VEN-02,LEASE-01,0
GPU-03961,ENT-02,REG-1,COLO-1,leased,VEN-02,LEASE-01,0
GPU-03962,ENT-03,REG-2,COLO-2,leased,VEN-02,LEASE-01,0
GPU-03963,ENT-04,REG-3,COLO-1,leased,VEN-02,LEASE-01,0
GPU-03964,ENT-05,REG-1,COLO-2,leased,VEN-02,LEASE-01,0
GPU-03965,ENT-06,REG-2,COLO-1,leased,VEN-02,LEASE-01,0
GPU-03966,ENT-02,REG-3,COLO-2,leased,VEN-02,LEASE-01,0
GPU-03967,ENT-03,REG-1,COLO-1,leased,VEN-02,LEASE-01,0
GPU-03968,ENT-04,REG-2,COLO-2,leased,VEN-02,LEASE-01,0
GPU-03969,ENT-05,REG-3,COLO-1,leased,VEN-02,LEASE-01,0
GPU-03970,ENT-06,REG-1,COLO-2,leased,VEN-02,LEASE-01,0
GPU-03971,ENT-02,REG-2,COLO-1,leased,VEN-02,LEASE-01,0
GPU-03972,ENT-03,REG-3,COLO-2,leased,VEN-02,LEASE-01,0
GPU-03973,ENT-04,REG-1,COLO-1,leased,VEN-02,LEASE-01,0
GPU-03974,ENT-05,REG-2,COLO-2,leased,VEN-02,LEASE-01,0
GPU-03975,ENT-06,REG-3,COLO-1,leased,VEN-02,LEASE-01,0
GPU-03976,ENT-02,REG-1,COLO-2,leased,VEN-02,LEASE-01,0
GPU-03977,ENT-03,REG-2,COLO-1,leased,VEN-02,LEASE-01,0
GPU-03978,ENT-04,REG-3,COLO-2,leased,VEN-02,LEASE-01,0
GPU-03979,ENT-05,REG-1,COLO-1,leased,VEN-02,LEASE-01,0
GPU-03980,ENT-06,REG-2,COLO-2,leased,VEN-02,LEASE-01,0
GPU-03981,ENT-02,REG-3,COLO-1,leased,VEN-02,LEASE-01,0
GPU-03982,ENT-03,REG-1,COLO-2,leased,VEN-02,LEASE-01,0
GPU-03983,ENT-04,REG-2,COLO-1,leased,VEN-02,LEASE-01,0
GPU-03984,ENT-05,REG-3,COLO-2,leased,VEN-02,LEASE-01,0
GPU-03985,ENT-06,REG-1,COLO-1,leased,VEN-02,LEASE-01,0
GPU-03986,ENT-02,REG-2,COLO-2,leased,VEN-02,LEASE-01,0
GPU-03987,ENT-03,REG-3,COLO-1,leased,VEN-02,LEASE-01,0
GPU-03988,ENT-04,REG-1,COLO-2,leased,VEN-02,LEASE-01,0
GPU-03989,ENT-05,REG-2,COLO-1,leased,VEN-02,LEASE-01,0
GPU-03990,ENT-06,REG-3,COLO-2,leased,VEN-02,LEASE-01,0
GPU-03991,ENT-02,REG-1,COLO-1,leased,VEN-02,LEASE-01,0
GPU-03992,ENT-03,REG-2,COLO-2,leased,VEN-02,LEASE-01,0
GPU-03993,ENT-04,REG-3,COLO-1,leased,VEN-02,LEASE-01,0
GPU-03994,ENT-05,REG-1,COLO-2,leased,VEN-02,LEASE-01,0
GPU-03995,ENT-06,REG-2,COLO-1,leased,VEN-02,LEASE-01,0
GPU-03996,ENT-02,REG-3,COLO-2,leased,VEN-02,LEASE-01,0
GPU-03997,ENT-03,REG-1,COLO-1,leased,VEN-02,LEASE-01,0
GPU-03998,ENT-04,REG-2,COLO-2,leased,VEN-02,LEASE-01,0
GPU-03999,ENT-05,REG-3,COLO-1,leased,VEN-02,LEASE-01,0
GPU-04000,ENT-06,REG-1,COLO-2,leased,VEN-02,LEASE-01,0
GPU-04001,ENT-02,REG-2,COLO-1,leased,VEN-02,LEASE-01,0
GPU-04002,ENT-03,REG-3,COLO-2,leased,VEN-02,LEASE-01,0
GPU-04003,ENT-04,REG-1,COLO-1,leased,VEN-02,LEASE-01,0
GPU-04004,ENT-05,REG-2,COLO-2,leased,VEN-02,LEASE-01,0
GPU-04005,ENT-06,REG-3,COLO-1,leased,VEN-02,LEASE-01,0
GPU-04006,ENT-02,REG-1,COLO-2,leased,VEN-02,LEASE-01,0
GPU-04007,ENT-03,REG-2,COLO-1,leased,VEN-02,LEASE-01,0
GPU-04008,ENT-04,REG-3,COLO-2,leased,VEN-02,LEASE-01,0
GPU-04009,ENT-05,REG-1,COLO-1,leased,VEN-02,LEASE-01,0
GPU-04010,ENT-06,REG-2,COLO-2,leased,VEN-02,LEASE-01,0
GPU-04011,ENT-02,REG-3,COLO-1,leased,VEN-02,LEASE-01,0
GPU-04012,ENT-03,REG-1,COLO-2,leased,VEN-02,LEASE-01,0
GPU-04013,ENT-04,REG-2,COLO-1,leased,VEN-02,LEASE-01,0
GPU-04014,ENT-05,REG-3,COLO-2,leased,VEN-02,LEASE-01,0
GPU-04015,ENT-06,REG-1,COLO-1,leased,VEN-02,LEASE-01,0
GPU-04016,ENT-02,REG-2,COLO-2,leased,VEN-02,LEASE-01,0
GPU-04017,ENT-03,REG-3,COLO-1,leased,VEN-02,LEASE-01,0
GPU-04018,ENT-04,REG-1,COLO-2,leased,VEN-02,LEASE-01,0
GPU-04019,ENT-05,REG-2,COLO-1,leased,VEN-02,LEASE-01,0
GPU-04020,ENT-06,REG-3,COLO-2,leased,VEN-02,LEASE-01,0
GPU-04021,ENT-02,REG-1,COLO-1,leased,VEN-02,LEASE-01,0
GPU-04022,ENT-03,REG-2,COLO-2,leased,VEN-02,LEASE-01,0
GPU-04023,ENT-04,REG-3,COLO-1,leased,VEN-02,LEASE-01,0
GPU-04024,ENT-05,REG-1,COLO-2,leased,VEN-02,LEASE-01,0
GPU-04025,ENT-06,REG-2,COLO-1,leased,VEN-02,LEASE-01,0
GPU-04026,ENT-02,REG-3,COLO-2,leased,VEN-02,LEASE-01,0
GPU-04027,ENT-03,REG-1,COLO-1,leased,VEN-02,LEASE-01,0
GPU-04028,ENT-04,REG-2,COLO-2,leased,VEN-02,LEASE-01,0
GPU-04029,ENT-05,REG-3,COLO-1,leased,VEN-02,LEASE-01,0
GPU-04030,ENT-06,REG-1,COLO-2,leased,VEN-02,LEASE-01,0
GPU-04031,ENT-02,REG-2,COLO-1,leased,VEN-02,LEASE-01,0
GPU-04032,ENT-03,REG-3,COLO-2,leased,VEN-02,LEASE-01,0
GPU-04033,ENT-04,REG-1,COLO-1,leased,VEN-02,LEASE-01,0
GPU-04034,ENT-05,REG-2,COLO-2,leased,VEN-02,LEASE-01,0
GPU-04035,ENT-06,REG-3,COLO-1,leased,VEN-02,LEASE-01,0
GPU-04036,ENT-02,REG-1,COLO-2,leased,VEN-02,LEASE-01,0
GPU-04037,ENT-03,REG-2,COLO-1,leased,VEN-02,LEASE-01,0
GPU-04038,ENT-04,REG-3,COLO-2,leased,VEN-02,LEASE-01,0
GPU-04039,ENT-05,REG-1,COLO-1,leased,VEN-02,LEASE-01,0
GPU-04040,ENT-06,REG-2,COLO-2,leased,VEN-02,LEASE-01,0
GPU-04041,ENT-02,REG-3,COLO-1,leased,VEN-02,LEASE-01,0
GPU-04042,ENT-03,REG-1,COLO-2,leased,VEN-02,LEASE-01,0
GPU-04043,ENT-04,REG-2,COLO-1,leased,VEN-02,LEASE-01,0
GPU-04044,ENT-05,REG-3,COLO-2,leased,VEN-02,LEASE-01,0
GPU-04045,ENT-06,REG-1,COLO-1,leased,VEN-02,LEASE-01,0
GPU-04046,ENT-02,REG-2,COLO-2,leased,VEN-02,LEASE-01,0
GPU-04047,ENT-03,REG-3,COLO-1,leased,VEN-02,LEASE-01,0
GPU-04048,ENT-04,REG-1,COLO-2,leased,VEN-02,LEASE-01,0
GPU-04049,ENT-05,REG-2,COLO-1,leased,VEN-02,LEASE-01,0
GPU-04050,ENT-06,REG-3,COLO-2,leased,VEN-02,LEASE-01,0
GPU-04051,ENT-02,REG-1,COLO-1,leased,VEN-02,LEASE-01,0
GPU-04052,ENT-03,REG-2,COLO-2,leased,VEN-02,LEASE-01,0
GPU-04053,ENT-04,REG-3,COLO-1,leased,VEN-02,LEASE-01,0
GPU-04054,ENT-05,REG-1,COLO-2,leased,VEN-02,LEASE-01,0
GPU-04055,ENT-06,REG-2,COLO-1,leased,VEN-02,LEASE-01,0
GPU-04056,ENT-02,REG-3,COLO-2,leased,VEN-02,LEASE-01,0
GPU-04057,ENT-03,REG-1,COLO-1,leased,VEN-02,LEASE-01,0
GPU-04058,ENT-04,REG-2,COLO-2,leased,VEN-02,LEASE-01,0
GPU-04059,ENT-05,REG-3,COLO-1,leased,VEN-02,LEASE-01,0
GPU-04060,ENT-06,REG-1,COLO-2,leased,VEN-02,LEASE-01,0
GPU-04061,ENT-02,REG-2,COLO-1,leased,VEN-02,LEASE-01,0
GPU-04062,ENT-03,REG-3,COLO-2,leased,VEN-02,LEASE-01,0
GPU-04063,ENT-04,REG-1,COLO-1,leased,VEN-02,LEASE-01,0
GPU-04064,ENT-05,REG-2,COLO-2,leased,VEN-02,LEASE-01,0
GPU-04065,ENT-06,REG-3,COLO-1,leased,VEN-02,LEASE-01,0
GPU-04066,ENT-02,REG-1,COLO-2,leased,VEN-02,LEASE-01,0
GPU-04067,ENT-03,REG-2,COLO-1,leased,VEN-02,LEASE-01,0
GPU-04068,ENT-04,REG-3,COLO-2,leased,VEN-02,LEASE-01,0
GPU-04069,ENT-05,REG-1,COLO-1,leased,VEN-02,LEASE-01,0
GPU-04070,ENT-06,REG-2,COLO-2,leased,VEN-02,LEASE-01,0
GPU-04071,ENT-02,REG-3,COLO-1,leased,VEN-02,LEASE-01,0
GPU-04072,ENT-03,REG-1,COLO-2,leased,VEN-02,LEASE-01,0
GPU-04073,ENT-04,REG-2,COLO-1,leased,VEN-02,LEASE-01,0
GPU-04074,ENT-05,REG-3,COLO-2,leased,VEN-02,LEASE-01,0
GPU-04075,ENT-06,REG-1,COLO-1,leased,VEN-02,LEASE-01,0
GPU-04076,ENT-02,REG-2,COLO-2,leased,VEN-02,LEASE-01,0
GPU-04077,ENT-03,REG-3,COLO-1,leased,VEN-02,LEASE-01,0
GPU-04078,ENT-04,REG-1,COLO-2,leased,VEN-02,LEASE-01,0
GPU-04079,ENT-05,REG-2,COLO-1,leased,VEN-02,LEASE-01,0
GPU-04080,ENT-06,REG-3,COLO-2,leased,VEN-02,LEASE-01,0
GPU-04081,ENT-02,REG-1,COLO-1,leased,VEN-02,LEASE-01,0
GPU-04082,ENT-03,REG-2,COLO-2,leased,VEN-02,LEASE-01,0
GPU-04083,ENT-04,REG-3,COLO-1,leased,VEN-02,LEASE-01,0
GPU-04084,ENT-05,REG-1,COLO-2,leased,VEN-02,LEASE-01,0
GPU-04085,ENT-06,REG-2,COLO-1,leased,VEN-02,LEASE-01,0
GPU-04086,ENT-02,REG-3,COLO-2,leased,VEN-02,LEASE-01,0
GPU-04087,ENT-03,REG-1,COLO-1,leased,VEN-02,LEASE-01,0
GPU-04088,ENT-04,REG-2,COLO-2,leased,VEN-02,LEASE-01,0
GPU-04089,ENT-05,REG-3,COLO-1,leased,VEN-02,LEASE-01,0
GPU-04090,ENT-06,REG-1,COLO-2,leased,VEN-02,LEASE-01,0
GPU-04091,ENT-02,REG-2,COLO-1,leased,VEN-02,LEASE-01,0
GPU-04092,ENT-03,REG-3,COLO-2,leased,VEN-02,LEASE-01,0
GPU-04093,ENT-04,REG-1,COLO-1,leased,VEN-02,LEASE-01,0
GPU-04094,ENT-05,REG-2,COLO-2,leased,VEN-02,LEASE-01,0
GPU-04095,ENT-06,REG-3,COLO-1,leased,VEN-02,LEASE-01,0
GPU-04096,ENT-02,REG-1,COLO-2,leased,VEN-02,LEASE-01,0
