receipt_id,invoice_id,period,amount_cents
RCT-01-0001,INV-01-0001,2023-09,180000000
RCT-01-0002,INV-01-0002,2023-09,1442886
RCT-01-0003,INV-01-0003,2023-09,1442886
RCT-01-0004,INV-01-0004,2023-09,1442886
RCT-01-0005,INV-01-0005,2023-09,1442886
RCT-01-0006,INV-01-0006,2023-09,1442886
RCT-01-0007,INV-01-0007,2023-09,1442886
RCT-01-0008,INV-01-0008,2023-09,1442886
RCT-01-0009,INV-01-0009,2023-09,1442886
RCT-01-0010,INV-01-0010,2023-09,1442886
RCT-01-0011,INV-01-0011,2023-09,1442886
RCT-01-0012,INV-01-0012,2023-09,1442886
RCT-01-0013,INV-01-0013,2023-09,1442886
RCT-01-0014,INV-01-0014,2023-09,1442886
RCT-01-0015,INV-01-0015,2023-09,1442886
RCT-01-0016,INV-01-0016,2023-09,1442886
RCT-01-0017,INV-01-0017,2023-09,1442886
RCT-01-0018,INV-01-0018,2023-09,1442886
RCT-01-0019,INV-01-0019,2023-09,1442886
RCT-01-0020,INV-01-0020,2023-09,1442886
RCT-01-0021,INV-01-0021,2023-09,1442886
RCT-01-0022,INV-01-0022,2023-09,1442886
RCT-01-0023,INV-01-0023,2023-09,1442886
RCT-01-0024,INV-01-0024,2023-09,1442886
RCT-01-0025,INV-01-0025,2023-09,1442886
RCT-01-0026,INV-01-0026,2023-09,1442886
RCT-01-0027,INV-01-0027,2023-09,1442886
RCT-01-0028,INV-01-0028,2023-09,1442886
RCT-01-0029,INV-01-0029,2023-09,1442886
RCT-01-0030,INV-01-0030,2023-09,1442886
RCT-01-0031,INV-01-0031,2023-09,1442886
RCT-01-0032,INV-01-0032,2023-09,1442886
RCT-01-0033,INV-01-0033,2023-09,1442886
RCT-01-0034,INV-01-0034,2023-09,1442886
RCT-01-0035,INV-01-0035,2023-09,1442886
RCT-01-0036,INV-01-0036,2023-09,1442886
RCT-01-0037,INV-01-0037,2023-09,1442886
RCT-01-0038,INV-01-0038,2023-09,1442886
RCT-01-0039,INV-01-0039,2023-09,1442886
RCT-01-0040,INV-01-0040,2023-09,1442886
RCT-01-0041,INV-01-0041,2023-09,1442886
RCT-01-0042,INV-01-0042,2023-09,1442886
RCT-01-0043,INV-01-0043,2023-09,1442886
RCT-01-0044,INV-01-0044,2023-09,1442886
RCT-01-0045,INV-01-0045,2023-09,1442886
RCT-01-0046,INV-01-0046,2023-09,1442886
RCT-01-0047,INV-01-0047,2023-09,1442886
RCT-01-0048,INV-01-0048,2023-09,1442886
RCT-01-0049,INV-01-0049,2023-09,1442886
RCT-01-0050,INV-01-0050,2023-09,1442886
RCT-01-0051,INV-01-0051,2023-09,1442886
RCT-01-0052,INV-01-0052,2023-09,1442886
RCT-01-0053,INV-01-0053,2023-09,1442886
RCT-01-0054,INV-01-0054,2023-09,1442886
RCT-01-0055,INV-01-0055,2023-09,1442886
RCT-01-0056,INV-01-0056,2023-09,1442886
RCT-01-0057,INV-01-0057,2023-09,1442886
RCT-01-0058,INV-01-0058,2023-09,1442886
RCT-01-0059,INV-01-0059,2023-09,1442886
RCT-01-0060,INV-01-0060,2023-09,1442886
RCT-01-0061,INV-01-0061,2023-09,1442886
RCT-01-0062,INV-01-0062,2023-09,1442886
RCT-01-0063,INV-01-0063,2023-09,1442886
RCT-01-0064,INV-01-0064,2023-09,1442886
RCT-01-0065,INV-01-0065,2023-09,1442886
RCT-01-0066,INV-01-0066,2023-09,1442886
RCT-01-0067,INV-01-0067,2023-09,1442886
RCT-01-0068,INV-01-0068,2023-09,1442886
RCT-01-0069,INV-01-0069,2023-09,1442886
RCT-01-0070,INV-01-0070,2023-09,1442886
RCT-01-0071,INV-01-0071,2023-09,1442886
RCT-01-0072,INV-01-0072,2023-09,1442886
RCT-01-0073,INV-01-0073,2023-09,1442886
RCT-01-0074,INV-01-0074,2023-09,1442886
RCT-01-0075,INV-01-0075,2023-09,1442886
RCT-01-0076,INV-01-0076,2023-09,1442886
RCT-01-0077,INV-01-0077,2023-09,1442886
RCT-01-0078,INV-01-0078,2023-09,1442886
RCT-01-0079,INV-01-0079,2023-09,1442886
RCT-01-0080,INV-01-0080,2023-09,1442886
RCT-01-0081,INV-01-0081,2023-09,1442886
RCT-01-0082,INV-01-0082,2023-09,1442886
RCT-01-0083,INV-01-0083,2023-09,1442886
RCT-01-0084,INV-01-0084,2023-09,1442886
RCT-01-0085,INV-01-0085,2023-09,1442886
RCT-01-0086,INV-01-0086,2023-09,1442886
RCT-01-0087,INV-01-0087,2023-09,1442886
RCT-01-0088,INV-01-0088,2023-09,1442886
RCT-01-0089,INV-01-0089,2023-09,1442886
RCT-01-0090,INV-01-0090,2023-09,1442886
RCT-01-0091,INV-01-0091,2023-09,1442886
RCT-01-0092,INV-01-0092,2023-09,1442886
RCT-01-0093,INV-01-0093,2023-09,1442886
RCT-01-0094,INV-01-0094,2023-09,1442886
RCT-01-0095,INV-01-0095,2023-09,1442886
RCT-01-0096,INV-01-0096,2023-09,1442886
RCT-01-0097,INV-01-0097,2023-09,1442886
RCT-01-0098,INV-01-0098,2023-09,1442886
RCT-01-0099,INV-01-0099,2023-09,1442886
RCT-01-0100,INV-01-0100,2023-09,1442886
RCT-01-0101,INV-01-0101,2023-09,1442886
RCT-01-0102,INV-01-0102,2023-09,1442886
RCT-01-0103,INV-01-0103,2023-09,1442886
RCT-01-0104,INV-01-0104,2023-09,1442886
RCT-01-0105,INV-01-0105,2023-09,1442886
RCT-01-0106,INV-01-0106,2023-09,1442886
RCT-01-0107,INV-01-0107,2023-09,1442886
RCT-01-0108,INV-01-0108,2023-09,1442886
RCT-01-0109,INV-01-0109,2023-09,1442886
RCT-01-0110,INV-01-0110,2023-09,1442886
RCT-01-0111,INV-01-0111,2023-09,1442886
RCT-01-0112,INV-01-0112,2023-09,1442886
RCT-01-0113,INV-01-0113,2023-09,1442886
RCT-01-0114,INV-01-0114,2023-09,1442886
RCT-01-0115,INV-01-0115,2023-09,1442886
RCT-01-0116,INV-01-0116,2023-09,1442886
RCT-01-0117,INV-01-0117,2023-09,1442886
RCT-01-0118,INV-01-0118,2023-09,1442886
RCT-01-0119,INV-01-0119,2023-09,1442886
RCT-01-0120,INV-01-0120,2023-09,1442886
RCT-01-0121,INV-01-0121,2023-09,1442886
RCT-01-0122,INV-01-0122,2023-09,1442886
RCT-01-0123,INV-01-0123,2023-09,1442886
RCT-01-0124,INV-01-0124,2023-09,1442886
RCT-01-0125,INV-01-0125,2023-09,1442886
RCT-01-0126,INV-01-0126,2023-09,1442886
RCT-01-0127,INV-01-0127,2023-09,1442886
RCT-01-0128,INV-01-0128,2023-09,1442886
RCT-01-0129,INV-01-0129,2023-09,1442886
RCT-01-0130,INV-01-0130,2023-09,1442886
RCT-01-0131,INV-01-0131,2023-09,1442886
RCT-01-0132,INV-01-0132,2023-09,1442886
RCT-01-0133,INV-01-0133,2023-09,1442886
RCT-01-0134,INV-01-0134,2023-09,1442886
RCT-01-0135,INV-01-0135,2023-09,1442886
RCT-01-0136,INV-01-0136,2023-09,1442886
RCT-01-0137,INV-01-0137,2023-09,1442886
RCT-01-0138,INV-01-0138,2023-09,1442886
RCT-01-0139,INV-01-0139,2023-09,1442886
RCT-01-0140,INV-01-0140,2023-09,1442886
RCT-01-0141,INV-01-0141,2023-09,1442886
RCT-01-0142,INV-01-0142,2023-09,1442886
RCT-01-0143,INV-01-0143,2023-09,1442886
RCT-01-0144,INV-01-0144,2023-09,1442886
RCT-01-0145,INV-01-0145,2023-09,1442886
RCT-01-0146,INV-01-0146,2023-09,1442886
RCT-01-0147,INV-01-0147,2023-09,1442886
RCT-01-0148,INV-01-0148,2023-09,1442886
RCT-01-0149,INV-01-0149,2023-09,1442886
RCT-01-0150,INV-01-0150,2023-09,1442886
RCT-01-0151,INV-01-0151,2023-09,1442886
RCT-01-0152,INV-01-0152,2023-09,1442886
RCT-01-0153,INV-01-0153,2023-09,1442886
RCT-01-0154,INV-01-0154,2023-09,1442886
RCT-01-0155,INV-01-0155,2023-09,1442886
RCT-01-0156,INV-01-0156,2023-09,1442886
RCT-01-0157,INV-01-0157,2023-09,1442886
RCT-01-0158,INV-01-0158,2023-09,1442886
RCT-01-0159,INV-01-0159,2023-09,1442886
RCT-01-0160,INV-01-0160,2023-09,1442886
RCT-01-0161,INV-01-0161,2023-09,1442886
RCT-01-0162,INV-01-0162,2023-09,1442886
RCT-01-0163,INV-01-0163,2023-09,1442886
RCT-01-0164,INV-01-0164,2023-09,1442886
RCT-01-0165,INV-01-0165,2023-09,1442886
RCT-01-0166,INV-01-0166,2023-09,1442886
RCT-01-0167,INV-01-0167,2023-09,1442886
RCT-01-0168,INV-01-0168,2023-09,1442886
RCT-01-0169,INV-01-0169,2023-09,1442886
RCT-01-0170,INV-01-0170,2023-09,1442886
RCT-01-0171,INV-01-0171,2023-09,1442886
RCT-01-0172,INV-01-0172,2023-09,1442886
RCT-01-0173,INV-01-0173,2023-09,1442886
RCT-01-0174,INV-01-0174,2023-09,1442886
RCT-01-0175,INV-01-0175,2023-09,1442886
RCT-01-0176,INV-01-0176,2023-09,1442886
RCT-01-0177,INV-01-0177,2023-09,1442886
RCT-01-0178,INV-01-0178,2023-09,1442886
RCT-01-0179,INV-01-0179,2023-09,1442886
RCT-01-0180,INV-01-0180,2023-09,1442886
RCT-01-0181,INV-01-0181,2023-09,1442886
RCT-01-0182,INV-01-0182,2023-09,1442886
RCT-01-0183,INV-01-0183,2023-09,1442886
RCT-01-0184,INV-01-0184,2023-09,1442886
RCT-01-0185,INV-01-0185,2023-09,1442886
RCT-01-0186,INV-01-0186,2023-09,1442886
RCT-01-0187,INV-01-0187,2023-09,1442886
RCT-01-0188,INV-01-0188,2023-09,1442886
RCT-01-0189,INV-01-0189,2023-09,1442886
RCT-01-0190,INV-01-0190,2023-09,1442886
RCT-01-0191,INV-01-0191,2023-09,1442886
RCT-01-0192,INV-01-0192,2023-09,1442886
RCT-01-0193,INV-01-0193,2023-09,1442886
RCT-01-0194,INV-01-0194,2023-09,1442886
RCT-01-0195,INV-01-0195,2023-09,1442886
RCT-01-0196,INV-01-0196,2023-09,1442886
RCT-01-0197,INV-01-0197,2023-09,1442886
RCT-01-0198,INV-01-0198,2023-09,1442886
RCT-01-0199,INV-01-0199,2023-09,1442886
RCT-01-0200,INV-01-0200,2023-09,1442886
RCT-01-0201,INV-01-0201,2023-09,1442886
RCT-01-0202,INV-01-0202,2023-09,1442886
RCT-01-0203,INV-01-0203,2023-09,1442886
RCT-01-0204,INV-01-0204,2023-09,1442886
RCT-01-0205,INV-01-0205,2023-09,1442886
RCT-01-0206,INV-01-0206,2023-09,1442886
RCT-01-0207,INV-01-0207,2023-09,1442886
RCT-01-0208,INV-01-0208,2023-09,1442886
RCT-01-0209,INV-01-0209,2023-09,1442886
RCT-01-0210,INV-01-0210,2023-09,1442886
RCT-01-0211,INV-01-0211,2023-09,1442886
RCT-01-0212,INV-01-0212,2023-09,1442886
RCT-01-0213,INV-01-0213,2023-09,1442886
RCT-01-0214,INV-01-0214,2023-09,1442886
RCT-01-0215,INV-01-0215,2023-09,1442886
RCT-01-0216,INV-01-0216,2023-09,1442886
RCT-01-0217,INV-01-0217,2023-09,1442886
RCT-01-0218,INV-01-0218,2023-09,1442886
RCT-01-0219,INV-01-0219,2023-09,1442886
RCT-01-0220,INV-01-0220,2023-09,1442886
RCT-01-0221,INV-01-0221,2023-09,1442886
RCT-01-0222,INV-01-0222,2023-09,1442886
RCT-01-0223,INV-01-0223,2023-09,1442886
RCT-01-0224,INV-01-0224,2023-09,1442886
RCT-01-0225,INV-01-0225,2023-09,1442886
RCT-01-0226,INV-01-0226,2023-09,1442886
RCT-01-0227,INV-01-0227,2023-09,1442886
RCT-01-0228,INV-01-0228,2023-09,1442886
RCT-01-0229,INV-01-0229,2023-09,1442886
RCT-01-0230,INV-01-0230,2023-09,1442886
RCT-01-0231,INV-01-0231,2023-09,1442886
RCT-01-0232,INV-01-0232,2023-09,1442886
RCT-01-0233,INV-01-0233,2023-09,1442886
RCT-01-0234,INV-01-0234,2023-09,1442886
RCT-01-0235,INV-01-0235,2023-09,1442886
RCT-01-0236,INV-01-0236,2023-09,1442886
RCT-01-0237,INV-01-0237,2023-09,1442886
RCT-01-0238,INV-01-0238,2023-09,1442886
RCT-01-0239,INV-01-0239,2023-09,1442886
RCT-01-0240,INV-01-0240,2023-09,1442886
RCT-01-0241,INV-01-0241,2023-09,1442886
RCT-01-0242,INV-01-0242,2023-09,1442886
RCT-01-0243,INV-01-0243,2023-09,1442886
RCT-01-0244,INV-01-0244,2023-09,1442886
RCT-01-0245,INV-01-0245,2023-09,1442886
RCT-01-0246,INV-01-0246,2023-09,1442886
RCT-01-0247,INV-01-0247,2023-09,1442886
RCT-01-0248,INV-01-0248,2023-09,1442886
RCT-01-0249,INV-01-0249,2023-09,1442886
RCT-01-0250,INV-01-0250,2023-09,1442886
RCT-01-0251,INV-01-0251,2023-09,1442886
RCT-01-0252,INV-01-0252,2023-09,1442886
RCT-01-0253,INV-01-0253,2023-09,1442886
RCT-01-0254,INV-01-0254,2023-09,1442886
RCT-01-0255,INV-01-0255,2023-09,1442886
RCT-01-0256,INV-01-0256,2023-09,1442886
RCT-01-0257,INV-01-0257,2023-09,1442886
RCT-01-0258,INV-01-0258,2023-09,1442886
RCT-01-0259,INV-01-0259,2023-09,1442886
RCT-01-0260,INV-01-0260,2023-09,1442886
RCT-01-0261,INV-01-0261,2023-09,1442886
RCT-01-0262,INV-01-0262,2023-09,1442886
RCT-01-0263,INV-01-0263,2023-09,1442886
RCT-01-0264,INV-01-0264,2023-09,1442886
RCT-01-0265,INV-01-0265,2023-09,1442886
RCT-01-0266,INV-01-0266,2023-09,1442886
RCT-01-0267,INV-01-0267,2023-09,1442886
RCT-01-0268,INV-01-0268,2023-09,1442886
RCT-01-0269,INV-01-0269,2023-09,1442886
RCT-01-0270,INV-01-0270,2023-09,1442886
RCT-01-0271,INV-01-0271,2023-09,1442886
RCT-01-0272,INV-01-0272,2023-09,1442886
RCT-01-0273,INV-01-0273,2023-09,1442886
RCT-01-0274,INV-01-0274,2023-09,1442886
RCT-01-0275,INV-01-0275,2023-09,1442886
RCT-01-0276,INV-01-0276,2023-09,1442886
RCT-01-0277,INV-01-0277,2023-09,1442886
RCT-01-0278,INV-01-0278,2023-09,1442886
RCT-01-0279,INV-01-0279,2023-09,1442886
RCT-01-0280,INV-01-0280,2023-09,1442886
RCT-01-0281,INV-01-0281,2023-09,1442886
RCT-01-0282,INV-01-0282,2023-09,1442886
RCT-01-0283,INV-01-0283,2023-09,1442886
RCT-01-0284,INV-01-0284,2023-09,1442886
RCT-01-0285,INV-01-0285,2023-09,1442886
RCT-01-0286,INV-01-0286,2023-09,1442886
RCT-01-0287,INV-01-0287,2023-09,1442886
RCT-01-0288,INV-01-0288,2023-09,1442886
RCT-01-0289,INV-01-0289,2023-09,1442886
RCT-01-0290,INV-01-0290,2023-09,1442886
RCT-01-0291,INV-01-0291,2023-09,1442886
RCT-01-0292,INV-01-0292,2023-09,1442886
RCT-01-0293,INV-01-0293,2023-09,1442886
RCT-01-0294,INV-01-0294,2023-09,1442886
RCT-01-0295,INV-01-0295,2023-09,1442886
RCT-01-0296,INV-01-0296,2023-09,1442886
RCT-01-0297,INV-01-0297,2023-09,1442886
RCT-01-0298,INV-01-0298,2023-09,1442886
RCT-01-0299,INV-01-0299,2023-09,1442886
RCT-01-0300,INV-01-0300,2023-09,1442886
RCT-01-0301,INV-01-0301,2023-09,1442886
RCT-01-0302,INV-01-0302,2023-09,1442886
RCT-01-0303,INV-01-0303,2023-09,1442886
RCT-01-0304,INV-01-0304,2023-09,1442886
RCT-01-0305,INV-01-0305,2023-09,1442886
RCT-01-0306,INV-01-0306,2023-09,1442886
RCT-01-0307,INV-01-0307,2023-09,1442886
RCT-01-0308,INV-01-0308,2023-09,1442886
RCT-01-0309,INV-01-0309,2023-09,1442886
RCT-01-0310,INV-01-0310,2023-09,1442886
RCT-01-0311,INV-01-0311,2023-09,1442885
RCT-01-0312,INV-01-0312,2023-09,1442885
RCT-01-0313,INV-01-0313,2023-09,1442885
RCT-01-0314,INV-01-0314,2023-09,1442885
RCT-01-0315,INV-01-0315,2023-09,1442885
RCT-01-0316,INV-01-0316,2023-09,1442885
RCT-01-0317,INV-01-0317,2023-09,1442885
RCT-01-0318,INV-01-0318,2023-09,1442885
RCT-01-0319,INV-01-0319,2023-09,1442885
RCT-01-0320,INV-01-0320,2023-09,1442885
RCT-01-0321,INV-01-0321,2023-09,1442885
RCT-01-0322,INV-01-0322,2023-09,1442885
RCT-01-0323,INV-01-0323,2023-09,1442885
RCT-01-0324,INV-01-0324,2023-09,1442885
RCT-01-0325,INV-01-0325,2023-09,1442885
RCT-01-0326,INV-01-0326,2023-09,1442885
RCT-01-0327,INV-01-0327,2023-09,1442885
RCT-01-0328,INV-01-0328,2023-09,1442885
RCT-01-0329,INV-01-0329,2023-09,1442885
RCT-01-0330,INV-01-0330,2023-09,1442885
RCT-01-0331,INV-01-0331,2023-09,1442885
RCT-01-0332,INV-01-0332,2023-09,1442885
RCT-01-0333,INV-01-0333,2023-09,1442885
RCT-01-0334,INV-01-0334,2023-09,1442885
RCT-01-0335,INV-01-0335,2023-09,1442885
RCT-01-0336,INV-01-0336,2023-09,1442885
RCT-01-0337,INV-01-0337,2023-09,1442885
RCT-01-0338,INV-01-0338,2023-09,1442885
RCT-01-0339,INV-01-0339,2023-09,1442885
RCT-01-0340,INV-01-0340,2023-09,1442885
RCT-01-0341,INV-01-0341,2023-09,1442885
RCT-01-0342,INV-01-0342,2023-09,1442885
RCT-01-0343,INV-01-0343,2023-09,1442885
RCT-01-0344,INV-01-0344,2023-09,1442885
RCT-01-0345,INV-01-0345,2023-09,1442885
RCT-01-0346,INV-01-0346,2023-09,1442885
RCT-01-0347,INV-01-0347,2023-09,1442885
RCT-01-0348,INV-01-0348,2023-09,1442885
RCT-01-0349,INV-01-0349,2023-09,1442885
RCT-01-0350,INV-01-0350,2023-09,1442885
RCT-01-0351,INV-01-0351,2023-09,1442885
RCT-01-0352,INV-01-0352,2023-09,1442885
RCT-01-0353,INV-01-0353,2023-09,1442885
RCT-01-0354,INV-01-0354,2023-09,1442885
RCT-01-0355,INV-01-0355,2023-09,1442885
RCT-01-0356,INV-01-0356,2023-09,1442885
RCT-01-0357,INV-01-0357,2023-09,1442885
RCT-01-0358,INV-01-0358,2023-09,1442885
RCT-01-0359,INV-01-0359,2023-09,1442885
RCT-01-0360,INV-01-0360,2023-09,1442885
RCT-01-0361,INV-01-0361,2023-09,1442885
RCT-01-0362,INV-01-0362,2023-09,1442885
RCT-01-0363,INV-01-0363,2023-09,1442885
RCT-01-0364,INV-01-0364,2023-09,1442885
RCT-01-0365,INV-01-0365,2023-09,1442885
RCT-01-0366,INV-01-0366,2023-09,1442885
RCT-01-0367,INV-01-0367,2023-09,1442885
RCT-01-0368,INV-01-0368,2023-09,1442885
RCT-01-0369,INV-01-0369,2023-09,1442885
RCT-01-0370,INV-01-0370,2023-09,1442885
RCT-01-0371,INV-01-0371,2023-09,1442885
RCT-01-0372,INV-01-0372,2023-09,1442885
RCT-01-0373,INV-01-0373,2023-09,1442885
RCT-01-0374,INV-01-0374,2023-09,1442885
RCT-01-0375,INV-01-0375,2023-09,1442885
RCT-01-0376,INV-01-0376,2023-09,1442885
RCT-01-0377,INV-01-0377,2023-09,1442885
RCT-01-0378,INV-01-0378,2023-09,1442885
RCT-01-0379,INV-01-0379,2023-09,1442885
RCT-01-0380,INV-01-0380,2023-09,1442885
RCT-01-0381,INV-01-0381,2023-09,1442885
RCT-01-0382,INV-01-0382,2023-09,1442885
RCT-01-0383,INV-01-0383,2023-09,1442885
RCT-01-0384,INV-01-0384,2023-09,1442885
RCT-01-0385,INV-01-0385,2023-09,1442885
RCT-01-0386,INV-01-0386,2023-09,1442885
RCT-01-0387,INV-01-0387,2023-09,1442885
RCT-01-0388,INV-01-0388,2023-09,1442885
RCT-01-0389,INV-01-0389,2023-09,1442885
RCT-01-0390,INV-01-0390,2023-09,1442885
RCT-01-0391,INV-01-0391,2023-09,1442885
RCT-01-0392,INV-01-0392,2023-09,1442885
RCT-01-0393,INV-01-0393,2023-09,1442885
RCT-01-0394,INV-01-0394,2023-09,1442885
RCT-01-0395,INV-01-0395,2023-09,1442885
RCT-01-0396,INV-01-0396,2023-09,1442885
RCT-01-0397,INV-01-0397,2023-09,1442885
RCT-01-0398,INV-01-0398,2023-09,1442885
RCT-01-0399,INV-01-0399,2023-09,1442885
RCT-01-0400,INV-01-0400,2023-09,1442885
RCT-01-0401,INV-01-0401,2023-09,1442885
RCT-01-0402,INV-01-0402,2023-09,1442885
RCT-01-0403,INV-01-0403,2023-09,1442885
RCT-01-0404,INV-01-0404,2023-09,1442885
RCT-01-0405,INV-01-0405,2023-09,1442885
RCT-01-0406,INV-01-0406,2023-09,1442885
RCT-01-0407,INV-01-0407,2023-09,1442885
RCT-01-0408,INV-01-0408,2023-09,1442885
RCT-01-0409,INV-01-0409,2023-09,1442885
RCT-01-0410,INV-01-0410,2023-09,1442885
RCT-01-0411,INV-01-0411,2023-09,1442885
RCT-01-0412,INV-01-0412,2023-09,1442885
RCT-01-0413,INV-01-0413,2023-09,1442885
RCT-01-0414,INV-01-0414,2023-09,1442885
RCT-01-0415,INV-01-0415,2023-09,1442885
RCT-01-0416,INV-01-0416,2023-09,1442885
RCT-01-0417,INV-01-0417,2023-09,1442885
RCT-01-0418,INV-01-0418,2023-09,1442885
RCT-01-0419,INV-01-0419,2023-09,1442885
RCT-01-0420,INV-01-0420,2023-09,1442885
RCT-01-0421,INV-01-0421,2023-09,1442885
RCT-01-0422,INV-01-0422,2023-09,1442885
RCT-01-0423,INV-01-0423,2023-09,1442885
RCT-01-0424,INV-01-0424,2023-09,1442885
RCT-01-0425,INV-01-0425,2023-09,1442885
RCT-01-0426,INV-01-0426,2023-09,1442885
RCT-01-0427,INV-01-0427,2023-09,1442885
RCT-01-0428,INV-01-0428,2023-09,1442885
RCT-01-0429,INV-01-0429,2023-09,1442885
RCT-01-0430,INV-01-0430,2023-09,1442885
RCT-01-0431,INV-01-0431,2023-09,1442885
RCT-01-0432,INV-01-0432,2023-09,1442885
RCT-01-0433,INV-01-0433,2023-09,1442885
RCT-01-0434,INV-01-0434,2023-09,1442885
RCT-01-0435,INV-01-0435,2023-09,1442885
RCT-01-0436,INV-01-0436,2023-09,1442885
RCT-01-0437,INV-01-0437,2023-09,1442885
RCT-01-0438,INV-01-0438,2023-09,1442885
RCT-01-0439,INV-01-0439,2023-09,1442885
RCT-01-0440,INV-01-0440,2023-09,1442885
RCT-01-0441,INV-01-0441,2023-09,1442885
RCT-01-0442,INV-01-0442,2023-09,1442885
RCT-01-0443,INV-01-0443,2023-09,1442885
RCT-01-0444,INV-01-0444,2023-09,1442885
RCT-01-0445,INV-01-0445,2023-09,1442885
RCT-01-0446,INV-01-0446,2023-09,1442885
RCT-01-0447,INV-01-0447,2023-09,1442885
RCT-01-0448,INV-01-0448,2023-09,1442885
RCT-01-0449,INV-01-0449,2023-09,1442885
RCT-01-0450,INV-01-0450,2023-09,1442885
RCT-01-0451,INV-01-0451,2023-09,1442885
RCT-01-0452,INV-01-0452,2023-09,1442885
RCT-01-0453,INV-01-0453,2023-09,1442885
RCT-01-0454,INV-01-0454,2023-09,1442885
RCT-01-0455,INV-01-0455,2023-09,1442885
RCT-01-0456,INV-01-0456,2023-09,1442885
RCT-01-0457,INV-01-0457,2023-09,1442885
RCT-01-0458,INV-01-0458,2023-09,1442885
RCT-01-0459,INV-01-0459,2023-09,1442885
RCT-01-0460,INV-01-0460,2023-09,1442885
RCT-01-0461,INV-01-0461,2023-09,1442885
RCT-01-0462,INV-01-0462,2023-09,1442885
RCT-01-0463,INV-01-0463,2023-09,1442885
RCT-01-0464,INV-01-0464,2023-09,1442885
RCT-01-0465,INV-01-0465,2023-09,1442885
RCT-01-0466,INV-01-0466,2023-09,1442885
RCT-01-0467,INV-01-0467,2023-09,1442885
RCT-01-0468,INV-01-0468,2023-09,1442885
RCT-01-0469,INV-01-0469,2023-09,1442885
RCT-01-0470,INV-01-0470,2023-09,1442885
RCT-01-0471,INV-01-0471,2023-09,1442885
RCT-01-0472,INV-01-0472,2023-09,1442885
RCT-01-0473,INV-01-0473,2023-09,1442885
RCT-01-0474,INV-01-0474,2023-09,1442885
RCT-01-0475,INV-01-0475,2023-09,1442885
RCT-01-0476,INV-01-0476,2023-09,1442885
RCT-01-0477,INV-01-0477,2023-09,1442885
RCT-01-0478,INV-01-0478,2023-09,1442885
RCT-01-0479,INV-01-0479,2023-09,1442885
RCT-01-0480,INV-01-0480,2023-09,1442885
RCT-01-0481,INV-01-0481,2023-09,1442885
RCT-01-0482,INV-01-0482,2023-09,1442885
RCT-01-0483,INV-01-0483,2023-09,1442885
RCT-01-0484,INV-01-0484,2023-09,1442885
RCT-01-0485,INV-01-0485,2023-09,1442885
RCT-01-0486,INV-01-0486,2023-09,1442885
RCT-01-0487,INV-01-0487,2023-09,1442885
RCT-01-0488,INV-01-0488,2023-09,1442885
RCT-01-0489,INV-01-0489,2023-09,1442885
RCT-01-0490,INV-01-0490,2023-09,1442885
RCT-01-0491,INV-01-0491,2023-09,1442885
RCT-01-0492,INV-01-0492,2023-09,1442885
RCT-01-0493,INV-01-0493,2023-09,1442885
RCT-01-0494,INV-01-0494,2023-09,1442885
RCT-01-0495,INV-01-0495,2023-09,1442885
RCT-01-0496,INV-01-0496,2023-09,1442885
RCT-01-0497,INV-01-0497,2023-09,1442885
RCT-01-0498,INV-01-0498,2023-09,1442885
RCT-01-0499,INV-01-0499,2023-09,1442885
RCT-01-0500,INV-01-0500,2023-09,1442885
RCT-01-SVC,INV-01-SVC,2023-09,109999999
RCT-02-0001,INV-02-0001,2023-10,183000000
RCT-02-0002,INV-02-0002,2023-10,1466934
RCT-02-0003,INV-02-0003,2023-10,1466934
RCT-02-0004,INV-02-0004,2023-10,1466934
RCT-02-0005,INV-02-0005,2023-10,1466934
RCT-02-0006,INV-02-0006,2023-10,1466934
RCT-02-0007,INV-02-0007,2023-10,1466934
RCT-02-0008,INV-02-0008,2023-10,1466934
RCT-02-0009,INV-02-0009,2023-10,1466934
RCT-02-0010,INV-02-0010,2023-10,1466934
RCT-02-0011,INV-02-0011,2023-10,1466934
RCT-02-0012,INV-02-0012,2023-10,1466934
RCT-02-0013,INV-02-0013,2023-10,1466934
RCT-02-0014,INV-02-0014,2023-10,1466934
RCT-02-0015,INV-02-0015,2023-10,1466934
RCT-02-0016,INV-02-0016,2023-10,1466934
RCT-02-0017,INV-02-0017,2023-10,1466934
RCT-02-0018,INV-02-0018,2023-10,1466934
RCT-02-0019,INV-02-0019,2023-10,1466934
RCT-02-0020,INV-02-0020,2023-10,1466934
RCT-02-0021,INV-02-0021,2023-10,1466934
RCT-02-0022,INV-02-0022,2023-10,1466934
RCT-02-0023,INV-02-0023,2023-10,1466934
RCT-02-0024,INV-02-0024,2023-10,1466934
RCT-02-0025,INV-02-0025,2023-10,1466934
RCT-02-0026,INV-02-0026,2023-10,1466934
RCT-02-0027,INV-02-0027,2023-10,1466934
RCT-02-0028,INV-02-0028,2023-10,1466934
RCT-02-0029,INV-02-0029,2023-10,1466934
RCT-02-0030,INV-02-0030,2023-10,1466934
RCT-02-0031,INV-02-0031,2023-10,1466934
RCT-02-0032,INV-02-0032,2023-10,1466934
RCT-02-0033,INV-02-0033,2023-10,1466934
RCT-02-0034,INV-02-0034,2023-10,1466934
RCT-02-0035,INV-02-0035,2023-10,1466934
RCT-02-0036,INV-02-0036,2023-10,1466934
RCT-02-0037,INV-02-0037,2023-10,1466934
RCT-02-0038,INV-02-0038,2023-10,1466934
RCT-02-0039,INV-02-0039,2023-10,1466934
RCT-02-0040,INV-02-0040,2023-10,1466934
RCT-02-0041,INV-02-0041,2023-10,1466934
RCT-02-0042,INV-02-0042,2023-10,1466934
RCT-02-0043,INV-02-0043,2023-10,1466934
RCT-02-0044,INV-02-0044,2023-10,1466934
RCT-02-0045,INV-02-0045,2023-10,1466934
RCT-02-0046,INV-02-0046,2023-10,1466934
RCT-02-0047,INV-02-0047,2023-10,1466934
RCT-02-0048,INV-02-0048,2023-10,1466934
RCT-02-0049,INV-02-0049,2023-10,1466934
RCT-02-0050,INV-02-0050,2023-10,1466934
RCT-02-0051,INV-02-0051,2023-10,1466934
RCT-02-0052,INV-02-0052,2023-10,1466934
RCT-02-0053,INV-02-0053,2023-10,1466934
RCT-02-0054,INV-02-0054,2023-10,1466934
RCT-02-0055,INV-02-0055,2023-10,1466934
RCT-02-0056,INV-02-0056,2023-10,1466934
RCT-02-0057,INV-02-0057,2023-10,1466934
RCT-02-0058,INV-02-0058,2023-10,1466934
RCT-02-0059,INV-02-0059,2023-10,1466934
RCT-02-0060,INV-02-0060,2023-10,1466934
RCT-02-0061,INV-02-0061,2023-10,1466934
RCT-02-0062,INV-02-0062,2023-10,1466934
RCT-02-0063,INV-02-0063,2023-10,1466934
RCT-02-0064,INV-02-0064,2023-10,1466934
RCT-02-0065,INV-02-0065,2023-10,1466934
RCT-02-0066,INV-02-0066,2023-10,1466934
RCT-02-0067,INV-02-0067,2023-10,1466934
RCT-02-0068,INV-02-0068,2023-10,1466934
RCT-02-0069,INV-02-0069,2023-10,1466934
RCT-02-0070,INV-02-0070,2023-10,1466934
RCT-02-0071,INV-02-0071,2023-10,1466934
RCT-02-0072,INV-02-0072,2023-10,1466934
RCT-02-0073,INV-02-0073,2023-10,1466934
RCT-02-0074,INV-02-0074,2023-10,1466934
RCT-02-0075,INV-02-0075,2023-10,1466934
RCT-02-0076,INV-02-0076,2023-10,1466934
RCT-02-0077,INV-02-0077,2023-10,1466934
RCT-02-0078,INV-02-0078,2023-10,1466934
RCT-02-0079,INV-02-0079,2023-10,1466934
RCT-02-0080,INV-02-0080,2023-10,1466934
RCT-02-0081,INV-02-0081,2023-10,1466934
RCT-02-0082,INV-02-0082,2023-10,1466934
RCT-02-0083,INV-02-0083,2023-10,1466934
RCT-02-0084,INV-02-0084,2023-10,1466934
RCT-02-0085,INV-02-0085,2023-10,1466934
RCT-02-0086,INV-02-0086,2023-10,1466934
RCT-02-0087,INV-02-0087,2023-10,1466934
RCT-02-0088,INV-02-0088,2023-10,1466934
RCT-02-0089,INV-02-0089,2023-10,1466934
RCT-02-0090,INV-02-0090,2023-10,1466934
RCT-02-0091,INV-02-0091,2023-10,1466934
RCT-02-0092,INV-02-0092,2023-10,1466934
RCT-02-0093,INV-02-0093,2023-10,1466934
RCT-02-0094,INV-02-0094,2023-10,1466934
RCT-02-0095,INV-02-0095,2023-10,1466934
RCT-02-0096,INV-02-0096,2023-10,1466934
RCT-02-0097,INV-02-0097,2023-10,1466934
RCT-02-0098,INV-02-0098,2023-10,1466934
RCT-02-0099,INV-02-0099,2023-10,1466934
RCT-02-0100,INV-02-0100,2023-10,1466934
RCT-02-0101,INV-02-0101,2023-10,1466934
RCT-02-0102,INV-02-0102,2023-10,1466934
RCT-02-0103,INV-02-0103,2023-10,1466934
RCT-02-0104,INV-02-0104,2023-10,1466934
RCT-02-0105,INV-02-0105,2023-10,1466934
RCT-02-0106,INV-02-0106,2023-10,1466934
RCT-02-0107,INV-02-0107,2023-10,1466934
RCT-02-0108,INV-02-0108,2023-10,1466934
RCT-02-0109,INV-02-0109,2023-10,1466934
RCT-02-0110,INV-02-0110,2023-10,1466934
RCT-02-0111,INV-02-0111,2023-10,1466934
RCT-02-0112,INV-02-0112,2023-10,1466934
RCT-02-0113,INV-02-0113,2023-10,1466934
RCT-02-0114,INV-02-0114,2023-10,1466934
RCT-02-0115,INV-02-0115,2023-10,1466934
RCT-02-0116,INV-02-0116,2023-10,1466934
RCT-02-0117,INV-02-0117,2023-10,1466934
RCT-02-0118,INV-02-0118,2023-10,1466934
RCT-02-0119,INV-02-0119,2023-10,1466934
RCT-02-0120,INV-02-0120,2023-10,1466934
RCT-02-0121,INV-02-0121,2023-10,1466934
RCT-02-0122,INV-02-0122,2023-10,1466934
RCT-02-0123,INV-02-0123,2023-10,1466934
RCT-02-0124,INV-02-0124,2023-10,1466934
RCT-02-0125,INV-02-0125,2023-10,1466934
RCT-02-0126,INV-02-0126,2023-10,1466934
RCT-02-0127,INV-02-0127,2023-10,1466934
RCT-02-0128,INV-02-0128,2023-10,1466934
RCT-02-0129,INV-02-0129,2023-10,1466934
RCT-02-0130,INV-02-0130,2023-10,1466934
RCT-02-0131,INV-02-0131,2023-10,1466934
RCT-02-0132,INV-02-0132,2023-10,1466934
RCT-02-0133,INV-02-0133,2023-10,1466934
RCT-02-0134,INV-02-0134,2023-10,1466934
RCT-02-0135,INV-02-0135,2023-10,1466934
RCT-02-0136,INV-02-0136,2023-10,1466934
RCT-02-0137,INV-02-0137,2023-10,1466934
RCT-02-0138,INV-02-0138,2023-10,1466934
RCT-02-0139,INV-02-0139,2023-10,1466934
RCT-02-0140,INV-02-0140,2023-10,1466934
RCT-02-0141,INV-02-0141,2023-10,1466934
RCT-02-0142,INV-02-0142,2023-10,1466934
RCT-02-0143,INV-02-0143,2023-10,1466934
RCT-02-0144,INV-02-0144,2023-10,1466934
RCT-02-0145,INV-02-0145,2023-10,1466934
RCT-02-0146,INV-02-0146,2023-10,1466934
RCT-02-0147,INV-02-0147,2023-10,1466934
RCT-02-0148,INV-02-0148,2023-10,1466934
RCT-02-0149,INV-02-0149,2023-10,1466934
RCT-02-0150,INV-02-0150,2023-10,1466934
RCT-02-0151,INV-02-0151,2023-10,1466934
RCT-02-0152,INV-02-0152,2023-10,1466934
RCT-02-0153,INV-02-0153,2023-10,1466934
RCT-02-0154,INV-02-0154,2023-10,1466934
RCT-02-0155,INV-02-0155,2023-10,1466934
RCT-02-0156,INV-02-0156,2023-10,1466934
RCT-02-0157,INV-02-0157,2023-10,1466934
RCT-02-0158,INV-02-0158,2023-10,1466934
RCT-02-0159,INV-02-0159,2023-10,1466934
RCT-02-0160,INV-02-0160,2023-10,1466934
RCT-02-0161,INV-02-0161,2023-10,1466934
RCT-02-0162,INV-02-0162,2023-10,1466934
RCT-02-0163,INV-02-0163,2023-10,1466934
RCT-02-0164,INV-02-0164,2023-10,1466934
RCT-02-0165,INV-02-0165,2023-10,1466934
RCT-02-0166,INV-02-0166,2023-10,1466934
RCT-02-0167,INV-02-0167,2023-10,1466934
RCT-02-0168,INV-02-0168,2023-10,1466934
RCT-02-0169,INV-02-0169,2023-10,1466934
RCT-02-0170,INV-02-0170,2023-10,1466934
RCT-02-0171,INV-02-0171,2023-10,1466934
RCT-02-0172,INV-02-0172,2023-10,1466934
RCT-02-0173,INV-02-0173,2023-10,1466934
RCT-02-0174,INV-02-0174,2023-10,1466934
RCT-02-0175,INV-02-0175,2023-10,1466934
RCT-02-0176,INV-02-0176,2023-10,1466934
RCT-02-0177,INV-02-0177,2023-10,1466934
RCT-02-0178,INV-02-0178,2023-10,1466934
RCT-02-0179,INV-02-0179,2023-10,1466934
RCT-02-0180,INV-02-0180,2023-10,1466934
RCT-02-0181,INV-02-0181,2023-10,1466934
RCT-02-0182,INV-02-0182,2023-10,1466934
RCT-02-0183,INV-02-0183,2023-10,1466934
RCT-02-0184,INV-02-0184,2023-10,1466934
RCT-02-0185,INV-02-0185,2023-10,1466934
RCT-02-0186,INV-02-0186,2023-10,1466934
RCT-02-0187,INV-02-0187,2023-10,1466934
RCT-02-0188,INV-02-0188,2023-10,1466934
RCT-02-0189,INV-02-0189,2023-10,1466934
RCT-02-0190,INV-02-0190,2023-10,1466934
RCT-02-0191,INV-02-0191,2023-10,1466934
RCT-02-0192,INV-02-0192,2023-10,1466934
RCT-02-0193,INV-02-0193,2023-10,1466934
RCT-02-0194,INV-02-0194,2023-10,1466934
RCT-02-0195,INV-02-0195,2023-10,1466934
RCT-02-0196,INV-02-0196,2023-10,1466934
RCT-02-0197,INV-02-0197,2023-10,1466934
RCT-02-0198,INV-02-0198,2023-10,1466934
RCT-02-0199,INV-02-0199,2023-10,1466934
RCT-02-0200,INV-02-0200,2023-10,1466934
RCT-02-0201,INV-02-0201,2023-10,1466934
RCT-02-0202,INV-02-0202,2023-10,1466934
RCT-02-0203,INV-02-0203,2023-10,1466934
RCT-02-0204,INV-02-0204,2023-10,1466934
RCT-02-0205,INV-02-0205,2023-10,1466934
RCT-02-0206,INV-02-0206,2023-10,1466934
RCT-02-0207,INV-02-0207,2023-10,1466934
RCT-02-0208,INV-02-0208,2023-10,1466934
RCT-02-0209,INV-02-0209,2023-10,1466934
RCT-02-0210,INV-02-0210,2023-10,1466934
RCT-02-0211,INV-02-0211,2023-10,1466934
RCT-02-0212,INV-02-0212,2023-10,1466934
RCT-02-0213,INV-02-0213,2023-10,1466934
RCT-02-0214,INV-02-0214,2023-10,1466934
RCT-02-0215,INV-02-0215,2023-10,1466934
RCT-02-0216,INV-02-0216,2023-10,1466934
RCT-02-0217,INV-02-0217,2023-10,1466934
RCT-02-0218,INV-02-0218,2023-10,1466934
RCT-02-0219,INV-02-0219,2023-10,1466934
RCT-02-0220,INV-02-0220,2023-10,1466934
RCT-02-0221,INV-02-0221,2023-10,1466934
RCT-02-0222,INV-02-0222,2023-10,1466934
RCT-02-0223,INV-02-0223,2023-10,1466934
RCT-02-0224,INV-02-0224,2023-10,1466934
RCT-02-0225,INV-02-0225,2023-10,1466934
RCT-02-0226,INV-02-0226,2023-10,1466934
RCT-02-0227,INV-02-0227,2023-10,1466934
RCT-02-0228,INV-02-0228,2023-10,1466934
RCT-02-0229,INV-02-0229,2023-10,1466934
RCT-02-0230,INV-02-0230,2023-10,1466934
RCT-02-0231,INV-02-0231,2023-10,1466934
RCT-02-0232,INV-02-0232,2023-10,1466934
RCT-02-0233,INV-02-0233,2023-10,1466934
RCT-02-0234,INV-02-0234,2023-10,1466934
RCT-02-0235,INV-02-0235,2023-10,1466934
RCT-02-0236,INV-02-0236,2023-10,1466934
RCT-02-0237,INV-02-0237,2023-10,1466934
RCT-02-0238,INV-02-0238,2023-10,1466934
RCT-02-0239,INV-02-0239,2023-10,1466934
RCT-02-0240,INV-02-0240,2023-10,1466934
RCT-02-0241,INV-02-0241,2023-10,1466934
RCT-02-0242,INV-02-0242,2023-10,1466934
RCT-02-0243,INV-02-0243,2023-10,1466934
RCT-02-0244,INV-02-0244,2023-10,1466934
RCT-02-0245,INV-02-0245,2023-10,1466934
RCT-02-0246,INV-02-0246,2023-10,1466934
RCT-02-0247,INV-02-0247,2023-10,1466934
RCT-02-0248,INV-02-0248,2023-10,1466934
RCT-02-0249,INV-02-0249,2023-10,1466934
RCT-02-0250,INV-02-0250,2023-10,1466934
RCT-02-0251,INV-02-0251,2023-10,1466934
RCT-02-0252,INV-02-0252,2023-10,1466934
RCT-02-0253,INV-02-0253,2023-10,1466934
RCT-02-0254,INV-02-0254,2023-10,1466934
RCT-02-0255,INV-02-0255,2023-10,1466934
RCT-02-0256,INV-02-0256,2023-10,1466934
RCT-02-0257,INV-02-0257,2023-10,1466934
RCT-02-0258,INV-02-0258,2023-10,1466934
RCT-02-0259,INV-02-0259,2023-10,1466934
RCT-02-0260,INV-02-0260,2023-10,1466934
RCT-02-0261,INV-02-0261,2023-10,1466934
RCT-02-0262,INV-02-0262,2023-10,1466934
RCT-02-0263,INV-02-0263,2023-10,1466934
RCT-02-0264,INV-02-0264,2023-10,1466934
RCT-02-0265,INV-02-0265,2023-10,1466934
RCT-02-0266,INV-02-0266,2023-10,1466934
RCT-02-0267,INV-02-0267,2023-10,1466934
RCT-02-0268,INV-02-0268,2023-10,1466934
RCT-02-0269,INV-02-0269,2023-10,1466934
RCT-02-0270,INV-02-0270,2023-10,1466934
RCT-02-0271,INV-02-0271,2023-10,1466934
RCT-02-0272,INV-02-0272,2023-10,1466934
RCT-02-0273,INV-02-0273,2023-10,1466934
RCT-02-0274,INV-02-0274,2023-10,1466934
RCT-02-0275,INV-02-0275,2023-10,1466934
RCT-02-0276,INV-02-0276,2023-10,1466934
RCT-02-0277,INV-02-0277,2023-10,1466934
RCT-02-0278,INV-02-0278,2023-10,1466934
RCT-02-0279,INV-02-0279,2023-10,1466934
RCT-02-0280,INV-02-0280,2023-10,1466934
RCT-02-0281,INV-02-0281,2023-10,1466934
RCT-02-0282,INV-02-0282,2023-10,1466934
RCT-02-0283,INV-02-0283,2023-10,1466934
RCT-02-0284,INV-02-0284,2023-10,1466934
RCT-02-0285,INV-02-0285,2023-10,1466934
RCT-02-0286,INV-02-0286,2023-10,1466934
RCT-02-0287,INV-02-0287,2023-10,1466934
RCT-02-0288,INV-02-0288,2023-10,1466934
RCT-02-0289,INV-02-0289,2023-10,1466934
RCT-02-0290,INV-02-0290,2023-10,1466934
RCT-02-0291,INV-02-0291,2023-10,1466934
RCT-02-0292,INV-02-0292,2023-10,1466934
RCT-02-0293,INV-02-0293,2023-10,1466934
RCT-02-0294,INV-02-0294,2023-10,1466934
RCT-02-0295,INV-02-0295,2023-10,1466934
RCT-02-0296,INV-02-0296,2023-10,1466934
RCT-02-0297,INV-02-0297,2023-10,1466934
RCT-02-0298,INV-02-0298,2023-10,1466934
RCT-02-0299,INV-02-0299,2023-10,1466934
RCT-02-0300,INV-02-0300,2023-10,1466934
RCT-02-0301,INV-02-0301,2023-10,1466934
RCT-02-0302,INV-02-0302,2023-10,1466934
RCT-02-0303,INV-02-0303,2023-10,1466934
RCT-02-0304,INV-02-0304,2023-10,1466934
RCT-02-0305,INV-02-0305,2023-10,1466934
RCT-02-0306,INV-02-0306,2023-10,1466934
RCT-02-0307,INV-02-0307,2023-10,1466934
RCT-02-0308,INV-02-0308,2023-10,1466934
RCT-02-0309,INV-02-0309,2023-10,1466934
RCT-02-0310,INV-02-0310,2023-10,1466934
RCT-02-0311,INV-02-0311,2023-10,1466933
RCT-02-0312,INV-02-0312,2023-10,1466933
RCT-02-0313,INV-02-0313,2023-10,1466933
RCT-02-0314,INV-02-0314,2023-10,1466933
RCT-02-0315,INV-02-0315,2023-10,1466933
RCT-02-0316,INV-02-0316,2023-10,1466933
RCT-02-0317,INV-02-0317,2023-10,1466933
RCT-02-0318,INV-02-0318,2023-10,1466933
RCT-02-0319,INV-02-0319,2023-10,1466933
RCT-02-0320,INV-02-0320,2023-10,1466933
RCT-02-0321,INV-02-0321,2023-10,1466933
RCT-02-0322,INV-02-0322,2023-10,1466933
RCT-02-0323,INV-02-0323,2023-10,1466933
RCT-02-0324,INV-02-0324,2023-10,1466933
RCT-02-0325,INV-02-0325,2023-10,1466933
RCT-02-0326,INV-02-0326,2023-10,1466933
RCT-02-0327,INV-02-0327,2023-10,1466933
RCT-02-0328,INV-02-0328,2023-10,1466933
RCT-02-0329,INV-02-0329,2023-10,1466933
RCT-02-0330,INV-02-0330,2023-10,1466933
RCT-02-0331,INV-02-0331,2023-10,1466933
RCT-02-0332,INV-02-0332,2023-10,1466933
RCT-02-0333,INV-02-0333,2023-10,1466933
RCT-02-0334,INV-02-0334,2023-10,1466933
RCT-02-0335,INV-02-0335,2023-10,1466933
RCT-02-0336,INV-02-0336,2023-10,1466933
RCT-02-0337,INV-02-0337,2023-10,1466933
RCT-02-0338,INV-02-0338,2023-10,1466933
RCT-02-0339,INV-02-0339,2023-10,1466933
RCT-02-0340,INV-02-0340,2023-10,1466933
RCT-02-0341,INV-02-0341,2023-10,1466933
RCT-02-0342,INV-02-0342,2023-10,1466933
RCT-02-0343,INV-02-0343,2023-10,1466933
RCT-02-0344,INV-02-0344,2023-10,1466933
RCT-02-0345,INV-02-0345,2023-10,1466933
RCT-02-0346,INV-02-0346,2023-10,1466933
RCT-02-0347,INV-02-0347,2023-10,1466933
RCT-02-0348,INV-02-0348,2023-10,1466933
RCT-02-0349,INV-02-0349,2023-10,1466933
RCT-02-0350,INV-02-0350,2023-10,1466933
RCT-02-0351,INV-02-0351,2023-10,1466933
RCT-02-0352,INV-02-0352,2023-10,1466933
RCT-02-0353,INV-02-0353,2023-10,1466933
RCT-02-0354,INV-02-0354,2023-10,1466933
RCT-02-0355,INV-02-0355,2023-10,1466933
RCT-02-0356,INV-02-0356,2023-10,1466933
RCT-02-0357,INV-02-0357,2023-10,1466933
RCT-02-0358,INV-02-0358,2023-10,1466933
RCT-02-0359,INV-02-0359,2023-10,1466933
RCT-02-0360,INV-02-0360,2023-10,1466933
RCT-02-0361,INV-02-0361,2023-10,1466933
RCT-02-0362,INV-02-0362,2023-10,1466933
RCT-02-0363,INV-02-0363,2023-10,1466933
RCT-02-0364,INV-02-0364,2023-10,1466933
RCT-02-0365,INV-02-0365,2023-10,1466933
RCT-02-0366,INV-02-0366,2023-10,1466933
RCT-02-0367,INV-02-0367,2023-10,1466933
RCT-02-0368,INV-02-0368,2023-10,1466933
RCT-02-0369,INV-02-0369,2023-10,1466933
RCT-02-0370,INV-02-0370,2023-10,1466933
RCT-02-0371,INV-02-0371,2023-10,1466933
RCT-02-0372,INV-02-0372,2023-10,1466933
RCT-02-0373,INV-02-0373,2023-10,1466933
RCT-02-0374,INV-02-0374,2023-10,1466933
RCT-02-0375,INV-02-0375,2023-10,1466933
RCT-02-0376,INV-02-0376,2023-10,1466933
RCT-02-0377,INV-02-0377,2023-10,1466933
RCT-02-0378,INV-02-0378,2023-10,1466933
RCT-02-0379,INV-02-0379,2023-10,1466933
RCT-02-0380,INV-02-0380,2023-10,1466933
RCT-02-0381,INV-02-0381,2023-10,1466933
RCT-02-0382,INV-02-0382,2023-10,1466933
RCT-02-0383,INV-02-0383,2023-10,1466933
RCT-02-0384,INV-02-0384,2023-10,1466933
RCT-02-0385,INV-02-0385,2023-10,1466933
RCT-02-0386,INV-02-0386,2023-10,1466933
RCT-02-0387,INV-02-0387,2023-10,1466933
RCT-02-0388,INV-02-0388,2023-10,1466933
RCT-02-0389,INV-02-0389,2023-10,1466933
RCT-02-0390,INV-02-0390,2023-10,1466933
RCT-02-0391,INV-02-0391,2023-10,1466933
RCT-02-0392,INV-02-0392,2023-10,1466933
RCT-02-0393,INV-02-0393,2023-10,1466933
RCT-02-0394,INV-02-0394,2023-10,1466933
RCT-02-0395,INV-02-0395,2023-10,1466933
RCT-02-0396,INV-02-0396,2023-10,1466933
RCT-02-0397,INV-02-0397,2023-10,1466933
RCT-02-0398,INV-02-0398,2023-10,1466933
RCT-02-0399,INV-02-0399,2023-10,1466933
RCT-02-0400,INV-02-0400,2023-10,1466933
RCT-02-0401,INV-02-0401,2023-10,1466933
RCT-02-0402,INV-02-0402,2023-10,1466933
RCT-02-0403,INV-02-0403,2023-10,1466933
RCT-02-0404,INV-02-0404,2023-10,1466933
RCT-02-0405,INV-02-0405,2023-10,1466933
RCT-02-0406,INV-02-0406,2023-10,1466933
RCT-02-0407,INV-02-0407,2023-10,1466933
RCT-02-0408,INV-02-0408,2023-10,1466933
RCT-02-0409,INV-02-0409,2023-10,1466933
RCT-02-0410,INV-02-0410,2023-10,1466933
RCT-02-0411,INV-02-0411,2023-10,1466933
RCT-02-0412,INV-02-0412,2023-10,1466933
RCT-02-0413,INV-02-0413,2023-10,1466933
RCT-02-0414,INV-02-0414,2023-10,1466933
RCT-02-0415,INV-02-0415,2023-10,1466933
RCT-02-0416,INV-02-0416,2023-10,1466933
RCT-02-0417,INV-02-0417,2023-10,1466933
RCT-02-0418,INV-02-0418,2023-10,1466933
RCT-02-0419,INV-02-0419,2023-10,1466933
RCT-02-0420,INV-02-0420,2023-10,1466933
RCT-02-0421,INV-02-0421,2023-10,1466933
RCT-02-0422,INV-02-0422,2023-10,1466933
RCT-02-0423,INV-02-0423,2023-10,1466933
RCT-02-0424,INV-02-0424,2023-10,1466933
RCT-02-0425,INV-02-0425,2023-10,1466933
RCT-02-0426,INV-02-0426,2023-10,1466933
RCT-02-0427,INV-02-0427,2023-10,1466933
RCT-02-0428,INV-02-0428,2023-10,1466933
RCT-02-0429,INV-02-0429,2023-10,1466933
RCT-02-0430,INV-02-0430,2023-10,1466933
RCT-02-0431,INV-02-0431,2023-10,1466933
RCT-02-0432,INV-02-0432,2023-10,1466933
RCT-02-0433,INV-02-0433,2023-10,1466933
RCT-02-0434,INV-02-0434,2023-10,1466933
RCT-02-0435,INV-02-0435,2023-10,1466933
RCT-02-0436,INV-02-0436,2023-10,1466933
RCT-02-0437,INV-02-0437,2023-10,1466933
RCT-02-0438,INV-02-0438,2023-10,1466933
RCT-02-0439,INV-02-0439,2023-10,1466933
RCT-02-0440,INV-02-0440,2023-10,1466933
RCT-02-0441,INV-02-0441,2023-10,1466933
RCT-02-0442,INV-02-0442,2023-10,1466933
RCT-02-0443,INV-02-0443,2023-10,1466933
RCT-02-0444,INV-02-0444,2023-10,1466933
RCT-02-0445,INV-02-0445,2023-10,1466933
RCT-02-0446,INV-02-0446,2023-10,1466933
RCT-02-0447,INV-02-0447,2023-10,1466933
RCT-02-0448,INV-02-0448,2023-10,1466933
RCT-02-0449,INV-02-0449,2023-10,1466933
RCT-02-0450,INV-02-0450,2023-10,1466933
RCT-02-0451,INV-02-0451,2023-10,1466933
RCT-02-0452,INV-02-0452,2023-10,1466933
RCT-02-0453,INV-02-0453,2023-10,1466933
RCT-02-0454,INV-02-0454,2023-10,1466933
RCT-02-0455,INV-02-0455,2023-10,1466933
RCT-02-0456,INV-02-0456,2023-10,1466933
RCT-02-0457,INV-02-0457,2023-10,1466933
RCT-02-0458,INV-02-0458,2023-10,1466933
RCT-02-0459,INV-02-0459,2023-10,1466933
RCT-02-0460,INV-02-0460,2023-10,1466933
RCT-02-0461,INV-02-0461,2023-10,1466933
RCT-02-0462,INV-02-0462,2023-10,1466933
RCT-02-0463,INV-02-0463,2023-10,1466933
RCT-02-0464,INV-02-0464,2023-10,1466933
RCT-02-0465,INV-02-0465,2023-10,1466933
RCT-02-0466,INV-02-0466,2023-10,1466933
RCT-02-0467,INV-02-0467,2023-10,1466933
RCT-02-0468,INV-02-0468,2023-10,1466933
RCT-02-0469,INV-02-0469,2023-10,1466933
RCT-02-0470,INV-02-0470,2023-10,1466933
RCT-02-0471,INV-02-0471,2023-10,1466933
RCT-02-0472,INV-02-0472,2023-10,1466933
RCT-02-0473,INV-02-0473,2023-10,1466933
RCT-02-0474,INV-02-0474,2023-10,1466933
RCT-02-0475,INV-02-0475,2023-10,1466933
RCT-02-0476,INV-02-0476,2023-10,1466933
RCT-02-0477,INV-02-0477,2023-10,1466933
RCT-02-0478,INV-02-0478,2023-10,1466933
RCT-02-0479,INV-02-0479,2023-10,1466933
RCT-02-0480,INV-02-0480,2023-10,1466933
RCT-02-0481,INV-02-0481,2023-10,1466933
RCT-02-0482,INV-02-0482,2023-10,1466933
RCT-02-0483,INV-02-0483,2023-10,1466933
RCT-02-0484,INV-02-0484,2023-10,1466933
RCT-02-0485,INV-02-0485,2023-10,1466933
RCT-02-0486,INV-02-0486,2023-10,1466933
RCT-02-0487,INV-02-0487,2023-10,1466933
RCT-02-0488,INV-02-0488,2023-10,1466933
RCT-02-0489,INV-02-0489,2023-10,1466933
RCT-02-0490,INV-02-0490,2023-10,1466933
RCT-02-0491,INV-02-0491,2023-10,1466933
RCT-02-0492,INV-02-0492,2023-10,1466933
RCT-02-0493,INV-02-0493,2023-10,1466933
RCT-02-0494,INV-02-0494,2023-10,1466933
RCT-02-0495,INV-02-0495,2023-10,1466933
RCT-02-0496,INV-02-0496,2023-10,1466933
RCT-02-0497,INV-02-0497,2023-10,1466933
RCT-02-0498,INV-02-0498,2023-10,1466933
RCT-02-0499,INV-02-0499,2023-10,1466933
RCT-02-0500,INV-02-0500,2023-10,1466933
RCT-02-SVC,INV-02-SVC,2023-10,111833333
RCT-03-0001,INV-03-0001,2023-11,186000000
RCT-03-0002,INV-03-0002,2023-11,1490982
RCT-03-0003,INV-03-0003,2023-11,1490982
RCT-03-0004,INV-03-0004,2023-11,1490982
RCT-03-0005,INV-03-0005,2023-11,1490982
RCT-03-0006,INV-03-0006,2023-11,1490982
RCT-03-0007,INV-03-0007,2023-11,1490982
RCT-03-0008,INV-03-0008,2023-11,1490982
RCT-03-0009,INV-03-0009,2023-11,1490982
RCT-03-0010,INV-03-0010,2023-11,1490982
RCT-03-0011,INV-03-0011,2023-11,1490982
RCT-03-0012,INV-03-0012,2023-11,1490982
RCT-03-0013,INV-03-0013,2023-11,1490982
RCT-03-0014,INV-03-0014,2023-11,1490982
RCT-03-0015,INV-03-0015,2023-11,1490982
RCT-03-0016,INV-03-0016,2023-11,1490982
RCT-03-0017,INV-03-0017,2023-11,1490982
RCT-03-0018,INV-03-0018,2023-11,1490982
RCT-03-0019,INV-03-0019,2023-11,1490982
RCT-03-0020,INV-03-0020,2023-11,1490982
RCT-03-0021,INV-03-0021,2023-11,1490982
RCT-03-0022,INV-03-0022,2023-11,1490982
RCT-03-0023,INV-03-0023,2023-11,1490982
RCT-03-0024,INV-03-0024,2023-11,1490982
RCT-03-0025,INV-03-0025,2023-11,1490982
RCT-03-0026,INV-03-0026,2023-11,1490982
RCT-03-0027,INV-03-0027,2023-11,1490982
RCT-03-0028,INV-03-0028,2023-11,1490982
RCT-03-0029,INV-03-0029,2023-11,1490982
RCT-03-0030,INV-03-0030,2023-11,1490982
RCT-03-0031,INV-03-0031,2023-11,1490982
RCT-03-0032,INV-03-0032,2023-11,1490982
RCT-03-0033,INV-03-0033,2023-11,1490982
RCT-03-0034,INV-03-0034,2023-11,1490982
RCT-03-0035,INV-03-0035,2023-11,1490982
RCT-03-0036,INV-03-0036,2023-11,1490982
RCT-03-0037,INV-03-0037,2023-11,1490982
RCT-03-0038,INV-03-0038,2023-11,1490982
RCT-03-0039,INV-03-0039,2023-11,1490982
RCT-03-0040,INV-03-0040,2023-11,1490982
RCT-03-0041,INV-03-0041,2023-11,1490982
RCT-03-0042,INV-03-0042,2023-11,1490982
RCT-03-0043,INV-03-0043,2023-11,1490982
RCT-03-0044,INV-03-0044,2023-11,1490982
RCT-03-0045,INV-03-0045,2023-11,1490982
RCT-03-0046,INV-03-0046,2023-11,1490982
RCT-03-0047,INV-03-0047,2023-11,1490982
RCT-03-0048,INV-03-0048,2023-11,1490982
RCT-03-0049,INV-03-0049,2023-11,1490982
RCT-03-0050,INV-03-0050,2023-11,1490982
RCT-03-0051,INV-03-0051,2023-11,1490982
RCT-03-0052,INV-03-0052,2023-11,1490982
RCT-03-0053,INV-03-0053,2023-11,1490982
RCT-03-0054,INV-03-0054,2023-11,1490982
RCT-03-0055,INV-03-0055,2023-11,1490982
RCT-03-0056,INV-03-0056,2023-11,1490982
RCT-03-0057,INV-03-0057,2023-11,1490982
RCT-03-0058,INV-03-0058,2023-11,1490982
RCT-03-0059,INV-03-0059,2023-11,1490982
RCT-03-0060,INV-03-0060,2023-11,1490982
RCT-03-0061,INV-03-0061,2023-11,1490982
RCT-03-0062,INV-03-0062,2023-11,1490982
RCT-03-0063,INV-03-0063,2023-11,1490982
RCT-03-0064,INV-03-0064,2023-11,1490982
RCT-03-0065,INV-03-0065,2023-11,1490982
RCT-03-0066,INV-03-0066,2023-11,1490982
RCT-03-0067,INV-03-0067,2023-11,1490982
RCT-03-0068,INV-03-0068,2023-11,1490982
RCT-03-0069,INV-03-0069,2023-11,1490982
RCT-03-0070,INV-03-0070,2023-11,1490982
RCT-03-0071,INV-03-0071,2023-11,1490982
RCT-03-0072,INV-03-0072,2023-11,1490982
RCT-03-0073,INV-03-0073,2023-11,1490982
RCT-03-0074,INV-03-0074,2023-11,1490982
RCT-03-0075,INV-03-0075,2023-11,1490982
RCT-03-0076,INV-03-0076,2023-11,1490982
RCT-03-0077,INV-03-0077,2023-11,1490982
RCT-03-0078,INV-03-0078,2023-11,1490982
RCT-03-0079,INV-03-0079,2023-11,1490982
RCT-03-0080,INV-03-0080,2023-11,1490982
RCT-03-0081,INV-03-0081,2023-11,1490982
RCT-03-0082,INV-03-0082,2023-11,1490982
RCT-03-0083,INV-03-0083,2023-11,1490982
RCT-03-0084,INV-03-0084,2023-11,1490982
RCT-03-0085,INV-03-0085,2023-11,1490982
RCT-03-0086,INV-03-0086,2023-11,1490982
RCT-03-0087,INV-03-0087,2023-11,1490982
RCT-03-0088,INV-03-0088,2023-11,1490982
RCT-03-0089,INV-03-0089,2023-11,1490982
RCT-03-0090,INV-03-0090,2023-11,1490982
RCT-03-0091,INV-03-0091,2023-11,1490982
RCT-03-0092,INV-03-0092,2023-11,1490982
RCT-03-0093,INV-03-0093,2023-11,1490982
RCT-03-0094,INV-03-0094,2023-11,1490982
RCT-03-0095,INV-03-0095,2023-11,1490982
RCT-03-0096,INV-03-0096,2023-11,1490982
RCT-03-0097,INV-03-0097,2023-11,1490982
RCT-03-0098,INV-03-0098,2023-11,1490982
RCT-03-0099,INV-03-0099,2023-11,1490982
RCT-03-0100,INV-03-0100,2023-11,1490982
RCT-03-0101,INV-03-0101,2023-11,1490982
RCT-03-0102,INV-03-0102,2023-11,1490982
RCT-03-0103,INV-03-0103,2023-11,1490982
RCT-03-0104,INV-03-0104,2023-11,1490982
RCT-03-0105,INV-03-0105,2023-11,1490982
RCT-03-0106,INV-03-0106,2023-11,1490982
RCT-03-0107,INV-03-0107,2023-11,1490982
RCT-03-0108,INV-03-0108,2023-11,1490982
RCT-03-0109,INV-03-0109,2023-11,1490982
RCT-03-0110,INV-03-0110,2023-11,1490982
RCT-03-0111,INV-03-0111,2023-11,1490982
RCT-03-0112,INV-03-0112,2023-11,1490982
RCT-03-0113,INV-03-0113,2023-11,1490982
RCT-03-0114,INV-03-0114,2023-11,1490982
RCT-03-0115,INV-03-0115,2023-11,1490982
RCT-03-0116,INV-03-0116,2023-11,1490982
RCT-03-0117,INV-03-0117,2023-11,1490982
RCT-03-0118,INV-03-0118,2023-11,1490982
RCT-03-0119,INV-03-0119,2023-11,1490982
RCT-03-0120,INV-03-0120,2023-11,1490982
RCT-03-0121,INV-03-0121,2023-11,1490982
RCT-03-0122,INV-03-0122,2023-11,1490982
RCT-03-0123,INV-03-0123,2023-11,1490982
RCT-03-0124,INV-03-0124,2023-11,1490982
RCT-03-0125,INV-03-0125,2023-11,1490982
RCT-03-0126,INV-03-0126,2023-11,1490982
RCT-03-0127,INV-03-0127,2023-11,1490982
RCT-03-0128,INV-03-0128,2023-11,1490982
RCT-03-0129,INV-03-0129,2023-11,1490982
RCT-03-0130,INV-03-0130,2023-11,1490982
RCT-03-0131,INV-03-0131,2023-11,1490982
RCT-03-0132,INV-03-0132,2023-11,1490982
RCT-03-0133,INV-03-0133,2023-11,1490982
RCT-03-0134,INV-03-0134,2023-11,1490982
RCT-03-0135,INV-03-0135,2023-11,1490982
RCT-03-0136,INV-03-0136,2023-11,1490982
RCT-03-0137,INV-03-0137,2023-11,1490982
RCT-03-0138,INV-03-0138,2023-11,1490982
RCT-03-0139,INV-03-0139,2023-11,1490982
RCT-03-0140,INV-03-0140,2023-11,1490982
RCT-03-0141,INV-03-0141,2023-11,1490982
RCT-03-0142,INV-03-0142,2023-11,1490982
RCT-03-0143,INV-03-0143,2023-11,1490982
RCT-03-0144,INV-03-0144,2023-11,1490982
RCT-03-0145,INV-03-0145,2023-11,1490982
RCT-03-0146,INV-03-0146,2023-11,1490982
RCT-03-0147,INV-03-0147,2023-11,1490982
RCT-03-0148,INV-03-0148,2023-11,1490982
RCT-03-0149,INV-03-0149,2023-11,1490982
RCT-03-0150,INV-03-0150,2023-11,1490982
RCT-03-0151,INV-03-0151,2023-11,1490982
RCT-03-0152,INV-03-0152,2023-11,1490982
RCT-03-0153,INV-03-0153,2023-11,1490982
RCT-03-0154,INV-03-0154,2023-11,1490982
RCT-03-0155,INV-03-0155,2023-11,1490982
RCT-03-0156,INV-03-0156,2023-11,1490982
RCT-03-0157,INV-03-0157,2023-11,1490982
RCT-03-0158,INV-03-0158,2023-11,1490982
RCT-03-0159,INV-03-0159,2023-11,1490982
RCT-03-0160,INV-03-0160,2023-11,1490982
RCT-03-0161,INV-03-0161,2023-11,1490982
RCT-03-0162,INV-03-0162,2023-11,1490982
RCT-03-0163,INV-03-0163,2023-11,1490982
RCT-03-0164,INV-03-0164,2023-11,1490982
RCT-03-0165,INV-03-0165,2023-11,1490982
RCT-03-0166,INV-03-0166,2023-11,1490982
RCT-03-0167,INV-03-0167,2023-11,1490982
RCT-03-0168,INV-03-0168,2023-11,1490982
RCT-03-0169,INV-03-0169,2023-11,1490982
RCT-03-0170,INV-03-0170,2023-11,1490982
RCT-03-0171,INV-03-0171,2023-11,1490982
RCT-03-0172,INV-03-0172,2023-11,1490982
RCT-03-0173,INV-03-0173,2023-11,1490982
RCT-03-0174,INV-03-0174,2023-11,1490982
RCT-03-0175,INV-03-0175,2023-11,1490982
RCT-03-0176,INV-03-0176,2023-11,1490982
RCT-03-0177,INV-03-0177,2023-11,1490982
RCT-03-0178,INV-03-0178,2023-11,1490982
RCT-03-0179,INV-03-0179,2023-11,1490982
RCT-03-0180,INV-03-0180,2023-11,1490982
RCT-03-0181,INV-03-0181,2023-11,1490982
RCT-03-0182,INV-03-0182,2023-11,1490982
RCT-03-0183,INV-03-0183,2023-11,1490982
RCT-03-0184,INV-03-0184,2023-11,1490982
RCT-03-0185,INV-03-0185,2023-11,1490982
RCT-03-0186,INV-03-0186,2023-11,1490982
RCT-03-0187,INV-03-0187,2023-11,1490982
RCT-03-0188,INV-03-0188,2023-11,1490982
RCT-03-0189,INV-03-0189,2023-11,1490982
RCT-03-0190,INV-03-0190,2023-11,1490982
RCT-03-0191,INV-03-0191,2023-11,1490982
RCT-03-0192,INV-03-0192,2023-11,1490982
RCT-03-0193,INV-03-0193,2023-11,1490982
RCT-03-0194,INV-03-0194,2023-11,1490982
RCT-03-0195,INV-03-0195,2023-11,1490982
RCT-03-0196,INV-03-0196,2023-11,1490982
RCT-03-0197,INV-03-0197,2023-11,1490982
RCT-03-0198,INV-03-0198,2023-11,1490982
RCT-03-0199,INV-03-0199,2023-11,1490982
RCT-03-0200,INV-03-0200,2023-11,1490982
RCT-03-0201,INV-03-0201,2023-11,1490982
RCT-03-0202,INV-03-0202,2023-11,1490982
RCT-03-0203,INV-03-0203,2023-11,1490982
RCT-03-0204,INV-03-0204,2023-11,1490982
RCT-03-0205,INV-03-0205,2023-11,1490982
RCT-03-0206,INV-03-0206,2023-11,1490982
RCT-03-0207,INV-03-0207,2023-11,1490982
RCT-03-0208,INV-03-0208,2023-11,1490982
RCT-03-0209,INV-03-0209,2023-11,1490982
RCT-03-0210,INV-03-0210,2023-11,1490982
RCT-03-0211,INV-03-0211,2023-11,1490982
RCT-03-0212,INV-03-0212,2023-11,1490982
RCT-03-0213,INV-03-0213,2023-11,1490982
RCT-03-0214,INV-03-0214,2023-11,1490982
RCT-03-0215,INV-03-0215,2023-11,1490982
RCT-03-0216,INV-03-0216,2023-11,1490982
RCT-03-0217,INV-03-0217,2023-11,1490982
RCT-03-0218,INV-03-0218,2023-11,1490982
RCT-03-0219,INV-03-0219,2023-11,1490982
RCT-03-0220,INV-03-0220,2023-11,1490982
RCT-03-0221,INV-03-0221,2023-11,1490982
RCT-03-0222,INV-03-0222,2023-11,1490982
RCT-03-0223,INV-03-0223,2023-11,1490982
RCT-03-0224,INV-03-0224,2023-11,1490982
RCT-03-0225,INV-03-0225,2023-11,1490982
RCT-03-0226,INV-03-0226,2023-11,1490982
RCT-03-0227,INV-03-0227,2023-11,1490982
RCT-03-0228,INV-03-0228,2023-11,1490982
RCT-03-0229,INV-03-0229,2023-11,1490982
RCT-03-0230,INV-03-0230,2023-11,1490982
RCT-03-0231,INV-03-0231,2023-11,1490982
RCT-03-0232,INV-03-0232,2023-11,1490982
RCT-03-0233,INV-03-0233,2023-11,1490982
RCT-03-0234,INV-03-0234,2023-11,1490982
RCT-03-0235,INV-03-0235,2023-11,1490982
RCT-03-0236,INV-03-0236,2023-11,1490982
RCT-03-0237,INV-03-0237,2023-11,1490982
RCT-03-0238,INV-03-0238,2023-11,1490982
RCT-03-0239,INV-03-0239,2023-11,1490982
RCT-03-0240,INV-03-0240,2023-11,1490982
RCT-03-0241,INV-03-0241,2023-11,1490982
RCT-03-0242,INV-03-0242,2023-11,1490982
RCT-03-0243,INV-03-0243,2023-11,1490982
RCT-03-0244,INV-03-0244,2023-11,1490982
RCT-03-0245,INV-03-0245,2023-11,1490982
RCT-03-0246,INV-03-0246,2023-11,1490982
RCT-03-0247,INV-03-0247,2023-11,1490982
RCT-03-0248,INV-03-0248,2023-11,1490982
RCT-03-0249,INV-03-0249,2023-11,1490982
RCT-03-0250,INV-03-0250,2023-11,1490982
RCT-03-0251,INV-03-0251,2023-11,1490982
RCT-03-0252,INV-03-0252,2023-11,1490982
RCT-03-0253,INV-03-0253,2023-11,1490982
RCT-03-0254,INV-03-0254,2023-11,1490982
RCT-03-0255,INV-03-0255,2023-11,1490982
RCT-03-0256,INV-03-0256,2023-11,1490982
RCT-03-0257,INV-03-0257,2023-11,1490982
RCT-03-0258,INV-03-0258,2023-11,1490982
RCT-03-0259,INV-03-0259,2023-11,1490982
RCT-03-0260,INV-03-0260,2023-11,1490982
RCT-03-0261,INV-03-0261,2023-11,1490982
RCT-03-0262,INV-03-0262,2023-11,1490982
RCT-03-0263,INV-03-0263,2023-11,1490982
RCT-03-0264,INV-03-0264,2023-11,1490982
RCT-03-0265,INV-03-0265,2023-11,1490982
RCT-03-0266,INV-03-0266,2023-11,1490982
RCT-03-0267,INV-03-0267,2023-11,1490982
RCT-03-0268,INV-03-0268,2023-11,1490982
RCT-03-0269,INV-03-0269,2023-11,1490982
RCT-03-0270,INV-03-0270,2023-11,1490982
RCT-03-0271,INV-03-0271,2023-11,1490982
RCT-03-0272,INV-03-0272,2023-11,1490982
RCT-03-0273,INV-03-0273,2023-11,1490982
RCT-03-0274,INV-03-0274,2023-11,1490982
RCT-03-0275,INV-03-0275,2023-11,1490982
RCT-03-0276,INV-03-0276,2023-11,1490982
RCT-03-0277,INV-03-0277,2023-11,1490982
RCT-03-0278,INV-03-0278,2023-11,1490982
RCT-03-0279,INV-03-0279,2023-11,1490982
RCT-03-0280,INV-03-0280,2023-11,1490982
RCT-03-0281,INV-03-0281,2023-11,1490982
RCT-03-0282,INV-03-0282,2023-11,1490982
RCT-03-0283,INV-03-0283,2023-11,1490982
RCT-03-0284,INV-03-0284,2023-11,1490982
RCT-03-0285,INV-03-0285,2023-11,1490982
RCT-03-0286,INV-03-0286,2023-11,1490982
RCT-03-0287,INV-03-0287,2023-11,1490982
RCT-03-0288,INV-03-0288,2023-11,1490982
RCT-03-0289,INV-03-0289,2023-11,1490982
RCT-03-0290,INV-03-0290,2023-11,1490982
RCT-03-0291,INV-03-0291,2023-11,1490982
RCT-03-0292,INV-03-0292,2023-11,1490982
RCT-03-0293,INV-03-0293,2023-11,1490982
RCT-03-0294,INV-03-0294,2023-11,1490982
RCT-03-0295,INV-03-0295,2023-11,1490982
RCT-03-0296,INV-03-0296,2023-11,1490982
RCT-03-0297,INV-03-0297,2023-11,1490982
RCT-03-0298,INV-03-0298,2023-11,1490982
RCT-03-0299,INV-03-0299,2023-11,1490982
RCT-03-0300,INV-03-0300,2023-11,1490982
RCT-03-0301,INV-03-0301,2023-11,1490982
RCT-03-0302,INV-03-0302,2023-11,1490982
RCT-03-0303,INV-03-0303,2023-11,1490982
RCT-03-0304,INV-03-0304,2023-11,1490982
RCT-03-0305,INV-03-0305,2023-11,1490982
RCT-03-0306,INV-03-0306,2023-11,1490982
RCT-03-0307,INV-03-0307,2023-11,1490982
RCT-03-0308,INV-03-0308,2023-11,1490982
RCT-03-0309,INV-03-0309,2023-11,1490982
RCT-03-0310,INV-03-0310,2023-11,1490982
RCT-03-0311,INV-03-0311,2023-11,1490981
RCT-03-0312,INV-03-0312,2023-11,1490981
RCT-03-0313,INV-03-0313,2023-11,1490981
RCT-03-0314,INV-03-0314,2023-11,1490981
RCT-03-0315,INV-03-0315,2023-11,1490981
RCT-03-0316,INV-03-0316,2023-11,1490981
RCT-03-0317,INV-03-0317,2023-11,1490981
RCT-03-0318,INV-03-0318,2023-11,1490981
RCT-03-0319,INV-03-0319,2023-11,1490981
RCT-03-0320,INV-03-0320,2023-11,1490981
RCT-03-0321,INV-03-0321,2023-11,1490981
RCT-03-0322,INV-03-0322,2023-11,1490981
RCT-03-0323,INV-03-0323,2023-11,1490981
RCT-03-0324,INV-03-0324,2023-11,1490981
RCT-03-0325,INV-03-0325,2023-11,1490981
RCT-03-0326,INV-03-0326,2023-11,1490981
RCT-03-0327,INV-03-0327,2023-11,1490981
RCT-03-0328,INV-03-0328,2023-11,1490981
RCT-03-0329,INV-03-0329,2023-11,1490981
RCT-03-0330,INV-03-0330,2023-11,1490981
RCT-03-0331,INV-03-0331,2023-11,1490981
RCT-03-0332,INV-03-0332,2023-11,1490981
RCT-03-0333,INV-03-0333,2023-11,1490981
RCT-03-0334,INV-03-0334,2023-11,1490981
RCT-03-0335,INV-03-0335,2023-11,1490981
RCT-03-0336,INV-03-0336,2023-11,1490981
RCT-03-0337,INV-03-0337,2023-11,1490981
RCT-03-0338,INV-03-0338,2023-11,1490981
RCT-03-0339,INV-03-0339,2023-11,1490981
RCT-03-0340,INV-03-0340,2023-11,1490981
RCT-03-0341,INV-03-0341,2023-11,1490981
RCT-03-0342,INV-03-0342,2023-11,1490981
RCT-03-0343,INV-03-0343,2023-11,1490981
RCT-03-0344,INV-03-0344,2023-11,1490981
RCT-03-0345,INV-03-0345,2023-11,1490981
RCT-03-0346,INV-03-0346,2023-11,1490981
RCT-03-0347,INV-03-0347,2023-11,1490981
RCT-03-0348,INV-03-0348,2023-11,1490981
RCT-03-0349,INV-03-0349,2023-11,1490981
RCT-03-0350,INV-03-0350,2023-11,1490981
RCT-03-0351,INV-03-0351,2023-11,1490981
RCT-03-0352,INV-03-0352,2023-11,1490981
RCT-03-0353,INV-03-0353,2023-11,1490981
RCT-03-0354,INV-03-0354,2023-11,1490981
RCT-03-0355,INV-03-0355,2023-11,1490981
RCT-03-0356,INV-03-0356,2023-11,1490981
RCT-03-0357,INV-03-0357,2023-11,1490981
RCT-03-0358,INV-03-0358,2023-11,1490981
RCT-03-0359,INV-03-0359,2023-11,1490981
RCT-03-0360,INV-03-0360,2023-11,1490981
RCT-03-0361,INV-03-0361,2023-11,1490981
RCT-03-0362,INV-03-0362,2023-11,1490981
RCT-03-0363,INV-03-0363,2023-11,1490981
RCT-03-0364,INV-03-0364,2023-11,1490981
RCT-03-0365,INV-03-0365,2023-11,1490981
RCT-03-0366,INV-03-0366,2023-11,1490981
RCT-03-0367,INV-03-0367,2023-11,1490981
RCT-03-0368,INV-03-0368,2023-11,1490981
RCT-03-0369,INV-03-0369,2023-11,1490981
RCT-03-0370,INV-03-0370,2023-11,1490981
RCT-03-0371,INV-03-0371,2023-11,1490981
RCT-03-0372,INV-03-0372,2023-11,1490981
RCT-03-0373,INV-03-0373,2023-11,1490981
RCT-03-0374,INV-03-0374,2023-11,1490981
RCT-03-0375,INV-03-0375,2023-11,1490981
RCT-03-0376,INV-03-0376,2023-11,1490981
RCT-03-0377,INV-03-0377,2023-11,1490981
RCT-03-0378,INV-03-0378,2023-11,1490981
RCT-03-0379,INV-03-0379,2023-11,1490981
RCT-03-0380,INV-03-0380,2023-11,1490981
RCT-03-0381,INV-03-0381,2023-11,1490981
RCT-03-0382,INV-03-0382,2023-11,1490981
RCT-03-0383,INV-03-0383,2023-11,1490981
RCT-03-0384,INV-03-0384,2023-11,1490981
RCT-03-0385,INV-03-0385,2023-11,1490981
RCT-03-0386,INV-03-0386,2023-11,1490981
RCT-03-0387,INV-03-0387,2023-11,1490981
RCT-03-0388,INV-03-0388,2023-11,1490981
RCT-03-0389,INV-03-0389,2023-11,1490981
RCT-03-0390,INV-03-0390,2023-11,1490981
RCT-03-0391,INV-03-0391,2023-11,1490981
RCT-03-0392,INV-03-0392,2023-11,1490981
RCT-03-0393,INV-03-0393,2023-11,1490981
RCT-03-0394,INV-03-0394,2023-11,1490981
RCT-03-0395,INV-03-0395,2023-11,1490981
RCT-03-0396,INV-03-0396,2023-11,1490981
RCT-03-0397,INV-03-0397,2023-11,1490981
RCT-03-0398,INV-03-0398,2023-11,1490981
RCT-03-0399,INV-03-0399,2023-11,1490981
RCT-03-0400,INV-03-0400,2023-11,1490981
RCT-03-0401,INV-03-0401,2023-11,1490981
RCT-03-0402,INV-03-0402,2023-11,1490981
RCT-03-0403,INV-03-0403,2023-11,1490981
RCT-03-0404,INV-03-0404,2023-11,1490981
RCT-03-0405,INV-03-0405,2023-11,1490981
RCT-03-0406,INV-03-0406,2023-11,1490981
RCT-03-0407,INV-03-0407,2023-11,1490981
RCT-03-0408,INV-03-0408,2023-11,1490981
RCT-03-0409,INV-03-0409,2023-11,1490981
RCT-03-0410,INV-03-0410,2023-11,1490981
RCT-03-0411,INV-03-0411,2023-11,1490981
RCT-03-0412,INV-03-0412,2023-11,1490981
RCT-03-0413,INV-03-0413,2023-11,1490981
RCT-03-0414,INV-03-0414,2023-11,1490981
RCT-03-0415,INV-03-0415,2023-11,1490981
RCT-03-0416,INV-03-0416,2023-11,1490981
RCT-03-0417,INV-03-0417,2023-11,1490981
RCT-03-0418,INV-03-0418,2023-11,1490981
RCT-03-0419,INV-03-0419,2023-11,1490981
RCT-03-0420,INV-03-0420,2023-11,1490981
RCT-03-0421,INV-03-0421,2023-11,1490981
RCT-03-0422,INV-03-0422,2023-11,1490981
RCT-03-0423,INV-03-0423,2023-11,1490981
RCT-03-0424,INV-03-0424,2023-11,1490981
RCT-03-0425,INV-03-0425,2023-11,1490981
RCT-03-0426,INV-03-0426,2023-11,1490981
RCT-03-0427,INV-03-0427,2023-11,1490981
RCT-03-0428,INV-03-0428,2023-11,1490981
RCT-03-0429,INV-03-0429,2023-11,1490981
RCT-03-0430,INV-03-0430,2023-11,1490981
RCT-03-0431,INV-03-0431,2023-11,1490981
RCT-03-0432,INV-03-0432,2023-11,1490981
RCT-03-0433,INV-03-0433,2023-11,1490981
RCT-03-0434,INV-03-0434,2023-11,1490981
RCT-03-0435,INV-03-0435,2023-11,1490981
RCT-03-0436,INV-03-0436,2023-11,1490981
RCT-03-0437,INV-03-0437,2023-11,1490981
RCT-03-0438,INV-03-0438,2023-11,1490981
RCT-03-0439,INV-03-0439,2023-11,1490981
RCT-03-0440,INV-03-0440,2023-11,1490981
RCT-03-0441,INV-03-0441,2023-11,1490981
RCT-03-0442,INV-03-0442,2023-11,1490981
RCT-03-0443,INV-03-0443,2023-11,1490981
RCT-03-0444,INV-03-0444,2023-11,1490981
RCT-03-0445,INV-03-0445,2023-11,1490981
RCT-03-0446,INV-03-0446,2023-11,1490981
RCT-03-0447,INV-03-0447,2023-11,1490981
RCT-03-0448,INV-03-0448,2023-11,1490981
RCT-03-0449,INV-03-0449,2023-11,1490981
RCT-03-0450,INV-03-0450,2023-11,1490981
RCT-03-0451,INV-03-0451,2023-11,1490981
RCT-03-0452,INV-03-0452,2023-11,1490981
RCT-03-0453,INV-03-0453,2023-11,1490981
RCT-03-0454,INV-03-0454,2023-11,1490981
RCT-03-0455,INV-03-0455,2023-11,1490981
RCT-03-0456,INV-03-0456,2023-11,1490981
RCT-03-0457,INV-03-0457,2023-11,1490981
RCT-03-0458,INV-03-0458,2023-11,1490981
RCT-03-0459,INV-03-0459,2023-11,1490981
RCT-03-0460,INV-03-0460,2023-11,1490981
RCT-03-0461,INV-03-0461,2023-11,1490981
RCT-03-0462,INV-03-0462,2023-11,1490981
RCT-03-0463,INV-03-0463,2023-11,1490981
RCT-03-0464,INV-03-0464,2023-11,1490981
RCT-03-0465,INV-03-0465,2023-11,1490981
RCT-03-0466,INV-03-0466,2023-11,1490981
RCT-03-0467,INV-03-0467,2023-11,1490981
RCT-03-0468,INV-03-0468,2023-11,1490981
RCT-03-0469,INV-03-0469,2023-11,1490981
RCT-03-0470,INV-03-0470,2023-11,1490981
RCT-03-0471,INV-03-0471,2023-11,1490981
RCT-03-0472,INV-03-0472,2023-11,1490981
RCT-03-0473,INV-03-0473,2023-11,1490981
RCT-03-0474,INV-03-0474,2023-11,1490981
RCT-03-0475,INV-03-0475,2023-11,1490981
RCT-03-0476,INV-03-0476,2023-11,1490981
RCT-03-0477,INV-03-0477,2023-11,1490981
RCT-03-0478,INV-03-0478,2023-11,1490981
RCT-03-0479,INV-03-0479,2023-11,1490981
RCT-03-0480,INV-03-0480,2023-11,1490981
RCT-03-0481,INV-03-0481,2023-11,1490981
RCT-03-0482,INV-03-0482,2023-11,1490981
RCT-03-0483,INV-03-0483,2023-11,1490981
RCT-03-0484,INV-03-0484,2023-11,1490981
RCT-03-0485,INV-03-0485,2023-11,1490981
RCT-03-0486,INV-03-0486,2023-11,1490981
RCT-03-0487,INV-03-0487,2023-11,1490981
RCT-03-0488,INV-03-0488,2023-11,1490981
RCT-03-0489,INV-03-0489,2023-11,1490981
RCT-03-0490,INV-03-0490,2023-11,1490981
RCT-03-0491,INV-03-0491,2023-11,1490981
RCT-03-0492,INV-03-0492,2023-11,1490981
RCT-03-0493,INV-03-0493,2023-11,1490981
RCT-03-0494,INV-03-0494,2023-11,1490981
RCT-03-0495,INV-03-0495,2023-11,1490981
RCT-03-0496,INV-03-0496,2023-11,1490981
RCT-03-0497,INV-03-0497,2023-11,1490981
RCT-03-0498,INV-03-0498,2023-11,1490981
RCT-03-0499,INV-03-0499,2023-11,1490981
RCT-03-0500,INV-03-0500,2023-11,1490981
RCT-03-SVC,INV-03-SVC,2023-11,113666666
RCT-04-0001,INV-04-0001,2023-12,189000000
RCT-04-0002,INV-04-0002,2023-12,1515030
RCT-04-0003,INV-04-0003,2023-12,1515030
RCT-04-0004,INV-04-0004,2023-12,1515030
RCT-04-0005,INV-04-0005,2023-12,1515030
RCT-04-0006,INV-04-0006,2023-12,1515030
RCT-04-0007,INV-04-0007,2023-12,1515030
RCT-04-0008,INV-04-0008,2023-12,1515030
RCT-04-0009,INV-04-0009,2023-12,1515030
RCT-04-0010,INV-04-0010,2023-12,1515030
RCT-04-0011,INV-04-0011,2023-12,1515030
RCT-04-0012,INV-04-0012,2023-12,1515030
RCT-04-0013,INV-04-0013,2023-12,1515030
RCT-04-0014,INV-04-0014,2023-12,1515030
RCT-04-0015,INV-04-0015,2023-12,1515030
RCT-04-0016,INV-04-0016,2023-12,1515030
RCT-04-0017,INV-04-0017,2023-12,1515030
RCT-04-0018,INV-04-0018,2023-12,1515030
RCT-04-0019,INV-04-0019,2023-12,1515030
RCT-04-0020,INV-04-0020,2023-12,1515030
RCT-04-0021,INV-04-0021,2023-12,1515030
RCT-04-0022,INV-04-0022,2023-12,1515030
RCT-04-0023,INV-04-0023,2023-12,1515030
RCT-04-0024,INV-04-0024,2023-12,1515030
RCT-04-0025,INV-04-0025,2023-12,1515030
RCT-04-0026,INV-04-0026,2023-12,1515030
RCT-04-0027,INV-04-0027,2023-12,1515030
RCT-04-0028,INV-04-0028,2023-12,1515030
RCT-04-0029,INV-04-0029,2023-12,1515030
RCT-04-0030,INV-04-0030,2023-12,1515030
RCT-04-0031,INV-04-0031,2023-12,1515030
RCT-04-0032,INV-04-0032,2023-12,1515030
RCT-04-0033,INV-04-0033,2023-12,1515030
RCT-04-0034,INV-04-0034,2023-12,1515030
RCT-04-0035,INV-04-0035,2023-12,1515030
RCT-04-0036,INV-04-0036,2023-12,1515030
RCT-04-0037,INV-04-0037,2023-12,1515030
RCT-04-0038,INV-04-0038,2023-12,1515030
RCT-04-0039,INV-04-0039,2023-12,1515030
RCT-04-0040,INV-04-0040,2023-12,1515030
RCT-04-0041,INV-04-0041,2023-12,1515030
RCT-04-0042,INV-04-0042,2023-12,1515030
RCT-04-0043,INV-04-0043,2023-12,1515030
RCT-04-0044,INV-04-0044,2023-12,1515030
RCT-04-0045,INV-04-0045,2023-12,1515030
RCT-04-0046,INV-04-0046,2023-12,1515030
RCT-04-0047,INV-04-0047,2023-12,1515030
RCT-04-0048,INV-04-0048,2023-12,1515030
RCT-04-0049,INV-04-0049,2023-12,1515030
RCT-04-0050,INV-04-0050,2023-12,1515030
RCT-04-0051,INV-04-0051,2023-12,1515030
RCT-04-0052,INV-04-0052,2023-12,1515030
RCT-04-0053,INV-04-0053,2023-12,1515030
RCT-04-0054,INV-04-0054,2023-12,1515030
RCT-04-0055,INV-04-0055,2023-12,1515030
RCT-04-0056,INV-04-0056,2023-12,1515030
RCT-04-0057,INV-04-0057,2023-12,1515030
RCT-04-0058,INV-04-0058,2023-12,1515030
RCT-04-0059,INV-04-0059,2023-12,1515030
RCT-04-0060,INV-04-0060,2023-12,1515030
RCT-04-0061,INV-04-0061,2023-12,1515030
RCT-04-0062,INV-04-0062,2023-12,1515030
RCT-04-0063,INV-04-0063,2023-12,1515030
RCT-04-0064,INV-04-0064,2023-12,1515030
RCT-04-0065,INV-04-0065,2023-12,1515030
RCT-04-0066,INV-04-0066,2023-12,1515030
RCT-04-0067,INV-04-0067,2023-12,1515030
RCT-04-0068,INV-04-0068,2023-12,1515030
RCT-04-0069,INV-04-0069,2023-12,1515030
RCT-04-0070,INV-04-0070,2023-12,1515030
RCT-04-0071,INV-04-0071,2023-12,1515030
RCT-04-0072,INV-04-0072,2023-12,1515030
RCT-04-0073,INV-04-0073,2023-12,1515030
RCT-04-0074,INV-04-0074,2023-12,1515030
RCT-04-0075,INV-04-0075,2023-12,1515030
RCT-04-0076,INV-04-0076,2023-12,1515030
RCT-04-0077,INV-04-0077,2023-12,1515030
RCT-04-0078,INV-04-0078,2023-12,1515030
RCT-04-0079,INV-04-0079,2023-12,1515030
RCT-04-0080,INV-04-0080,2023-12,1515030
RCT-04-0081,INV-04-0081,2023-12,1515030
RCT-04-0082,INV-04-0082,2023-12,1515030
RCT-04-0083,INV-04-0083,2023-12,1515030
RCT-04-0084,INV-04-0084,2023-12,1515030
RCT-04-0085,INV-04-0085,2023-12,1515030
RCT-04-0086,INV-04-0086,2023-12,1515030
RCT-04-0087,INV-04-0087,2023-12,1515030
RCT-04-0088,INV-04-0088,2023-12,1515030
RCT-04-0089,INV-04-0089,2023-12,1515030
RCT-04-0090,INV-04-0090,2023-12,1515030
RCT-04-0091,INV-04-0091,2023-12,1515030
RCT-04-0092,INV-04-0092,2023-12,1515030
RCT-04-0093,INV-04-0093,2023-12,1515030
RCT-04-0094,INV-04-0094,2023-12,1515030
RCT-04-0095,INV-04-0095,2023-12,1515030
RCT-04-0096,INV-04-0096,2023-12,1515030
RCT-04-0097,INV-04-0097,2023-12,1515030
RCT-04-0098,INV-04-0098,2023-12,1515030
RCT-04-0099,INV-04-0099,2023-12,1515030
RCT-04-0100,INV-04-0100,2023-12,1515030
RCT-04-0101,INV-04-0101,2023-12,1515030
RCT-04-0102,INV-04-0102,2023-12,1515030
RCT-04-0103,INV-04-0103,2023-12,1515030
RCT-04-0104,INV-04-0104,2023-12,1515030
RCT-04-0105,INV-04-0105,2023-12,1515030
RCT-04-0106,INV-04-0106,2023-12,1515030
RCT-04-0107,INV-04-0107,2023-12,1515030
RCT-04-0108,INV-04-0108,2023-12,1515030
RCT-04-0109,INV-04-0109,2023-12,1515030
RCT-04-0110,INV-04-0110,2023-12,1515030
RCT-04-0111,INV-04-0111,2023-12,1515030
RCT-04-0112,INV-04-0112,2023-12,1515030
RCT-04-0113,INV-04-0113,2023-12,1515030
RCT-04-0114,INV-04-0114,2023-12,1515030
RCT-04-0115,INV-04-0115,2023-12,1515030
RCT-04-0116,INV-04-0116,2023-12,1515030
RCT-04-0117,INV-04-0117,2023-12,1515030
RCT-04-0118,INV-04-0118,2023-12,1515030
RCT-04-0119,INV-04-0119,2023-12,1515030
RCT-04-0120,INV-04-0120,2023-12,1515030
RCT-04-0121,INV-04-0121,2023-12,1515030
RCT-04-0122,INV-04-0122,2023-12,1515030
RCT-04-0123,INV-04-0123,2023-12,1515030
RCT-04-0124,INV-04-0124,2023-12,1515030
RCT-04-0125,INV-04-0125,2023-12,1515030
RCT-04-0126,INV-04-0126,2023-12,1515030
RCT-04-0127,INV-04-0127,2023-12,1515030
RCT-04-0128,INV-04-0128,2023-12,1515030
RCT-04-0129,INV-04-0129,2023-12,1515030
RCT-04-0130,INV-04-0130,2023-12,1515030
RCT-04-0131,INV-04-0131,2023-12,1515030
RCT-04-0132,INV-04-0132,2023-12,1515030
RCT-04-0133,INV-04-0133,2023-12,1515030
RCT-04-0134,INV-04-0134,2023-12,1515030
RCT-04-0135,INV-04-0135,2023-12,1515030
RCT-04-0136,INV-04-0136,2023-12,1515030
RCT-04-0137,INV-04-0137,2023-12,1515030
RCT-04-0138,INV-04-0138,2023-12,1515030
RCT-04-0139,INV-04-0139,2023-12,1515030
RCT-04-0140,INV-04-0140,2023-12,1515030
RCT-04-0141,INV-04-0141,2023-12,1515030
RCT-04-0142,INV-04-0142,2023-12,1515030
RCT-04-0143,INV-04-0143,2023-12,1515030
RCT-04-0144,INV-04-0144,2023-12,1515030
RCT-04-0145,INV-04-0145,2023-12,1515030
RCT-04-0146,INV-04-0146,2023-12,1515030
RCT-04-0147,INV-04-0147,2023-12,1515030
RCT-04-0148,INV-04-0148,2023-12,1515030
RCT-04-0149,INV-04-0149,2023-12,1515030
RCT-04-0150,INV-04-0150,2023-12,1515030
RCT-04-0151,INV-04-0151,2023-12,1515030
RCT-04-0152,INV-04-0152,2023-12,1515030
RCT-04-0153,INV-04-0153,2023-12,1515030
RCT-04-0154,INV-04-0154,2023-12,1515030
RCT-04-0155,INV-04-0155,2023-12,1515030
RCT-04-0156,INV-04-0156,2023-12,1515030
RCT-04-0157,INV-04-0157,2023-12,1515030
RCT-04-0158,INV-04-0158,2023-12,1515030
RCT-04-0159,INV-04-0159,2023-12,1515030
RCT-04-0160,INV-04-0160,2023-12,1515030
RCT-04-0161,INV-04-0161,2023-12,1515030
RCT-04-0162,INV-04-0162,2023-12,1515030
RCT-04-0163,INV-04-0163,2023-12,1515030
RCT-04-0164,INV-04-0164,2023-12,1515030
RCT-04-0165,INV-04-0165,2023-12,1515030
RCT-04-0166,INV-04-0166,2023-12,1515030
RCT-04-0167,INV-04-0167,2023-12,1515030
RCT-04-0168,INV-04-0168,2023-12,1515030
RCT-04-0169,INV-04-0169,2023-12,1515030
RCT-04-0170,INV-04-0170,2023-12,1515030
RCT-04-0171,INV-04-0171,2023-12,1515030
RCT-04-0172,INV-04-0172,2023-12,1515030
RCT-04-0173,INV-04-0173,2023-12,1515030
RCT-04-0174,INV-04-0174,2023-12,1515030
RCT-04-0175,INV-04-0175,2023-12,1515030
RCT-04-0176,INV-04-0176,2023-12,1515030
RCT-04-0177,INV-04-0177,2023-12,1515030
RCT-04-0178,INV-04-0178,2023-12,1515030
RCT-04-0179,INV-04-0179,2023-12,1515030
RCT-04-0180,INV-04-0180,2023-12,1515030
RCT-04-0181,INV-04-0181,2023-12,1515030
RCT-04-0182,INV-04-0182,2023-12,1515030
RCT-04-0183,INV-04-0183,2023-12,1515030
RCT-04-0184,INV-04-0184,2023-12,1515030
RCT-04-0185,INV-04-0185,2023-12,1515030
RCT-04-0186,INV-04-0186,2023-12,1515030
RCT-04-0187,INV-04-0187,2023-12,1515030
RCT-04-0188,INV-04-0188,2023-12,1515030
RCT-04-0189,INV-04-0189,2023-12,1515030
RCT-04-0190,INV-04-0190,2023-12,1515030
RCT-04-0191,INV-04-0191,2023-12,1515030
RCT-04-0192,INV-04-0192,2023-12,1515030
RCT-04-0193,INV-04-0193,2023-12,1515030
RCT-04-0194,INV-04-0194,2023-12,1515030
RCT-04-0195,INV-04-0195,2023-12,1515030
RCT-04-0196,INV-04-0196,2023-12,1515030
RCT-04-0197,INV-04-0197,2023-12,1515030
RCT-04-0198,INV-04-0198,2023-12,1515030
RCT-04-0199,INV-04-0199,2023-12,1515030
RCT-04-0200,INV-04-0200,2023-12,1515030
RCT-04-0201,INV-04-0201,2023-12,1515030
RCT-04-0202,INV-04-0202,2023-12,1515030
RCT-04-0203,INV-04-0203,2023-12,1515030
RCT-04-0204,INV-04-0204,2023-12,1515030
RCT-04-0205,INV-04-0205,2023-12,1515030
RCT-04-0206,INV-04-0206,2023-12,1515030
RCT-04-0207,INV-04-0207,2023-12,1515030
RCT-04-0208,INV-04-0208,2023-12,1515030
RCT-04-0209,INV-04-0209,2023-12,1515030
RCT-04-0210,INV-04-0210,2023-12,1515030
RCT-04-0211,INV-04-0211,2023-12,1515030
RCT-04-0212,INV-04-0212,2023-12,1515030
RCT-04-0213,INV-04-0213,2023-12,1515030
RCT-04-0214,INV-04-0214,2023-12,1515030
RCT-04-0215,INV-04-0215,2023-12,1515030
RCT-04-0216,INV-04-0216,2023-12,1515030
RCT-04-0217,INV-04-0217,2023-12,1515030
RCT-04-0218,INV-04-0218,2023-12,1515030
RCT-04-0219,INV-04-0219,2023-12,1515030
RCT-04-0220,INV-04-0220,2023-12,1515030
RCT-04-0221,INV-04-0221,2023-12,1515030
RCT-04-0222,INV-04-0222,2023-12,1515030
RCT-04-0223,INV-04-0223,2023-12,1515030
RCT-04-0224,INV-04-0224,2023-12,1515030
RCT-04-0225,INV-04-0225,2023-12,1515030
RCT-04-0226,INV-04-0226,2023-12,1515030
RCT-04-0227,INV-04-0227,2023-12,1515030
RCT-04-0228,INV-04-0228,2023-12,1515030
RCT-04-0229,INV-04-0229,2023-12,1515030
RCT-04-0230,INV-04-0230,2023-12,1515030
RCT-04-0231,INV-04-0231,2023-12,1515030
RCT-04-0232,INV-04-0232,2023-12,1515030
RCT-04-0233,INV-04-0233,2023-12,1515030
RCT-04-0234,INV-04-0234,2023-12,1515030
RCT-04-0235,INV-04-0235,2023-12,1515030
RCT-04-0236,INV-04-0236,2023-12,1515030
RCT-04-0237,INV-04-0237,2023-12,1515030
RCT-04-0238,INV-04-0238,2023-12,1515030
RCT-04-0239,INV-04-0239,2023-12,1515030
RCT-04-0240,INV-04-0240,2023-12,1515030
RCT-04-0241,INV-04-0241,2023-12,1515030
RCT-04-0242,INV-04-0242,2023-12,1515030
RCT-04-0243,INV-04-0243,2023-12,1515030
RCT-04-0244,INV-04-0244,2023-12,1515030
RCT-04-0245,INV-04-0245,2023-12,1515030
RCT-04-0246,INV-04-0246,2023-12,1515030
RCT-04-0247,INV-04-0247,2023-12,1515030
RCT-04-0248,INV-04-0248,2023-12,1515030
RCT-04-0249,INV-04-0249,2023-12,1515030
RCT-04-0250,INV-04-0250,2023-12,1515030
RCT-04-0251,INV-04-0251,2023-12,1515030
RCT-04-0252,INV-04-0252,2023-12,1515030
RCT-04-0253,INV-04-0253,2023-12,1515030
RCT-04-0254,INV-04-0254,2023-12,1515030
RCT-04-0255,INV-04-0255,2023-12,1515030
RCT-04-0256,INV-04-0256,2023-12,1515030
RCT-04-0257,INV-04-0257,2023-12,1515030
RCT-04-0258,INV-04-0258,2023-12,1515030
RCT-04-0259,INV-04-0259,2023-12,1515030
RCT-04-0260,INV-04-0260,2023-12,1515030
RCT-04-0261,INV-04-0261,2023-12,1515030
RCT-04-0262,INV-04-0262,2023-12,1515030
RCT-04-0263,INV-04-0263,2023-12,1515030
RCT-04-0264,INV-04-0264,2023-12,1515030
RCT-04-0265,INV-04-0265,2023-12,1515030
RCT-04-0266,INV-04-0266,2023-12,1515030
RCT-04-0267,INV-04-0267,2023-12,1515030
RCT-04-0268,INV-04-0268,2023-12,1515030
RCT-04-0269,INV-04-0269,2023-12,1515030
RCT-04-0270,INV-04-0270,2023-12,1515030
RCT-04-0271,INV-04-0271,2023-12,1515030
RCT-04-0272,INV-04-0272,2023-12,1515030
RCT-04-0273,INV-04-0273,2023-12,1515030
RCT-04-0274,INV-04-0274,2023-12,1515030
RCT-04-0275,INV-04-0275,2023-12,1515030
RCT-04-0276,INV-04-0276,2023-12,1515030
RCT-04-0277,INV-04-0277,2023-12,1515030
RCT-04-0278,INV-04-0278,2023-12,1515030
RCT-04-0279,INV-04-0279,2023-12,1515030
RCT-04-0280,INV-04-0280,2023-12,1515030
RCT-04-0281,INV-04-0281,2023-12,1515030
RCT-04-0282,INV-04-0282,2023-12,1515030
RCT-04-0283,INV-04-0283,2023-12,1515030
RCT-04-0284,INV-04-0284,2023-12,1515030
RCT-04-0285,INV-04-0285,2023-12,1515030
RCT-04-0286,INV-04-0286,2023-12,1515030
RCT-04-0287,INV-04-0287,2023-12,1515030
RCT-04-0288,INV-04-0288,2023-12,1515030
RCT-04-0289,INV-04-0289,2023-12,1515030
RCT-04-0290,INV-04-0290,2023-12,1515030
RCT-04-0291,INV-04-0291,2023-12,1515030
RCT-04-0292,INV-04-0292,2023-12,1515030
RCT-04-0293,INV-04-0293,2023-12,1515030
RCT-04-0294,INV-04-0294,2023-12,1515030
RCT-04-0295,INV-04-0295,2023-12,1515030
RCT-04-0296,INV-04-0296,2023-12,1515030
RCT-04-0297,INV-04-0297,2023-12,1515030
RCT-04-0298,INV-04-0298,2023-12,1515030
RCT-04-0299,INV-04-0299,2023-12,1515030
RCT-04-0300,INV-04-0300,2023-12,1515030
RCT-04-0301,INV-04-0301,2023-12,1515030
RCT-04-0302,INV-04-0302,2023-12,1515030
RCT-04-0303,INV-04-0303,2023-12,1515030
RCT-04-0304,INV-04-0304,2023-12,1515030
RCT-04-0305,INV-04-0305,2023-12,1515030
RCT-04-0306,INV-04-0306,2023-12,1515030
RCT-04-0307,INV-04-0307,2023-12,1515030
RCT-04-0308,INV-04-0308,2023-12,1515030
RCT-04-0309,INV-04-0309,2023-12,1515030
RCT-04-0310,INV-04-0310,2023-12,1515030
RCT-04-0311,INV-04-0311,2023-12,1515029
RCT-04-0312,INV-04-0312,2023-12,1515029
RCT-04-0313,INV-04-0313,2023-12,1515029
RCT-04-0314,INV-04-0314,2023-12,1515029
RCT-04-0315,INV-04-0315,2023-12,1515029
RCT-04-0316,INV-04-0316,2023-12,1515029
RCT-04-0317,INV-04-0317,2023-12,1515029
RCT-04-0318,INV-04-0318,2023-12,1515029
RCT-04-0319,INV-04-0319,2023-12,1515029
RCT-04-0320,INV-04-0320,2023-12,1515029
RCT-04-0321,INV-04-0321,2023-12,1515029
RCT-04-0322,INV-04-0322,2023-12,1515029
RCT-04-0323,INV-04-0323,2023-12,1515029
RCT-04-0324,INV-04-0324,2023-12,1515029
RCT-04-0325,INV-04-0325,2023-12,1515029
RCT-04-0326,INV-04-0326,2023-12,1515029
RCT-04-0327,INV-04-0327,2023-12,1515029
RCT-04-0328,INV-04-0328,2023-12,1515029
RCT-04-0329,INV-04-0329,2023-12,1515029
RCT-04-0330,INV-04-0330,2023-12,1515029
RCT-04-0331,INV-04-0331,2023-12,1515029
RCT-04-0332,INV-04-0332,2023-12,1515029
RCT-04-0333,INV-04-0333,2023-12,1515029
RCT-04-0334,INV-04-0334,2023-12,1515029
RCT-04-0335,INV-04-0335,2023-12,1515029
RCT-04-0336,INV-04-0336,2023-12,1515029
RCT-04-0337,INV-04-0337,2023-12,1515029
RCT-04-0338,INV-04-0338,2023-12,1515029
RCT-04-0339,INV-04-0339,2023-12,1515029
RCT-04-0340,INV-04-0340,2023-12,1515029
RCT-04-0341,INV-04-0341,2023-12,1515029
RCT-04-0342,INV-04-0342,2023-12,1515029
RCT-04-0343,INV-04-0343,2023-12,1515029
RCT-04-0344,INV-04-0344,2023-12,1515029
RCT-04-0345,INV-04-0345,2023-12,1515029
RCT-04-0346,INV-04-0346,2023-12,1515029
RCT-04-0347,INV-04-0347,2023-12,1515029
RCT-04-0348,INV-04-0348,2023-12,1515029
RCT-04-0349,INV-04-0349,2023-12,1515029
RCT-04-0350,INV-04-0350,2023-12,1515029
RCT-04-0351,INV-04-0351,2023-12,1515029
RCT-04-0352,INV-04-0352,2023-12,1515029
RCT-04-0353,INV-04-0353,2023-12,1515029
RCT-04-0354,INV-04-0354,2023-12,1515029
RCT-04-0355,INV-04-0355,2023-12,1515029
RCT-04-0356,INV-04-0356,2023-12,1515029
RCT-04-0357,INV-04-0357,2023-12,1515029
RCT-04-0358,INV-04-0358,2023-12,1515029
RCT-04-0359,INV-04-0359,2023-12,1515029
RCT-04-0360,INV-04-0360,2023-12,1515029
RCT-04-0361,INV-04-0361,2023-12,1515029
RCT-04-0362,INV-04-0362,2023-12,1515029
RCT-04-0363,INV-04-0363,2023-12,1515029
RCT-04-0364,INV-04-0364,2023-12,1515029
RCT-04-0365,INV-04-0365,2023-12,1515029
RCT-04-0366,INV-04-0366,2023-12,1515029
RCT-04-0367,INV-04-0367,2023-12,1515029
RCT-04-0368,INV-04-0368,2023-12,1515029
RCT-04-0369,INV-04-0369,2023-12,1515029
RCT-04-0370,INV-04-0370,2023-12,1515029
RCT-04-0371,INV-04-0371,2023-12,1515029
RCT-04-0372,INV-04-0372,2023-12,1515029
RCT-04-0373,INV-04-0373,2023-12,1515029
RCT-04-0374,INV-04-0374,2023-12,1515029
RCT-04-0375,INV-04-0375,2023-12,1515029
RCT-04-0376,INV-04-0376,2023-12,1515029
RCT-04-0377,INV-04-0377,2023-12,1515029
RCT-04-0378,INV-04-0378,2023-12,1515029
RCT-04-0379,INV-04-0379,2023-12,1515029
RCT-04-0380,INV-04-0380,2023-12,1515029
RCT-04-0381,INV-04-0381,2023-12,1515029
RCT-04-0382,INV-04-0382,2023-12,1515029
RCT-04-0383,INV-04-0383,2023-12,1515029
RCT-04-0384,INV-04-0384,2023-12,1515029
RCT-04-0385,INV-04-0385,2023-12,1515029
RCT-04-0386,INV-04-0386,2023-12,1515029
RCT-04-0387,INV-04-0387,2023-12,1515029
RCT-04-0388,INV-04-0388,2023-12,1515029
RCT-04-0389,INV-04-0389,2023-12,1515029
RCT-04-0390,INV-04-0390,2023-12,1515029
RCT-04-0391,INV-04-0391,2023-12,1515029
RCT-04-0392,INV-04-0392,2023-12,1515029
RCT-04-0393,INV-04-0393,2023-12,1515029
RCT-04-0394,INV-04-0394,2023-12,1515029
RCT-04-0395,INV-04-0395,2023-12,1515029
RCT-04-0396,INV-04-0396,2023-12,1515029
RCT-04-0397,INV-04-0397,2023-12,1515029
RCT-04-0398,INV-04-0398,2023-12,1515029
RCT-04-0399,INV-04-0399,2023-12,1515029
RCT-04-0400,INV-04-0400,2023-12,1515029
RCT-04-0401,INV-04-0401,2023-12,1515029
RCT-04-0402,INV-04-0402,2023-12,1515029
RCT-04-0403,INV-04-0403,2023-12,1515029
RCT-04-0404,INV-04-0404,2023-12,1515029
RCT-04-0405,INV-04-0405,2023-12,1515029
RCT-04-0406,INV-04-0406,2023-12,1515029
RCT-04-0407,INV-04-0407,2023-12,1515029
RCT-04-0408,INV-04-0408,2023-12,1515029
RCT-04-0409,INV-04-0409,2023-12,1515029
RCT-04-0410,INV-04-0410,2023-12,1515029
RCT-04-0411,INV-04-0411,2023-12,1515029
RCT-04-0412,INV-04-0412,2023-12,1515029
RCT-04-0413,INV-04-0413,2023-12,1515029
RCT-04-0414,INV-04-0414,2023-12,1515029
RCT-04-0415,INV-04-0415,2023-12,1515029
RCT-04-0416,INV-04-0416,2023-12,1515029
RCT-04-0417,INV-04-0417,2023-12,1515029
RCT-04-0418,INV-04-0418,2023-12,1515029
RCT-04-0419,INV-04-0419,2023-12,1515029
RCT-04-0420,INV-04-0420,2023-12,1515029
RCT-04-0421,INV-04-0421,2023-12,1515029
RCT-04-0422,INV-04-0422,2023-12,1515029
RCT-04-0423,INV-04-0423,2023-12,1515029
RCT-04-0424,INV-04-0424,2023-12,1515029
RCT-04-0425,INV-04-0425,2023-12,1515029
RCT-04-0426,INV-04-0426,2023-12,1515029
RCT-04-0427,INV-04-0427,2023-12,1515029
RCT-04-0428,INV-04-0428,2023-12,1515029
RCT-04-0429,INV-04-0429,2023-12,1515029
RCT-04-0430,INV-04-0430,2023-12,1515029
RCT-04-0431,INV-04-0431,2023-12,1515029
RCT-04-0432,INV-04-0432,2023-12,1515029
RCT-04-0433,INV-04-0433,2023-12,1515029
RCT-04-0434,INV-04-0434,2023-12,1515029
RCT-04-0435,INV-04-0435,2023-12,1515029
RCT-04-0436,INV-04-0436,2023-12,1515029
RCT-04-0437,INV-04-0437,2023-12,1515029
RCT-04-0438,INV-04-0438,2023-12,1515029
RCT-04-0439,INV-04-0439,2023-12,1515029
RCT-04-0440,INV-04-0440,2023-12,1515029
RCT-04-0441,INV-04-0441,2023-12,1515029
RCT-04-0442,INV-04-0442,2023-12,1515029
RCT-04-0443,INV-04-0443,2023-12,1515029
RCT-04-0444,INV-04-0444,2023-12,1515029
RCT-04-0445,INV-04-0445,2023-12,1515029
RCT-04-0446,INV-04-0446,2023-12,1515029
RCT-04-0447,INV-04-0447,2023-12,1515029
RCT-04-0448,INV-04-0448,2023-12,1515029
RCT-04-0449,INV-04-0449,2023-12,1515029
RCT-04-0450,INV-04-0450,2023-12,1515029
RCT-04-0451,INV-04-0451,2023-12,1515029
RCT-04-0452,INV-04-0452,2023-12,1515029
RCT-04-0453,INV-04-0453,2023-12,1515029
RCT-04-0454,INV-04-0454,2023-12,1515029
RCT-04-0455,INV-04-0455,2023-12,1515029
RCT-04-0456,INV-04-0456,2023-12,1515029
RCT-04-0457,INV-04-0457,2023-12,1515029
RCT-04-0458,INV-04-0458,2023-12,1515029
RCT-04-0459,INV-04-0459,2023-12,1515029
RCT-04-0460,INV-04-0460,2023-12,1515029
RCT-04-0461,INV-04-0461,2023-12,1515029
RCT-04-0462,INV-04-0462,2023-12,1515029
RCT-04-0463,INV-04-0463,2023-12,1515029
RCT-04-0464,INV-04-0464,2023-12,1515029
RCT-04-0465,INV-04-0465,2023-12,1515029
RCT-04-0466,INV-04-0466,2023-12,1515029
RCT-04-0467,INV-04-0467,2023-12,1515029
RCT-04-0468,INV-04-0468,2023-12,1515029
RCT-04-0469,INV-04-0469,2023-12,1515029
RCT-04-0470,INV-04-0470,2023-12,1515029
RCT-04-0471,INV-04-0471,2023-12,1515029
RCT-04-0472,INV-04-0472,2023-12,1515029
RCT-04-0473,INV-04-0473,2023-12,1515029
RCT-04-0474,INV-04-0474,2023-12,1515029
RCT-04-0475,INV-04-0475,2023-12,1515029
RCT-04-0476,INV-04-0476,2023-12,1515029
RCT-04-0477,INV-04-0477,2023-12,1515029
RCT-04-0478,INV-04-0478,2023-12,1515029
RCT-04-0479,INV-04-0479,2023-12,1515029
RCT-04-0480,INV-04-0480,2023-12,1515029
RCT-04-0481,INV-04-0481,2023-12,1515029
RCT-04-0482,INV-04-0482,2023-12,1515029
RCT-04-0483,INV-04-0483,2023-12,1515029
RCT-04-0484,INV-04-0484,2023-12,1515029
RCT-04-0485,INV-04-0485,2023-12,1515029
RCT-04-0486,INV-04-0486,2023-12,1515029
RCT-04-0487,INV-04-0487,2023-12,1515029
RCT-04-0488,INV-04-0488,2023-12,1515029
RCT-04-0489,INV-04-0489,2023-12,1515029
RCT-04-0490,INV-04-0490,2023-12,1515029
RCT-04-0491,INV-04-0491,2023-12,1515029
RCT-04-0492,INV-04-0492,2023-12,1515029
RCT-04-0493,INV-04-0493,2023-12,1515029
RCT-04-0494,INV-04-0494,2023-12,1515029
RCT-04-0495,INV-04-0495,2023-12,1515029
RCT-04-0496,INV-04-0496,2023-12,1515029
RCT-04-0497,INV-04-0497,2023-12,1515029
RCT-04-0498,INV-04-0498,2023-12,1515029
RCT-04-0499,INV-04-0499,2023-12,1515029
RCT-04-0500,INV-04-0500,2023-12,1515029
RCT-04-SVC,INV-04-SVC,2023-12,115499999
RCT-05-0001,INV-05-0001,2024-01,192000000
RCT-05-0002,INV-05-0002,2024-01,1539078
RCT-05-0003,INV-05-0003,2024-01,1539078
RCT-05-0004,INV-05-0004,2024-01,1539078
RCT-05-0005,INV-05-0005,2024-01,1539078
RCT-05-0006,INV-05-0006,2024-01,1539078
RCT-05-0007,INV-05-0007,2024-01,1539078
RCT-05-0008,INV-05-0008,2024-01,1539078
RCT-05-0009,INV-05-0009,2024-01,1539078
RCT-05-0010,INV-05-0010,2024-01,1539078
RCT-05-0011,INV-05-0011,2024-01,1539078
RCT-05-0012,INV-05-0012,2024-01,1539078
RCT-05-0013,INV-05-0013,2024-01,1539078
RCT-05-0014,INV-05-0014,2024-01,1539078
RCT-05-0015,INV-05-0015,2024-01,1539078
RCT-05-0016,INV-05-0016,2024-01,1539078
RCT-05-0017,INV-05-0017,2024-01,1539078
RCT-05-0018,INV-05-0018,2024-01,1539078
RCT-05-0019,INV-05-0019,2024-01,1539078
RCT-05-0020,INV-05-0020,2024-01,1539078
RCT-05-0021,INV-05-0021,2024-01,1539078
RCT-05-0022,INV-05-0022,2024-01,1539078
RCT-05-0023,INV-05-0023,2024-01,1539078
RCT-05-0024,INV-05-0024,2024-01,1539078
RCT-05-0025,INV-05-0025,2024-01,1539078
RCT-05-0026,INV-05-0026,2024-01,1539078
RCT-05-0027,INV-05-0027,2024-01,1539078
RCT-05-0028,INV-05-0028,2024-01,1539078
RCT-05-0029,INV-05-0029,2024-01,1539078
RCT-05-0030,INV-05-0030,2024-01,1539078
RCT-05-0031,INV-05-0031,2024-01,1539078
RCT-05-0032,INV-05-0032,2024-01,1539078
RCT-05-0033,INV-05-0033,2024-01,1539078
RCT-05-0034,INV-05-0034,2024-01,1539078
RCT-05-0035,INV-05-0035,2024-01,1539078
RCT-05-0036,INV-05-0036,2024-01,1539078
RCT-05-0037,INV-05-0037,2024-01,1539078
RCT-05-0038,INV-05-0038,2024-01,1539078
RCT-05-0039,INV-05-0039,2024-01,1539078
RCT-05-0040,INV-05-0040,2024-01,1539078
RCT-05-0041,INV-05-0041,2024-01,1539078
RCT-05-0042,INV-05-0042,2024-01,1539078
RCT-05-0043,INV-05-0043,2024-01,1539078
RCT-05-0044,INV-05-0044,2024-01,1539078
RCT-05-0045,INV-05-0045,2024-01,1539078
RCT-05-0046,INV-05-0046,2024-01,1539078
RCT-05-0047,INV-05-0047,2024-01,1539078
RCT-05-0048,INV-05-0048,2024-01,1539078
RCT-05-0049,INV-05-0049,2024-01,1539078
RCT-05-0050,INV-05-0050,2024-01,1539078
RCT-05-0051,INV-05-0051,2024-01,1539078
RCT-05-0052,INV-05-0052,2024-01,1539078
RCT-05-0053,INV-05-0053,2024-01,1539078
RCT-05-0054,INV-05-0054,2024-01,1539078
RCT-05-0055,INV-05-0055,2024-01,1539078
RCT-05-0056,INV-05-0056,2024-01,1539078
RCT-05-0057,INV-05-0057,2024-01,1539078
RCT-05-0058,INV-05-0058,2024-01,1539078
RCT-05-0059,INV-05-0059,2024-01,1539078
RCT-05-0060,INV-05-0060,2024-01,1539078
RCT-05-0061,INV-05-0061,2024-01,1539078
RCT-05-0062,INV-05-0062,2024-01,1539078
RCT-05-0063,INV-05-0063,2024-01,1539078
RCT-05-0064,INV-05-0064,2024-01,1539078
RCT-05-0065,INV-05-0065,2024-01,1539078
RCT-05-0066,INV-05-0066,2024-01,1539078
RCT-05-0067,INV-05-0067,2024-01,1539078
RCT-05-0068,INV-05-0068,2024-01,1539078
RCT-05-0069,INV-05-0069,2024-01,1539078
RCT-05-0070,INV-05-0070,2024-01,1539078
RCT-05-0071,INV-05-0071,2024-01,1539078
RCT-05-0072,INV-05-0072,2024-01,1539078
RCT-05-0073,INV-05-0073,2024-01,1539078
RCT-05-0074,INV-05-0074,2024-01,1539078
RCT-05-0075,INV-05-0075,2024-01,1539078
RCT-05-0076,INV-05-0076,2024-01,1539078
RCT-05-0077,INV-05-0077,2024-01,1539078
RCT-05-0078,INV-05-0078,2024-01,1539078
RCT-05-0079,INV-05-0079,2024-01,1539078
RCT-05-0080,INV-05-0080,2024-01,1539078
RCT-05-0081,INV-05-0081,2024-01,1539078
RCT-05-0082,INV-05-0082,2024-01,1539078
RCT-05-0083,INV-05-0083,2024-01,1539078
RCT-05-0084,INV-05-0084,2024-01,1539078
RCT-05-0085,INV-05-0085,2024-01,1539078
RCT-05-0086,INV-05-0086,2024-01,1539078
RCT-05-0087,INV-05-0087,2024-01,1539078
RCT-05-0088,INV-05-0088,2024-01,1539078
RCT-05-0089,INV-05-0089,2024-01,1539078
RCT-05-0090,INV-05-0090,2024-01,1539078
RCT-05-0091,INV-05-0091,2024-01,1539078
RCT-05-0092,INV-05-0092,2024-01,1539078
RCT-05-0093,INV-05-0093,2024-01,1539078
RCT-05-0094,INV-05-0094,2024-01,1539078
RCT-05-0095,INV-05-0095,2024-01,1539078
RCT-05-0096,INV-05-0096,2024-01,1539078
RCT-05-0097,INV-05-0097,2024-01,1539078
RCT-05-0098,INV-05-0098,2024-01,1539078
RCT-05-0099,INV-05-0099,2024-01,1539078
RCT-05-0100,INV-05-0100,2024-01,1539078
RCT-05-0101,INV-05-0101,2024-01,1539078
RCT-05-0102,INV-05-0102,2024-01,1539078
RCT-05-0103,INV-05-0103,2024-01,1539078
RCT-05-0104,INV-05-0104,2024-01,1539078
RCT-05-0105,INV-05-0105,2024-01,1539078
RCT-05-0106,INV-05-0106,2024-01,1539078
RCT-05-0107,INV-05-0107,2024-01,1539078
RCT-05-0108,INV-05-0108,2024-01,1539078
RCT-05-0109,INV-05-0109,2024-01,1539078
RCT-05-0110,INV-05-0110,2024-01,1539078
RCT-05-0111,INV-05-0111,2024-01,1539078
RCT-05-0112,INV-05-0112,2024-01,1539078
RCT-05-0113,INV-05-0113,2024-01,1539078
RCT-05-0114,INV-05-0114,2024-01,1539078
RCT-05-0115,INV-05-0115,2024-01,1539078
RCT-05-0116,INV-05-0116,2024-01,1539078
RCT-05-0117,INV-05-0117,2024-01,1539078
RCT-05-0118,INV-05-0118,2024-01,1539078
RCT-05-0119,INV-05-0119,2024-01,1539078
RCT-05-0120,INV-05-0120,2024-01,1539078
RCT-05-0121,INV-05-0121,2024-01,1539078
RCT-05-0122,INV-05-0122,2024-01,1539078
RCT-05-0123,INV-05-0123,2024-01,1539078
RCT-05-0124,INV-05-0124,2024-01,1539078
RCT-05-0125,INV-05-0125,2024-01,1539078
RCT-05-0126,INV-05-0126,2024-01,1539078
RCT-05-0127,INV-05-0127,2024-01,1539078
RCT-05-0128,INV-05-0128,2024-01,1539078
RCT-05-0129,INV-05-0129,2024-01,1539078
RCT-05-0130,INV-05-0130,2024-01,1539078
RCT-05-0131,INV-05-0131,2024-01,1539078
RCT-05-0132,INV-05-0132,2024-01,1539078
RCT-05-0133,INV-05-0133,2024-01,1539078
RCT-05-0134,INV-05-0134,2024-01,1539078
RCT-05-0135,INV-05-0135,2024-01,1539078
RCT-05-0136,INV-05-0136,2024-01,1539078
RCT-05-0137,INV-05-0137,2024-01,1539078
RCT-05-0138,INV-05-0138,2024-01,1539078
RCT-05-0139,INV-05-0139,2024-01,1539078
RCT-05-0140,INV-05-0140,2024-01,1539078
RCT-05-0141,INV-05-0141,2024-01,1539078
RCT-05-0142,INV-05-0142,2024-01,1539078
RCT-05-0143,INV-05-0143,2024-01,1539078
RCT-05-0144,INV-05-0144,2024-01,1539078
RCT-05-0145,INV-05-0145,2024-01,1539078
RCT-05-0146,INV-05-0146,2024-01,1539078
RCT-05-0147,INV-05-0147,2024-01,1539078
RCT-05-0148,INV-05-0148,2024-01,1539078
RCT-05-0149,INV-05-0149,2024-01,1539078
RCT-05-0150,INV-05-0150,2024-01,1539078
RCT-05-0151,INV-05-0151,2024-01,1539078
RCT-05-0152,INV-05-0152,2024-01,1539078
RCT-05-0153,INV-05-0153,2024-01,1539078
RCT-05-0154,INV-05-0154,2024-01,1539078
RCT-05-0155,INV-05-0155,2024-01,1539078
RCT-05-0156,INV-05-0156,2024-01,1539078
RCT-05-0157,INV-05-0157,2024-01,1539078
RCT-05-0158,INV-05-0158,2024-01,1539078
RCT-05-0159,INV-05-0159,2024-01,1539078
RCT-05-0160,INV-05-0160,2024-01,1539078
RCT-05-0161,INV-05-0161,2024-01,1539078
RCT-05-0162,INV-05-0162,2024-01,1539078
RCT-05-0163,INV-05-0163,2024-01,1539078
RCT-05-0164,INV-05-0164,2024-01,1539078
RCT-05-0165,INV-05-0165,2024-01,1539078
RCT-05-0166,INV-05-0166,2024-01,1539078
RCT-05-0167,INV-05-0167,2024-01,1539078
RCT-05-0168,INV-05-0168,2024-01,1539078
RCT-05-0169,INV-05-0169,2024-01,1539078
RCT-05-0170,INV-05-0170,2024-01,1539078
RCT-05-0171,INV-05-0171,2024-01,1539078
RCT-05-0172,INV-05-0172,2024-01,1539078
RCT-05-0173,INV-05-0173,2024-01,1539078
RCT-05-0174,INV-05-0174,2024-01,1539078
RCT-05-0175,INV-05-0175,2024-01,1539078
RCT-05-0176,INV-05-0176,2024-01,1539078
RCT-05-0177,INV-05-0177,2024-01,1539078
RCT-05-0178,INV-05-0178,2024-01,1539078
RCT-05-0179,INV-05-0179,2024-01,1539078
RCT-05-0180,INV-05-0180,2024-01,1539078
RCT-05-0181,INV-05-0181,2024-01,1539078
RCT-05-0182,INV-05-0182,2024-01,1539078
RCT-05-0183,INV-05-0183,2024-01,1539078
RCT-05-0184,INV-05-0184,2024-01,1539078
RCT-05-0185,INV-05-0185,2024-01,1539078
RCT-05-0186,INV-05-0186,2024-01,1539078
RCT-05-0187,INV-05-0187,2024-01,1539078
RCT-05-0188,INV-05-0188,2024-01,1539078
RCT-05-0189,INV-05-0189,2024-01,1539078
RCT-05-0190,INV-05-0190,2024-01,1539078
RCT-05-0191,INV-05-0191,2024-01,1539078
RCT-05-0192,INV-05-0192,2024-01,1539078
RCT-05-0193,INV-05-0193,2024-01,1539078
RCT-05-0194,INV-05-0194,2024-01,1539078
RCT-05-0195,INV-05-0195,2024-01,1539078
RCT-05-0196,INV-05-0196,2024-01,1539078
RCT-05-0197,INV-05-0197,2024-01,1539078
RCT-05-0198,INV-05-0198,2024-01,1539078
RCT-05-0199,INV-05-0199,2024-01,1539078
RCT-05-0200,INV-05-0200,2024-01,1539078
RCT-05-0201,INV-05-0201,2024-01,1539078
RCT-05-0202,INV-05-0202,2024-01,1539078
RCT-05-0203,INV-05-0203,2024-01,1539078
RCT-05-0204,INV-05-0204,2024-01,1539078
RCT-05-0205,INV-05-0205,2024-01,1539078
RCT-05-0206,INV-05-0206,2024-01,1539078
RCT-05-0207,INV-05-0207,2024-01,1539078
RCT-05-0208,INV-05-0208,2024-01,1539078
RCT-05-0209,INV-05-0209,2024-01,1539078
RCT-05-0210,INV-05-0210,2024-01,1539078
RCT-05-0211,INV-05-0211,2024-01,1539078
RCT-05-0212,INV-05-0212,2024-01,1539078
RCT-05-0213,INV-05-0213,2024-01,1539078
RCT-05-0214,INV-05-0214,2024-01,1539078
RCT-05-0215,INV-05-0215,2024-01,1539078
RCT-05-0216,INV-05-0216,2024-01,1539078
RCT-05-0217,INV-05-0217,2024-01,1539078
RCT-05-0218,INV-05-0218,2024-01,1539078
RCT-05-0219,INV-05-0219,2024-01,1539078
RCT-05-0220,INV-05-0220,2024-01,1539078
RCT-05-0221,INV-05-0221,2024-01,1539078
RCT-05-0222,INV-05-0222,2024-01,1539078
RCT-05-0223,INV-05-0223,2024-01,1539078
RCT-05-0224,INV-05-0224,2024-01,1539078
RCT-05-0225,INV-05-0225,2024-01,1539078
RCT-05-0226,INV-05-0226,2024-01,1539078
RCT-05-0227,INV-05-0227,2024-01,1539078
RCT-05-0228,INV-05-0228,2024-01,1539078
RCT-05-0229,INV-05-0229,2024-01,1539078
RCT-05-0230,INV-05-0230,2024-01,1539078
RCT-05-0231,INV-05-0231,2024-01,1539078
RCT-05-0232,INV-05-0232,2024-01,1539078
RCT-05-0233,INV-05-0233,2024-01,1539078
RCT-05-0234,INV-05-0234,2024-01,1539078
RCT-05-0235,INV-05-0235,2024-01,1539078
RCT-05-0236,INV-05-0236,2024-01,1539078
RCT-05-0237,INV-05-0237,2024-01,1539078
RCT-05-0238,INV-05-0238,2024-01,1539078
RCT-05-0239,INV-05-0239,2024-01,1539078
RCT-05-0240,INV-05-0240,2024-01,1539078
RCT-05-0241,INV-05-0241,2024-01,1539078
RCT-05-0242,INV-05-0242,2024-01,1539078
RCT-05-0243,INV-05-0243,2024-01,1539078
RCT-05-0244,INV-05-0244,2024-01,1539078
RCT-05-0245,INV-05-0245,2024-01,1539078
RCT-05-0246,INV-05-0246,2024-01,1539078
RCT-05-0247,INV-05-0247,2024-01,1539078
RCT-05-0248,INV-05-0248,2024-01,1539078
RCT-05-0249,INV-05-0249,2024-01,1539078
RCT-05-0250,INV-05-0250,2024-01,1539078
RCT-05-0251,INV-05-0251,2024-01,1539078
RCT-05-0252,INV-05-0252,2024-01,1539078
RCT-05-0253,INV-05-0253,2024-01,1539078
RCT-05-0254,INV-05-0254,2024-01,1539078
RCT-05-0255,INV-05-0255,2024-01,1539078
RCT-05-0256,INV-05-0256,2024-01,1539078
RCT-05-0257,INV-05-0257,2024-01,1539078
RCT-05-0258,INV-05-0258,2024-01,1539078
RCT-05-0259,INV-05-0259,2024-01,1539078
RCT-05-0260,INV-05-0260,2024-01,1539078
RCT-05-0261,INV-05-0261,2024-01,1539078
RCT-05-0262,INV-05-0262,2024-01,1539078
RCT-05-0263,INV-05-0263,2024-01,1539078
RCT-05-0264,INV-05-0264,2024-01,1539078
RCT-05-0265,INV-05-0265,2024-01,1539078
RCT-05-0266,INV-05-0266,2024-01,1539078
RCT-05-0267,INV-05-0267,2024-01,1539078
RCT-05-0268,INV-05-0268,2024-01,1539078
RCT-05-0269,INV-05-0269,2024-01,1539078
RCT-05-0270,INV-05-0270,2024-01,1539078
RCT-05-0271,INV-05-0271,2024-01,1539078
RCT-05-0272,INV-05-0272,2024-01,1539078
RCT-05-0273,INV-05-0273,2024-01,1539078
RCT-05-0274,INV-05-0274,2024-01,1539078
RCT-05-0275,INV-05-0275,2024-01,1539078
RCT-05-0276,INV-05-0276,2024-01,1539078
RCT-05-0277,INV-05-0277,2024-01,1539078
RCT-05-0278,INV-05-0278,2024-01,1539078
RCT-05-0279,INV-05-0279,2024-01,1539078
RCT-05-0280,INV-05-0280,2024-01,1539078
RCT-05-0281,INV-05-0281,2024-01,1539078
RCT-05-0282,INV-05-0282,2024-01,1539078
RCT-05-0283,INV-05-0283,2024-01,1539078
RCT-05-0284,INV-05-0284,2024-01,1539078
RCT-05-0285,INV-05-0285,2024-01,1539078
RCT-05-0286,INV-05-0286,2024-01,1539078
RCT-05-0287,INV-05-0287,2024-01,1539078
RCT-05-0288,INV-05-0288,2024-01,1539078
RCT-05-0289,INV-05-0289,2024-01,1539078
RCT-05-0290,INV-05-0290,2024-01,1539078
RCT-05-0291,INV-05-0291,2024-01,1539078
RCT-05-0292,INV-05-0292,2024-01,1539078
RCT-05-0293,INV-05-0293,2024-01,1539078
RCT-05-0294,INV-05-0294,2024-01,1539078
RCT-05-0295,INV-05-0295,2024-01,1539078
RCT-05-0296,INV-05-0296,2024-01,1539078
RCT-05-0297,INV-05-0297,2024-01,1539078
RCT-05-0298,INV-05-0298,2024-01,1539078
RCT-05-0299,INV-05-0299,2024-01,1539078
RCT-05-0300,INV-05-0300,2024-01,1539078
RCT-05-0301,INV-05-0301,2024-01,1539078
RCT-05-0302,INV-05-0302,2024-01,1539078
RCT-05-0303,INV-05-0303,2024-01,1539078
RCT-05-0304,INV-05-0304,2024-01,1539078
RCT-05-0305,INV-05-0305,2024-01,1539078
RCT-05-0306,INV-05-0306,2024-01,1539078
RCT-05-0307,INV-05-0307,2024-01,1539078
RCT-05-0308,INV-05-0308,2024-01,1539078
RCT-05-0309,INV-05-0309,2024-01,1539078
RCT-05-0310,INV-05-0310,2024-01,1539078
RCT-05-0311,INV-05-0311,2024-01,1539077
RCT-05-0312,INV-05-0312,2024-01,1539077
RCT-05-0313,INV-05-0313,2024-01,1539077
RCT-05-0314,INV-05-0314,2024-01,1539077
RCT-05-0315,INV-05-0315,2024-01,1539077
RCT-05-0316,INV-05-0316,2024-01,1539077
RCT-05-0317,INV-05-0317,2024-01,1539077
RCT-05-0318,INV-05-0318,2024-01,1539077
RCT-05-0319,INV-05-0319,2024-01,1539077
RCT-05-0320,INV-05-0320,2024-01,1539077
RCT-05-0321,INV-05-0321,2024-01,1539077
RCT-05-0322,INV-05-0322,2024-01,1539077
RCT-05-0323,INV-05-0323,2024-01,1539077
RCT-05-0324,INV-05-0324,2024-01,1539077
RCT-05-0325,INV-05-0325,2024-01,1539077
RCT-05-0326,INV-05-0326,2024-01,1539077
RCT-05-0327,INV-05-0327,2024-01,1539077
RCT-05-0328,INV-05-0328,2024-01,1539077
RCT-05-0329,INV-05-0329,2024-01,1539077
RCT-05-0330,INV-05-0330,2024-01,1539077
RCT-05-0331,INV-05-0331,2024-01,1539077
RCT-05-0332,INV-05-0332,2024-01,1539077
RCT-05-0333,INV-05-0333,2024-01,1539077
RCT-05-0334,INV-05-0334,2024-01,1539077
RCT-05-0335,INV-05-0335,2024-01,1539077
RCT-05-0336,INV-05-0336,2024-01,1539077
RCT-05-0337,INV-05-0337,2024-01,1539077
RCT-05-0338,INV-05-0338,2024-01,1539077
RCT-05-0339,INV-05-0339,2024-01,1539077
RCT-05-0340,INV-05-0340,2024-01,1539077
RCT-05-0341,INV-05-0341,2024-01,1539077
RCT-05-0342,INV-05-0342,2024-01,1539077
RCT-05-0343,INV-05-0343,2024-01,1539077
RCT-05-0344,INV-05-0344,2024-01,1539077
RCT-05-0345,INV-05-0345,2024-01,1539077
RCT-05-0346,INV-05-0346,2024-01,1539077
RCT-05-0347,INV-05-0347,2024-01,1539077
RCT-05-0348,INV-05-0348,2024-01,1539077
RCT-05-0349,INV-05-0349,2024-01,1539077
RCT-05-0350,INV-05-0350,2024-01,1539077
RCT-05-0351,INV-05-0351,2024-01,1539077
RCT-05-0352,INV-05-0352,2024-01,1539077
RCT-05-0353,INV-05-0353,2024-01,1539077
RCT-05-0354,INV-05-0354,2024-01,1539077
RCT-05-0355,INV-05-0355,2024-01,1539077
RCT-05-0356,INV-05-0356,2024-01,1539077
RCT-05-0357,INV-05-0357,2024-01,1539077
RCT-05-0358,INV-05-0358,2024-01,1539077
RCT-05-0359,INV-05-0359,2024-01,1539077
RCT-05-0360,INV-05-0360,2024-01,1539077
RCT-05-0361,INV-05-0361,2024-01,1539077
RCT-05-0362,INV-05-0362,2024-01,1539077
RCT-05-0363,INV-05-0363,2024-01,1539077
RCT-05-0364,INV-05-0364,2024-01,1539077
RCT-05-0365,INV-05-0365,2024-01,1539077
RCT-05-0366,INV-05-0366,2024-01,1539077
RCT-05-0367,INV-05-0367,2024-01,1539077
RCT-05-0368,INV-05-0368,2024-01,1539077
RCT-05-0369,INV-05-0369,2024-01,1539077
RCT-05-0370,INV-05-0370,2024-01,1539077
RCT-05-0371,INV-05-0371,2024-01,1539077
RCT-05-0372,INV-05-0372,2024-01,1539077
RCT-05-0373,INV-05-0373,2024-01,1539077
RCT-05-0374,INV-05-0374,2024-01,1539077
RCT-05-0375,INV-05-0375,2024-01,1539077
RCT-05-0376,INV-05-0376,2024-01,1539077
RCT-05-0377,INV-05-0377,2024-01,1539077
RCT-05-0378,INV-05-0378,2024-01,1539077
RCT-05-0379,INV-05-0379,2024-01,1539077
RCT-05-0380,INV-05-0380,2024-01,1539077
RCT-05-0381,INV-05-0381,2024-01,1539077
RCT-05-0382,INV-05-0382,2024-01,1539077
RCT-05-0383,INV-05-0383,2024-01,1539077
RCT-05-0384,INV-05-0384,2024-01,1539077
RCT-05-0385,INV-05-0385,2024-01,1539077
RCT-05-0386,INV-05-0386,2024-01,1539077
RCT-05-0387,INV-05-0387,2024-01,1539077
RCT-05-0388,INV-05-0388,2024-01,1539077
RCT-05-0389,INV-05-0389,2024-01,1539077
RCT-05-0390,INV-05-0390,2024-01,1539077
RCT-05-0391,INV-05-0391,2024-01,1539077
RCT-05-0392,INV-05-0392,2024-01,1539077
RCT-05-0393,INV-05-0393,2024-01,1539077
RCT-05-0394,INV-05-0394,2024-01,1539077
RCT-05-0395,INV-05-0395,2024-01,1539077
RCT-05-0396,INV-05-0396,2024-01,1539077
RCT-05-0397,INV-05-0397,2024-01,1539077
RCT-05-0398,INV-05-0398,2024-01,1539077
RCT-05-0399,INV-05-0399,2024-01,1539077
RCT-05-0400,INV-05-0400,2024-01,1539077
RCT-05-0401,INV-05-0401,2024-01,1539077
RCT-05-0402,INV-05-0402,2024-01,1539077
RCT-05-0403,INV-05-0403,2024-01,1539077
RCT-05-0404,INV-05-0404,2024-01,1539077
RCT-05-0405,INV-05-0405,2024-01,1539077
RCT-05-0406,INV-05-0406,2024-01,1539077
RCT-05-0407,INV-05-0407,2024-01,1539077
RCT-05-0408,INV-05-0408,2024-01,1539077
RCT-05-0409,INV-05-0409,2024-01,1539077
RCT-05-0410,INV-05-0410,2024-01,1539077
RCT-05-0411,INV-05-0411,2024-01,1539077
RCT-05-0412,INV-05-0412,2024-01,1539077
RCT-05-0413,INV-05-0413,2024-01,1539077
RCT-05-0414,INV-05-0414,2024-01,1539077
RCT-05-0415,INV-05-0415,2024-01,1539077
RCT-05-0416,INV-05-0416,2024-01,1539077
RCT-05-0417,INV-05-0417,2024-01,1539077
RCT-05-0418,INV-05-0418,2024-01,1539077
RCT-05-0419,INV-05-0419,2024-01,1539077
RCT-05-0420,INV-05-0420,2024-01,1539077
RCT-05-0421,INV-05-0421,2024-01,1539077
RCT-05-0422,INV-05-0422,2024-01,1539077
RCT-05-0423,INV-05-0423,2024-01,1539077
RCT-05-0424,INV-05-0424,2024-01,1539077
RCT-05-0425,INV-05-0425,2024-01,1539077
RCT-05-0426,INV-05-0426,2024-01,1539077
RCT-05-0427,INV-05-0427,2024-01,1539077
RCT-05-0428,INV-05-0428,2024-01,1539077
RCT-05-0429,INV-05-0429,2024-01,1539077
RCT-05-0430,INV-05-0430,2024-01,1539077
RCT-05-0431,INV-05-0431,2024-01,1539077
RCT-05-0432,INV-05-0432,2024-01,1539077
RCT-05-0433,INV-05-0433,2024-01,1539077
RCT-05-0434,INV-05-0434,2024-01,1539077
RCT-05-0435,INV-05-0435,2024-01,1539077
RCT-05-0436,INV-05-0436,2024-01,1539077
RCT-05-0437,INV-05-0437,2024-01,1539077
RCT-05-0438,INV-05-0438,2024-01,1539077
RCT-05-0439,INV-05-0439,2024-01,1539077
RCT-05-0440,INV-05-0440,2024-01,1539077
RCT-05-0441,INV-05-0441,2024-01,1539077
RCT-05-0442,INV-05-0442,2024-01,1539077
RCT-05-0443,INV-05-0443,2024-01,1539077
RCT-05-0444,INV-05-0444,2024-01,1539077
RCT-05-0445,INV-05-0445,2024-01,1539077
RCT-05-0446,INV-05-0446,2024-01,1539077
RCT-05-0447,INV-05-0447,2024-01,1539077
RCT-05-0448,INV-05-0448,2024-01,1539077
RCT-05-0449,INV-05-0449,2024-01,1539077
RCT-05-0450,INV-05-0450,2024-01,1539077
RCT-05-0451,INV-05-0451,2024-01,1539077
RCT-05-0452,INV-05-0452,2024-01,1539077
RCT-05-0453,INV-05-0453,2024-01,1539077
RCT-05-0454,INV-05-0454,2024-01,1539077
RCT-05-0455,INV-05-0455,2024-01,1539077
RCT-05-0456,INV-05-0456,2024-01,1539077
RCT-05-0457,INV-05-0457,2024-01,1539077
RCT-05-0458,INV-05-0458,2024-01,1539077
RCT-05-0459,INV-05-0459,2024-01,1539077
RCT-05-0460,INV-05-0460,2024-01,1539077
RCT-05-0461,INV-05-0461,2024-01,1539077
RCT-05-0462,INV-05-0462,2024-01,1539077
RCT-05-0463,INV-05-0463,2024-01,1539077
RCT-05-0464,INV-05-0464,2024-01,1539077
RCT-05-0465,INV-05-0465,2024-01,1539077
RCT-05-0466,INV-05-0466,2024-01,1539077
RCT-05-0467,INV-05-0467,2024-01,1539077
RCT-05-0468,INV-05-0468,2024-01,1539077
RCT-05-0469,INV-05-0469,2024-01,1539077
RCT-05-0470,INV-05-0470,2024-01,1539077
RCT-05-0471,INV-05-0471,2024-01,1539077
RCT-05-0472,INV-05-0472,2024-01,1539077
RCT-05-0473,INV-05-0473,2024-01,1539077
RCT-05-0474,INV-05-0474,2024-01,1539077
RCT-05-0475,INV-05-0475,2024-01,1539077
RCT-05-0476,INV-05-0476,2024-01,1539077
RCT-05-0477,INV-05-0477,2024-01,1539077
RCT-05-0478,INV-05-0478,2024-01,1539077
RCT-05-0479,INV-05-0479,2024-01,1539077
RCT-05-0480,INV-05-0480,2024-01,1539077
RCT-05-0481,INV-05-0481,2024-01,1539077
RCT-05-0482,INV-05-0482,2024-01,1539077
RCT-05-0483,INV-05-0483,2024-01,1539077
RCT-05-0484,INV-05-0484,2024-01,1539077
RCT-05-0485,INV-05-0485,2024-01,1539077
RCT-05-0486,INV-05-0486,2024-01,1539077
RCT-05-0487,INV-05-0487,2024-01,1539077
RCT-05-0488,INV-05-0488,2024-01,1539077
RCT-05-0489,INV-05-0489,2024-01,1539077
RCT-05-0490,INV-05-0490,2024-01,1539077
RCT-05-0491,INV-05-0491,2024-01,1539077
RCT-05-0492,INV-05-0492,2024-01,1539077
RCT-05-0493,INV-05-0493,2024-01,1539077
RCT-05-0494,INV-05-0494,2024-01,1539077
RCT-05-0495,INV-05-0495,2024-01,1539077
RCT-05-0496,INV-05-0496,2024-01,1539077
RCT-05-0497,INV-05-0497,2024-01,1539077
RCT-05-0498,INV-05-0498,2024-01,1539077
RCT-05-0499,INV-05-0499,2024-01,1539077
RCT-05-0500,INV-05-0500,2024-01,1539077
RCT-05-SVC,INV-05-SVC,2024-01,117333333
RCT-06-0001,INV-06-0001,2024-02,195000000
RCT-06-0002,INV-06-0002,2024-02,1563126
RCT-06-0003,INV-06-0003,2024-02,1563126
RCT-06-0004,INV-06-0004,2024-02,1563126
RCT-06-0005,INV-06-0005,2024-02,1563126
RCT-06-0006,INV-06-0006,2024-02,1563126
RCT-06-0007,INV-06-0007,2024-02,1563126
RCT-06-0008,INV-06-0008,2024-02,1563126
RCT-06-0009,INV-06-0009,2024-02,1563126
RCT-06-0010,INV-06-0010,2024-02,1563126
RCT-06-0011,INV-06-0011,2024-02,1563126
RCT-06-0012,INV-06-0012,2024-02,1563126
RCT-06-0013,INV-06-0013,2024-02,1563126
RCT-06-0014,INV-06-0014,2024-02,1563126
RCT-06-0015,INV-06-0015,2024-02,1563126
RCT-06-0016,INV-06-0016,2024-02,1563126
RCT-06-0017,INV-06-0017,2024-02,1563126
RCT-06-0018,INV-06-0018,2024-02,1563126
RCT-06-0019,INV-06-0019,2024-02,1563126
RCT-06-0020,INV-06-0020,2024-02,1563126
RCT-06-0021,INV-06-0021,2024-02,1563126
RCT-06-0022,INV-06-0022,2024-02,1563126
RCT-06-0023,INV-06-0023,2024-02,1563126
RCT-06-0024,INV-06-0024,2024-02,1563126
RCT-06-0025,INV-06-0025,2024-02,1563126
RCT-06-0026,INV-06-0026,2024-02,1563126
RCT-06-0027,INV-06-0027,2024-02,1563126
RCT-06-0028,INV-06-0028,2024-02,1563126
RCT-06-0029,INV-06-0029,2024-02,1563126
RCT-06-0030,INV-06-0030,2024-02,1563126
RCT-06-0031,INV-06-0031,2024-02,1563126
RCT-06-0032,INV-06-0032,2024-02,1563126
RCT-06-0033,INV-06-0033,2024-02,1563126
RCT-06-0034,INV-06-0034,2024-02,1563126
RCT-06-0035,INV-06-0035,2024-02,1563126
RCT-06-0036,INV-06-0036,2024-02,1563126
RCT-06-0037,INV-06-0037,2024-02,1563126
RCT-06-0038,INV-06-0038,2024-02,1563126
RCT-06-0039,INV-06-0039,2024-02,1563126
RCT-06-0040,INV-06-0040,2024-02,1563126
RCT-06-0041,INV-06-0041,2024-02,1563126
RCT-06-0042,INV-06-0042,2024-02,1563126
RCT-06-0043,INV-06-0043,2024-02,1563126
RCT-06-0044,INV-06-0044,2024-02,1563126
RCT-06-0045,INV-06-0045,2024-02,1563126
RCT-06-0046,INV-06-0046,2024-02,1563126
RCT-06-0047,INV-06-0047,2024-02,1563126
RCT-06-0048,INV-06-0048,2024-02,1563126
RCT-06-0049,INV-06-0049,2024-02,1563126
RCT-06-0050,INV-06-0050,2024-02,1563126
RCT-06-0051,INV-06-0051,2024-02,1563126
RCT-06-0052,INV-06-0052,2024-02,1563126
RCT-06-0053,INV-06-0053,2024-02,1563126
RCT-06-0054,INV-06-0054,2024-02,1563126
RCT-06-0055,INV-06-0055,2024-02,1563126
RCT-06-0056,INV-06-0056,2024-02,1563126
RCT-06-0057,INV-06-0057,2024-02,1563126
RCT-06-0058,INV-06-0058,2024-02,1563126
RCT-06-0059,INV-06-0059,2024-02,1563126
RCT-06-0060,INV-06-0060,2024-02,1563126
RCT-06-0061,INV-06-0061,2024-02,1563126
RCT-06-0062,INV-06-0062,2024-02,1563126
RCT-06-0063,INV-06-0063,2024-02,1563126
RCT-06-0064,INV-06-0064,2024-02,1563126
RCT-06-0065,INV-06-0065,2024-02,1563126
RCT-06-0066,INV-06-0066,2024-02,1563126
RCT-06-0067,INV-06-0067,2024-02,1563126
RCT-06-0068,INV-06-0068,2024-02,1563126
RCT-06-0069,INV-06-0069,2024-02,1563126
RCT-06-0070,INV-06-0070,2024-02,1563126
RCT-06-0071,INV-06-0071,2024-02,1563126
RCT-06-0072,INV-06-0072,2024-02,1563126
RCT-06-0073,INV-06-0073,2024-02,1563126
RCT-06-0074,INV-06-0074,2024-02,1563126
RCT-06-0075,INV-06-0075,2024-02,1563126
RCT-06-0076,INV-06-0076,2024-02,1563126
RCT-06-0077,INV-06-0077,2024-02,1563126
RCT-06-0078,INV-06-0078,2024-02,1563126
RCT-06-0079,INV-06-0079,2024-02,1563126
RCT-06-0080,INV-06-0080,2024-02,1563126
RCT-06-0081,INV-06-0081,2024-02,1563126
RCT-06-0082,INV-06-0082,2024-02,1563126
RCT-06-0083,INV-06-0083,2024-02,1563126
RCT-06-0084,INV-06-0084,2024-02,1563126
RCT-06-0085,INV-06-0085,2024-02,1563126
RCT-06-0086,INV-06-0086,2024-02,1563126
RCT-06-0087,INV-06-0087,2024-02,1563126
RCT-06-0088,INV-06-0088,2024-02,1563126
RCT-06-0089,INV-06-0089,2024-02,1563126
RCT-06-0090,INV-06-0090,2024-02,1563126
RCT-06-0091,INV-06-0091,2024-02,1563126
RCT-06-0092,INV-06-0092,2024-02,1563126
RCT-06-0093,INV-06-0093,2024-02,1563126
RCT-06-0094,INV-06-0094,2024-02,1563126
RCT-06-0095,INV-06-0095,2024-02,1563126
RCT-06-0096,INV-06-0096,2024-02,1563126
RCT-06-0097,INV-06-0097,2024-02,1563126
RCT-06-0098,INV-06-0098,2024-02,1563126
RCT-06-0099,INV-06-0099,2024-02,1563126
RCT-06-0100,INV-06-0100,2024-02,1563126
RCT-06-0101,INV-06-0101,2024-02,1563126
RCT-06-0102,INV-06-0102,2024-02,1563126
RCT-06-0103,INV-06-0103,2024-02,1563126
RCT-06-0104,INV-06-0104,2024-02,1563126
RCT-06-0105,INV-06-0105,2024-02,1563126
RCT-06-0106,INV-06-0106,2024-02,1563126
RCT-06-0107,INV-06-0107,2024-02,1563126
RCT-06-0108,INV-06-0108,2024-02,1563126
RCT-06-0109,INV-06-0109,2024-02,1563126
RCT-06-0110,INV-06-0110,2024-02,1563126
RCT-06-0111,INV-06-0111,2024-02,1563126
RCT-06-0112,INV-06-0112,2024-02,1563126
RCT-06-0113,INV-06-0113,2024-02,1563126
RCT-06-0114,INV-06-0114,2024-02,1563126
RCT-06-0115,INV-06-0115,2024-02,1563126
RCT-06-0116,INV-06-0116,2024-02,1563126
RCT-06-0117,INV-06-0117,2024-02,1563126
RCT-06-0118,INV-06-0118,2024-02,1563126
RCT-06-0119,INV-06-0119,2024-02,1563126
RCT-06-0120,INV-06-0120,2024-02,1563126
RCT-06-0121,INV-06-0121,2024-02,1563126
RCT-06-0122,INV-06-0122,2024-02,1563126
RCT-06-0123,INV-06-0123,2024-02,1563126
RCT-06-0124,INV-06-0124,2024-02,1563126
RCT-06-0125,INV-06-0125,2024-02,1563126
RCT-06-0126,INV-06-0126,2024-02,1563126
RCT-06-0127,INV-06-0127,2024-02,1563126
RCT-06-0128,INV-06-0128,2024-02,1563126
RCT-06-0129,INV-06-0129,2024-02,1563126
RCT-06-0130,INV-06-0130,2024-02,1563126
RCT-06-0131,INV-06-0131,2024-02,1563126
RCT-06-0132,INV-06-0132,2024-02,1563126
RCT-06-0133,INV-06-0133,2024-02,1563126
RCT-06-0134,INV-06-0134,2024-02,1563126
RCT-06-0135,INV-06-0135,2024-02,1563126
RCT-06-0136,INV-06-0136,2024-02,1563126
RCT-06-0137,INV-06-0137,2024-02,1563126
RCT-06-0138,INV-06-0138,2024-02,1563126
RCT-06-0139,INV-06-0139,2024-02,1563126
RCT-06-0140,INV-06-0140,2024-02,1563126
RCT-06-0141,INV-06-0141,2024-02,1563126
RCT-06-0142,INV-06-0142,2024-02,1563126
RCT-06-0143,INV-06-0143,2024-02,1563126
RCT-06-0144,INV-06-0144,2024-02,1563126
RCT-06-0145,INV-06-0145,2024-02,1563126
RCT-06-0146,INV-06-0146,2024-02,1563126
RCT-06-0147,INV-06-0147,2024-02,1563126
RCT-06-0148,INV-06-0148,2024-02,1563126
RCT-06-0149,INV-06-0149,2024-02,1563126
RCT-06-0150,INV-06-0150,2024-02,1563126
RCT-06-0151,INV-06-0151,2024-02,1563126
RCT-06-0152,INV-06-0152,2024-02,1563126
RCT-06-0153,INV-06-0153,2024-02,1563126
RCT-06-0154,INV-06-0154,2024-02,1563126
RCT-06-0155,INV-06-0155,2024-02,1563126
RCT-06-0156,INV-06-0156,2024-02,1563126
RCT-06-0157,INV-06-0157,2024-02,1563126
RCT-06-0158,INV-06-0158,2024-02,1563126
RCT-06-0159,INV-06-0159,2024-02,1563126
RCT-06-0160,INV-06-0160,2024-02,1563126
RCT-06-0161,INV-06-0161,2024-02,1563126
RCT-06-0162,INV-06-0162,2024-02,1563126
RCT-06-0163,INV-06-0163,2024-02,1563126
RCT-06-0164,INV-06-0164,2024-02,1563126
RCT-06-0165,INV-06-0165,2024-02,1563126
RCT-06-0166,INV-06-0166,2024-02,1563126
RCT-06-0167,INV-06-0167,2024-02,1563126
RCT-06-0168,INV-06-0168,2024-02,1563126
RCT-06-0169,INV-06-0169,2024-02,1563126
RCT-06-0170,INV-06-0170,2024-02,1563126
RCT-06-0171,INV-06-0171,2024-02,1563126
RCT-06-0172,INV-06-0172,2024-02,1563126
RCT-06-0173,INV-06-0173,2024-02,1563126
RCT-06-0174,INV-06-0174,2024-02,1563126
RCT-06-0175,INV-06-0175,2024-02,1563126
RCT-06-0176,INV-06-0176,2024-02,1563126
RCT-06-0177,INV-06-0177,2024-02,1563126
RCT-06-0178,INV-06-0178,2024-02,1563126
RCT-06-0179,INV-06-0179,2024-02,1563126
RCT-06-0180,INV-06-0180,2024-02,1563126
RCT-06-0181,INV-06-0181,2024-02,1563126
RCT-06-0182,INV-06-0182,2024-02,1563126
RCT-06-0183,INV-06-0183,2024-02,1563126
RCT-06-0184,INV-06-0184,2024-02,1563126
RCT-06-0185,INV-06-0185,2024-02,1563126
RCT-06-0186,INV-06-0186,2024-02,1563126
RCT-06-0187,INV-06-0187,2024-02,1563126
RCT-06-0188,INV-06-0188,2024-02,1563126
RCT-06-0189,INV-06-0189,2024-02,1563126
RCT-06-0190,INV-06-0190,2024-02,1563126
RCT-06-0191,INV-06-0191,2024-02,1563126
RCT-06-0192,INV-06-0192,2024-02,1563126
RCT-06-0193,INV-06-0193,2024-02,1563126
RCT-06-0194,INV-06-0194,2024-02,1563126
RCT-06-0195,INV-06-0195,2024-02,1563126
RCT-06-0196,INV-06-0196,2024-02,1563126
RCT-06-0197,INV-06-0197,2024-02,1563126
RCT-06-0198,INV-06-0198,2024-02,1563126
RCT-06-0199,INV-06-0199,2024-02,1563126
RCT-06-0200,INV-06-0200,2024-02,1563126
RCT-06-0201,INV-06-0201,2024-02,1563126
RCT-06-0202,INV-06-0202,2024-02,1563126
RCT-06-0203,INV-06-0203,2024-02,1563126
RCT-06-0204,INV-06-0204,2024-02,1563126
RCT-06-0205,INV-06-0205,2024-02,1563126
RCT-06-0206,INV-06-0206,2024-02,1563126
RCT-06-0207,INV-06-0207,2024-02,1563126
RCT-06-0208,INV-06-0208,2024-02,1563126
RCT-06-0209,INV-06-0209,2024-02,1563126
RCT-06-0210,INV-06-0210,2024-02,1563126
RCT-06-0211,INV-06-0211,2024-02,1563126
RCT-06-0212,INV-06-0212,2024-02,1563126
RCT-06-0213,INV-06-0213,2024-02,1563126
RCT-06-0214,INV-06-0214,2024-02,1563126
RCT-06-0215,INV-06-0215,2024-02,1563126
RCT-06-0216,INV-06-0216,2024-02,1563126
RCT-06-0217,INV-06-0217,2024-02,1563126
RCT-06-0218,INV-06-0218,2024-02,1563126
RCT-06-0219,INV-06-0219,2024-02,1563126
RCT-06-0220,INV-06-0220,2024-02,1563126
RCT-06-0221,INV-06-0221,2024-02,1563126
RCT-06-0222,INV-06-0222,2024-02,1563126
RCT-06-0223,INV-06-0223,2024-02,1563126
RCT-06-0224,INV-06-0224,2024-02,1563126
RCT-06-0225,INV-06-0225,2024-02,1563126
RCT-06-0226,INV-06-0226,2024-02,1563126
RCT-06-0227,INV-06-0227,2024-02,1563126
RCT-06-0228,INV-06-0228,2024-02,1563126
RCT-06-0229,INV-06-0229,2024-02,1563126
RCT-06-0230,INV-06-0230,2024-02,1563126
RCT-06-0231,INV-06-0231,2024-02,1563126
RCT-06-0232,INV-06-0232,2024-02,1563126
RCT-06-0233,INV-06-0233,2024-02,1563126
RCT-06-0234,INV-06-0234,2024-02,1563126
RCT-06-0235,INV-06-0235,2024-02,1563126
RCT-06-0236,INV-06-0236,2024-02,1563126
RCT-06-0237,INV-06-0237,2024-02,1563126
RCT-06-0238,INV-06-0238,2024-02,1563126
RCT-06-0239,INV-06-0239,2024-02,1563126
RCT-06-0240,INV-06-0240,2024-02,1563126
RCT-06-0241,INV-06-0241,2024-02,1563126
RCT-06-0242,INV-06-0242,2024-02,1563126
RCT-06-0243,INV-06-0243,2024-02,1563126
RCT-06-0244,INV-06-0244,2024-02,1563126
RCT-06-0245,INV-06-0245,2024-02,1563126
RCT-06-0246,INV-06-0246,2024-02,1563126
RCT-06-0247,INV-06-0247,2024-02,1563126
RCT-06-0248,INV-06-0248,2024-02,1563126
RCT-06-0249,INV-06-0249,2024-02,1563126
RCT-06-0250,INV-06-0250,2024-02,1563126
RCT-06-0251,INV-06-0251,2024-02,1563126
RCT-06-0252,INV-06-0252,2024-02,1563126
RCT-06-0253,INV-06-0253,2024-02,1563126
RCT-06-0254,INV-06-0254,2024-02,1563126
RCT-06-0255,INV-06-0255,2024-02,1563126
RCT-06-0256,INV-06-0256,2024-02,1563126
RCT-06-0257,INV-06-0257,2024-02,1563126
RCT-06-0258,INV-06-0258,2024-02,1563126
RCT-06-0259,INV-06-0259,2024-02,1563126
RCT-06-0260,INV-06-0260,2024-02,1563126
RCT-06-0261,INV-06-0261,2024-02,1563126
RCT-06-0262,INV-06-0262,2024-02,1563126
RCT-06-0263,INV-06-0263,2024-02,1563126
RCT-06-0264,INV-06-0264,2024-02,1563126
RCT-06-0265,INV-06-0265,2024-02,1563126
RCT-06-0266,INV-06-0266,2024-02,1563126
RCT-06-0267,INV-06-0267,2024-02,1563126
RCT-06-0268,INV-06-0268,2024-02,1563126
RCT-06-0269,INV-06-0269,2024-02,1563126
RCT-06-0270,INV-06-0270,2024-02,1563126
RCT-06-0271,INV-06-0271,2024-02,1563126
RCT-06-0272,INV-06-0272,2024-02,1563126
RCT-06-0273,INV-06-0273,2024-02,1563126
RCT-06-0274,INV-06-0274,2024-02,1563126
RCT-06-0275,INV-06-0275,2024-02,1563126
RCT-06-0276,INV-06-0276,2024-02,1563126
RCT-06-0277,INV-06-0277,2024-02,1563126
RCT-06-0278,INV-06-0278,2024-02,1563126
RCT-06-0279,INV-06-0279,2024-02,1563126
RCT-06-0280,INV-06-0280,2024-02,1563126
RCT-06-0281,INV-06-0281,2024-02,1563126
RCT-06-0282,INV-06-0282,2024-02,1563126
RCT-06-0283,INV-06-0283,2024-02,1563126
RCT-06-0284,INV-06-0284,2024-02,1563126
RCT-06-0285,INV-06-0285,2024-02,1563126
RCT-06-0286,INV-06-0286,2024-02,1563126
RCT-06-0287,INV-06-0287,2024-02,1563126
RCT-06-0288,INV-06-0288,2024-02,1563126
RCT-06-0289,INV-06-0289,2024-02,1563126
RCT-06-0290,INV-06-0290,2024-02,1563126
RCT-06-0291,INV-06-0291,2024-02,1563126
RCT-06-0292,INV-06-0292,2024-02,1563126
RCT-06-0293,INV-06-0293,2024-02,1563126
RCT-06-0294,INV-06-0294,2024-02,1563126
RCT-06-0295,INV-06-0295,2024-02,1563126
RCT-06-0296,INV-06-0296,2024-02,1563126
RCT-06-0297,INV-06-0297,2024-02,1563126
RCT-06-0298,INV-06-0298,2024-02,1563126
RCT-06-0299,INV-06-0299,2024-02,1563126
RCT-06-0300,INV-06-0300,2024-02,1563126
RCT-06-0301,INV-06-0301,2024-02,1563126
RCT-06-0302,INV-06-0302,2024-02,1563126
RCT-06-0303,INV-06-0303,2024-02,1563126
RCT-06-0304,INV-06-0304,2024-02,1563126
RCT-06-0305,INV-06-0305,2024-02,1563126
RCT-06-0306,INV-06-0306,2024-02,1563126
RCT-06-0307,INV-06-0307,2024-02,1563126
RCT-06-0308,INV-06-0308,2024-02,1563126
RCT-06-0309,INV-06-0309,2024-02,1563126
RCT-06-0310,INV-06-0310,2024-02,1563126
RCT-06-0311,INV-06-0311,2024-02,1563125
RCT-06-0312,INV-06-0312,2024-02,1563125
RCT-06-0313,INV-06-0313,2024-02,1563125
RCT-06-0314,INV-06-0314,2024-02,1563125
RCT-06-0315,INV-06-0315,2024-02,1563125
RCT-06-0316,INV-06-0316,2024-02,1563125
RCT-06-0317,INV-06-0317,2024-02,1563125
RCT-06-0318,INV-06-0318,2024-02,1563125
RCT-06-0319,INV-06-0319,2024-02,1563125
RCT-06-0320,INV-06-0320,2024-02,1563125
RCT-06-0321,INV-06-0321,2024-02,1563125
RCT-06-0322,INV-06-0322,2024-02,1563125
RCT-06-0323,INV-06-0323,2024-02,1563125
RCT-06-0324,INV-06-0324,2024-02,1563125
RCT-06-0325,INV-06-0325,2024-02,1563125
RCT-06-0326,INV-06-0326,2024-02,1563125
RCT-06-0327,INV-06-0327,2024-02,1563125
RCT-06-0328,INV-06-0328,2024-02,1563125
RCT-06-0329,INV-06-0329,2024-02,1563125
RCT-06-0330,INV-06-0330,2024-02,1563125
RCT-06-0331,INV-06-0331,2024-02,1563125
RCT-06-0332,INV-06-0332,2024-02,1563125
RCT-06-0333,INV-06-0333,2024-02,1563125
RCT-06-0334,INV-06-0334,2024-02,1563125
RCT-06-0335,INV-06-0335,2024-02,1563125
RCT-06-0336,INV-06-0336,2024-02,1563125
RCT-06-0337,INV-06-0337,2024-02,1563125
RCT-06-0338,INV-06-0338,2024-02,1563125
RCT-06-0339,INV-06-0339,2024-02,1563125
RCT-06-0340,INV-06-0340,2024-02,1563125
RCT-06-0341,INV-06-0341,2024-02,1563125
RCT-06-0342,INV-06-0342,2024-02,1563125
RCT-06-0343,INV-06-0343,2024-02,1563125
RCT-06-0344,INV-06-0344,2024-02,1563125
RCT-06-0345,INV-06-0345,2024-02,1563125
RCT-06-0346,INV-06-0346,2024-02,1563125
RCT-06-0347,INV-06-0347,2024-02,1563125
RCT-06-0348,INV-06-0348,2024-02,1563125
RCT-06-0349,INV-06-0349,2024-02,1563125
RCT-06-0350,INV-06-0350,2024-02,1563125
RCT-06-0351,INV-06-0351,2024-02,1563125
RCT-06-0352,INV-06-0352,2024-02,1563125
RCT-06-0353,INV-06-0353,2024-02,1563125
RCT-06-0354,INV-06-0354,2024-02,1563125
RCT-06-0355,INV-06-0355,2024-02,1563125
RCT-06-0356,INV-06-0356,2024-02,1563125
RCT-06-0357,INV-06-0357,2024-02,1563125
RCT-06-0358,INV-06-0358,2024-02,1563125
RCT-06-0359,INV-06-0359,2024-02,1563125
RCT-06-0360,INV-06-0360,2024-02,1563125
RCT-06-0361,INV-06-0361,2024-02,1563125
RCT-06-0362,INV-06-0362,2024-02,1563125
RCT-06-0363,INV-06-0363,2024-02,1563125
RCT-06-0364,INV-06-0364,2024-02,1563125
RCT-06-0365,INV-06-0365,2024-02,1563125
RCT-06-0366,INV-06-0366,2024-02,1563125
RCT-06-0367,INV-06-0367,2024-02,1563125
RCT-06-0368,INV-06-0368,2024-02,1563125
RCT-06-0369,INV-06-0369,2024-02,1563125
RCT-06-0370,INV-06-0370,2024-02,1563125
RCT-06-0371,INV-06-0371,2024-02,1563125
RCT-06-0372,INV-06-0372,2024-02,1563125
RCT-06-0373,INV-06-0373,2024-02,1563125
RCT-06-0374,INV-06-0374,2024-02,1563125
RCT-06-0375,INV-06-0375,2024-02,1563125
RCT-06-0376,INV-06-0376,2024-02,1563125
RCT-06-0377,INV-06-0377,2024-02,1563125
RCT-06-0378,INV-06-0378,2024-02,1563125
RCT-06-0379,INV-06-0379,2024-02,1563125
RCT-06-0380,INV-06-0380,2024-02,1563125
RCT-06-0381,INV-06-0381,2024-02,1563125
RCT-06-0382,INV-06-0382,2024-02,1563125
RCT-06-0383,INV-06-0383,2024-02,1563125
RCT-06-0384,INV-06-0384,2024-02,1563125
RCT-06-0385,INV-06-0385,2024-02,1563125
RCT-06-0386,INV-06-0386,2024-02,1563125
RCT-06-0387,INV-06-0387,2024-02,1563125
RCT-06-0388,INV-06-0388,2024-02,1563125
RCT-06-0389,INV-06-0389,2024-02,1563125
RCT-06-0390,INV-06-0390,2024-02,1563125
RCT-06-0391,INV-06-0391,2024-02,1563125
RCT-06-0392,INV-06-0392,2024-02,1563125
RCT-06-0393,INV-06-0393,2024-02,1563125
RCT-06-0394,INV-06-0394,2024-02,1563125
RCT-06-0395,INV-06-0395,2024-02,1563125
RCT-06-0396,INV-06-0396,2024-02,1563125
RCT-06-0397,INV-06-0397,2024-02,1563125
RCT-06-0398,INV-06-0398,2024-02,1563125
RCT-06-0399,INV-06-0399,2024-02,1563125
RCT-06-0400,INV-06-0400,2024-02,1563125
RCT-06-0401,INV-06-0401,2024-02,1563125
RCT-06-0402,INV-06-0402,2024-02,1563125
RCT-06-0403,INV-06-0403,2024-02,1563125
RCT-06-0404,INV-06-0404,2024-02,1563125
RCT-06-0405,INV-06-0405,2024-02,1563125
RCT-06-0406,INV-06-0406,2024-02,1563125
RCT-06-0407,INV-06-0407,2024-02,1563125
RCT-06-0408,INV-06-0408,2024-02,1563125
RCT-06-0409,INV-06-0409,2024-02,1563125
RCT-06-0410,INV-06-0410,2024-02,1563125
RCT-06-0411,INV-06-0411,2024-02,1563125
RCT-06-0412,INV-06-0412,2024-02,1563125
RCT-06-0413,INV-06-0413,2024-02,1563125
RCT-06-0414,INV-06-0414,2024-02,1563125
RCT-06-0415,INV-06-0415,2024-02,1563125
RCT-06-0416,INV-06-0416,2024-02,1563125
RCT-06-0417,INV-06-0417,2024-02,1563125
RCT-06-0418,INV-06-0418,2024-02,1563125
RCT-06-0419,INV-06-0419,2024-02,1563125
RCT-06-0420,INV-06-0420,2024-02,1563125
RCT-06-0421,INV-06-0421,2024-02,1563125
RCT-06-0422,INV-06-0422,2024-02,1563125
RCT-06-0423,INV-06-0423,2024-02,1563125
RCT-06-0424,INV-06-0424,2024-02,1563125
RCT-06-0425,INV-06-0425,2024-02,1563125
RCT-06-0426,INV-06-0426,2024-02,1563125
RCT-06-0427,INV-06-0427,2024-02,1563125
RCT-06-0428,INV-06-0428,2024-02,1563125
RCT-06-0429,INV-06-0429,2024-02,1563125
RCT-06-0430,INV-06-0430,2024-02,1563125
RCT-06-0431,INV-06-0431,2024-02,1563125
RCT-06-0432,INV-06-0432,2024-02,1563125
RCT-06-0433,INV-06-0433,2024-02,1563125
RCT-06-0434,INV-06-0434,2024-02,1563125
RCT-06-0435,INV-06-0435,2024-02,1563125
RCT-06-0436,INV-06-0436,2024-02,1563125
RCT-06-0437,INV-06-0437,2024-02,1563125
RCT-06-0438,INV-06-0438,2024-02,1563125
RCT-06-0439,INV-06-0439,2024-02,1563125
RCT-06-0440,INV-06-0440,2024-02,1563125
RCT-06-0441,INV-06-0441,2024-02,1563125
RCT-06-0442,INV-06-0442,2024-02,1563125
RCT-06-0443,INV-06-0443,2024-02,1563125
RCT-06-0444,INV-06-0444,2024-02,1563125
RCT-06-0445,INV-06-0445,2024-02,1563125
RCT-06-0446,INV-06-0446,2024-02,1563125
RCT-06-0447,INV-06-0447,2024-02,1563125
RCT-06-0448,INV-06-0448,2024-02,1563125
RCT-06-0449,INV-06-0449,2024-02,1563125
RCT-06-0450,INV-06-0450,2024-02,1563125
RCT-06-0451,INV-06-0451,2024-02,1563125
RCT-06-0452,INV-06-0452,2024-02,1563125
RCT-06-0453,INV-06-0453,2024-02,1563125
RCT-06-0454,INV-06-0454,2024-02,1563125
RCT-06-0455,INV-06-0455,2024-02,1563125
RCT-06-0456,INV-06-0456,2024-02,1563125
RCT-06-0457,INV-06-0457,2024-02,1563125
RCT-06-0458,INV-06-0458,2024-02,1563125
RCT-06-0459,INV-06-0459,2024-02,1563125
RCT-06-0460,INV-06-0460,2024-02,1563125
RCT-06-0461,INV-06-0461,2024-02,1563125
RCT-06-0462,INV-06-0462,2024-02,1563125
RCT-06-0463,INV-06-0463,2024-02,1563125
RCT-06-0464,INV-06-0464,2024-02,1563125
RCT-06-0465,INV-06-0465,2024-02,1563125
RCT-06-0466,INV-06-0466,2024-02,1563125
RCT-06-0467,INV-06-0467,2024-02,1563125
RCT-06-0468,INV-06-0468,2024-02,1563125
RCT-06-0469,INV-06-0469,2024-02,1563125
RCT-06-0470,INV-06-0470,2024-02,1563125
RCT-06-0471,INV-06-0471,2024-02,1563125
RCT-06-0472,INV-06-0472,2024-02,1563125
RCT-06-0473,INV-06-0473,2024-02,1563125
RCT-06-0474,INV-06-0474,2024-02,1563125
RCT-06-0475,INV-06-0475,2024-02,1563125
RCT-06-0476,INV-06-0476,2024-02,1563125
RCT-06-0477,INV-06-0477,2024-02,1563125
RCT-06-0478,INV-06-0478,2024-02,1563125
RCT-06-0479,INV-06-0479,2024-02,1563125
RCT-06-0480,INV-06-0480,2024-02,1563125
RCT-06-0481,INV-06-0481,2024-02,1563125
RCT-06-0482,INV-06-0482,2024-02,1563125
RCT-06-0483,INV-06-0483,2024-02,1563125
RCT-06-0484,INV-06-0484,2024-02,1563125
RCT-06-0485,INV-06-0485,2024-02,1563125
RCT-06-0486,INV-06-0486,2024-02,1563125
RCT-06-0487,INV-06-0487,2024-02,1563125
RCT-06-0488,INV-06-0488,2024-02,1563125
RCT-06-0489,INV-06-0489,2024-02,1563125
RCT-06-0490,INV-06-0490,2024-02,1563125
RCT-06-0491,INV-06-0491,2024-02,1563125
RCT-06-0492,INV-06-0492,2024-02,1563125
RCT-06-0493,INV-06-0493,2024-02,1563125
RCT-06-0494,INV-06-0494,2024-02,1563125
RCT-06-0495,INV-06-0495,2024-02,1563125
RCT-06-0496,INV-06-0496,2024-02,1563125
RCT-06-0497,INV-06-0497,2024-02,1563125
RCT-06-0498,INV-06-0498,2024-02,1563125
RCT-06-0499,INV-06-0499,2024-02,1563125
RCT-06-0500,INV-06-0500,2024-02,1563125
RCT-06-SVC,INV-06-SVC,2024-02,119166667
RCT-07-0001,INV-07-0001,2024-03,198000000
RCT-07-0002,INV-07-0002,2024-03,1587174
RCT-07-0003,INV-07-0003,2024-03,1587174
RCT-07-0004,INV-07-0004,2024-03,1587174
RCT-07-0005,INV-07-0005,2024-03,1587174
RCT-07-0006,INV-07-0006,2024-03,1587174
RCT-07-0007,INV-07-0007,2024-03,1587174
RCT-07-0008,INV-07-0008,2024-03,1587174
RCT-07-0009,INV-07-0009,2024-03,1587174
RCT-07-0010,INV-07-0010,2024-03,1587174
RCT-07-0011,INV-07-0011,2024-03,1587174
RCT-07-0012,INV-07-0012,2024-03,1587174
RCT-07-0013,INV-07-0013,2024-03,1587174
RCT-07-0014,INV-07-0014,2024-03,1587174
RCT-07-0015,INV-07-0015,2024-03,1587174
RCT-07-0016,INV-07-0016,2024-03,1587174
RCT-07-0017,INV-07-0017,2024-03,1587174
RCT-07-0018,INV-07-0018,2024-03,1587174
RCT-07-0019,INV-07-0019,2024-03,1587174
RCT-07-0020,INV-07-0020,2024-03,1587174
RCT-07-0021,INV-07-0021,2024-03,1587174
RCT-07-0022,INV-07-0022,2024-03,1587174
RCT-07-0023,INV-07-0023,2024-03,1587174
RCT-07-0024,INV-07-0024,2024-03,1587174
RCT-07-0025,INV-07-0025,2024-03,1587174
RCT-07-0026,INV-07-0026,2024-03,1587174
RCT-07-0027,INV-07-0027,2024-03,1587174
RCT-07-0028,INV-07-0028,2024-03,1587174
RCT-07-0029,INV-07-0029,2024-03,1587174
RCT-07-0030,INV-07-0030,2024-03,1587174
RCT-07-0031,INV-07-0031,2024-03,1587174
RCT-07-0032,INV-07-0032,2024-03,1587174
RCT-07-0033,INV-07-0033,2024-03,1587174
RCT-07-0034,INV-07-0034,2024-03,1587174
RCT-07-0035,INV-07-0035,2024-03,1587174
RCT-07-0036,INV-07-0036,2024-03,1587174
RCT-07-0037,INV-07-0037,2024-03,1587174
RCT-07-0038,INV-07-0038,2024-03,1587174
RCT-07-0039,INV-07-0039,2024-03,1587174
RCT-07-0040,INV-07-0040,2024-03,1587174
RCT-07-0041,INV-07-0041,2024-03,1587174
RCT-07-0042,INV-07-0042,2024-03,1587174
RCT-07-0043,INV-07-0043,2024-03,1587174
RCT-07-0044,INV-07-0044,2024-03,1587174
RCT-07-0045,INV-07-0045,2024-03,1587174
RCT-07-0046,INV-07-0046,2024-03,1587174
RCT-07-0047,INV-07-0047,2024-03,1587174
RCT-07-0048,INV-07-0048,2024-03,1587174
RCT-07-0049,INV-07-0049,2024-03,1587174
RCT-07-0050,INV-07-0050,2024-03,1587174
RCT-07-0051,INV-07-0051,2024-03,1587174
RCT-07-0052,INV-07-0052,2024-03,1587174
RCT-07-0053,INV-07-0053,2024-03,1587174
RCT-07-0054,INV-07-0054,2024-03,1587174
RCT-07-0055,INV-07-0055,2024-03,1587174
RCT-07-0056,INV-07-0056,2024-03,1587174
RCT-07-0057,INV-07-0057,2024-03,1587174
RCT-07-0058,INV-07-0058,2024-03,1587174
RCT-07-0059,INV-07-0059,2024-03,1587174
RCT-07-0060,INV-07-0060,2024-03,1587174
RCT-07-0061,INV-07-0061,2024-03,1587174
RCT-07-0062,INV-07-0062,2024-03,1587174
RCT-07-0063,INV-07-0063,2024-03,1587174
RCT-07-0064,INV-07-0064,2024-03,1587174
RCT-07-0065,INV-07-0065,2024-03,1587174
RCT-07-0066,INV-07-0066,2024-03,1587174
RCT-07-0067,INV-07-0067,2024-03,1587174
RCT-07-0068,INV-07-0068,2024-03,1587174
RCT-07-0069,INV-07-0069,2024-03,1587174
RCT-07-0070,INV-07-0070,2024-03,1587174
RCT-07-0071,INV-07-0071,2024-03,1587174
RCT-07-0072,INV-07-0072,2024-03,1587174
RCT-07-0073,INV-07-0073,2024-03,1587174
RCT-07-0074,INV-07-0074,2024-03,1587174
RCT-07-0075,INV-07-0075,2024-03,1587174
RCT-07-0076,INV-07-0076,2024-03,1587174
RCT-07-0077,INV-07-0077,2024-03,1587174
RCT-07-0078,INV-07-0078,2024-03,1587174
RCT-07-0079,INV-07-0079,2024-03,1587174
RCT-07-0080,INV-07-0080,2024-03,1587174
RCT-07-0081,INV-07-0081,2024-03,1587174
RCT-07-0082,INV-07-0082,2024-03,1587174
RCT-07-0083,INV-07-0083,2024-03,1587174
RCT-07-0084,INV-07-0084,2024-03,1587174
RCT-07-0085,INV-07-0085,2024-03,1587174
RCT-07-0086,INV-07-0086,2024-03,1587174
RCT-07-0087,INV-07-0087,2024-03,1587174
RCT-07-0088,INV-07-0088,2024-03,1587174
RCT-07-0089,INV-07-0089,2024-03,1587174
RCT-07-0090,INV-07-0090,2024-03,1587174
RCT-07-0091,INV-07-0091,2024-03,1587174
RCT-07-0092,INV-07-0092,2024-03,1587174
RCT-07-0093,INV-07-0093,2024-03,1587174
RCT-07-0094,INV-07-0094,2024-03,1587174
RCT-07-0095,INV-07-0095,2024-03,1587174
RCT-07-0096,INV-07-0096,2024-03,1587174
RCT-07-0097,INV-07-0097,2024-03,1587174
RCT-07-0098,INV-07-0098,2024-03,1587174
RCT-07-0099,INV-07-0099,2024-03,1587174
RCT-07-0100,INV-07-0100,2024-03,1587174
RCT-07-0101,INV-07-0101,2024-03,1587174
RCT-07-0102,INV-07-0102,2024-03,1587174
RCT-07-0103,INV-07-0103,2024-03,1587174
RCT-07-0104,INV-07-0104,2024-03,1587174
RCT-07-0105,INV-07-0105,2024-03,1587174
RCT-07-0106,INV-07-0106,2024-03,1587174
RCT-07-0107,INV-07-0107,2024-03,1587174
RCT-07-0108,INV-07-0108,2024-03,1587174
RCT-07-0109,INV-07-0109,2024-03,1587174
RCT-07-0110,INV-07-0110,2024-03,1587174
RCT-07-0111,INV-07-0111,2024-03,1587174
RCT-07-0112,INV-07-0112,2024-03,1587174
RCT-07-0113,INV-07-0113,2024-03,1587174
RCT-07-0114,INV-07-0114,2024-03,1587174
RCT-07-0115,INV-07-0115,2024-03,1587174
RCT-07-0116,INV-07-0116,2024-03,1587174
RCT-07-0117,INV-07-0117,2024-03,1587174
RCT-07-0118,INV-07-0118,2024-03,1587174
RCT-07-0119,INV-07-0119,2024-03,1587174
RCT-07-0120,INV-07-0120,2024-03,1587174
RCT-07-0121,INV-07-0121,2024-03,1587174
RCT-07-0122,INV-07-0122,2024-03,1587174
RCT-07-0123,INV-07-0123,2024-03,1587174
RCT-07-0124,INV-07-0124,2024-03,1587174
RCT-07-0125,INV-07-0125,2024-03,1587174
RCT-07-0126,INV-07-0126,2024-03,1587174
RCT-07-0127,INV-07-0127,2024-03,1587174
RCT-07-0128,INV-07-0128,2024-03,1587174
RCT-07-0129,INV-07-0129,2024-03,1587174
RCT-07-0130,INV-07-0130,2024-03,1587174
RCT-07-0131,INV-07-0131,2024-03,1587174
RCT-07-0132,INV-07-0132,2024-03,1587174
RCT-07-0133,INV-07-0133,2024-03,1587174
RCT-07-0134,INV-07-0134,2024-03,1587174
RCT-07-0135,INV-07-0135,2024-03,1587174
RCT-07-0136,INV-07-0136,2024-03,1587174
RCT-07-0137,INV-07-0137,2024-03,1587174
RCT-07-0138,INV-07-0138,2024-03,1587174
RCT-07-0139,INV-07-0139,2024-03,1587174
RCT-07-0140,INV-07-0140,2024-03,1587174
RCT-07-0141,INV-07-0141,2024-03,1587174
RCT-07-0142,INV-07-0142,2024-03,1587174
RCT-07-0143,INV-07-0143,2024-03,1587174
RCT-07-0144,INV-07-0144,2024-03,1587174
RCT-07-0145,INV-07-0145,2024-03,1587174
RCT-07-0146,INV-07-0146,2024-03,1587174
RCT-07-0147,INV-07-0147,2024-03,1587174
RCT-07-0148,INV-07-0148,2024-03,1587174
RCT-07-0149,INV-07-0149,2024-03,1587174
RCT-07-0150,INV-07-0150,2024-03,1587174
RCT-07-0151,INV-07-0151,2024-03,1587174
RCT-07-0152,INV-07-0152,2024-03,1587174
RCT-07-0153,INV-07-0153,2024-03,1587174
RCT-07-0154,INV-07-0154,2024-03,1587174
RCT-07-0155,INV-07-0155,2024-03,1587174
RCT-07-0156,INV-07-0156,2024-03,1587174
RCT-07-0157,INV-07-0157,2024-03,1587174
RCT-07-0158,INV-07-0158,2024-03,1587174
RCT-07-0159,INV-07-0159,2024-03,1587174
RCT-07-0160,INV-07-0160,2024-03,1587174
RCT-07-0161,INV-07-0161,2024-03,1587174
RCT-07-0162,INV-07-0162,2024-03,1587174
RCT-07-0163,INV-07-0163,2024-03,1587174
RCT-07-0164,INV-07-0164,2024-03,1587174
RCT-07-0165,INV-07-0165,2024-03,1587174
RCT-07-0166,INV-07-0166,2024-03,1587174
RCT-07-0167,INV-07-0167,2024-03,1587174
RCT-07-0168,INV-07-0168,2024-03,1587174
RCT-07-0169,INV-07-0169,2024-03,1587174
RCT-07-0170,INV-07-0170,2024-03,1587174
RCT-07-0171,INV-07-0171,2024-03,1587174
RCT-07-0172,INV-07-0172,2024-03,1587174
RCT-07-0173,INV-07-0173,2024-03,1587174
RCT-07-0174,INV-07-0174,2024-03,1587174
RCT-07-0175,INV-07-0175,2024-03,1587174
RCT-07-0176,INV-07-0176,2024-03,1587174
RCT-07-0177,INV-07-0177,2024-03,1587174
RCT-07-0178,INV-07-0178,2024-03,1587174
RCT-07-0179,INV-07-0179,2024-03,1587174
RCT-07-0180,INV-07-0180,2024-03,1587174
RCT-07-0181,INV-07-0181,2024-03,1587174
RCT-07-0182,INV-07-0182,2024-03,1587174
RCT-07-0183,INV-07-0183,2024-03,1587174
RCT-07-0184,INV-07-0184,2024-03,1587174
RCT-07-0185,INV-07-0185,2024-03,1587174
RCT-07-0186,INV-07-0186,2024-03,1587174
RCT-07-0187,INV-07-0187,2024-03,1587174
RCT-07-0188,INV-07-0188,2024-03,1587174
RCT-07-0189,INV-07-0189,2024-03,1587174
RCT-07-0190,INV-07-0190,2024-03,1587174
RCT-07-0191,INV-07-0191,2024-03,1587174
RCT-07-0192,INV-07-0192,2024-03,1587174
RCT-07-0193,INV-07-0193,2024-03,1587174
RCT-07-0194,INV-07-0194,2024-03,1587174
RCT-07-0195,INV-07-0195,2024-03,1587174
RCT-07-0196,INV-07-0196,2024-03,1587174
RCT-07-0197,INV-07-0197,2024-03,1587174
RCT-07-0198,INV-07-0198,2024-03,1587174
RCT-07-0199,INV-07-0199,2024-03,1587174
RCT-07-0200,INV-07-0200,2024-03,1587174
RCT-07-0201,INV-07-0201,2024-03,1587174
RCT-07-0202,INV-07-0202,2024-03,1587174
RCT-07-0203,INV-07-0203,2024-03,1587174
RCT-07-0204,INV-07-0204,2024-03,1587174
RCT-07-0205,INV-07-0205,2024-03,1587174
RCT-07-0206,INV-07-0206,2024-03,1587174
RCT-07-0207,INV-07-0207,2024-03,1587174
RCT-07-0208,INV-07-0208,2024-03,1587174
RCT-07-0209,INV-07-0209,2024-03,1587174
RCT-07-0210,INV-07-0210,2024-03,1587174
RCT-07-0211,INV-07-0211,2024-03,1587174
RCT-07-0212,INV-07-0212,2024-03,1587174
RCT-07-0213,INV-07-0213,2024-03,1587174
RCT-07-0214,INV-07-0214,2024-03,1587174
RCT-07-0215,INV-07-0215,2024-03,1587174
RCT-07-0216,INV-07-0216,2024-03,1587174
RCT-07-0217,INV-07-0217,2024-03,1587174
RCT-07-0218,INV-07-0218,2024-03,1587174
RCT-07-0219,INV-07-0219,2024-03,1587174
RCT-07-0220,INV-07-0220,2024-03,1587174
RCT-07-0221,INV-07-0221,2024-03,1587174
RCT-07-0222,INV-07-0222,2024-03,1587174
RCT-07-0223,INV-07-0223,2024-03,1587174
RCT-07-0224,INV-07-0224,2024-03,1587174
RCT-07-0225,INV-07-0225,2024-03,1587174
RCT-07-0226,INV-07-0226,2024-03,1587174
RCT-07-0227,INV-07-0227,2024-03,1587174
RCT-07-0228,INV-07-0228,2024-03,1587174
RCT-07-0229,INV-07-0229,2024-03,1587174
RCT-07-0230,INV-07-0230,2024-03,1587174
RCT-07-0231,INV-07-0231,2024-03,1587174
RCT-07-0232,INV-07-0232,2024-03,1587174
RCT-07-0233,INV-07-0233,2024-03,1587174
RCT-07-0234,INV-07-0234,2024-03,1587174
RCT-07-0235,INV-07-0235,2024-03,1587174
RCT-07-0236,INV-07-0236,2024-03,1587174
RCT-07-0237,INV-07-0237,2024-03,1587174
RCT-07-0238,INV-07-0238,2024-03,1587174
RCT-07-0239,INV-07-0239,2024-03,1587174
RCT-07-0240,INV-07-0240,2024-03,1587174
RCT-07-0241,INV-07-0241,2024-03,1587174
RCT-07-0242,INV-07-0242,2024-03,1587174
RCT-07-0243,INV-07-0243,2024-03,1587174
RCT-07-0244,INV-07-0244,2024-03,1587174
RCT-07-0245,INV-07-0245,2024-03,1587174
RCT-07-0246,INV-07-0246,2024-03,1587174
RCT-07-0247,INV-07-0247,2024-03,1587174
RCT-07-0248,INV-07-0248,2024-03,1587174
RCT-07-0249,INV-07-0249,2024-03,1587174
RCT-07-0250,INV-07-0250,2024-03,1587174
RCT-07-0251,INV-07-0251,2024-03,1587174
RCT-07-0252,INV-07-0252,2024-03,1587174
RCT-07-0253,INV-07-0253,2024-03,1587174
RCT-07-0254,INV-07-0254,2024-03,1587174
RCT-07-0255,INV-07-0255,2024-03,1587174
RCT-07-0256,INV-07-0256,2024-03,1587174
RCT-07-0257,INV-07-0257,2024-03,1587174
RCT-07-0258,INV-07-0258,2024-03,1587174
RCT-07-0259,INV-07-0259,2024-03,1587174
RCT-07-0260,INV-07-0260,2024-03,1587174
RCT-07-0261,INV-07-0261,2024-03,1587174
RCT-07-0262,INV-07-0262,2024-03,1587174
RCT-07-0263,INV-07-0263,2024-03,1587174
RCT-07-0264,INV-07-0264,2024-03,1587174
RCT-07-0265,INV-07-0265,2024-03,1587174
RCT-07-0266,INV-07-0266,2024-03,1587174
RCT-07-0267,INV-07-0267,2024-03,1587174
RCT-07-0268,INV-07-0268,2024-03,1587174
RCT-07-0269,INV-07-0269,2024-03,1587174
RCT-07-0270,INV-07-0270,2024-03,1587174
RCT-07-0271,INV-07-0271,2024-03,1587174
RCT-07-0272,INV-07-0272,2024-03,1587174
RCT-07-0273,INV-07-0273,2024-03,1587174
RCT-07-0274,INV-07-0274,2024-03,1587174
RCT-07-0275,INV-07-0275,2024-03,1587174
RCT-07-0276,INV-07-0276,2024-03,1587174
RCT-07-0277,INV-07-0277,2024-03,1587174
RCT-07-0278,INV-07-0278,2024-03,1587174
RCT-07-0279,INV-07-0279,2024-03,1587174
RCT-07-0280,INV-07-0280,2024-03,1587174
RCT-07-0281,INV-07-0281,2024-03,1587174
RCT-07-0282,INV-07-0282,2024-03,1587174
RCT-07-0283,INV-07-0283,2024-03,1587174
RCT-07-0284,INV-07-0284,2024-03,1587174
RCT-07-0285,INV-07-0285,2024-03,1587174
RCT-07-0286,INV-07-0286,2024-03,1587174
RCT-07-0287,INV-07-0287,2024-03,1587174
RCT-07-0288,INV-07-0288,2024-03,1587174
RCT-07-0289,INV-07-0289,2024-03,1587174
RCT-07-0290,INV-07-0290,2024-03,1587174
RCT-07-0291,INV-07-0291,2024-03,1587174
RCT-07-0292,INV-07-0292,2024-03,1587174
RCT-07-0293,INV-07-0293,2024-03,1587174
RCT-07-0294,INV-07-0294,2024-03,1587174
RCT-07-0295,INV-07-0295,2024-03,1587174
RCT-07-0296,INV-07-0296,2024-03,1587174
RCT-07-0297,INV-07-0297,2024-03,1587174
RCT-07-0298,INV-07-0298,2024-03,1587174
RCT-07-0299,INV-07-0299,2024-03,1587174
RCT-07-0300,INV-07-0300,2024-03,1587174
RCT-07-0301,INV-07-0301,2024-03,1587174
RCT-07-0302,INV-07-0302,2024-03,1587174
RCT-07-0303,INV-07-0303,2024-03,1587174
RCT-07-0304,INV-07-0304,2024-03,1587174
RCT-07-0305,INV-07-0305,2024-03,1587174
RCT-07-0306,INV-07-0306,2024-03,1587174
RCT-07-0307,INV-07-0307,2024-03,1587174
RCT-07-0308,INV-07-0308,2024-03,1587174
RCT-07-0309,INV-07-0309,2024-03,1587174
RCT-07-0310,INV-07-0310,2024-03,1587174
RCT-07-0311,INV-07-0311,2024-03,1587173
RCT-07-0312,INV-07-0312,2024-03,1587173
RCT-07-0313,INV-07-0313,2024-03,1587173
RCT-07-0314,INV-07-0314,2024-03,1587173
RCT-07-0315,INV-07-0315,2024-03,1587173
RCT-07-0316,INV-07-0316,2024-03,1587173
RCT-07-0317,INV-07-0317,2024-03,1587173
RCT-07-0318,INV-07-0318,2024-03,1587173
RCT-07-0319,INV-07-0319,2024-03,1587173
RCT-07-0320,INV-07-0320,2024-03,1587173
RCT-07-0321,INV-07-0321,2024-03,1587173
RCT-07-0322,INV-07-0322,2024-03,1587173
RCT-07-0323,INV-07-0323,2024-03,1587173
RCT-07-0324,INV-07-0324,2024-03,1587173
RCT-07-0325,INV-07-0325,2024-03,1587173
RCT-07-0326,INV-07-0326,2024-03,1587173
RCT-07-0327,INV-07-0327,2024-03,1587173
RCT-07-0328,INV-07-0328,2024-03,1587173
RCT-07-0329,INV-07-0329,2024-03,1587173
RCT-07-0330,INV-07-0330,2024-03,1587173
RCT-07-0331,INV-07-0331,2024-03,1587173
RCT-07-0332,INV-07-0332,2024-03,1587173
RCT-07-0333,INV-07-0333,2024-03,1587173
RCT-07-0334,INV-07-0334,2024-03,1587173
RCT-07-0335,INV-07-0335,2024-03,1587173
RCT-07-0336,INV-07-0336,2024-03,1587173
RCT-07-0337,INV-07-0337,2024-03,1587173
RCT-07-0338,INV-07-0338,2024-03,1587173
RCT-07-0339,INV-07-0339,2024-03,1587173
RCT-07-0340,INV-07-0340,2024-03,1587173
RCT-07-0341,INV-07-0341,2024-03,1587173
RCT-07-0342,INV-07-0342,2024-03,1587173
RCT-07-0343,INV-07-0343,2024-03,1587173
RCT-07-0344,INV-07-0344,2024-03,1587173
RCT-07-0345,INV-07-0345,2024-03,1587173
RCT-07-0346,INV-07-0346,2024-03,1587173
RCT-07-0347,INV-07-0347,2024-03,1587173
RCT-07-0348,INV-07-0348,2024-03,1587173
RCT-07-0349,INV-07-0349,2024-03,1587173
RCT-07-0350,INV-07-0350,2024-03,1587173
RCT-07-0351,INV-07-0351,2024-03,1587173
RCT-07-0352,INV-07-0352,2024-03,1587173
RCT-07-0353,INV-07-0353,2024-03,1587173
RCT-07-0354,INV-07-0354,2024-03,1587173
RCT-07-0355,INV-07-0355,2024-03,1587173
RCT-07-0356,INV-07-0356,2024-03,1587173
RCT-07-0357,INV-07-0357,2024-03,1587173
RCT-07-0358,INV-07-0358,2024-03,1587173
RCT-07-0359,INV-07-0359,2024-03,1587173
RCT-07-0360,INV-07-0360,2024-03,1587173
RCT-07-0361,INV-07-0361,2024-03,1587173
RCT-07-0362,INV-07-0362,2024-03,1587173
RCT-07-0363,INV-07-0363,2024-03,1587173
RCT-07-0364,INV-07-0364,2024-03,1587173
RCT-07-0365,INV-07-0365,2024-03,1587173
RCT-07-0366,INV-07-0366,2024-03,1587173
RCT-07-0367,INV-07-0367,2024-03,1587173
RCT-07-0368,INV-07-0368,2024-03,1587173
RCT-07-0369,INV-07-0369,2024-03,1587173
RCT-07-0370,INV-07-0370,2024-03,1587173
RCT-07-0371,INV-07-0371,2024-03,1587173
RCT-07-0372,INV-07-0372,2024-03,1587173
RCT-07-0373,INV-07-0373,2024-03,1587173
RCT-07-0374,INV-07-0374,2024-03,1587173
RCT-07-0375,INV-07-0375,2024-03,1587173
RCT-07-0376,INV-07-0376,2024-03,1587173
RCT-07-0377,INV-07-0377,2024-03,1587173
RCT-07-0378,INV-07-0378,2024-03,1587173
RCT-07-0379,INV-07-0379,2024-03,1587173
RCT-07-0380,INV-07-0380,2024-03,1587173
RCT-07-0381,INV-07-0381,2024-03,1587173
RCT-07-0382,INV-07-0382,2024-03,1587173
RCT-07-0383,INV-07-0383,2024-03,1587173
RCT-07-0384,INV-07-0384,2024-03,1587173
RCT-07-0385,INV-07-0385,2024-03,1587173
RCT-07-0386,INV-07-0386,2024-03,1587173
RCT-07-0387,INV-07-0387,2024-03,1587173
RCT-07-0388,INV-07-0388,2024-03,1587173
RCT-07-0389,INV-07-0389,2024-03,1587173
RCT-07-0390,INV-07-0390,2024-03,1587173
RCT-07-0391,INV-07-0391,2024-03,1587173
RCT-07-0392,INV-07-0392,2024-03,1587173
RCT-07-0393,INV-07-0393,2024-03,1587173
RCT-07-0394,INV-07-0394,2024-03,1587173
RCT-07-0395,INV-07-0395,2024-03,1587173
RCT-07-0396,INV-07-0396,2024-03,1587173
RCT-07-0397,INV-07-0397,2024-03,1587173
RCT-07-0398,INV-07-0398,2024-03,1587173
RCT-07-0399,INV-07-0399,2024-03,1587173
RCT-07-0400,INV-07-0400,2024-03,1587173
RCT-07-0401,INV-07-0401,2024-03,1587173
RCT-07-0402,INV-07-0402,2024-03,1587173
RCT-07-0403,INV-07-0403,2024-03,1587173
RCT-07-0404,INV-07-0404,2024-03,1587173
RCT-07-0405,INV-07-0405,2024-03,1587173
RCT-07-0406,INV-07-0406,2024-03,1587173
RCT-07-0407,INV-07-0407,2024-03,1587173
RCT-07-0408,INV-07-0408,2024-03,1587173
RCT-07-0409,INV-07-0409,2024-03,1587173
RCT-07-0410,INV-07-0410,2024-03,1587173
RCT-07-0411,INV-07-0411,2024-03,1587173
RCT-07-0412,INV-07-0412,2024-03,1587173
RCT-07-0413,INV-07-0413,2024-03,1587173
RCT-07-0414,INV-07-0414,2024-03,1587173
RCT-07-0415,INV-07-0415,2024-03,1587173
RCT-07-0416,INV-07-0416,2024-03,1587173
RCT-07-0417,INV-07-0417,2024-03,1587173
RCT-07-0418,INV-07-0418,2024-03,1587173
RCT-07-0419,INV-07-0419,2024-03,1587173
RCT-07-0420,INV-07-0420,2024-03,1587173
RCT-07-0421,INV-07-0421,2024-03,1587173
RCT-07-0422,INV-07-0422,2024-03,1587173
RCT-07-0423,INV-07-0423,2024-03,1587173
RCT-07-0424,INV-07-0424,2024-03,1587173
RCT-07-0425,INV-07-0425,2024-03,1587173
RCT-07-0426,INV-07-0426,2024-03,1587173
RCT-07-0427,INV-07-0427,2024-03,1587173
RCT-07-0428,INV-07-0428,2024-03,1587173
RCT-07-0429,INV-07-0429,2024-03,1587173
RCT-07-0430,INV-07-0430,2024-03,1587173
RCT-07-0431,INV-07-0431,2024-03,1587173
RCT-07-0432,INV-07-0432,2024-03,1587173
RCT-07-0433,INV-07-0433,2024-03,1587173
RCT-07-0434,INV-07-0434,2024-03,1587173
RCT-07-0435,INV-07-0435,2024-03,1587173
RCT-07-0436,INV-07-0436,2024-03,1587173
RCT-07-0437,INV-07-0437,2024-03,1587173
RCT-07-0438,INV-07-0438,2024-03,1587173
RCT-07-0439,INV-07-0439,2024-03,1587173
RCT-07-0440,INV-07-0440,2024-03,1587173
RCT-07-0441,INV-07-0441,2024-03,1587173
RCT-07-0442,INV-07-0442,2024-03,1587173
RCT-07-0443,INV-07-0443,2024-03,1587173
RCT-07-0444,INV-07-0444,2024-03,1587173
RCT-07-0445,INV-07-0445,2024-03,1587173
RCT-07-0446,INV-07-0446,2024-03,1587173
RCT-07-0447,INV-07-0447,2024-03,1587173
RCT-07-0448,INV-07-0448,2024-03,1587173
RCT-07-0449,INV-07-0449,2024-03,1587173
RCT-07-0450,INV-07-0450,2024-03,1587173
RCT-07-0451,INV-07-0451,2024-03,1587173
RCT-07-0452,INV-07-0452,2024-03,1587173
RCT-07-0453,INV-07-0453,2024-03,1587173
RCT-07-0454,INV-07-0454,2024-03,1587173
RCT-07-0455,INV-07-0455,2024-03,1587173
RCT-07-0456,INV-07-0456,2024-03,1587173
RCT-07-0457,INV-07-0457,2024-03,1587173
RCT-07-0458,INV-07-0458,2024-03,1587173
RCT-07-0459,INV-07-0459,2024-03,1587173
RCT-07-0460,INV-07-0460,2024-03,1587173
RCT-07-0461,INV-07-0461,2024-03,1587173
RCT-07-0462,INV-07-0462,2024-03,1587173
RCT-07-0463,INV-07-0463,2024-03,1587173
RCT-07-0464,INV-07-0464,2024-03,1587173
RCT-07-0465,INV-07-0465,2024-03,1587173
RCT-07-0466,INV-07-0466,2024-03,1587173
RCT-07-0467,INV-07-0467,2024-03,1587173
RCT-07-0468,INV-07-0468,2024-03,1587173
RCT-07-0469,INV-07-0469,2024-03,1587173
RCT-07-0470,INV-07-0470,2024-03,1587173
RCT-07-0471,INV-07-0471,2024-03,1587173
RCT-07-0472,INV-07-0472,2024-03,1587173
RCT-07-0473,INV-07-0473,2024-03,1587173
RCT-07-0474,INV-07-0474,2024-03,1587173
RCT-07-0475,INV-07-0475,2024-03,1587173
RCT-07-0476,INV-07-0476,2024-03,1587173
RCT-07-0477,INV-07-0477,2024-03,1587173
RCT-07-0478,INV-07-0478,2024-03,1587173
RCT-07-0479,INV-07-0479,2024-03,1587173
RCT-07-0480,INV-07-0480,2024-03,1587173
RCT-07-0481,INV-07-0481,2024-03,1587173
RCT-07-0482,INV-07-0482,2024-03,1587173
RCT-07-0483,INV-07-0483,2024-03,1587173
RCT-07-0484,INV-07-0484,2024-03,1587173
RCT-07-0485,INV-07-0485,2024-03,1587173
RCT-07-0486,INV-07-0486,2024-03,1587173
RCT-07-0487,INV-07-0487,2024-03,1587173
RCT-07-0488,INV-07-0488,2024-03,1587173
RCT-07-0489,INV-07-0489,2024-03,1587173
RCT-07-0490,INV-07-0490,2024-03,1587173
RCT-07-0491,INV-07-0491,2024-03,1587173
RCT-07-0492,INV-07-0492,2024-03,1587173
RCT-07-0493,INV-07-0493,2024-03,1587173
RCT-07-0494,INV-07-0494,2024-03,1587173
RCT-07-0495,INV-07-0495,2024-03,1587173
RCT-07-0496,INV-07-0496,2024-03,1587173
RCT-07-0497,INV-07-0497,2024-03,1587173
RCT-07-0498,INV-07-0498,2024-03,1587173
RCT-07-0499,INV-07-0499,2024-03,1587173
RCT-07-0500,INV-07-0500,2024-03,1587173
RCT-07-SVC,INV-07-SVC,2024-03,121000000
RCT-08-0001,INV-08-0001,2024-04,201000000
RCT-08-0002,INV-08-0002,2024-04,1611222
RCT-08-0003,INV-08-0003,2024-04,1611222
RCT-08-0004,INV-08-0004,2024-04,1611222
RCT-08-0005,INV-08-0005,2024-04,1611222
RCT-08-0006,INV-08-0006,2024-04,1611222
RCT-08-0007,INV-08-0007,2024-04,1611222
RCT-08-0008,INV-08-0008,2024-04,1611222
RCT-08-0009,INV-08-0009,2024-04,1611222
RCT-08-0010,INV-08-0010,2024-04,1611222
RCT-08-0011,INV-08-0011,2024-04,1611222
RCT-08-0012,INV-08-0012,2024-04,1611222
RCT-08-0013,INV-08-0013,2024-04,1611222
RCT-08-0014,INV-08-0014,2024-04,1611222
RCT-08-0015,INV-08-0015,2024-04,1611222
RCT-08-0016,INV-08-0016,2024-04,1611222
RCT-08-0017,INV-08-0017,2024-04,1611222
RCT-08-0018,INV-08-0018,2024-04,1611222
RCT-08-0019,INV-08-0019,2024-04,1611222
RCT-08-0020,INV-08-0020,2024-04,1611222
RCT-08-0021,INV-08-0021,2024-04,1611222
RCT-08-0022,INV-08-0022,2024-04,1611222
RCT-08-0023,INV-08-0023,2024-04,1611222
RCT-08-0024,INV-08-0024,2024-04,1611222
RCT-08-0025,INV-08-0025,2024-04,1611222
RCT-08-0026,INV-08-0026,2024-04,1611222
RCT-08-0027,INV-08-0027,2024-04,1611222
RCT-08-0028,INV-08-0028,2024-04,1611222
RCT-08-0029,INV-08-0029,2024-04,1611222
RCT-08-0030,INV-08-0030,2024-04,1611222
RCT-08-0031,INV-08-0031,2024-04,1611222
RCT-08-0032,INV-08-0032,2024-04,1611222
RCT-08-0033,INV-08-0033,2024-04,1611222
RCT-08-0034,INV-08-0034,2024-04,1611222
RCT-08-0035,INV-08-0035,2024-04,1611222
RCT-08-0036,INV-08-0036,2024-04,1611222
RCT-08-0037,INV-08-0037,2024-04,1611222
RCT-08-0038,INV-08-0038,2024-04,1611222
RCT-08-0039,INV-08-0039,2024-04,1611222
RCT-08-0040,INV-08-0040,2024-04,1611222
RCT-08-0041,INV-08-0041,2024-04,1611222
RCT-08-0042,INV-08-0042,2024-04,1611222
RCT-08-0043,INV-08-0043,2024-04,1611222
RCT-08-0044,INV-08-0044,2024-04,1611222
RCT-08-0045,INV-08-0045,2024-04,1611222
RCT-08-0046,INV-08-0046,2024-04,1611222
RCT-08-0047,INV-08-0047,2024-04,1611222
RCT-08-0048,INV-08-0048,2024-04,1611222
RCT-08-0049,INV-08-0049,2024-04,1611222
RCT-08-0050,INV-08-0050,2024-04,1611222
RCT-08-0051,INV-08-0051,2024-04,1611222
RCT-08-0052,INV-08-0052,2024-04,1611222
RCT-08-0053,INV-08-0053,2024-04,1611222
RCT-08-0054,INV-08-0054,2024-04,1611222
RCT-08-0055,INV-08-0055,2024-04,1611222
RCT-08-0056,INV-08-0056,2024-04,1611222
RCT-08-0057,INV-08-0057,2024-04,1611222
RCT-08-0058,INV-08-0058,2024-04,1611222
RCT-08-0059,INV-08-0059,2024-04,1611222
RCT-08-0060,INV-08-0060,2024-04,1611222
RCT-08-0061,INV-08-0061,2024-04,1611222
RCT-08-0062,INV-08-0062,2024-04,1611222
RCT-08-0063,INV-08-0063,2024-04,1611222
RCT-08-0064,INV-08-0064,2024-04,1611222
RCT-08-0065,INV-08-0065,2024-04,1611222
RCT-08-0066,INV-08-0066,2024-04,1611222
RCT-08-0067,INV-08-0067,2024-04,1611222
RCT-08-0068,INV-08-0068,2024-04,1611222
RCT-08-0069,INV-08-0069,2024-04,1611222
RCT-08-0070,INV-08-0070,2024-04,1611222
RCT-08-0071,INV-08-0071,2024-04,1611222
RCT-08-0072,INV-08-0072,2024-04,1611222
RCT-08-0073,INV-08-0073,2024-04,1611222
RCT-08-0074,INV-08-0074,2024-04,1611222
RCT-08-0075,INV-08-0075,2024-04,1611222
RCT-08-0076,INV-08-0076,2024-04,1611222
RCT-08-0077,INV-08-0077,2024-04,1611222
RCT-08-0078,INV-08-0078,2024-04,1611222
RCT-08-0079,INV-08-0079,2024-04,1611222
RCT-08-0080,INV-08-0080,2024-04,1611222
RCT-08-0081,INV-08-0081,2024-04,1611222
RCT-08-0082,INV-08-0082,2024-04,1611222
RCT-08-0083,INV-08-0083,2024-04,1611222
RCT-08-0084,INV-08-0084,2024-04,1611222
RCT-08-0085,INV-08-0085,2024-04,1611222
RCT-08-0086,INV-08-0086,2024-04,1611222
RCT-08-0087,INV-08-0087,2024-04,1611222
RCT-08-0088,INV-08-0088,2024-04,1611222
RCT-08-0089,INV-08-0089,2024-04,1611222
RCT-08-0090,INV-08-0090,2024-04,1611222
RCT-08-0091,INV-08-0091,2024-04,1611222
RCT-08-0092,INV-08-0092,2024-04,1611222
RCT-08-0093,INV-08-0093,2024-04,1611222
RCT-08-0094,INV-08-0094,2024-04,1611222
RCT-08-0095,INV-08-0095,2024-04,1611222
RCT-08-0096,INV-08-0096,2024-04,1611222
RCT-08-0097,INV-08-0097,2024-04,1611222
RCT-08-0098,INV-08-0098,2024-04,1611222
RCT-08-0099,INV-08-0099,2024-04,1611222
RCT-08-0100,INV-08-0100,2024-04,1611222
RCT-08-0101,INV-08-0101,2024-04,1611222
RCT-08-0102,INV-08-0102,2024-04,1611222
RCT-08-0103,INV-08-0103,2024-04,1611222
RCT-08-0104,INV-08-0104,2024-04,1611222
RCT-08-0105,INV-08-0105,2024-04,1611222
RCT-08-0106,INV-08-0106,2024-04,1611222
RCT-08-0107,INV-08-0107,2024-04,1611222
RCT-08-0108,INV-08-0108,2024-04,1611222
RCT-08-0109,INV-08-0109,2024-04,1611222
RCT-08-0110,INV-08-0110,2024-04,1611222
RCT-08-0111,INV-08-0111,2024-04,1611222
RCT-08-0112,INV-08-0112,2024-04,1611222
RCT-08-0113,INV-08-0113,2024-04,1611222
RCT-08-0114,INV-08-0114,2024-04,1611222
RCT-08-0115,INV-08-0115,2024-04,1611222
RCT-08-0116,INV-08-0116,2024-04,1611222
RCT-08-0117,INV-08-0117,2024-04,1611222
RCT-08-0118,INV-08-0118,2024-04,1611222
RCT-08-0119,INV-08-0119,2024-04,1611222
RCT-08-0120,INV-08-0120,2024-04,1611222
RCT-08-0121,INV-08-0121,2024-04,1611222
RCT-08-0122,INV-08-0122,2024-04,1611222
RCT-08-0123,INV-08-0123,2024-04,1611222
RCT-08-0124,INV-08-0124,2024-04,1611222
RCT-08-0125,INV-08-0125,2024-04,1611222
RCT-08-0126,INV-08-0126,2024-04,1611222
RCT-08-0127,INV-08-0127,2024-04,1611222
RCT-08-0128,INV-08-0128,2024-04,1611222
RCT-08-0129,INV-08-0129,2024-04,1611222
RCT-08-0130,INV-08-0130,2024-04,1611222
RCT-08-0131,INV-08-0131,2024-04,1611222
RCT-08-0132,INV-08-0132,2024-04,1611222
RCT-08-0133,INV-08-0133,2024-04,1611222
RCT-08-0134,INV-08-0134,2024-04,1611222
RCT-08-0135,INV-08-0135,2024-04,1611222
RCT-08-0136,INV-08-0136,2024-04,1611222
RCT-08-0137,INV-08-0137,2024-04,1611222
RCT-08-0138,INV-08-0138,2024-04,1611222
RCT-08-0139,INV-08-0139,2024-04,1611222
RCT-08-0140,INV-08-0140,2024-04,1611222
RCT-08-0141,INV-08-0141,2024-04,1611222
RCT-08-0142,INV-08-0142,2024-04,1611222
RCT-08-0143,INV-08-0143,2024-04,1611222
RCT-08-0144,INV-08-0144,2024-04,1611222
RCT-08-0145,INV-08-0145,2024-04,1611222
RCT-08-0146,INV-08-0146,2024-04,1611222
RCT-08-0147,INV-08-0147,2024-04,1611222
RCT-08-0148,INV-08-0148,2024-04,1611222
RCT-08-0149,INV-08-0149,2024-04,1611222
RCT-08-0150,INV-08-0150,2024-04,1611222
RCT-08-0151,INV-08-0151,2024-04,1611222
RCT-08-0152,INV-08-0152,2024-04,1611222
RCT-08-0153,INV-08-0153,2024-04,1611222
RCT-08-0154,INV-08-0154,2024-04,1611222
RCT-08-0155,INV-08-0155,2024-04,1611222
RCT-08-0156,INV-08-0156,2024-04,1611222
RCT-08-0157,INV-08-0157,2024-04,1611222
RCT-08-0158,INV-08-0158,2024-04,1611222
RCT-08-0159,INV-08-0159,2024-04,1611222
RCT-08-0160,INV-08-0160,2024-04,1611222
RCT-08-0161,INV-08-0161,2024-04,1611222
RCT-08-0162,INV-08-0162,2024-04,1611222
RCT-08-0163,INV-08-0163,2024-04,1611222
RCT-08-0164,INV-08-0164,2024-04,1611222
RCT-08-0165,INV-08-0165,2024-04,1611222
RCT-08-0166,INV-08-0166,2024-04,1611222
RCT-08-0167,INV-08-0167,2024-04,1611222
RCT-08-0168,INV-08-0168,2024-04,1611222
RCT-08-0169,INV-08-0169,2024-04,1611222
RCT-08-0170,INV-08-0170,2024-04,1611222
RCT-08-0171,INV-08-0171,2024-04,1611222
RCT-08-0172,INV-08-0172,2024-04,1611222
RCT-08-0173,INV-08-0173,2024-04,1611222
RCT-08-0174,INV-08-0174,2024-04,1611222
RCT-08-0175,INV-08-0175,2024-04,1611222
RCT-08-0176,INV-08-0176,2024-04,1611222
RCT-08-0177,INV-08-0177,2024-04,1611222
RCT-08-0178,INV-08-0178,2024-04,1611222
RCT-08-0179,INV-08-0179,2024-04,1611222
RCT-08-0180,INV-08-0180,2024-04,1611222
RCT-08-0181,INV-08-0181,2024-04,1611222
RCT-08-0182,INV-08-0182,2024-04,1611222
RCT-08-0183,INV-08-0183,2024-04,1611222
RCT-08-0184,INV-08-0184,2024-04,1611222
RCT-08-0185,INV-08-0185,2024-04,1611222
RCT-08-0186,INV-08-0186,2024-04,1611222
RCT-08-0187,INV-08-0187,2024-04,1611222
RCT-08-0188,INV-08-0188,2024-04,1611222
RCT-08-0189,INV-08-0189,2024-04,1611222
RCT-08-0190,INV-08-0190,2024-04,1611222
RCT-08-0191,INV-08-0191,2024-04,1611222
RCT-08-0192,INV-08-0192,2024-04,1611222
RCT-08-0193,INV-08-0193,2024-04,1611222
RCT-08-0194,INV-08-0194,2024-04,1611222
RCT-08-0195,INV-08-0195,2024-04,1611222
RCT-08-0196,INV-08-0196,2024-04,1611222
RCT-08-0197,INV-08-0197,2024-04,1611222
RCT-08-0198,INV-08-0198,2024-04,1611222
RCT-08-0199,INV-08-0199,2024-04,1611222
RCT-08-0200,INV-08-0200,2024-04,1611222
RCT-08-0201,INV-08-0201,2024-04,1611222
RCT-08-0202,INV-08-0202,2024-04,1611222
RCT-08-0203,INV-08-0203,2024-04,1611222
RCT-08-0204,INV-08-0204,2024-04,1611222
RCT-08-0205,INV-08-0205,2024-04,1611222
RCT-08-0206,INV-08-0206,2024-04,1611222
RCT-08-0207,INV-08-0207,2024-04,1611222
RCT-08-0208,INV-08-0208,2024-04,1611222
RCT-08-0209,INV-08-0209,2024-04,1611222
RCT-08-0210,INV-08-0210,2024-04,1611222
RCT-08-0211,INV-08-0211,2024-04,1611222
RCT-08-0212,INV-08-0212,2024-04,1611222
RCT-08-0213,INV-08-0213,2024-04,1611222
RCT-08-0214,INV-08-0214,2024-04,1611222
RCT-08-0215,INV-08-0215,2024-04,1611222
RCT-08-0216,INV-08-0216,2024-04,1611222
RCT-08-0217,INV-08-0217,2024-04,1611222
RCT-08-0218,INV-08-0218,2024-04,1611222
RCT-08-0219,INV-08-0219,2024-04,1611222
RCT-08-0220,INV-08-0220,2024-04,1611222
RCT-08-0221,INV-08-0221,2024-04,1611222
RCT-08-0222,INV-08-0222,2024-04,1611222
RCT-08-0223,INV-08-0223,2024-04,1611222
RCT-08-0224,INV-08-0224,2024-04,1611222
RCT-08-0225,INV-08-0225,2024-04,1611222
RCT-08-0226,INV-08-0226,2024-04,1611222
RCT-08-0227,INV-08-0227,2024-04,1611222
RCT-08-0228,INV-08-0228,2024-04,1611222
RCT-08-0229,INV-08-0229,2024-04,1611222
RCT-08-0230,INV-08-0230,2024-04,1611222
RCT-08-0231,INV-08-0231,2024-04,1611222
RCT-08-0232,INV-08-0232,2024-04,1611222
RCT-08-0233,INV-08-0233,2024-04,1611222
RCT-08-0234,INV-08-0234,2024-04,1611222
RCT-08-0235,INV-08-0235,2024-04,1611222
RCT-08-0236,INV-08-0236,2024-04,1611222
RCT-08-0237,INV-08-0237,2024-04,1611222
RCT-08-0238,INV-08-0238,2024-04,1611222
RCT-08-0239,INV-08-0239,2024-04,1611222
RCT-08-0240,INV-08-0240,2024-04,1611222
RCT-08-0241,INV-08-0241,2024-04,1611222
RCT-08-0242,INV-08-0242,2024-04,1611222
RCT-08-0243,INV-08-0243,2024-04,1611222
RCT-08-0244,INV-08-0244,2024-04,1611222
RCT-08-0245,INV-08-0245,2024-04,1611222
RCT-08-0246,INV-08-0246,2024-04,1611222
RCT-08-0247,INV-08-0247,2024-04,1611222
RCT-08-0248,INV-08-0248,2024-04,1611222
RCT-08-0249,INV-08-0249,2024-04,1611222
RCT-08-0250,INV-08-0250,2024-04,1611222
RCT-08-0251,INV-08-0251,2024-04,1611222
RCT-08-0252,INV-08-0252,2024-04,1611222
RCT-08-0253,INV-08-0253,2024-04,1611222
RCT-08-0254,INV-08-0254,2024-04,1611222
RCT-08-0255,INV-08-0255,2024-04,1611222
RCT-08-0256,INV-08-0256,2024-04,1611222
RCT-08-0257,INV-08-0257,2024-04,1611222
RCT-08-0258,INV-08-0258,2024-04,1611222
RCT-08-0259,INV-08-0259,2024-04,1611222
RCT-08-0260,INV-08-0260,2024-04,1611222
RCT-08-0261,INV-08-0261,2024-04,1611222
RCT-08-0262,INV-08-0262,2024-04,1611222
RCT-08-0263,INV-08-0263,2024-04,1611222
RCT-08-0264,INV-08-0264,2024-04,1611222
RCT-08-0265,INV-08-0265,2024-04,1611222
RCT-08-0266,INV-08-0266,2024-04,1611222
RCT-08-0267,INV-08-0267,2024-04,1611222
RCT-08-0268,INV-08-0268,2024-04,1611222
RCT-08-0269,INV-08-0269,2024-04,1611222
RCT-08-0270,INV-08-0270,2024-04,1611222
RCT-08-0271,INV-08-0271,2024-04,1611222
RCT-08-0272,INV-08-0272,2024-04,1611222
RCT-08-0273,INV-08-0273,2024-04,1611222
RCT-08-0274,INV-08-0274,2024-04,1611222
RCT-08-0275,INV-08-0275,2024-04,1611222
RCT-08-0276,INV-08-0276,2024-04,1611222
RCT-08-0277,INV-08-0277,2024-04,1611222
RCT-08-0278,INV-08-0278,2024-04,1611222
RCT-08-0279,INV-08-0279,2024-04,1611222
RCT-08-0280,INV-08-0280,2024-04,1611222
RCT-08-0281,INV-08-0281,2024-04,1611222
RCT-08-0282,INV-08-0282,2024-04,1611222
RCT-08-0283,INV-08-0283,2024-04,1611222
RCT-08-0284,INV-08-0284,2024-04,1611222
RCT-08-0285,INV-08-0285,2024-04,1611222
RCT-08-0286,INV-08-0286,2024-04,1611222
RCT-08-0287,INV-08-0287,2024-04,1611222
RCT-08-0288,INV-08-0288,2024-04,1611222
RCT-08-0289,INV-08-0289,2024-04,1611222
RCT-08-0290,INV-08-0290,2024-04,1611222
RCT-08-0291,INV-08-0291,2024-04,1611222
RCT-08-0292,INV-08-0292,2024-04,1611222
RCT-08-0293,INV-08-0293,2024-04,1611222
RCT-08-0294,INV-08-0294,2024-04,1611222
RCT-08-0295,INV-08-0295,2024-04,1611222
RCT-08-0296,INV-08-0296,2024-04,1611222
RCT-08-0297,INV-08-0297,2024-04,1611222
RCT-08-0298,INV-08-0298,2024-04,1611222
RCT-08-0299,INV-08-0299,2024-04,1611222
RCT-08-0300,INV-08-0300,2024-04,1611222
RCT-08-0301,INV-08-0301,2024-04,1611222
RCT-08-0302,INV-08-0302,2024-04,1611222
RCT-08-0303,INV-08-0303,2024-04,1611222
RCT-08-0304,INV-08-0304,2024-04,1611222
RCT-08-0305,INV-08-0305,2024-04,1611222
RCT-08-0306,INV-08-0306,2024-04,1611222
RCT-08-0307,INV-08-0307,2024-04,1611222
RCT-08-0308,INV-08-0308,2024-04,1611222
RCT-08-0309,INV-08-0309,2024-04,1611222
RCT-08-0310,INV-08-0310,2024-04,1611222
RCT-08-0311,INV-08-0311,2024-04,1611222
RCT-08-0312,INV-08-0312,2024-04,1611222
RCT-08-0313,INV-08-0313,2024-04,1611222
RCT-08-0314,INV-08-0314,2024-04,1611222
RCT-08-0315,INV-08-0315,2024-04,1611222
RCT-08-0316,INV-08-0316,2024-04,1611222
RCT-08-0317,INV-08-0317,2024-04,1611222
RCT-08-0318,INV-08-0318,2024-04,1611222
RCT-08-0319,INV-08-0319,2024-04,1611222
RCT-08-0320,INV-08-0320,2024-04,1611222
RCT-08-0321,INV-08-0321,2024-04,1611222
RCT-08-0322,INV-08-0322,2024-04,1611222
RCT-08-0323,INV-08-0323,2024-04,1611222
RCT-08-0324,INV-08-0324,2024-04,1611222
RCT-08-0325,INV-08-0325,2024-04,1611222
RCT-08-0326,INV-08-0326,2024-04,1611222
RCT-08-0327,INV-08-0327,2024-04,1611222
RCT-08-0328,INV-08-0328,2024-04,1611222
RCT-08-0329,INV-08-0329,2024-04,1611222
RCT-08-0330,INV-08-0330,2024-04,1611222
RCT-08-0331,INV-08-0331,2024-04,1611222
RCT-08-0332,INV-08-0332,2024-04,1611222
RCT-08-0333,INV-08-0333,2024-04,1611222
RCT-08-0334,INV-08-0334,2024-04,1611222
RCT-08-0335,INV-08-0335,2024-04,1611222
RCT-08-0336,INV-08-0336,2024-04,1611222
RCT-08-0337,INV-08-0337,2024-04,1611222
RCT-08-0338,INV-08-0338,2024-04,1611222
RCT-08-0339,INV-08-0339,2024-04,1611222
RCT-08-0340,INV-08-0340,2024-04,1611222
RCT-08-0341,INV-08-0341,2024-04,1611222
RCT-08-0342,INV-08-0342,2024-04,1611222
RCT-08-0343,INV-08-0343,2024-04,1611222
RCT-08-0344,INV-08-0344,2024-04,1611222
RCT-08-0345,INV-08-0345,2024-04,1611222
RCT-08-0346,INV-08-0346,2024-04,1611222
RCT-08-0347,INV-08-0347,2024-04,1611222
RCT-08-0348,INV-08-0348,2024-04,1611222
RCT-08-0349,INV-08-0349,2024-04,1611222
RCT-08-0350,INV-08-0350,2024-04,1611222
RCT-08-0351,INV-08-0351,2024-04,1611222
RCT-08-0352,INV-08-0352,2024-04,1611222
RCT-08-0353,INV-08-0353,2024-04,1611222
RCT-08-0354,INV-08-0354,2024-04,1611222
RCT-08-0355,INV-08-0355,2024-04,1611222
RCT-08-0356,INV-08-0356,2024-04,1611222
RCT-08-0357,INV-08-0357,2024-04,1611222
RCT-08-0358,INV-08-0358,2024-04,1611222
RCT-08-0359,INV-08-0359,2024-04,1611222
RCT-08-0360,INV-08-0360,2024-04,1611222
RCT-08-0361,INV-08-0361,2024-04,1611222
RCT-08-0362,INV-08-0362,2024-04,1611222
RCT-08-0363,INV-08-0363,2024-04,1611222
RCT-08-0364,INV-08-0364,2024-04,1611222
RCT-08-0365,INV-08-0365,2024-04,1611222
RCT-08-0366,INV-08-0366,2024-04,1611222
RCT-08-0367,INV-08-0367,2024-04,1611222
RCT-08-0368,INV-08-0368,2024-04,1611222
RCT-08-0369,INV-08-0369,2024-04,1611222
RCT-08-0370,INV-08-0370,2024-04,1611222
RCT-08-0371,INV-08-0371,2024-04,1611222
RCT-08-0372,INV-08-0372,2024-04,1611222
RCT-08-0373,INV-08-0373,2024-04,1611222
RCT-08-0374,INV-08-0374,2024-04,1611222
RCT-08-0375,INV-08-0375,2024-04,1611222
RCT-08-0376,INV-08-0376,2024-04,1611222
RCT-08-0377,INV-08-0377,2024-04,1611222
RCT-08-0378,INV-08-0378,2024-04,1611222
RCT-08-0379,INV-08-0379,2024-04,1611222
RCT-08-0380,INV-08-0380,2024-04,1611222
RCT-08-0381,INV-08-0381,2024-04,1611222
RCT-08-0382,INV-08-0382,2024-04,1611222
RCT-08-0383,INV-08-0383,2024-04,1611222
RCT-08-0384,INV-08-0384,2024-04,1611222
RCT-08-0385,INV-08-0385,2024-04,1611222
RCT-08-0386,INV-08-0386,2024-04,1611222
RCT-08-0387,INV-08-0387,2024-04,1611222
RCT-08-0388,INV-08-0388,2024-04,1611222
RCT-08-0389,INV-08-0389,2024-04,1611222
RCT-08-0390,INV-08-0390,2024-04,1611222
RCT-08-0391,INV-08-0391,2024-04,1611222
RCT-08-0392,INV-08-0392,2024-04,1611222
RCT-08-0393,INV-08-0393,2024-04,1611222
RCT-08-0394,INV-08-0394,2024-04,1611222
RCT-08-0395,INV-08-0395,2024-04,1611222
RCT-08-0396,INV-08-0396,2024-04,1611222
RCT-08-0397,INV-08-0397,2024-04,1611222
RCT-08-0398,INV-08-0398,2024-04,1611222
RCT-08-0399,INV-08-0399,2024-04,1611222
RCT-08-0400,INV-08-0400,2024-04,1611222
RCT-08-0401,INV-08-0401,2024-04,1611222
RCT-08-0402,INV-08-0402,2024-04,1611222
RCT-08-0403,INV-08-0403,2024-04,1611222
RCT-08-0404,INV-08-0404,2024-04,1611222
RCT-08-0405,INV-08-0405,2024-04,1611222
RCT-08-0406,INV-08-0406,2024-04,1611222
RCT-08-0407,INV-08-0407,2024-04,1611222
RCT-08-0408,INV-08-0408,2024-04,1611222
RCT-08-0409,INV-08-0409,2024-04,1611222
RCT-08-0410,INV-08-0410,2024-04,1611222
RCT-08-0411,INV-08-0411,2024-04,1611222
RCT-08-0412,INV-08-0412,2024-04,1611222
RCT-08-0413,INV-08-0413,2024-04,1611222
RCT-08-0414,INV-08-0414,2024-04,1611222
RCT-08-0415,INV-08-0415,2024-04,1611222
RCT-08-0416,INV-08-0416,2024-04,1611222
RCT-08-0417,INV-08-0417,2024-04,1611222
RCT-08-0418,INV-08-0418,2024-04,1611222
RCT-08-0419,INV-08-0419,2024-04,1611222
RCT-08-0420,INV-08-0420,2024-04,1611222
RCT-08-0421,INV-08-0421,2024-04,1611222
RCT-08-0422,INV-08-0422,2024-04,1611222
RCT-08-0423,INV-08-0423,2024-04,1611222
RCT-08-0424,INV-08-0424,2024-04,1611222
RCT-08-0425,INV-08-0425,2024-04,1611222
RCT-08-0426,INV-08-0426,2024-04,1611222
RCT-08-0427,INV-08-0427,2024-04,1611222
RCT-08-0428,INV-08-0428,2024-04,1611222
RCT-08-0429,INV-08-0429,2024-04,1611222
RCT-08-0430,INV-08-0430,2024-04,1611222
RCT-08-0431,INV-08-0431,2024-04,1611222
RCT-08-0432,INV-08-0432,2024-04,1611222
RCT-08-0433,INV-08-0433,2024-04,1611222
RCT-08-0434,INV-08-0434,2024-04,1611222
RCT-08-0435,INV-08-0435,2024-04,1611222
RCT-08-0436,INV-08-0436,2024-04,1611222
RCT-08-0437,INV-08-0437,2024-04,1611222
RCT-08-0438,INV-08-0438,2024-04,1611222
RCT-08-0439,INV-08-0439,2024-04,1611222
RCT-08-0440,INV-08-0440,2024-04,1611222
RCT-08-0441,INV-08-0441,2024-04,1611222
RCT-08-0442,INV-08-0442,2024-04,1611222
RCT-08-0443,INV-08-0443,2024-04,1611222
RCT-08-0444,INV-08-0444,2024-04,1611222
RCT-08-0445,INV-08-0445,2024-04,1611222
RCT-08-0446,INV-08-0446,2024-04,1611222
RCT-08-0447,INV-08-0447,2024-04,1611222
RCT-08-0448,INV-08-0448,2024-04,1611222
RCT-08-0449,INV-08-0449,2024-04,1611222
RCT-08-0450,INV-08-0450,2024-04,1611222
RCT-08-0451,INV-08-0451,2024-04,1611222
RCT-08-0452,INV-08-0452,2024-04,1611222
RCT-08-0453,INV-08-0453,2024-04,1611222
RCT-08-0454,INV-08-0454,2024-04,1611222
RCT-08-0455,INV-08-0455,2024-04,1611222
RCT-08-0456,INV-08-0456,2024-04,1611222
RCT-08-0457,INV-08-0457,2024-04,1611222
RCT-08-0458,INV-08-0458,2024-04,1611222
RCT-08-0459,INV-08-0459,2024-04,1611222
RCT-08-0460,INV-08-0460,2024-04,1611222
RCT-08-0461,INV-08-0461,2024-04,1611222
RCT-08-0462,INV-08-0462,2024-04,1611222
RCT-08-0463,INV-08-0463,2024-04,1611222
RCT-08-0464,INV-08-0464,2024-04,1611222
RCT-08-0465,INV-08-0465,2024-04,1611222
RCT-08-0466,INV-08-0466,2024-04,1611222
RCT-08-0467,INV-08-0467,2024-04,1611222
RCT-08-0468,INV-08-0468,2024-04,1611222
RCT-08-0469,INV-08-0469,2024-04,1611222
RCT-08-0470,INV-08-0470,2024-04,1611222
RCT-08-0471,INV-08-0471,2024-04,1611222
RCT-08-0472,INV-08-0472,2024-04,1611222
RCT-08-0473,INV-08-0473,2024-04,1611222
RCT-08-0474,INV-08-0474,2024-04,1611222
RCT-08-0475,INV-08-0475,2024-04,1611222
RCT-08-0476,INV-08-0476,2024-04,1611222
RCT-08-0477,INV-08-0477,2024-04,1611222
RCT-08-0478,INV-08-0478,2024-04,1611222
RCT-08-0479,INV-08-0479,2024-04,1611222
RCT-08-0480,INV-08-0480,2024-04,1611222
RCT-08-0481,INV-08-0481,2024-04,1611222
RCT-08-0482,INV-08-0482,2024-04,1611222
RCT-08-0483,INV-08-0483,2024-04,1611222
RCT-08-0484,INV-08-0484,2024-04,1611222
RCT-08-0485,INV-08-0485,2024-04,1611222
RCT-08-0486,INV-08-0486,2024-04,1611222
RCT-08-0487,INV-08-0487,2024-04,1611222
RCT-08-0488,INV-08-0488,2024-04,1611222
RCT-08-0489,INV-08-0489,2024-04,1611222
RCT-08-0490,INV-08-0490,2024-04,1611222
RCT-08-0491,INV-08-0491,2024-04,1611222
RCT-08-0492,INV-08-0492,2024-04,1611222
RCT-08-0493,INV-08-0493,2024-04,1611222
RCT-08-0494,INV-08-0494,2024-04,1611222
RCT-08-0495,INV-08-0495,2024-04,1611222
RCT-08-0496,INV-08-0496,2024-04,1611222
RCT-08-0497,INV-08-0497,2024-04,1611222
RCT-08-0498,INV-08-0498,2024-04,1611222
RCT-08-0499,INV-08-0499,2024-04,1611222
RCT-08-0500,INV-08-0500,2024-04,1611222
RCT-08-SVC,INV-08-SVC,2024-04,122833333
RCT-09-0001,INV-09-0001,2024-05,204000000
RCT-09-0002,INV-09-0002,2024-05,1635270
RCT-09-0003,INV-09-0003,2024-05,1635270
RCT-09-0004,INV-09-0004,2024-05,1635270
RCT-09-0005,INV-09-0005,2024-05,1635270
RCT-09-0006,INV-09-0006,2024-05,1635270
RCT-09-0007,INV-09-0007,2024-05,1635270
RCT-09-0008,INV-09-0008,2024-05,1635270
RCT-09-0009,INV-09-0009,2024-05,1635270
RCT-09-0010,INV-09-0010,2024-05,1635270
RCT-09-0011,INV-09-0011,2024-05,1635270
RCT-09-0012,INV-09-0012,2024-05,1635270
RCT-09-0013,INV-09-0013,2024-05,1635270
RCT-09-0014,INV-09-0014,2024-05,1635270
RCT-09-0015,INV-09-0015,2024-05,1635270
RCT-09-0016,INV-09-0016,2024-05,1635270
RCT-09-0017,INV-09-0017,2024-05,1635270
RCT-09-0018,INV-09-0018,2024-05,1635270
RCT-09-0019,INV-09-0019,2024-05,1635270
RCT-09-0020,INV-09-0020,2024-05,1635270
RCT-09-0021,INV-09-0021,2024-05,1635270
RCT-09-0022,INV-09-0022,2024-05,1635270
RCT-09-0023,INV-09-0023,2024-05,1635270
RCT-09-0024,INV-09-0024,2024-05,1635270
RCT-09-0025,INV-09-0025,2024-05,1635270
RCT-09-0026,INV-09-0026,2024-05,1635270
RCT-09-0027,INV-09-0027,2024-05,1635270
RCT-09-0028,INV-09-0028,2024-05,1635270
RCT-09-0029,INV-09-0029,2024-05,1635270
RCT-09-0030,INV-09-0030,2024-05,1635270
RCT-09-0031,INV-09-0031,2024-05,1635270
RCT-09-0032,INV-09-0032,2024-05,1635270
RCT-09-0033,INV-09-0033,2024-05,1635270
RCT-09-0034,INV-09-0034,2024-05,1635270
RCT-09-0035,INV-09-0035,2024-05,1635270
RCT-09-0036,INV-09-0036,2024-05,1635270
RCT-09-0037,INV-09-0037,2024-05,1635270
RCT-09-0038,INV-09-0038,2024-05,1635270
RCT-09-0039,INV-09-0039,2024-05,1635270
RCT-09-0040,INV-09-0040,2024-05,1635270
RCT-09-0041,INV-09-0041,2024-05,1635270
RCT-09-0042,INV-09-0042,2024-05,1635270
RCT-09-0043,INV-09-0043,2024-05,1635270
RCT-09-0044,INV-09-0044,2024-05,1635270
RCT-09-0045,INV-09-0045,2024-05,1635270
RCT-09-0046,INV-09-0046,2024-05,1635270
RCT-09-0047,INV-09-0047,2024-05,1635270
RCT-09-0048,INV-09-0048,2024-05,1635270
RCT-09-0049,INV-09-0049,2024-05,1635270
RCT-09-0050,INV-09-0050,2024-05,1635270
RCT-09-0051,INV-09-0051,2024-05,1635270
RCT-09-0052,INV-09-0052,2024-05,1635270
RCT-09-0053,INV-09-0053,2024-05,1635270
RCT-09-0054,INV-09-0054,2024-05,1635270
RCT-09-0055,INV-09-0055,2024-05,1635270
RCT-09-0056,INV-09-0056,2024-05,1635270
RCT-09-0057,INV-09-0057,2024-05,1635270
RCT-09-0058,INV-09-0058,2024-05,1635270
RCT-09-0059,INV-09-0059,2024-05,1635270
RCT-09-0060,INV-09-0060,2024-05,1635270
RCT-09-0061,INV-09-0061,2024-05,1635270
RCT-09-0062,INV-09-0062,2024-05,1635270
RCT-09-0063,INV-09-0063,2024-05,1635270
RCT-09-0064,INV-09-0064,2024-05,1635270
RCT-09-0065,INV-09-0065,2024-05,1635270
RCT-09-0066,INV-09-0066,2024-05,1635270
RCT-09-0067,INV-09-0067,2024-05,1635270
RCT-09-0068,INV-09-0068,2024-05,1635270
RCT-09-0069,INV-09-0069,2024-05,1635270
RCT-09-0070,INV-09-0070,2024-05,1635270
RCT-09-0071,INV-09-0071,2024-05,1635270
RCT-09-0072,INV-09-0072,2024-05,1635270
RCT-09-0073,INV-09-0073,2024-05,1635270
RCT-09-0074,INV-09-0074,2024-05,1635270
RCT-09-0075,INV-09-0075,2024-05,1635270
RCT-09-0076,INV-09-0076,2024-05,1635270
RCT-09-0077,INV-09-0077,2024-05,1635270
RCT-09-0078,INV-09-0078,2024-05,1635270
RCT-09-0079,INV-09-0079,2024-05,1635270
RCT-09-0080,INV-09-0080,2024-05,1635270
RCT-09-0081,INV-09-0081,2024-05,1635270
RCT-09-0082,INV-09-0082,2024-05,1635270
RCT-09-0083,INV-09-0083,2024-05,1635270
RCT-09-0084,INV-09-0084,2024-05,1635270
RCT-09-0085,INV-09-0085,2024-05,1635270
RCT-09-0086,INV-09-0086,2024-05,1635270
RCT-09-0087,INV-09-0087,2024-05,1635270
RCT-09-0088,INV-09-0088,2024-05,1635270
RCT-09-0089,INV-09-0089,2024-05,1635270
RCT-09-0090,INV-09-0090,2024-05,1635270
RCT-09-0091,INV-09-0091,2024-05,1635270
RCT-09-0092,INV-09-0092,2024-05,1635270
RCT-09-0093,INV-09-0093,2024-05,1635270
RCT-09-0094,INV-09-0094,2024-05,1635270
RCT-09-0095,INV-09-0095,2024-05,1635270
RCT-09-0096,INV-09-0096,2024-05,1635270
RCT-09-0097,INV-09-0097,2024-05,1635270
RCT-09-0098,INV-09-0098,2024-05,1635270
RCT-09-0099,INV-09-0099,2024-05,1635270
RCT-09-0100,INV-09-0100,2024-05,1635270
RCT-09-0101,INV-09-0101,2024-05,1635270
RCT-09-0102,INV-09-0102,2024-05,1635270
RCT-09-0103,INV-09-0103,2024-05,1635270
RCT-09-0104,INV-09-0104,2024-05,1635270
RCT-09-0105,INV-09-0105,2024-05,1635270
RCT-09-0106,INV-09-0106,2024-05,1635270
RCT-09-0107,INV-09-0107,2024-05,1635270
RCT-09-0108,INV-09-0108,2024-05,1635270
RCT-09-0109,INV-09-0109,2024-05,1635270
RCT-09-0110,INV-09-0110,2024-05,1635270
RCT-09-0111,INV-09-0111,2024-05,1635270
RCT-09-0112,INV-09-0112,2024-05,1635270
RCT-09-0113,INV-09-0113,2024-05,1635270
RCT-09-0114,INV-09-0114,2024-05,1635270
RCT-09-0115,INV-09-0115,2024-05,1635270
RCT-09-0116,INV-09-0116,2024-05,1635270
RCT-09-0117,INV-09-0117,2024-05,1635270
RCT-09-0118,INV-09-0118,2024-05,1635270
RCT-09-0119,INV-09-0119,2024-05,1635270
RCT-09-0120,INV-09-0120,2024-05,1635270
RCT-09-0121,INV-09-0121,2024-05,1635270
RCT-09-0122,INV-09-0122,2024-05,1635270
RCT-09-0123,INV-09-0123,2024-05,1635270
RCT-09-0124,INV-09-0124,2024-05,1635270
RCT-09-0125,INV-09-0125,2024-05,1635270
RCT-09-0126,INV-09-0126,2024-05,1635270
RCT-09-0127,INV-09-0127,2024-05,1635270
RCT-09-0128,INV-09-0128,2024-05,1635270
RCT-09-0129,INV-09-0129,2024-05,1635270
RCT-09-0130,INV-09-0130,2024-05,1635270
RCT-09-0131,INV-09-0131,2024-05,1635270
RCT-09-0132,INV-09-0132,2024-05,1635270
RCT-09-0133,INV-09-0133,2024-05,1635270
RCT-09-0134,INV-09-0134,2024-05,1635270
RCT-09-0135,INV-09-0135,2024-05,1635270
RCT-09-0136,INV-09-0136,2024-05,1635270
RCT-09-0137,INV-09-0137,2024-05,1635270
RCT-09-0138,INV-09-0138,2024-05,1635270
RCT-09-0139,INV-09-0139,2024-05,1635270
RCT-09-0140,INV-09-0140,2024-05,1635270
RCT-09-0141,INV-09-0141,2024-05,1635270
RCT-09-0142,INV-09-0142,2024-05,1635270
RCT-09-0143,INV-09-0143,2024-05,1635270
RCT-09-0144,INV-09-0144,2024-05,1635270
RCT-09-0145,INV-09-0145,2024-05,1635270
RCT-09-0146,INV-09-0146,2024-05,1635270
RCT-09-0147,INV-09-0147,2024-05,1635270
RCT-09-0148,INV-09-0148,2024-05,1635270
RCT-09-0149,INV-09-0149,2024-05,1635270
RCT-09-0150,INV-09-0150,2024-05,1635270
RCT-09-0151,INV-09-0151,2024-05,1635270
RCT-09-0152,INV-09-0152,2024-05,1635270
RCT-09-0153,INV-09-0153,2024-05,1635270
RCT-09-0154,INV-09-0154,2024-05,1635270
RCT-09-0155,INV-09-0155,2024-05,1635270
RCT-09-0156,INV-09-0156,2024-05,1635270
RCT-09-0157,INV-09-0157,2024-05,1635270
RCT-09-0158,INV-09-0158,2024-05,1635270
RCT-09-0159,INV-09-0159,2024-05,1635270
RCT-09-0160,INV-09-0160,2024-05,1635270
RCT-09-0161,INV-09-0161,2024-05,1635270
RCT-09-0162,INV-09-0162,2024-05,1635270
RCT-09-0163,INV-09-0163,2024-05,1635270
RCT-09-0164,INV-09-0164,2024-05,1635270
RCT-09-0165,INV-09-0165,2024-05,1635270
RCT-09-0166,INV-09-0166,2024-05,1635270
RCT-09-0167,INV-09-0167,2024-05,1635270
RCT-09-0168,INV-09-0168,2024-05,1635270
RCT-09-0169,INV-09-0169,2024-05,1635270
RCT-09-0170,INV-09-0170,2024-05,1635270
RCT-09-0171,INV-09-0171,2024-05,1635270
RCT-09-0172,INV-09-0172,2024-05,1635270
RCT-09-0173,INV-09-0173,2024-05,1635270
RCT-09-0174,INV-09-0174,2024-05,1635270
RCT-09-0175,INV-09-0175,2024-05,1635270
RCT-09-0176,INV-09-0176,2024-05,1635270
RCT-09-0177,INV-09-0177,2024-05,1635270
RCT-09-0178,INV-09-0178,2024-05,1635270
RCT-09-0179,INV-09-0179,2024-05,1635270
RCT-09-0180,INV-09-0180,2024-05,1635270
RCT-09-0181,INV-09-0181,2024-05,1635270
RCT-09-0182,INV-09-0182,2024-05,1635270
RCT-09-0183,INV-09-0183,2024-05,1635270
RCT-09-0184,INV-09-0184,2024-05,1635270
RCT-09-0185,INV-09-0185,2024-05,1635270
RCT-09-0186,INV-09-0186,2024-05,1635270
RCT-09-0187,INV-09-0187,2024-05,1635270
RCT-09-0188,INV-09-0188,2024-05,1635270
RCT-09-0189,INV-09-0189,2024-05,1635270
RCT-09-0190,INV-09-0190,2024-05,1635270
RCT-09-0191,INV-09-0191,2024-05,1635270
RCT-09-0192,INV-09-0192,2024-05,1635270
RCT-09-0193,INV-09-0193,2024-05,1635270
RCT-09-0194,INV-09-0194,2024-05,1635270
RCT-09-0195,INV-09-0195,2024-05,1635270
RCT-09-0196,INV-09-0196,2024-05,1635270
RCT-09-0197,INV-09-0197,2024-05,1635270
RCT-09-0198,INV-09-0198,2024-05,1635270
RCT-09-0199,INV-09-0199,2024-05,1635270
RCT-09-0200,INV-09-0200,2024-05,1635270
RCT-09-0201,INV-09-0201,2024-05,1635270
RCT-09-0202,INV-09-0202,2024-05,1635270
RCT-09-0203,INV-09-0203,2024-05,1635270
RCT-09-0204,INV-09-0204,2024-05,1635270
RCT-09-0205,INV-09-0205,2024-05,1635270
RCT-09-0206,INV-09-0206,2024-05,1635270
RCT-09-0207,INV-09-0207,2024-05,1635270
RCT-09-0208,INV-09-0208,2024-05,1635270
RCT-09-0209,INV-09-0209,2024-05,1635270
RCT-09-0210,INV-09-0210,2024-05,1635270
RCT-09-0211,INV-09-0211,2024-05,1635270
RCT-09-0212,INV-09-0212,2024-05,1635270
RCT-09-0213,INV-09-0213,2024-05,1635270
RCT-09-0214,INV-09-0214,2024-05,1635270
RCT-09-0215,INV-09-0215,2024-05,1635270
RCT-09-0216,INV-09-0216,2024-05,1635270
RCT-09-0217,INV-09-0217,2024-05,1635270
RCT-09-0218,INV-09-0218,2024-05,1635270
RCT-09-0219,INV-09-0219,2024-05,1635270
RCT-09-0220,INV-09-0220,2024-05,1635270
RCT-09-0221,INV-09-0221,2024-05,1635270
RCT-09-0222,INV-09-0222,2024-05,1635270
RCT-09-0223,INV-09-0223,2024-05,1635270
RCT-09-0224,INV-09-0224,2024-05,1635270
RCT-09-0225,INV-09-0225,2024-05,1635270
RCT-09-0226,INV-09-0226,2024-05,1635270
RCT-09-0227,INV-09-0227,2024-05,1635270
RCT-09-0228,INV-09-0228,2024-05,1635270
RCT-09-0229,INV-09-0229,2024-05,1635270
RCT-09-0230,INV-09-0230,2024-05,1635270
RCT-09-0231,INV-09-0231,2024-05,1635270
RCT-09-0232,INV-09-0232,2024-05,1635270
RCT-09-0233,INV-09-0233,2024-05,1635270
RCT-09-0234,INV-09-0234,2024-05,1635270
RCT-09-0235,INV-09-0235,2024-05,1635270
RCT-09-0236,INV-09-0236,2024-05,1635270
RCT-09-0237,INV-09-0237,2024-05,1635270
RCT-09-0238,INV-09-0238,2024-05,1635270
RCT-09-0239,INV-09-0239,2024-05,1635270
RCT-09-0240,INV-09-0240,2024-05,1635270
RCT-09-0241,INV-09-0241,2024-05,1635270
RCT-09-0242,INV-09-0242,2024-05,1635270
RCT-09-0243,INV-09-0243,2024-05,1635270
RCT-09-0244,INV-09-0244,2024-05,1635270
RCT-09-0245,INV-09-0245,2024-05,1635270
RCT-09-0246,INV-09-0246,2024-05,1635270
RCT-09-0247,INV-09-0247,2024-05,1635270
RCT-09-0248,INV-09-0248,2024-05,1635270
RCT-09-0249,INV-09-0249,2024-05,1635270
RCT-09-0250,INV-09-0250,2024-05,1635270
RCT-09-0251,INV-09-0251,2024-05,1635270
RCT-09-0252,INV-09-0252,2024-05,1635270
RCT-09-0253,INV-09-0253,2024-05,1635270
RCT-09-0254,INV-09-0254,2024-05,1635270
RCT-09-0255,INV-09-0255,2024-05,1635270
RCT-09-0256,INV-09-0256,2024-05,1635270
RCT-09-0257,INV-09-0257,2024-05,1635270
RCT-09-0258,INV-09-0258,2024-05,1635270
RCT-09-0259,INV-09-0259,2024-05,1635270
RCT-09-0260,INV-09-0260,2024-05,1635270
RCT-09-0261,INV-09-0261,2024-05,1635270
RCT-09-0262,INV-09-0262,2024-05,1635270
RCT-09-0263,INV-09-0263,2024-05,1635270
RCT-09-0264,INV-09-0264,2024-05,1635270
RCT-09-0265,INV-09-0265,2024-05,1635270
RCT-09-0266,INV-09-0266,2024-05,1635270
RCT-09-0267,INV-09-0267,2024-05,1635270
RCT-09-0268,INV-09-0268,2024-05,1635270
RCT-09-0269,INV-09-0269,2024-05,1635270
RCT-09-0270,INV-09-0270,2024-05,1635270
RCT-09-0271,INV-09-0271,2024-05,1635270
RCT-09-0272,INV-09-0272,2024-05,1635270
RCT-09-0273,INV-09-0273,2024-05,1635270
RCT-09-0274,INV-09-0274,2024-05,1635270
RCT-09-0275,INV-09-0275,2024-05,1635270
RCT-09-0276,INV-09-0276,2024-05,1635270
RCT-09-0277,INV-09-0277,2024-05,1635270
RCT-09-0278,INV-09-0278,2024-05,1635270
RCT-09-0279,INV-09-0279,2024-05,1635270
RCT-09-0280,INV-09-0280,2024-05,1635270
RCT-09-0281,INV-09-0281,2024-05,1635270
RCT-09-0282,INV-09-0282,2024-05,1635270
RCT-09-0283,INV-09-0283,2024-05,1635270
RCT-09-0284,INV-09-0284,2024-05,1635270
RCT-09-0285,INV-09-0285,2024-05,1635270
RCT-09-0286,INV-09-0286,2024-05,1635270
RCT-09-0287,INV-09-0287,2024-05,1635270
RCT-09-0288,INV-09-0288,2024-05,1635270
RCT-09-0289,INV-09-0289,2024-05,1635270
RCT-09-0290,INV-09-0290,2024-05,1635270
RCT-09-0291,INV-09-0291,2024-05,1635270
RCT-09-0292,INV-09-0292,2024-05,1635270
RCT-09-0293,INV-09-0293,2024-05,1635270
RCT-09-0294,INV-09-0294,2024-05,1635270
RCT-09-0295,INV-09-0295,2024-05,1635270
RCT-09-0296,INV-09-0296,2024-05,1635270
RCT-09-0297,INV-09-0297,2024-05,1635270
RCT-09-0298,INV-09-0298,2024-05,1635270
RCT-09-0299,INV-09-0299,2024-05,1635270
RCT-09-0300,INV-09-0300,2024-05,1635270
RCT-09-0301,INV-09-0301,2024-05,1635270
RCT-09-0302,INV-09-0302,2024-05,1635270
RCT-09-0303,INV-09-0303,2024-05,1635270
RCT-09-0304,INV-09-0304,2024-05,1635270
RCT-09-0305,INV-09-0305,2024-05,1635270
RCT-09-0306,INV-09-0306,2024-05,1635270
RCT-09-0307,INV-09-0307,2024-05,1635270
RCT-09-0308,INV-09-0308,2024-05,1635270
RCT-09-0309,INV-09-0309,2024-05,1635270
RCT-09-0310,INV-09-0310,2024-05,1635270
RCT-09-0311,INV-09-0311,2024-05,1635270
RCT-09-0312,INV-09-0312,2024-05,1635270
RCT-09-0313,INV-09-0313,2024-05,1635270
RCT-09-0314,INV-09-0314,2024-05,1635270
RCT-09-0315,INV-09-0315,2024-05,1635270
RCT-09-0316,INV-09-0316,2024-05,1635270
RCT-09-0317,INV-09-0317,2024-05,1635270
RCT-09-0318,INV-09-0318,2024-05,1635270
RCT-09-0319,INV-09-0319,2024-05,1635270
RCT-09-0320,INV-09-0320,2024-05,1635270
RCT-09-0321,INV-09-0321,2024-05,1635270
RCT-09-0322,INV-09-0322,2024-05,1635270
RCT-09-0323,INV-09-0323,2024-05,1635270
RCT-09-0324,INV-09-0324,2024-05,1635270
RCT-09-0325,INV-09-0325,2024-05,1635270
RCT-09-0326,INV-09-0326,2024-05,1635270
RCT-09-0327,INV-09-0327,2024-05,1635270
RCT-09-0328,INV-09-0328,2024-05,1635270
RCT-09-0329,INV-09-0329,2024-05,1635270
RCT-09-0330,INV-09-0330,2024-05,1635270
RCT-09-0331,INV-09-0331,2024-05,1635270
RCT-09-0332,INV-09-0332,2024-05,1635270
RCT-09-0333,INV-09-0333,2024-05,1635270
RCT-09-0334,INV-09-0334,2024-05,1635270
RCT-09-0335,INV-09-0335,2024-05,1635270
RCT-09-0336,INV-09-0336,2024-05,1635270
RCT-09-0337,INV-09-0337,2024-05,1635270
RCT-09-0338,INV-09-0338,2024-05,1635270
RCT-09-0339,INV-09-0339,2024-05,1635270
RCT-09-0340,INV-09-0340,2024-05,1635270
RCT-09-0341,INV-09-0341,2024-05,1635270
RCT-09-0342,INV-09-0342,2024-05,1635270
RCT-09-0343,INV-09-0343,2024-05,1635270
RCT-09-0344,INV-09-0344,2024-05,1635270
RCT-09-0345,INV-09-0345,2024-05,1635270
RCT-09-0346,INV-09-0346,2024-05,1635270
RCT-09-0347,INV-09-0347,2024-05,1635270
RCT-09-0348,INV-09-0348,2024-05,1635270
RCT-09-0349,INV-09-0349,2024-05,1635270
RCT-09-0350,INV-09-0350,2024-05,1635270
RCT-09-0351,INV-09-0351,2024-05,1635270
RCT-09-0352,INV-09-0352,2024-05,1635270
RCT-09-0353,INV-09-0353,2024-05,1635270
RCT-09-0354,INV-09-0354,2024-05,1635270
RCT-09-0355,INV-09-0355,2024-05,1635270
RCT-09-0356,INV-09-0356,2024-05,1635270
RCT-09-0357,INV-09-0357,2024-05,1635270
RCT-09-0358,INV-09-0358,2024-05,1635270
RCT-09-0359,INV-09-0359,2024-05,1635270
RCT-09-0360,INV-09-0360,2024-05,1635270
RCT-09-0361,INV-09-0361,2024-05,1635270
RCT-09-0362,INV-09-0362,2024-05,1635270
RCT-09-0363,INV-09-0363,2024-05,1635270
RCT-09-0364,INV-09-0364,2024-05,1635270
RCT-09-0365,INV-09-0365,2024-05,1635270
RCT-09-0366,INV-09-0366,2024-05,1635270
RCT-09-0367,INV-09-0367,2024-05,1635270
RCT-09-0368,INV-09-0368,2024-05,1635270
RCT-09-0369,INV-09-0369,2024-05,1635270
RCT-09-0370,INV-09-0370,2024-05,1635270
RCT-09-0371,INV-09-0371,2024-05,1635270
RCT-09-0372,INV-09-0372,2024-05,1635270
RCT-09-0373,INV-09-0373,2024-05,1635270
RCT-09-0374,INV-09-0374,2024-05,1635270
RCT-09-0375,INV-09-0375,2024-05,1635270
RCT-09-0376,INV-09-0376,2024-05,1635270
RCT-09-0377,INV-09-0377,2024-05,1635270
RCT-09-0378,INV-09-0378,2024-05,1635270
RCT-09-0379,INV-09-0379,2024-05,1635270
RCT-09-0380,INV-09-0380,2024-05,1635270
RCT-09-0381,INV-09-0381,2024-05,1635270
RCT-09-0382,INV-09-0382,2024-05,1635270
RCT-09-0383,INV-09-0383,2024-05,1635270
RCT-09-0384,INV-09-0384,2024-05,1635270
RCT-09-0385,INV-09-0385,2024-05,1635270
RCT-09-0386,INV-09-0386,2024-05,1635270
RCT-09-0387,INV-09-0387,2024-05,1635270
RCT-09-0388,INV-09-0388,2024-05,1635270
RCT-09-0389,INV-09-0389,2024-05,1635270
RCT-09-0390,INV-09-0390,2024-05,1635270
RCT-09-0391,INV-09-0391,2024-05,1635270
RCT-09-0392,INV-09-0392,2024-05,1635270
RCT-09-0393,INV-09-0393,2024-05,1635270
RCT-09-0394,INV-09-0394,2024-05,1635270
RCT-09-0395,INV-09-0395,2024-05,1635270
RCT-09-0396,INV-09-0396,2024-05,1635270
RCT-09-0397,INV-09-0397,2024-05,1635270
RCT-09-0398,INV-09-0398,2024-05,1635270
RCT-09-0399,INV-09-0399,2024-05,1635270
RCT-09-0400,INV-09-0400,2024-05,1635270
RCT-09-0401,INV-09-0401,2024-05,1635270
RCT-09-0402,INV-09-0402,2024-05,1635270
RCT-09-0403,INV-09-0403,2024-05,1635270
RCT-09-0404,INV-09-0404,2024-05,1635270
RCT-09-0405,INV-09-0405,2024-05,1635270
RCT-09-0406,INV-09-0406,2024-05,1635270
RCT-09-0407,INV-09-0407,2024-05,1635270
RCT-09-0408,INV-09-0408,2024-05,1635270
RCT-09-0409,INV-09-0409,2024-05,1635270
RCT-09-0410,INV-09-0410,2024-05,1635270
RCT-09-0411,INV-09-0411,2024-05,1635270
RCT-09-0412,INV-09-0412,2024-05,1635270
RCT-09-0413,INV-09-0413,2024-05,1635270
RCT-09-0414,INV-09-0414,2024-05,1635270
RCT-09-0415,INV-09-0415,2024-05,1635270
RCT-09-0416,INV-09-0416,2024-05,1635270
RCT-09-0417,INV-09-0417,2024-05,1635270
RCT-09-0418,INV-09-0418,2024-05,1635270
RCT-09-0419,INV-09-0419,2024-05,1635270
RCT-09-0420,INV-09-0420,2024-05,1635270
RCT-09-0421,INV-09-0421,2024-05,1635270
RCT-09-0422,INV-09-0422,2024-05,1635270
RCT-09-0423,INV-09-0423,2024-05,1635270
RCT-09-0424,INV-09-0424,2024-05,1635270
RCT-09-0425,INV-09-0425,2024-05,1635270
RCT-09-0426,INV-09-0426,2024-05,1635270
RCT-09-0427,INV-09-0427,2024-05,1635270
RCT-09-0428,INV-09-0428,2024-05,1635270
RCT-09-0429,INV-09-0429,2024-05,1635270
RCT-09-0430,INV-09-0430,2024-05,1635270
RCT-09-0431,INV-09-0431,2024-05,1635270
RCT-09-0432,INV-09-0432,2024-05,1635270
RCT-09-0433,INV-09-0433,2024-05,1635270
RCT-09-0434,INV-09-0434,2024-05,1635270
RCT-09-0435,INV-09-0435,2024-05,1635270
RCT-09-0436,INV-09-0436,2024-05,1635270
RCT-09-0437,INV-09-0437,2024-05,1635270
RCT-09-0438,INV-09-0438,2024-05,1635270
RCT-09-0439,INV-09-0439,2024-05,1635270
RCT-09-0440,INV-09-0440,2024-05,1635270
RCT-09-0441,INV-09-0441,2024-05,1635270
RCT-09-0442,INV-09-0442,2024-05,1635270
RCT-09-0443,INV-09-0443,2024-05,1635270
RCT-09-0444,INV-09-0444,2024-05,1635270
RCT-09-0445,INV-09-0445,2024-05,1635270
RCT-09-0446,INV-09-0446,2024-05,1635270
RCT-09-0447,INV-09-0447,2024-05,1635270
RCT-09-0448,INV-09-0448,2024-05,1635270
RCT-09-0449,INV-09-0449,2024-05,1635270
RCT-09-0450,INV-09-0450,2024-05,1635270
RCT-09-0451,INV-09-0451,2024-05,1635270
RCT-09-0452,INV-09-0452,2024-05,1635270
RCT-09-0453,INV-09-0453,2024-05,1635270
RCT-09-0454,INV-09-0454,2024-05,1635270
RCT-09-0455,INV-09-0455,2024-05,1635270
RCT-09-0456,INV-09-0456,2024-05,1635270
RCT-09-0457,INV-09-0457,2024-05,1635270
RCT-09-0458,INV-09-0458,2024-05,1635270
RCT-09-0459,INV-09-0459,2024-05,1635270
RCT-09-0460,INV-09-0460,2024-05,1635270
RCT-09-0461,INV-09-0461,2024-05,1635270
RCT-09-0462,INV-09-0462,2024-05,1635270
RCT-09-0463,INV-09-0463,2024-05,1635270
RCT-09-0464,INV-09-0464,2024-05,1635270
RCT-09-0465,INV-09-0465,2024-05,1635270
RCT-09-0466,INV-09-0466,2024-05,1635270
RCT-09-0467,INV-09-0467,2024-05,1635270
RCT-09-0468,INV-09-0468,2024-05,1635270
RCT-09-0469,INV-09-0469,2024-05,1635270
RCT-09-0470,INV-09-0470,2024-05,1635270
RCT-09-0471,INV-09-0471,2024-05,1635270
RCT-09-0472,INV-09-0472,2024-05,1635270
RCT-09-0473,INV-09-0473,2024-05,1635270
RCT-09-0474,INV-09-0474,2024-05,1635270
RCT-09-0475,INV-09-0475,2024-05,1635270
RCT-09-0476,INV-09-0476,2024-05,1635270
RCT-09-0477,INV-09-0477,2024-05,1635270
RCT-09-0478,INV-09-0478,2024-05,1635270
RCT-09-0479,INV-09-0479,2024-05,1635270
RCT-09-0480,INV-09-0480,2024-05,1635270
RCT-09-0481,INV-09-0481,2024-05,1635270
RCT-09-0482,INV-09-0482,2024-05,1635270
RCT-09-0483,INV-09-0483,2024-05,1635270
RCT-09-0484,INV-09-0484,2024-05,1635270
RCT-09-0485,INV-09-0485,2024-05,1635270
RCT-09-0486,INV-09-0486,2024-05,1635270
RCT-09-0487,INV-09-0487,2024-05,1635270
RCT-09-0488,INV-09-0488,2024-05,1635270
RCT-09-0489,INV-09-0489,2024-05,1635270
RCT-09-0490,INV-09-0490,2024-05,1635270
RCT-09-0491,INV-09-0491,2024-05,1635270
RCT-09-0492,INV-09-0492,2024-05,1635270
RCT-09-0493,INV-09-0493,2024-05,1635270
RCT-09-0494,INV-09-0494,2024-05,1635270
RCT-09-0495,INV-09-0495,2024-05,1635270
RCT-09-0496,INV-09-0496,2024-05,1635270
RCT-09-0497,INV-09-0497,2024-05,1635270
RCT-09-0498,INV-09-0498,2024-05,1635270
RCT-09-0499,INV-09-0499,2024-05,1635270
RCT-09-0500,INV-09-0500,2024-05,1635270
RCT-09-SVC,INV-09-SVC,2024-05,124666666
RCT-10-0001,INV-10-0001,2024-06,207000000
RCT-10-0002,INV-10-0002,2024-06,1659318
RCT-10-0003,INV-10-0003,2024-06,1659318
RCT-10-0004,INV-10-0004,2024-06,1659318
RCT-10-0005,INV-10-0005,2024-06,1659318
RCT-10-0006,INV-10-0006,2024-06,1659318
RCT-10-0007,INV-10-0007,2024-06,1659318
RCT-10-0008,INV-10-0008,2024-06,1659318
RCT-10-0009,INV-10-0009,2024-06,1659318
RCT-10-0010,INV-10-0010,2024-06,1659318
RCT-10-0011,INV-10-0011,2024-06,1659318
RCT-10-0012,INV-10-0012,2024-06,1659318
RCT-10-0013,INV-10-0013,2024-06,1659318
RCT-10-0014,INV-10-0014,2024-06,1659318
RCT-10-0015,INV-10-0015,2024-06,1659318
RCT-10-0016,INV-10-0016,2024-06,1659318
RCT-10-0017,INV-10-0017,2024-06,1659318
RCT-10-0018,INV-10-0018,2024-06,1659318
RCT-10-0019,INV-10-0019,2024-06,1659318
RCT-10-0020,INV-10-0020,2024-06,1659318
RCT-10-0021,INV-10-0021,2024-06,1659318
RCT-10-0022,INV-10-0022,2024-06,1659318
RCT-10-0023,INV-10-0023,2024-06,1659318
RCT-10-0024,INV-10-0024,2024-06,1659318
RCT-10-0025,INV-10-0025,2024-06,1659318
RCT-10-0026,INV-10-0026,2024-06,1659318
RCT-10-0027,INV-10-0027,2024-06,1659318
RCT-10-0028,INV-10-0028,2024-06,1659318
RCT-10-0029,INV-10-0029,2024-06,1659318
RCT-10-0030,INV-10-0030,2024-06,1659318
RCT-10-0031,INV-10-0031,2024-06,1659318
RCT-10-0032,INV-10-0032,2024-06,1659318
RCT-10-0033,INV-10-0033,2024-06,1659318
RCT-10-0034,INV-10-0034,2024-06,1659318
RCT-10-0035,INV-10-0035,2024-06,1659318
RCT-10-0036,INV-10-0036,2024-06,1659318
RCT-10-0037,INV-10-0037,2024-06,1659318
RCT-10-0038,INV-10-0038,2024-06,1659318
RCT-10-0039,INV-10-0039,2024-06,1659318
RCT-10-0040,INV-10-0040,2024-06,1659318
RCT-10-0041,INV-10-0041,2024-06,1659318
RCT-10-0042,INV-10-0042,2024-06,1659318
RCT-10-0043,INV-10-0043,2024-06,1659318
RCT-10-0044,INV-10-0044,2024-06,1659318
RCT-10-0045,INV-10-0045,2024-06,1659318
RCT-10-0046,INV-10-0046,2024-06,1659318
RCT-10-0047,INV-10-0047,2024-06,1659318
RCT-10-0048,INV-10-0048,2024-06,1659318
RCT-10-0049,INV-10-0049,2024-06,1659318
RCT-10-0050,INV-10-0050,2024-06,1659318
RCT-10-0051,INV-10-0051,2024-06,1659318
RCT-10-0052,INV-10-0052,2024-06,1659318
RCT-10-0053,INV-10-0053,2024-06,1659318
RCT-10-0054,INV-10-0054,2024-06,1659318
RCT-10-0055,INV-10-0055,2024-06,1659318
RCT-10-0056,INV-10-0056,2024-06,1659318
RCT-10-0057,INV-10-0057,2024-06,1659318
RCT-10-0058,INV-10-0058,2024-06,1659318
RCT-10-0059,INV-10-0059,2024-06,1659318
RCT-10-0060,INV-10-0060,2024-06,1659318
RCT-10-0061,INV-10-0061,2024-06,1659318
RCT-10-0062,INV-10-0062,2024-06,1659318
RCT-10-0063,INV-10-0063,2024-06,1659318
RCT-10-0064,INV-10-0064,2024-06,1659318
RCT-10-0065,INV-10-0065,2024-06,1659318
RCT-10-0066,INV-10-0066,2024-06,1659318
RCT-10-0067,INV-10-0067,2024-06,1659318
RCT-10-0068,INV-10-0068,2024-06,1659318
RCT-10-0069,INV-10-0069,2024-06,1659318
RCT-10-0070,INV-10-0070,2024-06,1659318
RCT-10-0071,INV-10-0071,2024-06,1659318
RCT-10-0072,INV-10-0072,2024-06,1659318
RCT-10-0073,INV-10-0073,2024-06,1659318
RCT-10-0074,INV-10-0074,2024-06,1659318
RCT-10-0075,INV-10-0075,2024-06,1659318
RCT-10-0076,INV-10-0076,2024-06,1659318
RCT-10-0077,INV-10-0077,2024-06,1659318
RCT-10-0078,INV-10-0078,2024-06,1659318
RCT-10-0079,INV-10-0079,2024-06,1659318
RCT-10-0080,INV-10-0080,2024-06,1659318
RCT-10-0081,INV-10-0081,2024-06,1659318
RCT-10-0082,INV-10-0082,2024-06,1659318
RCT-10-0083,INV-10-0083,2024-06,1659318
RCT-10-0084,INV-10-0084,2024-06,1659318
RCT-10-0085,INV-10-0085,2024-06,1659318
RCT-10-0086,INV-10-0086,2024-06,1659318
RCT-10-0087,INV-10-0087,2024-06,1659318
RCT-10-0088,INV-10-0088,2024-06,1659318
RCT-10-0089,INV-10-0089,2024-06,1659318
RCT-10-0090,INV-10-0090,2024-06,1659318
RCT-10-0091,INV-10-0091,2024-06,1659318
RCT-10-0092,INV-10-0092,2024-06,1659318
RCT-10-0093,INV-10-0093,2024-06,1659318
RCT-10-0094,INV-10-0094,2024-06,1659318
RCT-10-0095,INV-10-0095,2024-06,1659318
RCT-10-0096,INV-10-0096,2024-06,1659318
RCT-10-0097,INV-10-0097,2024-06,1659318
RCT-10-0098,INV-10-0098,2024-06,1659318
RCT-10-0099,INV-10-0099,2024-06,1659318
RCT-10-0100,INV-10-0100,2024-06,1659318
RCT-10-0101,INV-10-0101,2024-06,1659318
RCT-10-0102,INV-10-0102,2024-06,1659318
RCT-10-0103,INV-10-0103,2024-06,1659318
RCT-10-0104,INV-10-0104,2024-06,1659318
RCT-10-0105,INV-10-0105,2024-06,1659318
RCT-10-0106,INV-10-0106,2024-06,1659318
RCT-10-0107,INV-10-0107,2024-06,1659318
RCT-10-0108,INV-10-0108,2024-06,1659318
RCT-10-0109,INV-10-0109,2024-06,1659318
RCT-10-0110,INV-10-0110,2024-06,1659318
RCT-10-0111,INV-10-0111,2024-06,1659318
RCT-10-0112,INV-10-0112,2024-06,1659318
RCT-10-0113,INV-10-0113,2024-06,1659318
RCT-10-0114,INV-10-0114,2024-06,1659318
RCT-10-0115,INV-10-0115,2024-06,1659318
RCT-10-0116,INV-10-0116,2024-06,1659318
RCT-10-0117,INV-10-0117,2024-06,1659318
RCT-10-0118,INV-10-0118,2024-06,1659318
RCT-10-0119,INV-10-0119,2024-06,1659318
RCT-10-0120,INV-10-0120,2024-06,1659318
RCT-10-0121,INV-10-0121,2024-06,1659318
RCT-10-0122,INV-10-0122,2024-06,1659318
RCT-10-0123,INV-10-0123,2024-06,1659318
RCT-10-0124,INV-10-0124,2024-06,1659318
RCT-10-0125,INV-10-0125,2024-06,1659318
RCT-10-0126,INV-10-0126,2024-06,1659318
RCT-10-0127,INV-10-0127,2024-06,1659318
RCT-10-0128,INV-10-0128,2024-06,1659318
RCT-10-0129,INV-10-0129,2024-06,1659318
RCT-10-0130,INV-10-0130,2024-06,1659318
RCT-10-0131,INV-10-0131,2024-06,1659318
RCT-10-0132,INV-10-0132,2024-06,1659318
RCT-10-0133,INV-10-0133,2024-06,1659318
RCT-10-0134,INV-10-0134,2024-06,1659318
RCT-10-0135,INV-10-0135,2024-06,1659318
RCT-10-0136,INV-10-0136,2024-06,1659318
RCT-10-0137,INV-10-0137,2024-06,1659318
RCT-10-0138,INV-10-0138,2024-06,1659318
RCT-10-0139,INV-10-0139,2024-06,1659318
RCT-10-0140,INV-10-0140,2024-06,1659318
RCT-10-0141,INV-10-0141,2024-06,1659318
RCT-10-0142,INV-10-0142,2024-06,1659318
RCT-10-0143,INV-10-0143,2024-06,1659318
RCT-10-0144,INV-10-0144,2024-06,1659318
RCT-10-0145,INV-10-0145,2024-06,1659318
RCT-10-0146,INV-10-0146,2024-06,1659318
RCT-10-0147,INV-10-0147,2024-06,1659318
RCT-10-0148,INV-10-0148,2024-06,1659318
RCT-10-0149,INV-10-0149,2024-06,1659318
RCT-10-0150,INV-10-0150,2024-06,1659318
RCT-10-0151,INV-10-0151,2024-06,1659318
RCT-10-0152,INV-10-0152,2024-06,1659318
RCT-10-0153,INV-10-0153,2024-06,1659318
RCT-10-0154,INV-10-0154,2024-06,1659318
RCT-10-0155,INV-10-0155,2024-06,1659318
RCT-10-0156,INV-10-0156,2024-06,1659318
RCT-10-0157,INV-10-0157,2024-06,1659318
RCT-10-0158,INV-10-0158,2024-06,1659318
RCT-10-0159,INV-10-0159,2024-06,1659318
RCT-10-0160,INV-10-0160,2024-06,1659318
RCT-10-0161,INV-10-0161,2024-06,1659318
RCT-10-0162,INV-10-0162,2024-06,1659318
RCT-10-0163,INV-10-0163,2024-06,1659318
RCT-10-0164,INV-10-0164,2024-06,1659318
RCT-10-0165,INV-10-0165,2024-06,1659318
RCT-10-0166,INV-10-0166,2024-06,1659318
RCT-10-0167,INV-10-0167,2024-06,1659318
RCT-10-0168,INV-10-0168,2024-06,1659318
RCT-10-0169,INV-10-0169,2024-06,1659318
RCT-10-0170,INV-10-0170,2024-06,1659318
RCT-10-0171,INV-10-0171,2024-06,1659318
RCT-10-0172,INV-10-0172,2024-06,1659318
RCT-10-0173,INV-10-0173,2024-06,1659318
RCT-10-0174,INV-10-0174,2024-06,1659318
RCT-10-0175,INV-10-0175,2024-06,1659318
RCT-10-0176,INV-10-0176,2024-06,1659318
RCT-10-0177,INV-10-0177,2024-06,1659318
RCT-10-0178,INV-10-0178,2024-06,1659318
RCT-10-0179,INV-10-0179,2024-06,1659318
RCT-10-0180,INV-10-0180,2024-06,1659318
RCT-10-0181,INV-10-0181,2024-06,1659318
RCT-10-0182,INV-10-0182,2024-06,1659318
RCT-10-0183,INV-10-0183,2024-06,1659318
RCT-10-0184,INV-10-0184,2024-06,1659318
RCT-10-0185,INV-10-0185,2024-06,1659318
RCT-10-0186,INV-10-0186,2024-06,1659318
RCT-10-0187,INV-10-0187,2024-06,1659318
RCT-10-0188,INV-10-0188,2024-06,1659318
RCT-10-0189,INV-10-0189,2024-06,1659318
RCT-10-0190,INV-10-0190,2024-06,1659318
RCT-10-0191,INV-10-0191,2024-06,1659318
RCT-10-0192,INV-10-0192,2024-06,1659318
RCT-10-0193,INV-10-0193,2024-06,1659318
RCT-10-0194,INV-10-0194,2024-06,1659318
RCT-10-0195,INV-10-0195,2024-06,1659318
RCT-10-0196,INV-10-0196,2024-06,1659318
RCT-10-0197,INV-10-0197,2024-06,1659318
RCT-10-0198,INV-10-0198,2024-06,1659318
RCT-10-0199,INV-10-0199,2024-06,1659318
RCT-10-0200,INV-10-0200,2024-06,1659318
RCT-10-0201,INV-10-0201,2024-06,1659318
RCT-10-0202,INV-10-0202,2024-06,1659318
RCT-10-0203,INV-10-0203,2024-06,1659318
RCT-10-0204,INV-10-0204,2024-06,1659318
RCT-10-0205,INV-10-0205,2024-06,1659318
RCT-10-0206,INV-10-0206,2024-06,1659318
RCT-10-0207,INV-10-0207,2024-06,1659318
RCT-10-0208,INV-10-0208,2024-06,1659318
RCT-10-0209,INV-10-0209,2024-06,1659318
RCT-10-0210,INV-10-0210,2024-06,1659318
RCT-10-0211,INV-10-0211,2024-06,1659318
RCT-10-0212,INV-10-0212,2024-06,1659318
RCT-10-0213,INV-10-0213,2024-06,1659318
RCT-10-0214,INV-10-0214,2024-06,1659318
RCT-10-0215,INV-10-0215,2024-06,1659318
RCT-10-0216,INV-10-0216,2024-06,1659318
RCT-10-0217,INV-10-0217,2024-06,1659318
RCT-10-0218,INV-10-0218,2024-06,1659318
RCT-10-0219,INV-10-0219,2024-06,1659318
RCT-10-0220,INV-10-0220,2024-06,1659318
RCT-10-0221,INV-10-0221,2024-06,1659318
RCT-10-0222,INV-10-0222,2024-06,1659318
RCT-10-0223,INV-10-0223,2024-06,1659318
RCT-10-0224,INV-10-0224,2024-06,1659318
RCT-10-0225,INV-10-0225,2024-06,1659318
RCT-10-0226,INV-10-0226,2024-06,1659318
RCT-10-0227,INV-10-0227,2024-06,1659318
RCT-10-0228,INV-10-0228,2024-06,1659318
RCT-10-0229,INV-10-0229,2024-06,1659318
RCT-10-0230,INV-10-0230,2024-06,1659318
RCT-10-0231,INV-10-0231,2024-06,1659318
RCT-10-0232,INV-10-0232,2024-06,1659318
RCT-10-0233,INV-10-0233,2024-06,1659318
RCT-10-0234,INV-10-0234,2024-06,1659318
RCT-10-0235,INV-10-0235,2024-06,1659318
RCT-10-0236,INV-10-0236,2024-06,1659318
RCT-10-0237,INV-10-0237,2024-06,1659318
RCT-10-0238,INV-10-0238,2024-06,1659318
RCT-10-0239,INV-10-0239,2024-06,1659318
RCT-10-0240,INV-10-0240,2024-06,1659318
RCT-10-0241,INV-10-0241,2024-06,1659318
RCT-10-0242,INV-10-0242,2024-06,1659318
RCT-10-0243,INV-10-0243,2024-06,1659318
RCT-10-0244,INV-10-0244,2024-06,1659318
RCT-10-0245,INV-10-0245,2024-06,1659318
RCT-10-0246,INV-10-0246,2024-06,1659318
RCT-10-0247,INV-10-0247,2024-06,1659318
RCT-10-0248,INV-10-0248,2024-06,1659318
RCT-10-0249,INV-10-0249,2024-06,1659318
RCT-10-0250,INV-10-0250,2024-06,1659318
RCT-10-0251,INV-10-0251,2024-06,1659318
RCT-10-0252,INV-10-0252,2024-06,1659318
RCT-10-0253,INV-10-0253,2024-06,1659318
RCT-10-0254,INV-10-0254,2024-06,1659318
RCT-10-0255,INV-10-0255,2024-06,1659318
RCT-10-0256,INV-10-0256,2024-06,1659318
RCT-10-0257,INV-10-0257,2024-06,1659318
RCT-10-0258,INV-10-0258,2024-06,1659318
RCT-10-0259,INV-10-0259,2024-06,1659318
RCT-10-0260,INV-10-0260,2024-06,1659318
RCT-10-0261,INV-10-0261,2024-06,1659318
RCT-10-0262,INV-10-0262,2024-06,1659318
RCT-10-0263,INV-10-0263,2024-06,1659318
RCT-10-0264,INV-10-0264,2024-06,1659318
RCT-10-0265,INV-10-0265,2024-06,1659318
RCT-10-0266,INV-10-0266,2024-06,1659318
RCT-10-0267,INV-10-0267,2024-06,1659318
RCT-10-0268,INV-10-0268,2024-06,1659318
RCT-10-0269,INV-10-0269,2024-06,1659318
RCT-10-0270,INV-10-0270,2024-06,1659318
RCT-10-0271,INV-10-0271,2024-06,1659318
RCT-10-0272,INV-10-0272,2024-06,1659318
RCT-10-0273,INV-10-0273,2024-06,1659318
RCT-10-0274,INV-10-0274,2024-06,1659318
RCT-10-0275,INV-10-0275,2024-06,1659318
RCT-10-0276,INV-10-0276,2024-06,1659318
RCT-10-0277,INV-10-0277,2024-06,1659318
RCT-10-0278,INV-10-0278,2024-06,1659318
RCT-10-0279,INV-10-0279,2024-06,1659318
RCT-10-0280,INV-10-0280,2024-06,1659318
RCT-10-0281,INV-10-0281,2024-06,1659318
RCT-10-0282,INV-10-0282,2024-06,1659318
RCT-10-0283,INV-10-0283,2024-06,1659318
RCT-10-0284,INV-10-0284,2024-06,1659318
RCT-10-0285,INV-10-0285,2024-06,1659318
RCT-10-0286,INV-10-0286,2024-06,1659318
RCT-10-0287,INV-10-0287,2024-06,1659318
RCT-10-0288,INV-10-0288,2024-06,1659318
RCT-10-0289,INV-10-0289,2024-06,1659318
RCT-10-0290,INV-10-0290,2024-06,1659318
RCT-10-0291,INV-10-0291,2024-06,1659318
RCT-10-0292,INV-10-0292,2024-06,1659318
RCT-10-0293,INV-10-0293,2024-06,1659318
RCT-10-0294,INV-10-0294,2024-06,1659318
RCT-10-0295,INV-10-0295,2024-06,1659318
RCT-10-0296,INV-10-0296,2024-06,1659318
RCT-10-0297,INV-10-0297,2024-06,1659318
RCT-10-0298,INV-10-0298,2024-06,1659318
RCT-10-0299,INV-10-0299,2024-06,1659318
RCT-10-0300,INV-10-0300,2024-06,1659318
RCT-10-0301,INV-10-0301,2024-06,1659318
RCT-10-0302,INV-10-0302,2024-06,1659318
RCT-10-0303,INV-10-0303,2024-06,1659318
RCT-10-0304,INV-10-0304,2024-06,1659318
RCT-10-0305,INV-10-0305,2024-06,1659318
RCT-10-0306,INV-10-0306,2024-06,1659318
RCT-10-0307,INV-10-0307,2024-06,1659318
RCT-10-0308,INV-10-0308,2024-06,1659318
RCT-10-0309,INV-10-0309,2024-06,1659318
RCT-10-0310,INV-10-0310,2024-06,1659318
RCT-10-0311,INV-10-0311,2024-06,1659318
RCT-10-0312,INV-10-0312,2024-06,1659318
RCT-10-0313,INV-10-0313,2024-06,1659318
RCT-10-0314,INV-10-0314,2024-06,1659318
RCT-10-0315,INV-10-0315,2024-06,1659318
RCT-10-0316,INV-10-0316,2024-06,1659318
RCT-10-0317,INV-10-0317,2024-06,1659318
RCT-10-0318,INV-10-0318,2024-06,1659318
RCT-10-0319,INV-10-0319,2024-06,1659318
RCT-10-0320,INV-10-0320,2024-06,1659318
RCT-10-0321,INV-10-0321,2024-06,1659318
RCT-10-0322,INV-10-0322,2024-06,1659318
RCT-10-0323,INV-10-0323,2024-06,1659318
RCT-10-0324,INV-10-0324,2024-06,1659318
RCT-10-0325,INV-10-0325,2024-06,1659318
RCT-10-0326,INV-10-0326,2024-06,1659318
RCT-10-0327,INV-10-0327,2024-06,1659318
RCT-10-0328,INV-10-0328,2024-06,1659318
RCT-10-0329,INV-10-0329,2024-06,1659318
RCT-10-0330,INV-10-0330,2024-06,1659318
RCT-10-0331,INV-10-0331,2024-06,1659318
RCT-10-0332,INV-10-0332,2024-06,1659318
RCT-10-0333,INV-10-0333,2024-06,1659318
RCT-10-0334,INV-10-0334,2024-06,1659318
RCT-10-0335,INV-10-0335,2024-06,1659318
RCT-10-0336,INV-10-0336,2024-06,1659318
RCT-10-0337,INV-10-0337,2024-06,1659318
RCT-10-0338,INV-10-0338,2024-06,1659318
RCT-10-0339,INV-10-0339,2024-06,1659318
RCT-10-0340,INV-10-0340,2024-06,1659318
RCT-10-0341,INV-10-0341,2024-06,1659318
RCT-10-0342,INV-10-0342,2024-06,1659318
RCT-10-0343,INV-10-0343,2024-06,1659318
RCT-10-0344,INV-10-0344,2024-06,1659318
RCT-10-0345,INV-10-0345,2024-06,1659318
RCT-10-0346,INV-10-0346,2024-06,1659318
RCT-10-0347,INV-10-0347,2024-06,1659318
RCT-10-0348,INV-10-0348,2024-06,1659318
RCT-10-0349,INV-10-0349,2024-06,1659318
RCT-10-0350,INV-10-0350,2024-06,1659318
RCT-10-0351,INV-10-0351,2024-06,1659318
RCT-10-0352,INV-10-0352,2024-06,1659318
RCT-10-0353,INV-10-0353,2024-06,1659318
RCT-10-0354,INV-10-0354,2024-06,1659318
RCT-10-0355,INV-10-0355,2024-06,1659318
RCT-10-0356,INV-10-0356,2024-06,1659318
RCT-10-0357,INV-10-0357,2024-06,1659318
RCT-10-0358,INV-10-0358,2024-06,1659318
RCT-10-0359,INV-10-0359,2024-06,1659318
RCT-10-0360,INV-10-0360,2024-06,1659318
RCT-10-0361,INV-10-0361,2024-06,1659318
RCT-10-0362,INV-10-0362,2024-06,1659318
RCT-10-0363,INV-10-0363,2024-06,1659318
RCT-10-0364,INV-10-0364,2024-06,1659318
RCT-10-0365,INV-10-0365,2024-06,1659318
RCT-10-0366,INV-10-0366,2024-06,1659318
RCT-10-0367,INV-10-0367,2024-06,1659318
RCT-10-0368,INV-10-0368,2024-06,1659318
RCT-10-0369,INV-10-0369,2024-06,1659318
RCT-10-0370,INV-10-0370,2024-06,1659318
RCT-10-0371,INV-10-0371,2024-06,1659318
RCT-10-0372,INV-10-0372,2024-06,1659318
RCT-10-0373,INV-10-0373,2024-06,1659318
RCT-10-0374,INV-10-0374,2024-06,1659318
RCT-10-0375,INV-10-0375,2024-06,1659318
RCT-10-0376,INV-10-0376,2024-06,1659318
RCT-10-0377,INV-10-0377,2024-06,1659318
RCT-10-0378,INV-10-0378,2024-06,1659318
RCT-10-0379,INV-10-0379,2024-06,1659318
RCT-10-0380,INV-10-0380,2024-06,1659318
RCT-10-0381,INV-10-0381,2024-06,1659318
RCT-10-0382,INV-10-0382,2024-06,1659318
RCT-10-0383,INV-10-0383,2024-06,1659318
RCT-10-0384,INV-10-0384,2024-06,1659318
RCT-10-0385,INV-10-0385,2024-06,1659318
RCT-10-0386,INV-10-0386,2024-06,1659318
RCT-10-0387,INV-10-0387,2024-06,1659318
RCT-10-0388,INV-10-0388,2024-06,1659318
RCT-10-0389,INV-10-0389,2024-06,1659318
RCT-10-0390,INV-10-0390,2024-06,1659318
RCT-10-0391,INV-10-0391,2024-06,1659318
RCT-10-0392,INV-10-0392,2024-06,1659318
RCT-10-0393,INV-10-0393,2024-06,1659318
RCT-10-0394,INV-10-0394,2024-06,1659318
RCT-10-0395,INV-10-0395,2024-06,1659318
RCT-10-0396,INV-10-0396,2024-06,1659318
RCT-10-0397,INV-10-0397,2024-06,1659318
RCT-10-0398,INV-10-0398,2024-06,1659318
RCT-10-0399,INV-10-0399,2024-06,1659318
RCT-10-0400,INV-10-0400,2024-06,1659318
RCT-10-0401,INV-10-0401,2024-06,1659318
RCT-10-0402,INV-10-0402,2024-06,1659318
RCT-10-0403,INV-10-0403,2024-06,1659318
RCT-10-0404,INV-10-0404,2024-06,1659318
RCT-10-0405,INV-10-0405,2024-06,1659318
RCT-10-0406,INV-10-0406,2024-06,1659318
RCT-10-0407,INV-10-0407,2024-06,1659318
RCT-10-0408,INV-10-0408,2024-06,1659318
RCT-10-0409,INV-10-0409,2024-06,1659318
RCT-10-0410,INV-10-0410,2024-06,1659318
RCT-10-0411,INV-10-0411,2024-06,1659318
RCT-10-0412,INV-10-0412,2024-06,1659318
RCT-10-0413,INV-10-0413,2024-06,1659318
RCT-10-0414,INV-10-0414,2024-06,1659318
RCT-10-0415,INV-10-0415,2024-06,1659318
RCT-10-0416,INV-10-0416,2024-06,1659318
RCT-10-0417,INV-10-0417,2024-06,1659318
RCT-10-0418,INV-10-0418,2024-06,1659318
RCT-10-0419,INV-10-0419,2024-06,1659318
RCT-10-0420,INV-10-0420,2024-06,1659318
RCT-10-0421,INV-10-0421,2024-06,1659318
RCT-10-0422,INV-10-0422,2024-06,1659318
RCT-10-0423,INV-10-0423,2024-06,1659318
RCT-10-0424,INV-10-0424,2024-06,1659318
RCT-10-0425,INV-10-0425,2024-06,1659318
RCT-10-0426,INV-10-0426,2024-06,1659318
RCT-10-0427,INV-10-0427,2024-06,1659318
RCT-10-0428,INV-10-0428,2024-06,1659318
RCT-10-0429,INV-10-0429,2024-06,1659318
RCT-10-0430,INV-10-0430,2024-06,1659318
RCT-10-0431,INV-10-0431,2024-06,1659318
RCT-10-0432,INV-10-0432,2024-06,1659318
RCT-10-0433,INV-10-0433,2024-06,1659318
RCT-10-0434,INV-10-0434,2024-06,1659318
RCT-10-0435,INV-10-0435,2024-06,1659318
RCT-10-0436,INV-10-0436,2024-06,1659318
RCT-10-0437,INV-10-0437,2024-06,1659318
RCT-10-0438,INV-10-0438,2024-06,1659318
RCT-10-0439,INV-10-0439,2024-06,1659318
RCT-10-0440,INV-10-0440,2024-06,1659318
RCT-10-0441,INV-10-0441,2024-06,1659318
RCT-10-0442,INV-10-0442,2024-06,1659318
RCT-10-0443,INV-10-0443,2024-06,1659318
RCT-10-0444,INV-10-0444,2024-06,1659318
RCT-10-0445,INV-10-0445,2024-06,1659318
RCT-10-0446,INV-10-0446,2024-06,1659318
RCT-10-0447,INV-10-0447,2024-06,1659318
RCT-10-0448,INV-10-0448,2024-06,1659318
RCT-10-0449,INV-10-0449,2024-06,1659318
RCT-10-0450,INV-10-0450,2024-06,1659318
RCT-10-0451,INV-10-0451,2024-06,1659318
RCT-10-0452,INV-10-0452,2024-06,1659318
RCT-10-0453,INV-10-0453,2024-06,1659318
RCT-10-0454,INV-10-0454,2024-06,1659318
RCT-10-0455,INV-10-0455,2024-06,1659318
RCT-10-0456,INV-10-0456,2024-06,1659318
RCT-10-0457,INV-10-0457,2024-06,1659318
RCT-10-0458,INV-10-0458,2024-06,1659318
RCT-10-0459,INV-10-0459,2024-06,1659318
RCT-10-0460,INV-10-0460,2024-06,1659318
RCT-10-0461,INV-10-0461,2024-06,1659318
RCT-10-0462,INV-10-0462,2024-06,1659318
RCT-10-0463,INV-10-0463,2024-06,1659318
RCT-10-0464,INV-10-0464,2024-06,1659318
RCT-10-0465,INV-10-0465,2024-06,1659318
RCT-10-0466,INV-10-0466,2024-06,1659318
RCT-10-0467,INV-10-0467,2024-06,1659318
RCT-10-0468,INV-10-0468,2024-06,1659318
RCT-10-0469,INV-10-0469,2024-06,1659318
RCT-10-0470,INV-10-0470,2024-06,1659318
RCT-10-0471,INV-10-0471,2024-06,1659318
RCT-10-0472,INV-10-0472,2024-06,1659318
RCT-10-0473,INV-10-0473,2024-06,1659318
RCT-10-0474,INV-10-0474,2024-06,1659318
RCT-10-0475,INV-10-0475,2024-06,1659318
RCT-10-0476,INV-10-0476,2024-06,1659318
RCT-10-0477,INV-10-0477,2024-06,1659318
RCT-10-0478,INV-10-0478,2024-06,1659318
RCT-10-0479,INV-10-0479,2024-06,1659318
RCT-10-0480,INV-10-0480,2024-06,1659318
RCT-10-0481,INV-10-0481,2024-06,1659318
RCT-10-0482,INV-10-0482,2024-06,1659318
RCT-10-0483,INV-10-0483,2024-06,1659318
RCT-10-0484,INV-10-0484,2024-06,1659318
RCT-10-0485,INV-10-0485,2024-06,1659318
RCT-10-0486,INV-10-0486,2024-06,1659318
RCT-10-0487,INV-10-0487,2024-06,1659318
RCT-10-0488,INV-10-0488,2024-06,1659318
RCT-10-0489,INV-10-0489,2024-06,1659318
RCT-10-0490,INV-10-0490,2024-06,1659318
RCT-10-0491,INV-10-0491,2024-06,1659318
RCT-10-0492,INV-10-0492,2024-06,1659318
RCT-10-0493,INV-10-0493,2024-06,1659318
RCT-10-0494,INV-10-0494,2024-06,1659318
RCT-10-0495,INV-10-0495,2024-06,1659318
RCT-10-0496,INV-10-0496,2024-06,1659318
RCT-10-0497,INV-10-0497,2024-06,1659318
RCT-10-0498,INV-10-0498,2024-06,1659318
RCT-10-0499,INV-10-0499,2024-06,1659318
RCT-10-0500,INV-10-0500,2024-06,1659318
RCT-10-SVC,INV-10-SVC,2024-06,126499999
RCT-11-0001,INV-11-0001,2024-07,210000000
RCT-11-0002,INV-11-0002,2024-07,1683367
RCT-11-0003,INV-11-0003,2024-07,1683367
RCT-11-0004,INV-11-0004,2024-07,1683367
RCT-11-0005,INV-11-0005,2024-07,1683367
RCT-11-0006,INV-11-0006,2024-07,1683367
RCT-11-0007,INV-11-0007,2024-07,1683367
RCT-11-0008,INV-11-0008,2024-07,1683367
RCT-11-0009,INV-11-0009,2024-07,1683367
RCT-11-0010,INV-11-0010,2024-07,1683367
RCT-11-0011,INV-11-0011,2024-07,1683367
RCT-11-0012,INV-11-0012,2024-07,1683367
RCT-11-0013,INV-11-0013,2024-07,1683367
RCT-11-0014,INV-11-0014,2024-07,1683367
RCT-11-0015,INV-11-0015,2024-07,1683367
RCT-11-0016,INV-11-0016,2024-07,1683367
RCT-11-0017,INV-11-0017,2024-07,1683367
RCT-11-0018,INV-11-0018,2024-07,1683367
RCT-11-0019,INV-11-0019,2024-07,1683367
RCT-11-0020,INV-11-0020,2024-07,1683367
RCT-11-0021,INV-11-0021,2024-07,1683367
RCT-11-0022,INV-11-0022,2024-07,1683367
RCT-11-0023,INV-11-0023,2024-07,1683367
RCT-11-0024,INV-11-0024,2024-07,1683367
RCT-11-0025,INV-11-0025,2024-07,1683367
RCT-11-0026,INV-11-0026,2024-07,1683367
RCT-11-0027,INV-11-0027,2024-07,1683367
RCT-11-0028,INV-11-0028,2024-07,1683367
RCT-11-0029,INV-11-0029,2024-07,1683367
RCT-11-0030,INV-11-0030,2024-07,1683367
RCT-11-0031,INV-11-0031,2024-07,1683367
RCT-11-0032,INV-11-0032,2024-07,1683367
RCT-11-0033,INV-11-0033,2024-07,1683367
RCT-11-0034,INV-11-0034,2024-07,1683367
RCT-11-0035,INV-11-0035,2024-07,1683367
RCT-11-0036,INV-11-0036,2024-07,1683367
RCT-11-0037,INV-11-0037,2024-07,1683367
RCT-11-0038,INV-11-0038,2024-07,1683367
RCT-11-0039,INV-11-0039,2024-07,1683367
RCT-11-0040,INV-11-0040,2024-07,1683367
RCT-11-0041,INV-11-0041,2024-07,1683367
RCT-11-0042,INV-11-0042,2024-07,1683367
RCT-11-0043,INV-11-0043,2024-07,1683367
RCT-11-0044,INV-11-0044,2024-07,1683367
RCT-11-0045,INV-11-0045,2024-07,1683367
RCT-11-0046,INV-11-0046,2024-07,1683367
RCT-11-0047,INV-11-0047,2024-07,1683367
RCT-11-0048,INV-11-0048,2024-07,1683367
RCT-11-0049,INV-11-0049,2024-07,1683367
RCT-11-0050,INV-11-0050,2024-07,1683367
RCT-11-0051,INV-11-0051,2024-07,1683367
RCT-11-0052,INV-11-0052,2024-07,1683367
RCT-11-0053,INV-11-0053,2024-07,1683367
RCT-11-0054,INV-11-0054,2024-07,1683367
RCT-11-0055,INV-11-0055,2024-07,1683367
RCT-11-0056,INV-11-0056,2024-07,1683367
RCT-11-0057,INV-11-0057,2024-07,1683367
RCT-11-0058,INV-11-0058,2024-07,1683367
RCT-11-0059,INV-11-0059,2024-07,1683367
RCT-11-0060,INV-11-0060,2024-07,1683367
RCT-11-0061,INV-11-0061,2024-07,1683367
RCT-11-0062,INV-11-0062,2024-07,1683367
RCT-11-0063,INV-11-0063,2024-07,1683367
RCT-11-0064,INV-11-0064,2024-07,1683367
RCT-11-0065,INV-11-0065,2024-07,1683367
RCT-11-0066,INV-11-0066,2024-07,1683367
RCT-11-0067,INV-11-0067,2024-07,1683367
RCT-11-0068,INV-11-0068,2024-07,1683367
RCT-11-0069,INV-11-0069,2024-07,1683367
RCT-11-0070,INV-11-0070,2024-07,1683367
RCT-11-0071,INV-11-0071,2024-07,1683367
RCT-11-0072,INV-11-0072,2024-07,1683367
RCT-11-0073,INV-11-0073,2024-07,1683367
RCT-11-0074,INV-11-0074,2024-07,1683367
RCT-11-0075,INV-11-0075,2024-07,1683367
RCT-11-0076,INV-11-0076,2024-07,1683367
RCT-11-0077,INV-11-0077,2024-07,1683367
RCT-11-0078,INV-11-0078,2024-07,1683367
RCT-11-0079,INV-11-0079,2024-07,1683367
RCT-11-0080,INV-11-0080,2024-07,1683367
RCT-11-0081,INV-11-0081,2024-07,1683367
RCT-11-0082,INV-11-0082,2024-07,1683367
RCT-11-0083,INV-11-0083,2024-07,1683367
RCT-11-0084,INV-11-0084,2024-07,1683367
RCT-11-0085,INV-11-0085,2024-07,1683367
RCT-11-0086,INV-11-0086,2024-07,1683367
RCT-11-0087,INV-11-0087,2024-07,1683367
RCT-11-0088,INV-11-0088,2024-07,1683367
RCT-11-0089,INV-11-0089,2024-07,1683367
RCT-11-0090,INV-11-0090,2024-07,1683367
RCT-11-0091,INV-11-0091,2024-07,1683367
RCT-11-0092,INV-11-0092,2024-07,1683367
RCT-11-0093,INV-11-0093,2024-07,1683367
RCT-11-0094,INV-11-0094,2024-07,1683367
RCT-11-0095,INV-11-0095,2024-07,1683367
RCT-11-0096,INV-11-0096,2024-07,1683367
RCT-11-0097,INV-11-0097,2024-07,1683367
RCT-11-0098,INV-11-0098,2024-07,1683367
RCT-11-0099,INV-11-0099,2024-07,1683367
RCT-11-0100,INV-11-0100,2024-07,1683367
RCT-11-0101,INV-11-0101,2024-07,1683367
RCT-11-0102,INV-11-0102,2024-07,1683367
RCT-11-0103,INV-11-0103,2024-07,1683367
RCT-11-0104,INV-11-0104,2024-07,1683367
RCT-11-0105,INV-11-0105,2024-07,1683367
RCT-11-0106,INV-11-0106,2024-07,1683367
RCT-11-0107,INV-11-0107,2024-07,1683367
RCT-11-0108,INV-11-0108,2024-07,1683367
RCT-11-0109,INV-11-0109,2024-07,1683367
RCT-11-0110,INV-11-0110,2024-07,1683367
RCT-11-0111,INV-11-0111,2024-07,1683367
RCT-11-0112,INV-11-0112,2024-07,1683367
RCT-11-0113,INV-11-0113,2024-07,1683367
RCT-11-0114,INV-11-0114,2024-07,1683367
RCT-11-0115,INV-11-0115,2024-07,1683367
RCT-11-0116,INV-11-0116,2024-07,1683367
RCT-11-0117,INV-11-0117,2024-07,1683367
RCT-11-0118,INV-11-0118,2024-07,1683367
RCT-11-0119,INV-11-0119,2024-07,1683367
RCT-11-0120,INV-11-0120,2024-07,1683367
RCT-11-0121,INV-11-0121,2024-07,1683367
RCT-11-0122,INV-11-0122,2024-07,1683367
RCT-11-0123,INV-11-0123,2024-07,1683367
RCT-11-0124,INV-11-0124,2024-07,1683367
RCT-11-0125,INV-11-0125,2024-07,1683367
RCT-11-0126,INV-11-0126,2024-07,1683367
RCT-11-0127,INV-11-0127,2024-07,1683367
RCT-11-0128,INV-11-0128,2024-07,1683367
RCT-11-0129,INV-11-0129,2024-07,1683367
RCT-11-0130,INV-11-0130,2024-07,1683367
RCT-11-0131,INV-11-0131,2024-07,1683367
RCT-11-0132,INV-11-0132,2024-07,1683367
RCT-11-0133,INV-11-0133,2024-07,1683367
RCT-11-0134,INV-11-0134,2024-07,1683367
RCT-11-0135,INV-11-0135,2024-07,1683367
RCT-11-0136,INV-11-0136,2024-07,1683367
RCT-11-0137,INV-11-0137,2024-07,1683367
RCT-11-0138,INV-11-0138,2024-07,1683367
RCT-11-0139,INV-11-0139,2024-07,1683367
RCT-11-0140,INV-11-0140,2024-07,1683367
RCT-11-0141,INV-11-0141,2024-07,1683367
RCT-11-0142,INV-11-0142,2024-07,1683367
RCT-11-0143,INV-11-0143,2024-07,1683367
RCT-11-0144,INV-11-0144,2024-07,1683367
RCT-11-0145,INV-11-0145,2024-07,1683367
RCT-11-0146,INV-11-0146,2024-07,1683367
RCT-11-0147,INV-11-0147,2024-07,1683367
RCT-11-0148,INV-11-0148,2024-07,1683367
RCT-11-0149,INV-11-0149,2024-07,1683367
RCT-11-0150,INV-11-0150,2024-07,1683367
RCT-11-0151,INV-11-0151,2024-07,1683367
RCT-11-0152,INV-11-0152,2024-07,1683367
RCT-11-0153,INV-11-0153,2024-07,1683367
RCT-11-0154,INV-11-0154,2024-07,1683367
RCT-11-0155,INV-11-0155,2024-07,1683367
RCT-11-0156,INV-11-0156,2024-07,1683367
RCT-11-0157,INV-11-0157,2024-07,1683367
RCT-11-0158,INV-11-0158,2024-07,1683367
RCT-11-0159,INV-11-0159,2024-07,1683367
RCT-11-0160,INV-11-0160,2024-07,1683367
RCT-11-0161,INV-11-0161,2024-07,1683367
RCT-11-0162,INV-11-0162,2024-07,1683367
RCT-11-0163,INV-11-0163,2024-07,1683367
RCT-11-0164,INV-11-0164,2024-07,1683367
RCT-11-0165,INV-11-0165,2024-07,1683367
RCT-11-0166,INV-11-0166,2024-07,1683367
RCT-11-0167,INV-11-0167,2024-07,1683367
RCT-11-0168,INV-11-0168,2024-07,1683367
RCT-11-0169,INV-11-0169,2024-07,1683367
RCT-11-0170,INV-11-0170,2024-07,1683367
RCT-11-0171,INV-11-0171,2024-07,1683367
RCT-11-0172,INV-11-0172,2024-07,1683367
RCT-11-0173,INV-11-0173,2024-07,1683367
RCT-11-0174,INV-11-0174,2024-07,1683367
RCT-11-0175,INV-11-0175,2024-07,1683367
RCT-11-0176,INV-11-0176,2024-07,1683367
RCT-11-0177,INV-11-0177,2024-07,1683367
RCT-11-0178,INV-11-0178,2024-07,1683367
RCT-11-0179,INV-11-0179,2024-07,1683367
RCT-11-0180,INV-11-0180,2024-07,1683367
RCT-11-0181,INV-11-0181,2024-07,1683367
RCT-11-0182,INV-11-0182,2024-07,1683367
RCT-11-0183,INV-11-0183,2024-07,1683367
RCT-11-0184,INV-11-0184,2024-07,1683367
RCT-11-0185,INV-11-0185,2024-07,1683367
RCT-11-0186,INV-11-0186,2024-07,1683367
RCT-11-0187,INV-11-0187,2024-07,1683367
RCT-11-0188,INV-11-0188,2024-07,1683367
RCT-11-0189,INV-11-0189,2024-07,1683367
RCT-11-0190,INV-11-0190,2024-07,1683367
RCT-11-0191,INV-11-0191,2024-07,1683367
RCT-11-0192,INV-11-0192,2024-07,1683367
RCT-11-0193,INV-11-0193,2024-07,1683367
RCT-11-0194,INV-11-0194,2024-07,1683367
RCT-11-0195,INV-11-0195,2024-07,1683367
RCT-11-0196,INV-11-0196,2024-07,1683367
RCT-11-0197,INV-11-0197,2024-07,1683367
RCT-11-0198,INV-11-0198,2024-07,1683367
RCT-11-0199,INV-11-0199,2024-07,1683367
RCT-11-0200,INV-11-0200,2024-07,1683367
RCT-11-0201,INV-11-0201,2024-07,1683367
RCT-11-0202,INV-11-0202,2024-07,1683367
RCT-11-0203,INV-11-0203,2024-07,1683367
RCT-11-0204,INV-11-0204,2024-07,1683367
RCT-11-0205,INV-11-0205,2024-07,1683367
RCT-11-0206,INV-11-0206,2024-07,1683367
RCT-11-0207,INV-11-0207,2024-07,1683367
RCT-11-0208,INV-11-0208,2024-07,1683367
RCT-11-0209,INV-11-0209,2024-07,1683367
RCT-11-0210,INV-11-0210,2024-07,1683367
RCT-11-0211,INV-11-0211,2024-07,1683367
RCT-11-0212,INV-11-0212,2024-07,1683367
RCT-11-0213,INV-11-0213,2024-07,1683367
RCT-11-0214,INV-11-0214,2024-07,1683367
RCT-11-0215,INV-11-0215,2024-07,1683367
RCT-11-0216,INV-11-0216,2024-07,1683367
RCT-11-0217,INV-11-0217,2024-07,1683367
RCT-11-0218,INV-11-0218,2024-07,1683367
RCT-11-0219,INV-11-0219,2024-07,1683367
RCT-11-0220,INV-11-0220,2024-07,1683367
RCT-11-0221,INV-11-0221,2024-07,1683367
RCT-11-0222,INV-11-0222,2024-07,1683367
RCT-11-0223,INV-11-0223,2024-07,1683367
RCT-11-0224,INV-11-0224,2024-07,1683367
RCT-11-0225,INV-11-0225,2024-07,1683367
RCT-11-0226,INV-11-0226,2024-07,1683367
RCT-11-0227,INV-11-0227,2024-07,1683367
RCT-11-0228,INV-11-0228,2024-07,1683367
RCT-11-0229,INV-11-0229,2024-07,1683367
RCT-11-0230,INV-11-0230,2024-07,1683367
RCT-11-0231,INV-11-0231,2024-07,1683367
RCT-11-0232,INV-11-0232,2024-07,1683367
RCT-11-0233,INV-11-0233,2024-07,1683367
RCT-11-0234,INV-11-0234,2024-07,1683367
RCT-11-0235,INV-11-0235,2024-07,1683367
RCT-11-0236,INV-11-0236,2024-07,1683367
RCT-11-0237,INV-11-0237,2024-07,1683367
RCT-11-0238,INV-11-0238,2024-07,1683367
RCT-11-0239,INV-11-0239,2024-07,1683367
RCT-11-0240,INV-11-0240,2024-07,1683367
RCT-11-0241,INV-11-0241,2024-07,1683367
RCT-11-0242,INV-11-0242,2024-07,1683367
RCT-11-0243,INV-11-0243,2024-07,1683367
RCT-11-0244,INV-11-0244,2024-07,1683367
RCT-11-0245,INV-11-0245,2024-07,1683367
RCT-11-0246,INV-11-0246,2024-07,1683367
RCT-11-0247,INV-11-0247,2024-07,1683367
RCT-11-0248,INV-11-0248,2024-07,1683367
RCT-11-0249,INV-11-0249,2024-07,1683367
RCT-11-0250,INV-11-0250,2024-07,1683367
RCT-11-0251,INV-11-0251,2024-07,1683367
RCT-11-0252,INV-11-0252,2024-07,1683367
RCT-11-0253,INV-11-0253,2024-07,1683367
RCT-11-0254,INV-11-0254,2024-07,1683367
RCT-11-0255,INV-11-0255,2024-07,1683367
RCT-11-0256,INV-11-0256,2024-07,1683367
RCT-11-0257,INV-11-0257,2024-07,1683367
RCT-11-0258,INV-11-0258,2024-07,1683367
RCT-11-0259,INV-11-0259,2024-07,1683367
RCT-11-0260,INV-11-0260,2024-07,1683367
RCT-11-0261,INV-11-0261,2024-07,1683367
RCT-11-0262,INV-11-0262,2024-07,1683367
RCT-11-0263,INV-11-0263,2024-07,1683367
RCT-11-0264,INV-11-0264,2024-07,1683367
RCT-11-0265,INV-11-0265,2024-07,1683367
RCT-11-0266,INV-11-0266,2024-07,1683367
RCT-11-0267,INV-11-0267,2024-07,1683367
RCT-11-0268,INV-11-0268,2024-07,1683367
RCT-11-0269,INV-11-0269,2024-07,1683367
RCT-11-0270,INV-11-0270,2024-07,1683367
RCT-11-0271,INV-11-0271,2024-07,1683367
RCT-11-0272,INV-11-0272,2024-07,1683367
RCT-11-0273,INV-11-0273,2024-07,1683367
RCT-11-0274,INV-11-0274,2024-07,1683367
RCT-11-0275,INV-11-0275,2024-07,1683367
RCT-11-0276,INV-11-0276,2024-07,1683367
RCT-11-0277,INV-11-0277,2024-07,1683367
RCT-11-0278,INV-11-0278,2024-07,1683367
RCT-11-0279,INV-11-0279,2024-07,1683367
RCT-11-0280,INV-11-0280,2024-07,1683367
RCT-11-0281,INV-11-0281,2024-07,1683367
RCT-11-0282,INV-11-0282,2024-07,1683367
RCT-11-0283,INV-11-0283,2024-07,1683367
RCT-11-0284,INV-11-0284,2024-07,1683367
RCT-11-0285,INV-11-0285,2024-07,1683367
RCT-11-0286,INV-11-0286,2024-07,1683367
RCT-11-0287,INV-11-0287,2024-07,1683367
RCT-11-0288,INV-11-0288,2024-07,1683367
RCT-11-0289,INV-11-0289,2024-07,1683367
RCT-11-0290,INV-11-0290,2024-07,1683367
RCT-11-0291,INV-11-0291,2024-07,1683367
RCT-11-0292,INV-11-0292,2024-07,1683367
RCT-11-0293,INV-11-0293,2024-07,1683367
RCT-11-0294,INV-11-0294,2024-07,1683367
RCT-11-0295,INV-11-0295,2024-07,1683367
RCT-11-0296,INV-11-0296,2024-07,1683367
RCT-11-0297,INV-11-0297,2024-07,1683367
RCT-11-0298,INV-11-0298,2024-07,1683367
RCT-11-0299,INV-11-0299,2024-07,1683367
RCT-11-0300,INV-11-0300,2024-07,1683367
RCT-11-0301,INV-11-0301,2024-07,1683367
RCT-11-0302,INV-11-0302,2024-07,1683367
RCT-11-0303,INV-11-0303,2024-07,1683367
RCT-11-0304,INV-11-0304,2024-07,1683367
RCT-11-0305,INV-11-0305,2024-07,1683367
RCT-11-0306,INV-11-0306,2024-07,1683367
RCT-11-0307,INV-11-0307,2024-07,1683367
RCT-11-0308,INV-11-0308,2024-07,1683367
RCT-11-0309,INV-11-0309,2024-07,1683367
RCT-11-0310,INV-11-0310,2024-07,1683367
RCT-11-0311,INV-11-0311,2024-07,1683366
RCT-11-0312,INV-11-0312,2024-07,1683366
RCT-11-0313,INV-11-0313,2024-07,1683366
RCT-11-0314,INV-11-0314,2024-07,1683366
RCT-11-0315,INV-11-0315,2024-07,1683366
RCT-11-0316,INV-11-0316,2024-07,1683366
RCT-11-0317,INV-11-0317,2024-07,1683366
RCT-11-0318,INV-11-0318,2024-07,1683366
RCT-11-0319,INV-11-0319,2024-07,1683366
RCT-11-0320,INV-11-0320,2024-07,1683366
RCT-11-0321,INV-11-0321,2024-07,1683366
RCT-11-0322,INV-11-0322,2024-07,1683366
RCT-11-0323,INV-11-0323,2024-07,1683366
RCT-11-0324,INV-11-0324,2024-07,1683366
RCT-11-0325,INV-11-0325,2024-07,1683366
RCT-11-0326,INV-11-0326,2024-07,1683366
RCT-11-0327,INV-11-0327,2024-07,1683366
RCT-11-0328,INV-11-0328,2024-07,1683366
RCT-11-0329,INV-11-0329,2024-07,1683366
RCT-11-0330,INV-11-0330,2024-07,1683366
RCT-11-0331,INV-11-0331,2024-07,1683366
RCT-11-0332,INV-11-0332,2024-07,1683366
RCT-11-0333,INV-11-0333,2024-07,1683366
RCT-11-0334,INV-11-0334,2024-07,1683366
RCT-11-0335,INV-11-0335,2024-07,1683366
RCT-11-0336,INV-11-0336,2024-07,1683366
RCT-11-0337,INV-11-0337,2024-07,1683366
RCT-11-0338,INV-11-0338,2024-07,1683366
RCT-11-0339,INV-11-0339,2024-07,1683366
RCT-11-0340,INV-11-0340,2024-07,1683366
RCT-11-0341,INV-11-0341,2024-07,1683366
RCT-11-0342,INV-11-0342,2024-07,1683366
RCT-11-0343,INV-11-0343,2024-07,1683366
RCT-11-0344,INV-11-0344,2024-07,1683366
RCT-11-0345,INV-11-0345,2024-07,1683366
RCT-11-0346,INV-11-0346,2024-07,1683366
RCT-11-0347,INV-11-0347,2024-07,1683366
RCT-11-0348,INV-11-0348,2024-07,1683366
RCT-11-0349,INV-11-0349,2024-07,1683366
RCT-11-0350,INV-11-0350,2024-07,1683366
RCT-11-0351,INV-11-0351,2024-07,1683366
RCT-11-0352,INV-11-0352,2024-07,1683366
RCT-11-0353,INV-11-0353,2024-07,1683366
RCT-11-0354,INV-11-0354,2024-07,1683366
RCT-11-0355,INV-11-0355,2024-07,1683366
RCT-11-0356,INV-11-0356,2024-07,1683366
RCT-11-0357,INV-11-0357,2024-07,1683366
RCT-11-0358,INV-11-0358,2024-07,1683366
RCT-11-0359,INV-11-0359,2024-07,1683366
RCT-11-0360,INV-11-0360,2024-07,1683366
RCT-11-0361,INV-11-0361,2024-07,1683366
RCT-11-0362,INV-11-0362,2024-07,1683366
RCT-11-0363,INV-11-0363,2024-07,1683366
RCT-11-0364,INV-11-0364,2024-07,1683366
RCT-11-0365,INV-11-0365,2024-07,1683366
RCT-11-0366,INV-11-0366,2024-07,1683366
RCT-11-0367,INV-11-0367,2024-07,1683366
RCT-11-0368,INV-11-0368,2024-07,1683366
RCT-11-0369,INV-11-0369,2024-07,1683366
RCT-11-0370,INV-11-0370,2024-07,1683366
RCT-11-0371,INV-11-0371,2024-07,1683366
RCT-11-0372,INV-11-0372,2024-07,1683366
RCT-11-0373,INV-11-0373,2024-07,1683366
RCT-11-0374,INV-11-0374,2024-07,1683366
RCT-11-0375,INV-11-0375,2024-07,1683366
RCT-11-0376,INV-11-0376,2024-07,1683366
RCT-11-0377,INV-11-0377,2024-07,1683366
RCT-11-0378,INV-11-0378,2024-07,1683366
RCT-11-0379,INV-11-0379,2024-07,1683366
RCT-11-0380,INV-11-0380,2024-07,1683366
RCT-11-0381,INV-11-0381,2024-07,1683366
RCT-11-0382,INV-11-0382,2024-07,1683366
RCT-11-0383,INV-11-0383,2024-07,1683366
RCT-11-0384,INV-11-0384,2024-07,1683366
RCT-11-0385,INV-11-0385,2024-07,1683366
RCT-11-0386,INV-11-0386,2024-07,1683366
RCT-11-0387,INV-11-0387,2024-07,1683366
RCT-11-0388,INV-11-0388,2024-07,1683366
RCT-11-0389,INV-11-0389,2024-07,1683366
RCT-11-0390,INV-11-0390,2024-07,1683366
RCT-11-0391,INV-11-0391,2024-07,1683366
RCT-11-0392,INV-11-0392,2024-07,1683366
RCT-11-0393,INV-11-0393,2024-07,1683366
RCT-11-0394,INV-11-0394,2024-07,1683366
RCT-11-0395,INV-11-0395,2024-07,1683366
RCT-11-0396,INV-11-0396,2024-07,1683366
RCT-11-0397,INV-11-0397,2024-07,1683366
RCT-11-0398,INV-11-0398,2024-07,1683366
RCT-11-0399,INV-11-0399,2024-07,1683366
RCT-11-0400,INV-11-0400,2024-07,1683366
RCT-11-0401,INV-11-0401,2024-07,1683366
RCT-11-0402,INV-11-0402,2024-07,1683366
RCT-11-0403,INV-11-0403,2024-07,1683366
RCT-11-0404,INV-11-0404,2024-07,1683366
RCT-11-0405,INV-11-0405,2024-07,1683366
RCT-11-0406,INV-11-0406,2024-07,1683366
RCT-11-0407,INV-11-0407,2024-07,1683366
RCT-11-0408,INV-11-0408,2024-07,1683366
RCT-11-0409,INV-11-0409,2024-07,1683366
RCT-11-0410,INV-11-0410,2024-07,1683366
RCT-11-0411,INV-11-0411,2024-07,1683366
RCT-11-0412,INV-11-0412,2024-07,1683366
RCT-11-0413,INV-11-0413,2024-07,1683366
RCT-11-0414,INV-11-0414,2024-07,1683366
RCT-11-0415,INV-11-0415,2024-07,1683366
RCT-11-0416,INV-11-0416,2024-07,1683366
RCT-11-0417,INV-11-0417,2024-07,1683366
RCT-11-0418,INV-11-0418,2024-07,1683366
RCT-11-0419,INV-11-0419,2024-07,1683366
RCT-11-0420,INV-11-0420,2024-07,1683366
RCT-11-0421,INV-11-0421,2024-07,1683366
RCT-11-0422,INV-11-0422,2024-07,1683366
RCT-11-0423,INV-11-0423,2024-07,1683366
RCT-11-0424,INV-11-0424,2024-07,1683366
RCT-11-0425,INV-11-0425,2024-07,1683366
RCT-11-0426,INV-11-0426,2024-07,1683366
RCT-11-0427,INV-11-0427,2024-07,1683366
RCT-11-0428,INV-11-0428,2024-07,1683366
RCT-11-0429,INV-11-0429,2024-07,1683366
RCT-11-0430,INV-11-0430,2024-07,1683366
RCT-11-0431,INV-11-0431,2024-07,1683366
RCT-11-0432,INV-11-0432,2024-07,1683366
RCT-11-0433,INV-11-0433,2024-07,1683366
RCT-11-0434,INV-11-0434,2024-07,1683366
RCT-11-0435,INV-11-0435,2024-07,1683366
RCT-11-0436,INV-11-0436,2024-07,1683366
RCT-11-0437,INV-11-0437,2024-07,1683366
RCT-11-0438,INV-11-0438,2024-07,1683366
RCT-11-0439,INV-11-0439,2024-07,1683366
RCT-11-0440,INV-11-0440,2024-07,1683366
RCT-11-0441,INV-11-0441,2024-07,1683366
RCT-11-0442,INV-11-0442,2024-07,1683366
RCT-11-0443,INV-11-0443,2024-07,1683366
RCT-11-0444,INV-11-0444,2024-07,1683366
RCT-11-0445,INV-11-0445,2024-07,1683366
RCT-11-0446,INV-11-0446,2024-07,1683366
RCT-11-0447,INV-11-0447,2024-07,1683366
RCT-11-0448,INV-11-0448,2024-07,1683366
RCT-11-0449,INV-11-0449,2024-07,1683366
RCT-11-0450,INV-11-0450,2024-07,1683366
RCT-11-0451,INV-11-0451,2024-07,1683366
RCT-11-0452,INV-11-0452,2024-07,1683366
RCT-11-0453,INV-11-0453,2024-07,1683366
RCT-11-0454,INV-11-0454,2024-07,1683366
RCT-11-0455,INV-11-0455,2024-07,1683366
RCT-11-0456,INV-11-0456,2024-07,1683366
RCT-11-0457,INV-11-0457,2024-07,1683366
RCT-11-0458,INV-11-0458,2024-07,1683366
RCT-11-0459,INV-11-0459,2024-07,1683366
RCT-11-0460,INV-11-0460,2024-07,1683366
RCT-11-0461,INV-11-0461,2024-07,1683366
RCT-11-0462,INV-11-0462,2024-07,1683366
RCT-11-0463,INV-11-0463,2024-07,1683366
RCT-11-0464,INV-11-0464,2024-07,1683366
RCT-11-0465,INV-11-0465,2024-07,1683366
RCT-11-0466,INV-11-0466,2024-07,1683366
RCT-11-0467,INV-11-0467,2024-07,1683366
RCT-11-0468,INV-11-0468,2024-07,1683366
RCT-11-0469,INV-11-0469,2024-07,1683366
RCT-11-0470,INV-11-0470,2024-07,1683366
RCT-11-0471,INV-11-0471,2024-07,1683366
RCT-11-0472,INV-11-0472,2024-07,1683366
RCT-11-0473,INV-11-0473,2024-07,1683366
RCT-11-0474,INV-11-0474,2024-07,1683366
RCT-11-0475,INV-11-0475,2024-07,1683366
RCT-11-0476,INV-11-0476,2024-07,1683366
RCT-11-0477,INV-11-0477,2024-07,1683366
RCT-11-0478,INV-11-0478,2024-07,1683366
RCT-11-0479,INV-11-0479,2024-07,1683366
RCT-11-0480,INV-11-0480,2024-07,1683366
RCT-11-0481,INV-11-0481,2024-07,1683366
RCT-11-0482,INV-11-0482,2024-07,1683366
RCT-11-0483,INV-11-0483,2024-07,1683366
RCT-11-0484,INV-11-0484,2024-07,1683366
RCT-11-0485,INV-11-0485,2024-07,1683366
RCT-11-0486,INV-11-0486,2024-07,1683366
RCT-11-0487,INV-11-0487,2024-07,1683366
RCT-11-0488,INV-11-0488,2024-07,1683366
RCT-11-0489,INV-11-0489,2024-07,1683366
RCT-11-0490,INV-11-0490,2024-07,1683366
RCT-11-0491,INV-11-0491,2024-07,1683366
RCT-11-0492,INV-11-0492,2024-07,1683366
RCT-11-0493,INV-11-0493,2024-07,1683366
RCT-11-0494,INV-11-0494,2024-07,1683366
RCT-11-0495,INV-11-0495,2024-07,1683366
RCT-11-0496,INV-11-0496,2024-07,1683366
RCT-11-0497,INV-11-0497,2024-07,1683366
RCT-11-0498,INV-11-0498,2024-07,1683366
RCT-11-0499,INV-11-0499,2024-07,1683366
RCT-11-0500,INV-11-0500,2024-07,1683366
RCT-11-SVC,INV-11-SVC,2024-07,128333333
RCT-12-0001,INV-12-0001,2024-08,213000000
RCT-12-0002,INV-12-0002,2024-08,1707415
RCT-12-0003,INV-12-0003,2024-08,1707415
RCT-12-0004,INV-12-0004,2024-08,1707415
RCT-12-0005,INV-12-0005,2024-08,1707415
RCT-12-0006,INV-12-0006,2024-08,1707415
RCT-12-0007,INV-12-0007,2024-08,1707415
RCT-12-0008,INV-12-0008,2024-08,1707415
RCT-12-0009,INV-12-0009,2024-08,1707415
RCT-12-0010,INV-12-0010,2024-08,1707415
RCT-12-0011,INV-12-0011,2024-08,1707415
RCT-12-0012,INV-12-0012,2024-08,1707415
RCT-12-0013,INV-12-0013,2024-08,1707415
RCT-12-0014,INV-12-0014,2024-08,1707415
RCT-12-0015,INV-12-0015,2024-08,1707415
RCT-12-0016,INV-12-0016,2024-08,1707415
RCT-12-0017,INV-12-0017,2024-08,1707415
RCT-12-0018,INV-12-0018,2024-08,1707415
RCT-12-0019,INV-12-0019,2024-08,1707415
RCT-12-0020,INV-12-0020,2024-08,1707415
RCT-12-0021,INV-12-0021,2024-08,1707415
RCT-12-0022,INV-12-0022,2024-08,1707415
RCT-12-0023,INV-12-0023,2024-08,1707415
RCT-12-0024,INV-12-0024,2024-08,1707415
RCT-12-0025,INV-12-0025,2024-08,1707415
RCT-12-0026,INV-12-0026,2024-08,1707415
RCT-12-0027,INV-12-0027,2024-08,1707415
RCT-12-0028,INV-12-0028,2024-08,1707415
RCT-12-0029,INV-12-0029,2024-08,1707415
RCT-12-0030,INV-12-0030,2024-08,1707415
RCT-12-0031,INV-12-0031,2024-08,1707415
RCT-12-0032,INV-12-0032,2024-08,1707415
RCT-12-0033,INV-12-0033,2024-08,1707415
RCT-12-0034,INV-12-0034,2024-08,1707415
RCT-12-0035,INV-12-0035,2024-08,1707415
RCT-12-0036,INV-12-0036,2024-08,1707415
RCT-12-0037,INV-12-0037,2024-08,1707415
RCT-12-0038,INV-12-0038,2024-08,1707415
RCT-12-0039,INV-12-0039,2024-08,1707415
RCT-12-0040,INV-12-0040,2024-08,1707415
RCT-12-0041,INV-12-0041,2024-08,1707415
RCT-12-0042,INV-12-0042,2024-08,1707415
RCT-12-0043,INV-12-0043,2024-08,1707415
RCT-12-0044,INV-12-0044,2024-08,1707415
RCT-12-0045,INV-12-0045,2024-08,1707415
RCT-12-0046,INV-12-0046,2024-08,1707415
RCT-12-0047,INV-12-0047,2024-08,1707415
RCT-12-0048,INV-12-0048,2024-08,1707415
RCT-12-0049,INV-12-0049,2024-08,1707415
RCT-12-0050,INV-12-0050,2024-08,1707415
RCT-12-0051,INV-12-0051,2024-08,1707415
RCT-12-0052,INV-12-0052,2024-08,1707415
RCT-12-0053,INV-12-0053,2024-08,1707415
RCT-12-0054,INV-12-0054,2024-08,1707415
RCT-12-0055,INV-12-0055,2024-08,1707415
RCT-12-0056,INV-12-0056,2024-08,1707415
RCT-12-0057,INV-12-0057,2024-08,1707415
RCT-12-0058,INV-12-0058,2024-08,1707415
RCT-12-0059,INV-12-0059,2024-08,1707415
RCT-12-0060,INV-12-0060,2024-08,1707415
RCT-12-0061,INV-12-0061,2024-08,1707415
RCT-12-0062,INV-12-0062,2024-08,1707415
RCT-12-0063,INV-12-0063,2024-08,1707415
RCT-12-0064,INV-12-0064,2024-08,1707415
RCT-12-0065,INV-12-0065,2024-08,1707415
RCT-12-0066,INV-12-0066,2024-08,1707415
RCT-12-0067,INV-12-0067,2024-08,1707415
RCT-12-0068,INV-12-0068,2024-08,1707415
RCT-12-0069,INV-12-0069,2024-08,1707415
RCT-12-0070,INV-12-0070,2024-08,1707415
RCT-12-0071,INV-12-0071,2024-08,1707415
RCT-12-0072,INV-12-0072,2024-08,1707415
RCT-12-0073,INV-12-0073,2024-08,1707415
RCT-12-0074,INV-12-0074,2024-08,1707415
RCT-12-0075,INV-12-0075,2024-08,1707415
RCT-12-0076,INV-12-0076,2024-08,1707415
RCT-12-0077,INV-12-0077,2024-08,1707415
RCT-12-0078,INV-12-0078,2024-08,1707415
RCT-12-0079,INV-12-0079,2024-08,1707415
RCT-12-0080,INV-12-0080,2024-08,1707415
RCT-12-0081,INV-12-0081,2024-08,1707415
RCT-12-0082,INV-12-0082,2024-08,1707415
RCT-12-0083,INV-12-0083,2024-08,1707415
RCT-12-0084,INV-12-0084,2024-08,1707415
RCT-12-0085,INV-12-0085,2024-08,1707415
RCT-12-0086,INV-12-0086,2024-08,1707415
RCT-12-0087,INV-12-0087,2024-08,1707415
RCT-12-0088,INV-12-0088,2024-08,1707415
RCT-12-0089,INV-12-0089,2024-08,1707415
RCT-12-0090,INV-12-0090,2024-08,1707415
RCT-12-0091,INV-12-0091,2024-08,1707415
RCT-12-0092,INV-12-0092,2024-08,1707415
RCT-12-0093,INV-12-0093,2024-08,1707415
RCT-12-0094,INV-12-0094,2024-08,1707415
RCT-12-0095,INV-12-0095,2024-08,1707415
RCT-12-0096,INV-12-0096,2024-08,1707415
RCT-12-0097,INV-12-0097,2024-08,1707415
RCT-12-0098,INV-12-0098,2024-08,1707415
RCT-12-0099,INV-12-0099,2024-08,1707415
RCT-12-0100,INV-12-0100,2024-08,1707415
RCT-12-0101,INV-12-0101,2024-08,1707415
RCT-12-0102,INV-12-0102,2024-08,1707415
RCT-12-0103,INV-12-0103,2024-08,1707415
RCT-12-0104,INV-12-0104,2024-08,1707415
RCT-12-0105,INV-12-0105,2024-08,1707415
RCT-12-0106,INV-12-0106,2024-08,1707415
RCT-12-0107,INV-12-0107,2024-08,1707415
RCT-12-0108,INV-12-0108,2024-08,1707415
RCT-12-0109,INV-12-0109,2024-08,1707415
RCT-12-0110,INV-12-0110,2024-08,1707415
RCT-12-0111,INV-12-0111,2024-08,1707415
RCT-12-0112,INV-12-0112,2024-08,1707415
RCT-12-0113,INV-12-0113,2024-08,1707415
RCT-12-0114,INV-12-0114,2024-08,1707415
RCT-12-0115,INV-12-0115,2024-08,1707415
RCT-12-0116,INV-12-0116,2024-08,1707415
RCT-12-0117,INV-12-0117,2024-08,1707415
RCT-12-0118,INV-12-0118,2024-08,1707415
RCT-12-0119,INV-12-0119,2024-08,1707415
RCT-12-0120,INV-12-0120,2024-08,1707415
RCT-12-0121,INV-12-0121,2024-08,1707415
RCT-12-0122,INV-12-0122,2024-08,1707415
RCT-12-0123,INV-12-0123,2024-08,1707415
RCT-12-0124,INV-12-0124,2024-08,1707415
RCT-12-0125,INV-12-0125,2024-08,1707415
RCT-12-0126,INV-12-0126,2024-08,1707415
RCT-12-0127,INV-12-0127,2024-08,1707415
RCT-12-0128,INV-12-0128,2024-08,1707415
RCT-12-0129,INV-12-0129,2024-08,1707415
RCT-12-0130,INV-12-0130,2024-08,1707415
RCT-12-0131,INV-12-0131,2024-08,1707415
RCT-12-0132,INV-12-0132,2024-08,1707415
RCT-12-0133,INV-12-0133,2024-08,1707415
RCT-12-0134,INV-12-0134,2024-08,1707415
RCT-12-0135,INV-12-0135,2024-08,1707415
RCT-12-0136,INV-12-0136,2024-08,1707415
RCT-12-0137,INV-12-0137,2024-08,1707415
RCT-12-0138,INV-12-0138,2024-08,1707415
RCT-12-0139,INV-12-0139,2024-08,1707415
RCT-12-0140,INV-12-0140,2024-08,1707415
RCT-12-0141,INV-12-0141,2024-08,1707415
RCT-12-0142,INV-12-0142,2024-08,1707415
RCT-12-0143,INV-12-0143,2024-08,1707415
RCT-12-0144,INV-12-0144,2024-08,1707415
RCT-12-0145,INV-12-0145,2024-08,1707415
RCT-12-0146,INV-12-0146,2024-08,1707415
RCT-12-0147,INV-12-0147,2024-08,1707415
RCT-12-0148,INV-12-0148,2024-08,1707415
RCT-12-0149,INV-12-0149,2024-08,1707415
RCT-12-0150,INV-12-0150,2024-08,1707415
RCT-12-0151,INV-12-0151,2024-08,1707415
RCT-12-0152,INV-12-0152,2024-08,1707415
RCT-12-0153,INV-12-0153,2024-08,1707415
RCT-12-0154,INV-12-0154,2024-08,1707415
RCT-12-0155,INV-12-0155,2024-08,1707415
RCT-12-0156,INV-12-0156,2024-08,1707415
RCT-12-0157,INV-12-0157,2024-08,1707415
RCT-12-0158,INV-12-0158,2024-08,1707415
RCT-12-0159,INV-12-0159,2024-08,1707415
RCT-12-0160,INV-12-0160,2024-08,1707415
RCT-12-0161,INV-12-0161,2024-08,1707415
RCT-12-0162,INV-12-0162,2024-08,1707415
RCT-12-0163,INV-12-0163,2024-08,1707415
RCT-12-0164,INV-12-0164,2024-08,1707415
RCT-12-0165,INV-12-0165,2024-08,1707415
RCT-12-0166,INV-12-0166,2024-08,1707415
RCT-12-0167,INV-12-0167,2024-08,1707415
RCT-12-0168,INV-12-0168,2024-08,1707415
RCT-12-0169,INV-12-0169,2024-08,1707415
RCT-12-0170,INV-12-0170,2024-08,1707415
RCT-12-0171,INV-12-0171,2024-08,1707415
RCT-12-0172,INV-12-0172,2024-08,1707415
RCT-12-0173,INV-12-0173,2024-08,1707415
RCT-12-0174,INV-12-0174,2024-08,1707415
RCT-12-0175,INV-12-0175,2024-08,1707415
RCT-12-0176,INV-12-0176,2024-08,1707415
RCT-12-0177,INV-12-0177,2024-08,1707415
RCT-12-0178,INV-12-0178,2024-08,1707415
RCT-12-0179,INV-12-0179,2024-08,1707415
RCT-12-0180,INV-12-0180,2024-08,1707415
RCT-12-0181,INV-12-0181,2024-08,1707415
RCT-12-0182,INV-12-0182,2024-08,1707415
RCT-12-0183,INV-12-0183,2024-08,1707415
RCT-12-0184,INV-12-0184,2024-08,1707415
RCT-12-0185,INV-12-0185,2024-08,1707415
RCT-12-0186,INV-12-0186,2024-08,1707415
RCT-12-0187,INV-12-0187,2024-08,1707415
RCT-12-0188,INV-12-0188,2024-08,1707415
RCT-12-0189,INV-12-0189,2024-08,1707415
RCT-12-0190,INV-12-0190,2024-08,1707415
RCT-12-0191,INV-12-0191,2024-08,1707415
RCT-12-0192,INV-12-0192,2024-08,1707415
RCT-12-0193,INV-12-0193,2024-08,1707415
RCT-12-0194,INV-12-0194,2024-08,1707415
RCT-12-0195,INV-12-0195,2024-08,1707415
RCT-12-0196,INV-12-0196,2024-08,1707415
RCT-12-0197,INV-12-0197,2024-08,1707415
RCT-12-0198,INV-12-0198,2024-08,1707415
RCT-12-0199,INV-12-0199,2024-08,1707415
RCT-12-0200,INV-12-0200,2024-08,1707415
RCT-12-0201,INV-12-0201,2024-08,1707415
RCT-12-0202,INV-12-0202,2024-08,1707415
RCT-12-0203,INV-12-0203,2024-08,1707415
RCT-12-0204,INV-12-0204,2024-08,1707415
RCT-12-0205,INV-12-0205,2024-08,1707415
RCT-12-0206,INV-12-0206,2024-08,1707415
RCT-12-0207,INV-12-0207,2024-08,1707415
RCT-12-0208,INV-12-0208,2024-08,1707415
RCT-12-0209,INV-12-0209,2024-08,1707415
RCT-12-0210,INV-12-0210,2024-08,1707415
RCT-12-0211,INV-12-0211,2024-08,1707415
RCT-12-0212,INV-12-0212,2024-08,1707415
RCT-12-0213,INV-12-0213,2024-08,1707415
RCT-12-0214,INV-12-0214,2024-08,1707415
RCT-12-0215,INV-12-0215,2024-08,1707415
RCT-12-0216,INV-12-0216,2024-08,1707415
RCT-12-0217,INV-12-0217,2024-08,1707415
RCT-12-0218,INV-12-0218,2024-08,1707415
RCT-12-0219,INV-12-0219,2024-08,1707415
RCT-12-0220,INV-12-0220,2024-08,1707415
RCT-12-0221,INV-12-0221,2024-08,1707415
RCT-12-0222,INV-12-0222,2024-08,1707415
RCT-12-0223,INV-12-0223,2024-08,1707415
RCT-12-0224,INV-12-0224,2024-08,1707415
RCT-12-0225,INV-12-0225,2024-08,1707415
RCT-12-0226,INV-12-0226,2024-08,1707415
RCT-12-0227,INV-12-0227,2024-08,1707415
RCT-12-0228,INV-12-0228,2024-08,1707415
RCT-12-0229,INV-12-0229,2024-08,1707415
RCT-12-0230,INV-12-0230,2024-08,1707415
RCT-12-0231,INV-12-0231,2024-08,1707415
RCT-12-0232,INV-12-0232,2024-08,1707415
RCT-12-0233,INV-12-0233,2024-08,1707415
RCT-12-0234,INV-12-0234,2024-08,1707415
RCT-12-0235,INV-12-0235,2024-08,1707415
RCT-12-0236,INV-12-0236,2024-08,1707415
RCT-12-0237,INV-12-0237,2024-08,1707415
RCT-12-0238,INV-12-0238,2024-08,1707415
RCT-12-0239,INV-12-0239,2024-08,1707415
RCT-12-0240,INV-12-0240,2024-08,1707415
RCT-12-0241,INV-12-0241,2024-08,1707415
RCT-12-0242,INV-12-0242,2024-08,1707415
RCT-12-0243,INV-12-0243,2024-08,1707415
RCT-12-0244,INV-12-0244,2024-08,1707415
RCT-12-0245,INV-12-0245,2024-08,1707415
RCT-12-0246,INV-12-0246,2024-08,1707415
RCT-12-0247,INV-12-0247,2024-08,1707415
RCT-12-0248,INV-12-0248,2024-08,1707415
RCT-12-0249,INV-12-0249,2024-08,1707415
RCT-12-0250,INV-12-0250,2024-08,1707415
RCT-12-0251,INV-12-0251,2024-08,1707415
RCT-12-0252,INV-12-0252,2024-08,1707415
RCT-12-0253,INV-12-0253,2024-08,1707415
RCT-12-0254,INV-12-0254,2024-08,1707415
RCT-12-0255,INV-12-0255,2024-08,1707415
RCT-12-0256,INV-12-0256,2024-08,1707415
RCT-12-0257,INV-12-0257,2024-08,1707415
RCT-12-0258,INV-12-0258,2024-08,1707415
RCT-12-0259,INV-12-0259,2024-08,1707415
RCT-12-0260,INV-12-0260,2024-08,1707415
RCT-12-0261,INV-12-0261,2024-08,1707415
RCT-12-0262,INV-12-0262,2024-08,1707415
RCT-12-0263,INV-12-0263,2024-08,1707415
RCT-12-0264,INV-12-0264,2024-08,1707415
RCT-12-0265,INV-12-0265,2024-08,1707415
RCT-12-0266,INV-12-0266,2024-08,1707415
RCT-12-0267,INV-12-0267,2024-08,1707415
RCT-12-0268,INV-12-0268,2024-08,1707415
RCT-12-0269,INV-12-0269,2024-08,1707415
RCT-12-0270,INV-12-0270,2024-08,1707415
RCT-12-0271,INV-12-0271,2024-08,1707415
RCT-12-0272,INV-12-0272,2024-08,1707415
RCT-12-0273,INV-12-0273,2024-08,1707415
RCT-12-0274,INV-12-0274,2024-08,1707415
RCT-12-0275,INV-12-0275,2024-08,1707415
RCT-12-0276,INV-12-0276,2024-08,1707415
RCT-12-0277,INV-12-0277,2024-08,1707415
RCT-12-0278,INV-12-0278,2024-08,1707415
RCT-12-0279,INV-12-0279,2024-08,1707415
RCT-12-0280,INV-12-0280,2024-08,1707415
RCT-12-0281,INV-12-0281,2024-08,1707415
RCT-12-0282,INV-12-0282,2024-08,1707415
RCT-12-0283,INV-12-0283,2024-08,1707415
RCT-12-0284,INV-12-0284,2024-08,1707415
RCT-12-0285,INV-12-0285,2024-08,1707415
RCT-12-0286,INV-12-0286,2024-08,1707415
RCT-12-0287,INV-12-0287,2024-08,1707415
RCT-12-0288,INV-12-0288,2024-08,1707415
RCT-12-0289,INV-12-0289,2024-08,1707415
RCT-12-0290,INV-12-0290,2024-08,1707415
RCT-12-0291,INV-12-0291,2024-08,1707415
RCT-12-0292,INV-12-0292,2024-08,1707415
RCT-12-0293,INV-12-0293,2024-08,1707415
RCT-12-0294,INV-12-0294,2024-08,1707415
RCT-12-0295,INV-12-0295,2024-08,1707415
RCT-12-0296,INV-12-0296,2024-08,1707415
RCT-12-0297,INV-12-0297,2024-08,1707415
RCT-12-0298,INV-12-0298,2024-08,1707415
RCT-12-0299,INV-12-0299,2024-08,1707415
RCT-12-0300,INV-12-0300,2024-08,1707415
RCT-12-0301,INV-12-0301,2024-08,1707415
RCT-12-0302,INV-12-0302,2024-08,1707415
RCT-12-0303,INV-12-0303,2024-08,1707415
RCT-12-0304,INV-12-0304,2024-08,1707415
RCT-12-0305,INV-12-0305,2024-08,1707415
RCT-12-0306,INV-12-0306,2024-08,1707415
RCT-12-0307,INV-12-0307,2024-08,1707415
RCT-12-0308,INV-12-0308,2024-08,1707415
RCT-12-0309,INV-12-0309,2024-08,1707415
RCT-12-0310,INV-12-0310,2024-08,1707415
RCT-12-0311,INV-12-0311,2024-08,1707414
RCT-12-0312,INV-12-0312,2024-08,1707414
RCT-12-0313,INV-12-0313,2024-08,1707414
RCT-12-0314,INV-12-0314,2024-08,1707414
RCT-12-0315,INV-12-0315,2024-08,1707414
RCT-12-0316,INV-12-0316,2024-08,1707414
RCT-12-0317,INV-12-0317,2024-08,1707414
RCT-12-0318,INV-12-0318,2024-08,1707414
RCT-12-0319,INV-12-0319,2024-08,1707414
RCT-12-0320,INV-12-0320,2024-08,1707414
RCT-12-0321,INV-12-0321,2024-08,1707414
RCT-12-0322,INV-12-0322,2024-08,1707414
RCT-12-0323,INV-12-0323,2024-08,1707414
RCT-12-0324,INV-12-0324,2024-08,1707414
RCT-12-0325,INV-12-0325,2024-08,1707414
RCT-12-0326,INV-12-0326,2024-08,1707414
RCT-12-0327,INV-12-0327,2024-08,1707414
RCT-12-0328,INV-12-0328,2024-08,1707414
RCT-12-0329,INV-12-0329,2024-08,1707414
RCT-12-0330,INV-12-0330,2024-08,1707414
RCT-12-0331,INV-12-0331,2024-08,1707414
RCT-12-0332,INV-12-0332,2024-08,1707414
RCT-12-0333,INV-12-0333,2024-08,1707414
RCT-12-0334,INV-12-0334,2024-08,1707414
RCT-12-0335,INV-12-0335,2024-08,1707414
RCT-12-0336,INV-12-0336,2024-08,1707414
RCT-12-0337,INV-12-0337,2024-08,1707414
RCT-12-0338,INV-12-0338,2024-08,1707414
RCT-12-0339,INV-12-0339,2024-08,1707414
RCT-12-0340,INV-12-0340,2024-08,1707414
RCT-12-0341,INV-12-0341,2024-08,1707414
RCT-12-0342,INV-12-0342,2024-08,1707414
RCT-12-0343,INV-12-0343,2024-08,1707414
RCT-12-0344,INV-12-0344,2024-08,1707414
RCT-12-0345,INV-12-0345,2024-08,1707414
RCT-12-0346,INV-12-0346,2024-08,1707414
RCT-12-0347,INV-12-0347,2024-08,1707414
RCT-12-0348,INV-12-0348,2024-08,1707414
RCT-12-0349,INV-12-0349,2024-08,1707414
RCT-12-0350,INV-12-0350,2024-08,1707414
RCT-12-0351,INV-12-0351,2024-08,1707414
RCT-12-0352,INV-12-0352,2024-08,1707414
RCT-12-0353,INV-12-0353,2024-08,1707414
RCT-12-0354,INV-12-0354,2024-08,1707414
RCT-12-0355,INV-12-0355,2024-08,1707414
RCT-12-0356,INV-12-0356,2024-08,1707414
RCT-12-0357,INV-12-0357,2024-08,1707414
RCT-12-0358,INV-12-0358,2024-08,1707414
RCT-12-0359,INV-12-0359,2024-08,1707414
RCT-12-0360,INV-12-0360,2024-08,1707414
RCT-12-0361,INV-12-0361,2024-08,1707414
RCT-12-0362,INV-12-0362,2024-08,1707414
RCT-12-0363,INV-12-0363,2024-08,1707414
RCT-12-0364,INV-12-0364,2024-08,1707414
RCT-12-0365,INV-12-0365,2024-08,1707414
RCT-12-0366,INV-12-0366,2024-08,1707414
RCT-12-0367,INV-12-0367,2024-08,1707414
RCT-12-0368,INV-12-0368,2024-08,1707414
RCT-12-0369,INV-12-0369,2024-08,1707414
RCT-12-0370,INV-12-0370,2024-08,1707414
RCT-12-0371,INV-12-0371,2024-08,1707414
RCT-12-0372,INV-12-0372,2024-08,1707414
RCT-12-0373,INV-12-0373,2024-08,1707414
RCT-12-0374,INV-12-0374,2024-08,1707414
RCT-12-0375,INV-12-0375,2024-08,1707414
RCT-12-0376,INV-12-0376,2024-08,1707414
RCT-12-0377,INV-12-0377,2024-08,1707414
RCT-12-0378,INV-12-0378,2024-08,1707414
RCT-12-0379,INV-12-0379,2024-08,1707414
RCT-12-0380,INV-12-0380,2024-08,1707414
RCT-12-0381,INV-12-0381,2024-08,1707414
RCT-12-0382,INV-12-0382,2024-08,1707414
RCT-12-0383,INV-12-0383,2024-08,1707414
RCT-12-0384,INV-12-0384,2024-08,1707414
RCT-12-0385,INV-12-0385,2024-08,1707414
RCT-12-0386,INV-12-0386,2024-08,1707414
RCT-12-0387,INV-12-0387,2024-08,1707414
RCT-12-0388,INV-12-0388,2024-08,1707414
RCT-12-0389,INV-12-0389,2024-08,1707414
RCT-12-0390,INV-12-0390,2024-08,1707414
RCT-12-0391,INV-12-0391,2024-08,1707414
RCT-12-0392,INV-12-0392,2024-08,1707414
RCT-12-0393,INV-12-0393,2024-08,1707414
RCT-12-0394,INV-12-0394,2024-08,1707414
RCT-12-0395,INV-12-0395,2024-08,1707414
RCT-12-0396,INV-12-0396,2024-08,1707414
RCT-12-0397,INV-12-0397,2024-08,1707414
RCT-12-0398,INV-12-0398,2024-08,1707414
RCT-12-0399,INV-12-0399,2024-08,1707414
RCT-12-0400,INV-12-0400,2024-08,1707414
RCT-12-0401,INV-12-0401,2024-08,1707414
RCT-12-0402,INV-12-0402,2024-08,1707414
RCT-12-0403,INV-12-0403,2024-08,1707414
RCT-12-0404,INV-12-0404,2024-08,1707414
RCT-12-0405,INV-12-0405,2024-08,1707414
RCT-12-0406,INV-12-0406,2024-08,1707414
RCT-12-0407,INV-12-0407,2024-08,1707414
RCT-12-0408,INV-12-0408,2024-08,1707414
RCT-12-0409,INV-12-0409,2024-08,1707414
RCT-12-0410,INV-12-0410,2024-08,1707414
RCT-12-0411,INV-12-0411,2024-08,1707414
RCT-12-0412,INV-12-0412,2024-08,1707414
RCT-12-0413,INV-12-0413,2024-08,1707414
RCT-12-0414,INV-12-0414,2024-08,1707414
RCT-12-0415,INV-12-0415,2024-08,1707414
RCT-12-0416,INV-12-0416,2024-08,1707414
RCT-12-0417,INV-12-0417,2024-08,1707414
RCT-12-0418,INV-12-0418,2024-08,1707414
RCT-12-0419,INV-12-0419,2024-08,1707414
RCT-12-0420,INV-12-0420,2024-08,1707414
RCT-12-0421,INV-12-0421,2024-08,1707414
RCT-12-0422,INV-12-0422,2024-08,1707414
RCT-12-0423,INV-12-0423,2024-08,1707414
RCT-12-0424,INV-12-0424,2024-08,1707414
RCT-12-0425,INV-12-0425,2024-08,1707414
RCT-12-0426,INV-12-0426,2024-08,1707414
RCT-12-0427,INV-12-0427,2024-08,1707414
RCT-12-0428,INV-12-0428,2024-08,1707414
RCT-12-0429,INV-12-0429,2024-08,1707414
RCT-12-0430,INV-12-0430,2024-08,1707414
RCT-12-0431,INV-12-0431,2024-08,1707414
RCT-12-0432,INV-12-0432,2024-08,1707414
RCT-12-0433,INV-12-0433,2024-08,1707414
RCT-12-0434,INV-12-0434,2024-08,1707414
RCT-12-0435,INV-12-0435,2024-08,1707414
RCT-12-0436,INV-12-0436,2024-08,1707414
RCT-12-0437,INV-12-0437,2024-08,1707414
RCT-12-0438,INV-12-0438,2024-08,1707414
RCT-12-0439,INV-12-0439,2024-08,1707414
RCT-12-0440,INV-12-0440,2024-08,1707414
RCT-12-0441,INV-12-0441,2024-08,1707414
RCT-12-0442,INV-12-0442,2024-08,1707414
RCT-12-0443,INV-12-0443,2024-08,1707414
RCT-12-0444,INV-12-0444,2024-08,1707414
RCT-12-0445,INV-12-0445,2024-08,1707414
RCT-12-0446,INV-12-0446,2024-08,1707414
RCT-12-0447,INV-12-0447,2024-08,1707414
RCT-12-0448,INV-12-0448,2024-08,1707414
RCT-12-0449,INV-12-0449,2024-08,1707414
RCT-12-0450,INV-12-0450,2024-08,1707414
RCT-12-0451,INV-12-0451,2024-08,1707414
RCT-12-0452,INV-12-0452,2024-08,1707414
RCT-12-0453,INV-12-0453,2024-08,1707414
RCT-12-0454,INV-12-0454,2024-08,1707414
RCT-12-0455,INV-12-0455,2024-08,1707414
RCT-12-0456,INV-12-0456,2024-08,1707414
RCT-12-0457,INV-12-0457,2024-08,1707414
RCT-12-0458,INV-12-0458,2024-08,1707414
RCT-12-0459,INV-12-0459,2024-08,1707414
RCT-12-0460,INV-12-0460,2024-08,1707414
RCT-12-0461,INV-12-0461,2024-08,1707414
RCT-12-0462,INV-12-0462,2024-08,1707414
RCT-12-0463,INV-12-0463,2024-08,1707414
RCT-12-0464,INV-12-0464,2024-08,1707414
RCT-12-0465,INV-12-0465,2024-08,1707414
RCT-12-0466,INV-12-0466,2024-08,1707414
RCT-12-0467,INV-12-0467,2024-08,1707414
RCT-12-0468,INV-12-0468,2024-08,1707414
RCT-12-0469,INV-12-0469,2024-08,1707414
RCT-12-0470,INV-12-0470,2024-08,1707414
RCT-12-0471,INV-12-0471,2024-08,1707414
RCT-12-0472,INV-12-0472,2024-08,1707414
RCT-12-0473,INV-12-0473,2024-08,1707414
RCT-12-0474,INV-12-0474,2024-08,1707414
RCT-12-0475,INV-12-0475,2024-08,1707414
RCT-12-0476,INV-12-0476,2024-08,1707414
RCT-12-0477,INV-12-0477,2024-08,1707414
RCT-12-0478,INV-12-0478,2024-08,1707414
RCT-12-0479,INV-12-0479,2024-08,1707414
RCT-12-0480,INV-12-0480,2024-08,1707414
RCT-12-0481,INV-12-0481,2024-08,1707414
RCT-12-0482,INV-12-0482,2024-08,1707414
RCT-12-0483,INV-12-0483,2024-08,1707414
RCT-12-0484,INV-12-0484,2024-08,1707414
RCT-12-0485,INV-12-0485,2024-08,1707414
RCT-12-0486,INV-12-0486,2024-08,1707414
RCT-12-0487,INV-12-0487,2024-08,1707414
RCT-12-0488,INV-12-0488,2024-08,1707414
RCT-12-0489,INV-12-0489,2024-08,1707414
RCT-12-0490,INV-12-0490,2024-08,1707414
RCT-12-0491,INV-12-0491,2024-08,1707414
RCT-12-0492,INV-12-0492,2024-08,1707414
RCT-12-0493,INV-12-0493,2024-08,1707414
RCT-12-0494,INV-12-0494,2024-08,1707414
RCT-12-0495,INV-12-0495,2024-08,1707414
RCT-12-0496,INV-12-0496,2024-08,1707414
RCT-12-0497,INV-12-0497,2024-08,1707414
RCT-12-0498,INV-12-0498,2024-08,1707414
RCT-12-0499,INV-12-0499,2024-08,1707414
RCT-12-0500,INV-12-0500,2024-08,1707414
RCT-12-SVC,INV-12-SVC,2024-08,130166666
RCT-13-0001,INV-13-0001,2024-09,216000000
RCT-13-0002,INV-13-0002,2024-09,1731463
RCT-13-0003,INV-13-0003,2024-09,1731463
RCT-13-0004,INV-13-0004,2024-09,1731463
RCT-13-0005,INV-13-0005,2024-09,1731463
RCT-13-0006,INV-13-0006,2024-09,1731463
RCT-13-0007,INV-13-0007,2024-09,1731463
RCT-13-0008,INV-13-0008,2024-09,1731463
RCT-13-0009,INV-13-0009,2024-09,1731463
RCT-13-0010,INV-13-0010,2024-09,1731463
RCT-13-0011,INV-13-0011,2024-09,1731463
RCT-13-0012,INV-13-0012,2024-09,1731463
RCT-13-0013,INV-13-0013,2024-09,1731463
RCT-13-0014,INV-13-0014,2024-09,1731463
RCT-13-0015,INV-13-0015,2024-09,1731463
RCT-13-0016,INV-13-0016,2024-09,1731463
RCT-13-0017,INV-13-0017,2024-09,1731463
RCT-13-0018,INV-13-0018,2024-09,1731463
RCT-13-0019,INV-13-0019,2024-09,1731463
RCT-13-0020,INV-13-0020,2024-09,1731463
RCT-13-0021,INV-13-0021,2024-09,1731463
RCT-13-0022,INV-13-0022,2024-09,1731463
RCT-13-0023,INV-13-0023,2024-09,1731463
RCT-13-0024,INV-13-0024,2024-09,1731463
RCT-13-0025,INV-13-0025,2024-09,1731463
RCT-13-0026,INV-13-0026,2024-09,1731463
RCT-13-0027,INV-13-0027,2024-09,1731463
RCT-13-0028,INV-13-0028,2024-09,1731463
RCT-13-0029,INV-13-0029,2024-09,1731463
RCT-13-0030,INV-13-0030,2024-09,1731463
RCT-13-0031,INV-13-0031,2024-09,1731463
RCT-13-0032,INV-13-0032,2024-09,1731463
RCT-13-0033,INV-13-0033,2024-09,1731463
RCT-13-0034,INV-13-0034,2024-09,1731463
RCT-13-0035,INV-13-0035,2024-09,1731463
RCT-13-0036,INV-13-0036,2024-09,1731463
RCT-13-0037,INV-13-0037,2024-09,1731463
RCT-13-0038,INV-13-0038,2024-09,1731463
RCT-13-0039,INV-13-0039,2024-09,1731463
RCT-13-0040,INV-13-0040,2024-09,1731463
RCT-13-0041,INV-13-0041,2024-09,1731463
RCT-13-0042,INV-13-0042,2024-09,1731463
RCT-13-0043,INV-13-0043,2024-09,1731463
RCT-13-0044,INV-13-0044,2024-09,1731463
RCT-13-0045,INV-13-0045,2024-09,1731463
RCT-13-0046,INV-13-0046,2024-09,1731463
RCT-13-0047,INV-13-0047,2024-09,1731463
RCT-13-0048,INV-13-0048,2024-09,1731463
RCT-13-0049,INV-13-0049,2024-09,1731463
RCT-13-0050,INV-13-0050,2024-09,1731463
RCT-13-0051,INV-13-0051,2024-09,1731463
RCT-13-0052,INV-13-0052,2024-09,1731463
RCT-13-0053,INV-13-0053,2024-09,1731463
RCT-13-0054,INV-13-0054,2024-09,1731463
RCT-13-0055,INV-13-0055,2024-09,1731463
RCT-13-0056,INV-13-0056,2024-09,1731463
RCT-13-0057,INV-13-0057,2024-09,1731463
RCT-13-0058,INV-13-0058,2024-09,1731463
RCT-13-0059,INV-13-0059,2024-09,1731463
RCT-13-0060,INV-13-0060,2024-09,1731463
RCT-13-0061,INV-13-0061,2024-09,1731463
RCT-13-0062,INV-13-0062,2024-09,1731463
RCT-13-0063,INV-13-0063,2024-09,1731463
RCT-13-0064,INV-13-0064,2024-09,1731463
RCT-13-0065,INV-13-0065,2024-09,1731463
RCT-13-0066,INV-13-0066,2024-09,1731463
RCT-13-0067,INV-13-0067,2024-09,1731463
RCT-13-0068,INV-13-0068,2024-09,1731463
RCT-13-0069,INV-13-0069,2024-09,1731463
RCT-13-0070,INV-13-0070,2024-09,1731463
RCT-13-0071,INV-13-0071,2024-09,1731463
RCT-13-0072,INV-13-0072,2024-09,1731463
RCT-13-0073,INV-13-0073,2024-09,1731463
RCT-13-0074,INV-13-0074,2024-09,1731463
RCT-13-0075,INV-13-0075,2024-09,1731463
RCT-13-0076,INV-13-0076,2024-09,1731463
RCT-13-0077,INV-13-0077,2024-09,1731463
RCT-13-0078,INV-13-0078,2024-09,1731463
RCT-13-0079,INV-13-0079,2024-09,1731463
RCT-13-0080,INV-13-0080,2024-09,1731463
RCT-13-0081,INV-13-0081,2024-09,1731463
RCT-13-0082,INV-13-0082,2024-09,1731463
RCT-13-0083,INV-13-0083,2024-09,1731463
RCT-13-0084,INV-13-0084,2024-09,1731463
RCT-13-0085,INV-13-0085,2024-09,1731463
RCT-13-0086,INV-13-0086,2024-09,1731463
RCT-13-0087,INV-13-0087,2024-09,1731463
RCT-13-0088,INV-13-0088,2024-09,1731463
RCT-13-0089,INV-13-0089,2024-09,1731463
RCT-13-0090,INV-13-0090,2024-09,1731463
RCT-13-0091,INV-13-0091,2024-09,1731463
RCT-13-0092,INV-13-0092,2024-09,1731463
RCT-13-0093,INV-13-0093,2024-09,1731463
RCT-13-0094,INV-13-0094,2024-09,1731463
RCT-13-0095,INV-13-0095,2024-09,1731463
RCT-13-0096,INV-13-0096,2024-09,1731463
RCT-13-0097,INV-13-0097,2024-09,1731463
RCT-13-0098,INV-13-0098,2024-09,1731463
RCT-13-0099,INV-13-0099,2024-09,1731463
RCT-13-0100,INV-13-0100,2024-09,1731463
RCT-13-0101,INV-13-0101,2024-09,1731463
RCT-13-0102,INV-13-0102,2024-09,1731463
RCT-13-0103,INV-13-0103,2024-09,1731463
RCT-13-0104,INV-13-0104,2024-09,1731463
RCT-13-0105,INV-13-0105,2024-09,1731463
RCT-13-0106,INV-13-0106,2024-09,1731463
RCT-13-0107,INV-13-0107,2024-09,1731463
RCT-13-0108,INV-13-0108,2024-09,1731463
RCT-13-0109,INV-13-0109,2024-09,1731463
RCT-13-0110,INV-13-0110,2024-09,1731463
RCT-13-0111,INV-13-0111,2024-09,1731463
RCT-13-0112,INV-13-0112,2024-09,1731463
RCT-13-0113,INV-13-0113,2024-09,1731463
RCT-13-0114,INV-13-0114,2024-09,1731463
RCT-13-0115,INV-13-0115,2024-09,1731463
RCT-13-0116,INV-13-0116,2024-09,1731463
RCT-13-0117,INV-13-0117,2024-09,1731463
RCT-13-0118,INV-13-0118,2024-09,1731463
RCT-13-0119,INV-13-0119,2024-09,1731463
RCT-13-0120,INV-13-0120,2024-09,1731463
RCT-13-0121,INV-13-0121,2024-09,1731463
RCT-13-0122,INV-13-0122,2024-09,1731463
RCT-13-0123,INV-13-0123,2024-09,1731463
RCT-13-0124,INV-13-0124,2024-09,1731463
RCT-13-0125,INV-13-0125,2024-09,1731463
RCT-13-0126,INV-13-0126,2024-09,1731463
RCT-13-0127,INV-13-0127,2024-09,1731463
RCT-13-0128,INV-13-0128,2024-09,1731463
RCT-13-0129,INV-13-0129,2024-09,1731463
RCT-13-0130,INV-13-0130,2024-09,1731463
RCT-13-0131,INV-13-0131,2024-09,1731463
RCT-13-0132,INV-13-0132,2024-09,1731463
RCT-13-0133,INV-13-0133,2024-09,1731463
RCT-13-0134,INV-13-0134,2024-09,1731463
RCT-13-0135,INV-13-0135,2024-09,1731463
RCT-13-0136,INV-13-0136,2024-09,1731463
RCT-13-0137,INV-13-0137,2024-09,1731463
RCT-13-0138,INV-13-0138,2024-09,1731463
RCT-13-0139,INV-13-0139,2024-09,1731463
RCT-13-0140,INV-13-0140,2024-09,1731463
RCT-13-0141,INV-13-0141,2024-09,1731463
RCT-13-0142,INV-13-0142,2024-09,1731463
RCT-13-0143,INV-13-0143,2024-09,1731463
RCT-13-0144,INV-13-0144,2024-09,1731463
RCT-13-0145,INV-13-0145,2024-09,1731463
RCT-13-0146,INV-13-0146,2024-09,1731463
RCT-13-0147,INV-13-0147,2024-09,1731463
RCT-13-0148,INV-13-0148,2024-09,1731463
RCT-13-0149,INV-13-0149,2024-09,1731463
RCT-13-0150,INV-13-0150,2024-09,1731463
RCT-13-0151,INV-13-0151,2024-09,1731463
RCT-13-0152,INV-13-0152,2024-09,1731463
RCT-13-0153,INV-13-0153,2024-09,1731463
RCT-13-0154,INV-13-0154,2024-09,1731463
RCT-13-0155,INV-13-0155,2024-09,1731463
RCT-13-0156,INV-13-0156,2024-09,1731463
RCT-13-0157,INV-13-0157,2024-09,1731463
RCT-13-0158,INV-13-0158,2024-09,1731463
RCT-13-0159,INV-13-0159,2024-09,1731463
RCT-13-0160,INV-13-0160,2024-09,1731463
RCT-13-0161,INV-13-0161,2024-09,1731463
RCT-13-0162,INV-13-0162,2024-09,1731463
RCT-13-0163,INV-13-0163,2024-09,1731463
RCT-13-0164,INV-13-0164,2024-09,1731463
RCT-13-0165,INV-13-0165,2024-09,1731463
RCT-13-0166,INV-13-0166,2024-09,1731463
RCT-13-0167,INV-13-0167,2024-09,1731463
RCT-13-0168,INV-13-0168,2024-09,1731463
RCT-13-0169,INV-13-0169,2024-09,1731463
RCT-13-0170,INV-13-0170,2024-09,1731463
RCT-13-0171,INV-13-0171,2024-09,1731463
RCT-13-0172,INV-13-0172,2024-09,1731463
RCT-13-0173,INV-13-0173,2024-09,1731463
RCT-13-0174,INV-13-0174,2024-09,1731463
RCT-13-0175,INV-13-0175,2024-09,1731463
RCT-13-0176,INV-13-0176,2024-09,1731463
RCT-13-0177,INV-13-0177,2024-09,1731463
RCT-13-0178,INV-13-0178,2024-09,1731463
RCT-13-0179,INV-13-0179,2024-09,1731463
RCT-13-0180,INV-13-0180,2024-09,1731463
RCT-13-0181,INV-13-0181,2024-09,1731463
RCT-13-0182,INV-13-0182,2024-09,1731463
RCT-13-0183,INV-13-0183,2024-09,1731463
RCT-13-0184,INV-13-0184,2024-09,1731463
RCT-13-0185,INV-13-0185,2024-09,1731463
RCT-13-0186,INV-13-0186,2024-09,1731463
RCT-13-0187,INV-13-0187,2024-09,1731463
RCT-13-0188,INV-13-0188,2024-09,1731463
RCT-13-0189,INV-13-0189,2024-09,1731463
RCT-13-0190,INV-13-0190,2024-09,1731463
RCT-13-0191,INV-13-0191,2024-09,1731463
RCT-13-0192,INV-13-0192,2024-09,1731463
RCT-13-0193,INV-13-0193,2024-09,1731463
RCT-13-0194,INV-13-0194,2024-09,1731463
RCT-13-0195,INV-13-0195,2024-09,1731463
RCT-13-0196,INV-13-0196,2024-09,1731463
RCT-13-0197,INV-13-0197,2024-09,1731463
RCT-13-0198,INV-13-0198,2024-09,1731463
RCT-13-0199,INV-13-0199,2024-09,1731463
RCT-13-0200,INV-13-0200,2024-09,1731463
RCT-13-0201,INV-13-0201,2024-09,1731463
RCT-13-0202,INV-13-0202,2024-09,1731463
RCT-13-0203,INV-13-0203,2024-09,1731463
RCT-13-0204,INV-13-0204,2024-09,1731463
RCT-13-0205,INV-13-0205,2024-09,1731463
RCT-13-0206,INV-13-0206,2024-09,1731463
RCT-13-0207,INV-13-0207,2024-09,1731463
RCT-13-0208,INV-13-0208,2024-09,1731463
RCT-13-0209,INV-13-0209,2024-09,1731463
RCT-13-0210,INV-13-0210,2024-09,1731463
RCT-13-0211,INV-13-0211,2024-09,1731463
RCT-13-0212,INV-13-0212,2024-09,1731463
RCT-13-0213,INV-13-0213,2024-09,1731463
RCT-13-0214,INV-13-0214,2024-09,1731463
RCT-13-0215,INV-13-0215,2024-09,1731463
RCT-13-0216,INV-13-0216,2024-09,1731463
RCT-13-0217,INV-13-0217,2024-09,1731463
RCT-13-0218,INV-13-0218,2024-09,1731463
RCT-13-0219,INV-13-0219,2024-09,1731463
RCT-13-0220,INV-13-0220,2024-09,1731463
RCT-13-0221,INV-13-0221,2024-09,1731463
RCT-13-0222,INV-13-0222,2024-09,1731463
RCT-13-0223,INV-13-0223,2024-09,1731463
RCT-13-0224,INV-13-0224,2024-09,1731463
RCT-13-0225,INV-13-0225,2024-09,1731463
RCT-13-0226,INV-13-0226,2024-09,1731463
RCT-13-0227,INV-13-0227,2024-09,1731463
RCT-13-0228,INV-13-0228,2024-09,1731463
RCT-13-0229,INV-13-0229,2024-09,1731463
RCT-13-0230,INV-13-0230,2024-09,1731463
RCT-13-0231,INV-13-0231,2024-09,1731463
RCT-13-0232,INV-13-0232,2024-09,1731463
RCT-13-0233,INV-13-0233,2024-09,1731463
RCT-13-0234,INV-13-0234,2024-09,1731463
RCT-13-0235,INV-13-0235,2024-09,1731463
RCT-13-0236,INV-13-0236,2024-09,1731463
RCT-13-0237,INV-13-0237,2024-09,1731463
RCT-13-0238,INV-13-0238,2024-09,1731463
RCT-13-0239,INV-13-0239,2024-09,1731463
RCT-13-0240,INV-13-0240,2024-09,1731463
RCT-13-0241,INV-13-0241,2024-09,1731463
RCT-13-0242,INV-13-0242,2024-09,1731463
RCT-13-0243,INV-13-0243,2024-09,1731463
RCT-13-0244,INV-13-0244,2024-09,1731463
RCT-13-0245,INV-13-0245,2024-09,1731463
RCT-13-0246,INV-13-0246,2024-09,1731463
RCT-13-0247,INV-13-0247,2024-09,1731463
RCT-13-0248,INV-13-0248,2024-09,1731463
RCT-13-0249,INV-13-0249,2024-09,1731463
RCT-13-0250,INV-13-0250,2024-09,1731463
RCT-13-0251,INV-13-0251,2024-09,1731463
RCT-13-0252,INV-13-0252,2024-09,1731463
RCT-13-0253,INV-13-0253,2024-09,1731463
RCT-13-0254,INV-13-0254,2024-09,1731463
RCT-13-0255,INV-13-0255,2024-09,1731463
RCT-13-0256,INV-13-0256,2024-09,1731463
RCT-13-0257,INV-13-0257,2024-09,1731463
RCT-13-0258,INV-13-0258,2024-09,1731463
RCT-13-0259,INV-13-0259,2024-09,1731463
RCT-13-0260,INV-13-0260,2024-09,1731463
RCT-13-0261,INV-13-0261,2024-09,1731463
RCT-13-0262,INV-13-0262,2024-09,1731463
RCT-13-0263,INV-13-0263,2024-09,1731463
RCT-13-0264,INV-13-0264,2024-09,1731463
RCT-13-0265,INV-13-0265,2024-09,1731463
RCT-13-0266,INV-13-0266,2024-09,1731463
RCT-13-0267,INV-13-0267,2024-09,1731463
RCT-13-0268,INV-13-0268,2024-09,1731463
RCT-13-0269,INV-13-0269,2024-09,1731463
RCT-13-0270,INV-13-0270,2024-09,1731463
RCT-13-0271,INV-13-0271,2024-09,1731463
RCT-13-0272,INV-13-0272,2024-09,1731463
RCT-13-0273,INV-13-0273,2024-09,1731463
RCT-13-0274,INV-13-0274,2024-09,1731463
RCT-13-0275,INV-13-0275,2024-09,1731463
RCT-13-0276,INV-13-0276,2024-09,1731463
RCT-13-0277,INV-13-0277,2024-09,1731463
RCT-13-0278,INV-13-0278,2024-09,1731463
RCT-13-0279,INV-13-0279,2024-09,1731463
RCT-13-0280,INV-13-0280,2024-09,1731463
RCT-13-0281,INV-13-0281,2024-09,1731463
RCT-13-0282,INV-13-0282,2024-09,1731463
RCT-13-0283,INV-13-0283,2024-09,1731463
RCT-13-0284,INV-13-0284,2024-09,1731463
RCT-13-0285,INV-13-0285,2024-09,1731463
RCT-13-0286,INV-13-0286,2024-09,1731463
RCT-13-0287,INV-13-0287,2024-09,1731463
RCT-13-0288,INV-13-0288,2024-09,1731463
RCT-13-0289,INV-13-0289,2024-09,1731463
RCT-13-0290,INV-13-0290,2024-09,1731463
RCT-13-0291,INV-13-0291,2024-09,1731463
RCT-13-0292,INV-13-0292,2024-09,1731463
RCT-13-0293,INV-13-0293,2024-09,1731463
RCT-13-0294,INV-13-0294,2024-09,1731463
RCT-13-0295,INV-13-0295,2024-09,1731463
RCT-13-0296,INV-13-0296,2024-09,1731463
RCT-13-0297,INV-13-0297,2024-09,1731463
RCT-13-0298,INV-13-0298,2024-09,1731463
RCT-13-0299,INV-13-0299,2024-09,1731463
RCT-13-0300,INV-13-0300,2024-09,1731463
RCT-13-0301,INV-13-0301,2024-09,1731463
RCT-13-0302,INV-13-0302,2024-09,1731463
RCT-13-0303,INV-13-0303,2024-09,1731463
RCT-13-0304,INV-13-0304,2024-09,1731463
RCT-13-0305,INV-13-0305,2024-09,1731463
RCT-13-0306,INV-13-0306,2024-09,1731463
RCT-13-0307,INV-13-0307,2024-09,1731463
RCT-13-0308,INV-13-0308,2024-09,1731463
RCT-13-0309,INV-13-0309,2024-09,1731463
RCT-13-0310,INV-13-0310,2024-09,1731463
RCT-13-0311,INV-13-0311,2024-09,1731462
RCT-13-0312,INV-13-0312,2024-09,1731462
RCT-13-0313,INV-13-0313,2024-09,1731462
RCT-13-0314,INV-13-0314,2024-09,1731462
RCT-13-0315,INV-13-0315,2024-09,1731462
RCT-13-0316,INV-13-0316,2024-09,1731462
RCT-13-0317,INV-13-0317,2024-09,1731462
RCT-13-0318,INV-13-0318,2024-09,1731462
RCT-13-0319,INV-13-0319,2024-09,1731462
RCT-13-0320,INV-13-0320,2024-09,1731462
RCT-13-0321,INV-13-0321,2024-09,1731462
RCT-13-0322,INV-13-0322,2024-09,1731462
RCT-13-0323,INV-13-0323,2024-09,1731462
RCT-13-0324,INV-13-0324,2024-09,1731462
RCT-13-0325,INV-13-0325,2024-09,1731462
RCT-13-0326,INV-13-0326,2024-09,1731462
RCT-13-0327,INV-13-0327,2024-09,1731462
RCT-13-0328,INV-13-0328,2024-09,1731462
RCT-13-0329,INV-13-0329,2024-09,1731462
RCT-13-0330,INV-13-0330,2024-09,1731462
RCT-13-0331,INV-13-0331,2024-09,1731462
RCT-13-0332,INV-13-0332,2024-09,1731462
RCT-13-0333,INV-13-0333,2024-09,1731462
RCT-13-0334,INV-13-0334,2024-09,1731462
RCT-13-0335,INV-13-0335,2024-09,1731462
RCT-13-0336,INV-13-0336,2024-09,1731462
RCT-13-0337,INV-13-0337,2024-09,1731462
RCT-13-0338,INV-13-0338,2024-09,1731462
RCT-13-0339,INV-13-0339,2024-09,1731462
RCT-13-0340,INV-13-0340,2024-09,1731462
RCT-13-0341,INV-13-0341,2024-09,1731462
RCT-13-0342,INV-13-0342,2024-09,1731462
RCT-13-0343,INV-13-0343,2024-09,1731462
RCT-13-0344,INV-13-0344,2024-09,1731462
RCT-13-0345,INV-13-0345,2024-09,1731462
RCT-13-0346,INV-13-0346,2024-09,1731462
RCT-13-0347,INV-13-0347,2024-09,1731462
RCT-13-0348,INV-13-0348,2024-09,1731462
RCT-13-0349,INV-13-0349,2024-09,1731462
RCT-13-0350,INV-13-0350,2024-09,1731462
RCT-13-0351,INV-13-0351,2024-09,1731462
RCT-13-0352,INV-13-0352,2024-09,1731462
RCT-13-0353,INV-13-0353,2024-09,1731462
RCT-13-0354,INV-13-0354,2024-09,1731462
RCT-13-0355,INV-13-0355,2024-09,1731462
RCT-13-0356,INV-13-0356,2024-09,1731462
RCT-13-0357,INV-13-0357,2024-09,1731462
RCT-13-0358,INV-13-0358,2024-09,1731462
RCT-13-0359,INV-13-0359,2024-09,1731462
RCT-13-0360,INV-13-0360,2024-09,1731462
RCT-13-0361,INV-13-0361,2024-09,1731462
RCT-13-0362,INV-13-0362,2024-09,1731462
RCT-13-0363,INV-13-0363,2024-09,1731462
RCT-13-0364,INV-13-0364,2024-09,1731462
RCT-13-0365,INV-13-0365,2024-09,1731462
RCT-13-0366,INV-13-0366,2024-09,1731462
RCT-13-0367,INV-13-0367,2024-09,1731462
RCT-13-0368,INV-13-0368,2024-09,1731462
RCT-13-0369,INV-13-0369,2024-09,1731462
RCT-13-0370,INV-13-0370,2024-09,1731462
RCT-13-0371,INV-13-0371,2024-09,1731462
RCT-13-0372,INV-13-0372,2024-09,1731462
RCT-13-0373,INV-13-0373,2024-09,1731462
RCT-13-0374,INV-13-0374,2024-09,1731462
RCT-13-0375,INV-13-0375,2024-09,1731462
RCT-13-0376,INV-13-0376,2024-09,1731462
RCT-13-0377,INV-13-0377,2024-09,1731462
RCT-13-0378,INV-13-0378,2024-09,1731462
RCT-13-0379,INV-13-0379,2024-09,1731462
RCT-13-0380,INV-13-0380,2024-09,1731462
RCT-13-0381,INV-13-0381,2024-09,1731462
RCT-13-0382,INV-13-0382,2024-09,1731462
RCT-13-0383,INV-13-0383,2024-09,1731462
RCT-13-0384,INV-13-0384,2024-09,1731462
RCT-13-0385,INV-13-0385,2024-09,1731462
RCT-13-0386,INV-13-0386,2024-09,1731462
RCT-13-0387,INV-13-0387,2024-09,1731462
RCT-13-0388,INV-13-0388,2024-09,1731462
RCT-13-0389,INV-13-0389,2024-09,1731462
RCT-13-0390,INV-13-0390,2024-09,1731462
RCT-13-0391,INV-13-0391,2024-09,1731462
RCT-13-0392,INV-13-0392,2024-09,1731462
RCT-13-0393,INV-13-0393,2024-09,1731462
RCT-13-0394,INV-13-0394,2024-09,1731462
RCT-13-0395,INV-13-0395,2024-09,1731462
RCT-13-0396,INV-13-0396,2024-09,1731462
RCT-13-0397,INV-13-0397,2024-09,1731462
RCT-13-0398,INV-13-0398,2024-09,1731462
RCT-13-0399,INV-13-0399,2024-09,1731462
RCT-13-0400,INV-13-0400,2024-09,1731462
RCT-13-0401,INV-13-0401,2024-09,1731462
RCT-13-0402,INV-13-0402,2024-09,1731462
RCT-13-0403,INV-13-0403,2024-09,1731462
RCT-13-0404,INV-13-0404,2024-09,1731462
RCT-13-0405,INV-13-0405,2024-09,1731462
RCT-13-0406,INV-13-0406,2024-09,1731462
RCT-13-0407,INV-13-0407,2024-09,1731462
RCT-13-0408,INV-13-0408,2024-09,1731462
RCT-13-0409,INV-13-0409,2024-09,1731462
RCT-13-0410,INV-13-0410,2024-09,1731462
RCT-13-0411,INV-13-0411,2024-09,1731462
RCT-13-0412,INV-13-0412,2024-09,1731462
RCT-13-0413,INV-13-0413,2024-09,1731462
RCT-13-0414,INV-13-0414,2024-09,1731462
RCT-13-0415,INV-13-0415,2024-09,1731462
RCT-13-0416,INV-13-0416,2024-09,1731462
RCT-13-0417,INV-13-0417,2024-09,1731462
RCT-13-0418,INV-13-0418,2024-09,1731462
RCT-13-0419,INV-13-0419,2024-09,1731462
RCT-13-0420,INV-13-0420,2024-09,1731462
RCT-13-0421,INV-13-0421,2024-09,1731462
RCT-13-0422,INV-13-0422,2024-09,1731462
RCT-13-0423,INV-13-0423,2024-09,1731462
RCT-13-0424,INV-13-0424,2024-09,1731462
RCT-13-0425,INV-13-0425,2024-09,1731462
RCT-13-0426,INV-13-0426,2024-09,1731462
RCT-13-0427,INV-13-0427,2024-09,1731462
RCT-13-0428,INV-13-0428,2024-09,1731462
RCT-13-0429,INV-13-0429,2024-09,1731462
RCT-13-0430,INV-13-0430,2024-09,1731462
RCT-13-0431,INV-13-0431,2024-09,1731462
RCT-13-0432,INV-13-0432,2024-09,1731462
RCT-13-0433,INV-13-0433,2024-09,1731462
RCT-13-0434,INV-13-0434,2024-09,1731462
RCT-13-0435,INV-13-0435,2024-09,1731462
RCT-13-0436,INV-13-0436,2024-09,1731462
RCT-13-0437,INV-13-0437,2024-09,1731462
RCT-13-0438,INV-13-0438,2024-09,1731462
RCT-13-0439,INV-13-0439,2024-09,1731462
RCT-13-0440,INV-13-0440,2024-09,1731462
RCT-13-0441,INV-13-0441,2024-09,1731462
RCT-13-0442,INV-13-0442,2024-09,1731462
RCT-13-0443,INV-13-0443,2024-09,1731462
RCT-13-0444,INV-13-0444,2024-09,1731462
RCT-13-0445,INV-13-0445,2024-09,1731462
RCT-13-0446,INV-13-0446,2024-09,1731462
RCT-13-0447,INV-13-0447,2024-09,1731462
RCT-13-0448,INV-13-0448,2024-09,1731462
RCT-13-0449,INV-13-0449,2024-09,1731462
RCT-13-0450,INV-13-0450,2024-09,1731462
RCT-13-0451,INV-13-0451,2024-09,1731462
RCT-13-0452,INV-13-0452,2024-09,1731462
RCT-13-0453,INV-13-0453,2024-09,1731462
RCT-13-0454,INV-13-0454,2024-09,1731462
RCT-13-0455,INV-13-0455,2024-09,1731462
RCT-13-0456,INV-13-0456,2024-09,1731462
RCT-13-0457,INV-13-0457,2024-09,1731462
RCT-13-0458,INV-13-0458,2024-09,1731462
RCT-13-0459,INV-13-0459,2024-09,1731462
RCT-13-0460,INV-13-0460,2024-09,1731462
RCT-13-0461,INV-13-0461,2024-09,1731462
RCT-13-0462,INV-13-0462,2024-09,1731462
RCT-13-0463,INV-13-0463,2024-09,1731462
RCT-13-0464,INV-13-0464,2024-09,1731462
RCT-13-0465,INV-13-0465,2024-09,1731462
RCT-13-0466,INV-13-0466,2024-09,1731462
RCT-13-0467,INV-13-0467,2024-09,1731462
RCT-13-0468,INV-13-0468,2024-09,1731462
RCT-13-0469,INV-13-0469,2024-09,1731462
RCT-13-0470,INV-13-0470,2024-09,1731462
RCT-13-0471,INV-13-0471,2024-09,1731462
RCT-13-0472,INV-13-0472,2024-09,1731462
RCT-13-0473,INV-13-0473,2024-09,1731462
RCT-13-0474,INV-13-0474,2024-09,1731462
RCT-13-0475,INV-13-0475,2024-09,1731462
RCT-13-0476,INV-13-0476,2024-09,1731462
RCT-13-0477,INV-13-0477,2024-09,1731462
RCT-13-0478,INV-13-0478,2024-09,1731462
RCT-13-0479,INV-13-0479,2024-09,1731462
RCT-13-0480,INV-13-0480,2024-09,1731462
RCT-13-0481,INV-13-0481,2024-09,1731462
RCT-13-0482,INV-13-0482,2024-09,1731462
RCT-13-0483,INV-13-0483,2024-09,1731462
RCT-13-0484,INV-13-0484,2024-09,1731462
RCT-13-0485,INV-13-0485,2024-09,1731462
RCT-13-0486,INV-13-0486,2024-09,1731462
RCT-13-0487,INV-13-0487,2024-09,1731462
RCT-13-0488,INV-13-0488,2024-09,1731462
RCT-13-0489,INV-13-0489,2024-09,1731462
RCT-13-0490,INV-13-0490,2024-09,1731462
RCT-13-0491,INV-13-0491,2024-09,1731462
RCT-13-0492,INV-13-0492,2024-09,1731462
RCT-13-0493,INV-13-0493,2024-09,1731462
RCT-13-0494,INV-13-0494,2024-09,1731462
RCT-13-0495,INV-13-0495,2024-09,1731462
RCT-13-0496,INV-13-0496,2024-09,1731462
RCT-13-0497,INV-13-0497,2024-09,1731462
RCT-13-0498,INV-13-0498,2024-09,1731462
RCT-13-0499,INV-13-0499,2024-09,1731462
RCT-13-0500,INV-13-0500,2024-09,1731462
RCT-13-SVC,INV-13-SVC,2024-09,131999999
RCT-14-0001,INV-14-0001,2024-10,219000000
RCT-14-0002,INV-14-0002,2024-10,1755511
RCT-14-0003,INV-14-0003,2024-10,1755511
RCT-14-0004,INV-14-0004,2024-10,1755511
RCT-14-0005,INV-14-0005,2024-10,1755511
RCT-14-0006,INV-14-0006,2024-10,1755511
RCT-14-0007,INV-14-0007,2024-10,1755511
RCT-14-0008,INV-14-0008,2024-10,1755511
RCT-14-0009,INV-14-0009,2024-10,1755511
RCT-14-0010,INV-14-0010,2024-10,1755511
RCT-14-0011,INV-14-0011,2024-10,1755511
RCT-14-0012,INV-14-0012,2024-10,1755511
RCT-14-0013,INV-14-0013,2024-10,1755511
RCT-14-0014,INV-14-0014,2024-10,1755511
RCT-14-0015,INV-14-0015,2024-10,1755511
RCT-14-0016,INV-14-0016,2024-10,1755511
RCT-14-0017,INV-14-0017,2024-10,1755511
RCT-14-0018,INV-14-0018,2024-10,1755511
RCT-14-0019,INV-14-0019,2024-10,1755511
RCT-14-0020,INV-14-0020,2024-10,1755511
RCT-14-0021,INV-14-0021,2024-10,1755511
RCT-14-0022,INV-14-0022,2024-10,1755511
RCT-14-0023,INV-14-0023,2024-10,1755511
RCT-14-0024,INV-14-0024,2024-10,1755511
RCT-14-0025,INV-14-0025,2024-10,1755511
RCT-14-0026,INV-14-0026,2024-10,1755511
RCT-14-0027,INV-14-0027,2024-10,1755511
RCT-14-0028,INV-14-0028,2024-10,1755511
RCT-14-0029,INV-14-0029,2024-10,1755511
RCT-14-0030,INV-14-0030,2024-10,1755511
RCT-14-0031,INV-14-0031,2024-10,1755511
RCT-14-0032,INV-14-0032,2024-10,1755511
RCT-14-0033,INV-14-0033,2024-10,1755511
RCT-14-0034,INV-14-0034,2024-10,1755511
RCT-14-0035,INV-14-0035,2024-10,1755511
RCT-14-0036,INV-14-0036,2024-10,1755511
RCT-14-0037,INV-14-0037,2024-10,1755511
RCT-14-0038,INV-14-0038,2024-10,1755511
RCT-14-0039,INV-14-0039,2024-10,1755511
RCT-14-0040,INV-14-0040,2024-10,1755511
RCT-14-0041,INV-14-0041,2024-10,1755511
RCT-14-0042,INV-14-0042,2024-10,1755511
RCT-14-0043,INV-14-0043,2024-10,1755511
RCT-14-0044,INV-14-0044,2024-10,1755511
RCT-14-0045,INV-14-0045,2024-10,1755511
RCT-14-0046,INV-14-0046,2024-10,1755511
RCT-14-0047,INV-14-0047,2024-10,1755511
RCT-14-0048,INV-14-0048,2024-10,1755511
RCT-14-0049,INV-14-0049,2024-10,1755511
RCT-14-0050,INV-14-0050,2024-10,1755511
RCT-14-0051,INV-14-0051,2024-10,1755511
RCT-14-0052,INV-14-0052,2024-10,1755511
RCT-14-0053,INV-14-0053,2024-10,1755511
RCT-14-0054,INV-14-0054,2024-10,1755511
RCT-14-0055,INV-14-0055,2024-10,1755511
RCT-14-0056,INV-14-0056,2024-10,1755511
RCT-14-0057,INV-14-0057,2024-10,1755511
RCT-14-0058,INV-14-0058,2024-10,1755511
RCT-14-0059,INV-14-0059,2024-10,1755511
RCT-14-0060,INV-14-0060,2024-10,1755511
RCT-14-0061,INV-14-0061,2024-10,1755511
RCT-14-0062,INV-14-0062,2024-10,1755511
RCT-14-0063,INV-14-0063,2024-10,1755511
RCT-14-0064,INV-14-0064,2024-10,1755511
RCT-14-0065,INV-14-0065,2024-10,1755511
RCT-14-0066,INV-14-0066,2024-10,1755511
RCT-14-0067,INV-14-0067,2024-10,1755511
RCT-14-0068,INV-14-0068,2024-10,1755511
RCT-14-0069,INV-14-0069,2024-10,1755511
RCT-14-0070,INV-14-0070,2024-10,1755511
RCT-14-0071,INV-14-0071,2024-10,1755511
RCT-14-0072,INV-14-0072,2024-10,1755511
RCT-14-0073,INV-14-0073,2024-10,1755511
RCT-14-0074,INV-14-0074,2024-10,1755511
RCT-14-0075,INV-14-0075,2024-10,1755511
RCT-14-0076,INV-14-0076,2024-10,1755511
RCT-14-0077,INV-14-0077,2024-10,1755511
RCT-14-0078,INV-14-0078,2024-10,1755511
RCT-14-0079,INV-14-0079,2024-10,1755511
RCT-14-0080,INV-14-0080,2024-10,1755511
RCT-14-0081,INV-14-0081,2024-10,1755511
RCT-14-0082,INV-14-0082,2024-10,1755511
RCT-14-0083,INV-14-0083,2024-10,1755511
RCT-14-0084,INV-14-0084,2024-10,1755511
RCT-14-0085,INV-14-0085,2024-10,1755511
RCT-14-0086,INV-14-0086,2024-10,1755511
RCT-14-0087,INV-14-0087,2024-10,1755511
RCT-14-0088,INV-14-0088,2024-10,1755511
RCT-14-0089,INV-14-0089,2024-10,1755511
RCT-14-0090,INV-14-0090,2024-10,1755511
RCT-14-0091,INV-14-0091,2024-10,1755511
RCT-14-0092,INV-14-0092,2024-10,1755511
RCT-14-0093,INV-14-0093,2024-10,1755511
RCT-14-0094,INV-14-0094,2024-10,1755511
RCT-14-0095,INV-14-0095,2024-10,1755511
RCT-14-0096,INV-14-0096,2024-10,1755511
RCT-14-0097,INV-14-0097,2024-10,1755511
RCT-14-0098,INV-14-0098,2024-10,1755511
RCT-14-0099,INV-14-0099,2024-10,1755511
RCT-14-0100,INV-14-0100,2024-10,1755511
RCT-14-0101,INV-14-0101,2024-10,1755511
RCT-14-0102,INV-14-0102,2024-10,1755511
RCT-14-0103,INV-14-0103,2024-10,1755511
RCT-14-0104,INV-14-0104,2024-10,1755511
RCT-14-0105,INV-14-0105,2024-10,1755511
RCT-14-0106,INV-14-0106,2024-10,1755511
RCT-14-0107,INV-14-0107,2024-10,1755511
RCT-14-0108,INV-14-0108,2024-10,1755511
RCT-14-0109,INV-14-0109,2024-10,1755511
RCT-14-0110,INV-14-0110,2024-10,1755511
RCT-14-0111,INV-14-0111,2024-10,1755511
RCT-14-0112,INV-14-0112,2024-10,1755511
RCT-14-0113,INV-14-0113,2024-10,1755511
RCT-14-0114,INV-14-0114,2024-10,1755511
RCT-14-0115,INV-14-0115,2024-10,1755511
RCT-14-0116,INV-14-0116,2024-10,1755511
RCT-14-0117,INV-14-0117,2024-10,1755511
RCT-14-0118,INV-14-0118,2024-10,1755511
RCT-14-0119,INV-14-0119,2024-10,1755511
RCT-14-0120,INV-14-0120,2024-10,1755511
RCT-14-0121,INV-14-0121,2024-10,1755511
RCT-14-0122,INV-14-0122,2024-10,1755511
RCT-14-0123,INV-14-0123,2024-10,1755511
RCT-14-0124,INV-14-0124,2024-10,1755511
RCT-14-0125,INV-14-0125,2024-10,1755511
RCT-14-0126,INV-14-0126,2024-10,1755511
RCT-14-0127,INV-14-0127,2024-10,1755511
RCT-14-0128,INV-14-0128,2024-10,1755511
RCT-14-0129,INV-14-0129,2024-10,1755511
RCT-14-0130,INV-14-0130,2024-10,1755511
RCT-14-0131,INV-14-0131,2024-10,1755511
RCT-14-0132,INV-14-0132,2024-10,1755511
RCT-14-0133,INV-14-0133,2024-10,1755511
RCT-14-0134,INV-14-0134,2024-10,1755511
RCT-14-0135,INV-14-0135,2024-10,1755511
RCT-14-0136,INV-14-0136,2024-10,1755511
RCT-14-0137,INV-14-0137,2024-10,1755511
RCT-14-0138,INV-14-0138,2024-10,1755511
RCT-14-0139,INV-14-0139,2024-10,1755511
RCT-14-0140,INV-14-0140,2024-10,1755511
RCT-14-0141,INV-14-0141,2024-10,1755511
RCT-14-0142,INV-14-0142,2024-10,1755511
RCT-14-0143,INV-14-0143,2024-10,1755511
RCT-14-0144,INV-14-0144,2024-10,1755511
RCT-14-0145,INV-14-0145,2024-10,1755511
RCT-14-0146,INV-14-0146,2024-10,1755511
RCT-14-0147,INV-14-0147,2024-10,1755511
RCT-14-0148,INV-14-0148,2024-10,1755511
RCT-14-0149,INV-14-0149,2024-10,1755511
RCT-14-0150,INV-14-0150,2024-10,1755511
RCT-14-0151,INV-14-0151,2024-10,1755511
RCT-14-0152,INV-14-0152,2024-10,1755511
RCT-14-0153,INV-14-0153,2024-10,1755511
RCT-14-0154,INV-14-0154,2024-10,1755511
RCT-14-0155,INV-14-0155,2024-10,1755511
RCT-14-0156,INV-14-0156,2024-10,1755511
RCT-14-0157,INV-14-0157,2024-10,1755511
RCT-14-0158,INV-14-0158,2024-10,1755511
RCT-14-0159,INV-14-0159,2024-10,1755511
RCT-14-0160,INV-14-0160,2024-10,1755511
RCT-14-0161,INV-14-0161,2024-10,1755511
RCT-14-0162,INV-14-0162,2024-10,1755511
RCT-14-0163,INV-14-0163,2024-10,1755511
RCT-14-0164,INV-14-0164,2024-10,1755511
RCT-14-0165,INV-14-0165,2024-10,1755511
RCT-14-0166,INV-14-0166,2024-10,1755511
RCT-14-0167,INV-14-0167,2024-10,1755511
RCT-14-0168,INV-14-0168,2024-10,1755511
RCT-14-0169,INV-14-0169,2024-10,1755511
RCT-14-0170,INV-14-0170,2024-10,1755511
RCT-14-0171,INV-14-0171,2024-10,1755511
RCT-14-0172,INV-14-0172,2024-10,1755511
RCT-14-0173,INV-14-0173,2024-10,1755511
RCT-14-0174,INV-14-0174,2024-10,1755511
RCT-14-0175,INV-14-0175,2024-10,1755511
RCT-14-0176,INV-14-0176,2024-10,1755511
RCT-14-0177,INV-14-0177,2024-10,1755511
RCT-14-0178,INV-14-0178,2024-10,1755511
RCT-14-0179,INV-14-0179,2024-10,1755511
RCT-14-0180,INV-14-0180,2024-10,1755511
RCT-14-0181,INV-14-0181,2024-10,1755511
RCT-14-0182,INV-14-0182,2024-10,1755511
RCT-14-0183,INV-14-0183,2024-10,1755511
RCT-14-0184,INV-14-0184,2024-10,1755511
RCT-14-0185,INV-14-0185,2024-10,1755511
RCT-14-0186,INV-14-0186,2024-10,1755511
RCT-14-0187,INV-14-0187,2024-10,1755511
RCT-14-0188,INV-14-0188,2024-10,1755511
RCT-14-0189,INV-14-0189,2024-10,1755511
RCT-14-0190,INV-14-0190,2024-10,1755511
RCT-14-0191,INV-14-0191,2024-10,1755511
RCT-14-0192,INV-14-0192,2024-10,1755511
RCT-14-0193,INV-14-0193,2024-10,1755511
RCT-14-0194,INV-14-0194,2024-10,1755511
RCT-14-0195,INV-14-0195,2024-10,1755511
RCT-14-0196,INV-14-0196,2024-10,1755511
RCT-14-0197,INV-14-0197,2024-10,1755511
RCT-14-0198,INV-14-0198,2024-10,1755511
RCT-14-0199,INV-14-0199,2024-10,1755511
RCT-14-0200,INV-14-0200,2024-10,1755511
RCT-14-0201,INV-14-0201,2024-10,1755511
RCT-14-0202,INV-14-0202,2024-10,1755511
RCT-14-0203,INV-14-0203,2024-10,1755511
RCT-14-0204,INV-14-0204,2024-10,1755511
RCT-14-0205,INV-14-0205,2024-10,1755511
RCT-14-0206,INV-14-0206,2024-10,1755511
RCT-14-0207,INV-14-0207,2024-10,1755511
RCT-14-0208,INV-14-0208,2024-10,1755511
RCT-14-0209,INV-14-0209,2024-10,1755511
RCT-14-0210,INV-14-0210,2024-10,1755511
RCT-14-0211,INV-14-0211,2024-10,1755511
RCT-14-0212,INV-14-0212,2024-10,1755511
RCT-14-0213,INV-14-0213,2024-10,1755511
RCT-14-0214,INV-14-0214,2024-10,1755511
RCT-14-0215,INV-14-0215,2024-10,1755511
RCT-14-0216,INV-14-0216,2024-10,1755511
RCT-14-0217,INV-14-0217,2024-10,1755511
RCT-14-0218,INV-14-0218,2024-10,1755511
RCT-14-0219,INV-14-0219,2024-10,1755511
RCT-14-0220,INV-14-0220,2024-10,1755511
RCT-14-0221,INV-14-0221,2024-10,1755511
RCT-14-0222,INV-14-0222,2024-10,1755511
RCT-14-0223,INV-14-0223,2024-10,1755511
RCT-14-0224,INV-14-0224,2024-10,1755511
RCT-14-0225,INV-14-0225,2024-10,1755511
RCT-14-0226,INV-14-0226,2024-10,1755511
RCT-14-0227,INV-14-0227,2024-10,1755511
RCT-14-0228,INV-14-0228,2024-10,1755511
RCT-14-0229,INV-14-0229,2024-10,1755511
RCT-14-0230,INV-14-0230,2024-10,1755511
RCT-14-0231,INV-14-0231,2024-10,1755511
RCT-14-0232,INV-14-0232,2024-10,1755511
RCT-14-0233,INV-14-0233,2024-10,1755511
RCT-14-0234,INV-14-0234,2024-10,1755511
RCT-14-0235,INV-14-0235,2024-10,1755511
RCT-14-0236,INV-14-0236,2024-10,1755511
RCT-14-0237,INV-14-0237,2024-10,1755511
RCT-14-0238,INV-14-0238,2024-10,1755511
RCT-14-0239,INV-14-0239,2024-10,1755511
RCT-14-0240,INV-14-0240,2024-10,1755511
RCT-14-0241,INV-14-0241,2024-10,1755511
RCT-14-0242,INV-14-0242,2024-10,1755511
RCT-14-0243,INV-14-0243,2024-10,1755511
RCT-14-0244,INV-14-0244,2024-10,1755511
RCT-14-0245,INV-14-0245,2024-10,1755511
RCT-14-0246,INV-14-0246,2024-10,1755511
RCT-14-0247,INV-14-0247,2024-10,1755511
RCT-14-0248,INV-14-0248,2024-10,1755511
RCT-14-0249,INV-14-0249,2024-10,1755511
RCT-14-0250,INV-14-0250,2024-10,1755511
RCT-14-0251,INV-14-0251,2024-10,1755511
RCT-14-0252,INV-14-0252,2024-10,1755511
RCT-14-0253,INV-14-0253,2024-10,1755511
RCT-14-0254,INV-14-0254,2024-10,1755511
RCT-14-0255,INV-14-0255,2024-10,1755511
RCT-14-0256,INV-14-0256,2024-10,1755511
RCT-14-0257,INV-14-0257,2024-10,1755511
RCT-14-0258,INV-14-0258,2024-10,1755511
RCT-14-0259,INV-14-0259,2024-10,1755511
RCT-14-0260,INV-14-0260,2024-10,1755511
RCT-14-0261,INV-14-0261,2024-10,1755511
RCT-14-0262,INV-14-0262,2024-10,1755511
RCT-14-0263,INV-14-0263,2024-10,1755511
RCT-14-0264,INV-14-0264,2024-10,1755511
RCT-14-0265,INV-14-0265,2024-10,1755511
RCT-14-0266,INV-14-0266,2024-10,1755511
RCT-14-0267,INV-14-0267,2024-10,1755511
RCT-14-0268,INV-14-0268,2024-10,1755511
RCT-14-0269,INV-14-0269,2024-10,1755511
RCT-14-0270,INV-14-0270,2024-10,1755511
RCT-14-0271,INV-14-0271,2024-10,1755511
RCT-14-0272,INV-14-0272,2024-10,1755511
RCT-14-0273,INV-14-0273,2024-10,1755511
RCT-14-0274,INV-14-0274,2024-10,1755511
RCT-14-0275,INV-14-0275,2024-10,1755511
RCT-14-0276,INV-14-0276,2024-10,1755511
RCT-14-0277,INV-14-0277,2024-10,1755511
RCT-14-0278,INV-14-0278,2024-10,1755511
RCT-14-0279,INV-14-0279,2024-10,1755511
RCT-14-0280,INV-14-0280,2024-10,1755511
RCT-14-0281,INV-14-0281,2024-10,1755511
RCT-14-0282,INV-14-0282,2024-10,1755511
RCT-14-0283,INV-14-0283,2024-10,1755511
RCT-14-0284,INV-14-0284,2024-10,1755511
RCT-14-0285,INV-14-0285,2024-10,1755511
RCT-14-0286,INV-14-0286,2024-10,1755511
RCT-14-0287,INV-14-0287,2024-10,1755511
RCT-14-0288,INV-14-0288,2024-10,1755511
RCT-14-0289,INV-14-0289,2024-10,1755511
RCT-14-0290,INV-14-0290,2024-10,1755511
RCT-14-0291,INV-14-0291,2024-10,1755511
RCT-14-0292,INV-14-0292,2024-10,1755511
RCT-14-0293,INV-14-0293,2024-10,1755511
RCT-14-0294,INV-14-0294,2024-10,1755511
RCT-14-0295,INV-14-0295,2024-10,1755511
RCT-14-0296,INV-14-0296,2024-10,1755511
RCT-14-0297,INV-14-0297,2024-10,1755511
RCT-14-0298,INV-14-0298,2024-10,1755511
RCT-14-0299,INV-14-0299,2024-10,1755511
RCT-14-0300,INV-14-0300,2024-10,1755511
RCT-14-0301,INV-14-0301,2024-10,1755511
RCT-14-0302,INV-14-0302,2024-10,1755511
RCT-14-0303,INV-14-0303,2024-10,1755511
RCT-14-0304,INV-14-0304,2024-10,1755511
RCT-14-0305,INV-14-0305,2024-10,1755511
RCT-14-0306,INV-14-0306,2024-10,1755511
RCT-14-0307,INV-14-0307,2024-10,1755511
RCT-14-0308,INV-14-0308,2024-10,1755511
RCT-14-0309,INV-14-0309,2024-10,1755511
RCT-14-0310,INV-14-0310,2024-10,1755511
RCT-14-0311,INV-14-0311,2024-10,1755510
RCT-14-0312,INV-14-0312,2024-10,1755510
RCT-14-0313,INV-14-0313,2024-10,1755510
RCT-14-0314,INV-14-0314,2024-10,1755510
RCT-14-0315,INV-14-0315,2024-10,1755510
RCT-14-0316,INV-14-0316,2024-10,1755510
RCT-14-0317,INV-14-0317,2024-10,1755510
RCT-14-0318,INV-14-0318,2024-10,1755510
RCT-14-0319,INV-14-0319,2024-10,1755510
RCT-14-0320,INV-14-0320,2024-10,1755510
RCT-14-0321,INV-14-0321,2024-10,1755510
RCT-14-0322,INV-14-0322,2024-10,1755510
RCT-14-0323,INV-14-0323,2024-10,1755510
RCT-14-0324,INV-14-0324,2024-10,1755510
RCT-14-0325,INV-14-0325,2024-10,1755510
RCT-14-0326,INV-14-0326,2024-10,1755510
RCT-14-0327,INV-14-0327,2024-10,1755510
RCT-14-0328,INV-14-0328,2024-10,1755510
RCT-14-0329,INV-14-0329,2024-10,1755510
RCT-14-0330,INV-14-0330,2024-10,1755510
RCT-14-0331,INV-14-0331,2024-10,1755510
RCT-14-0332,INV-14-0332,2024-10,1755510
RCT-14-0333,INV-14-0333,2024-10,1755510
RCT-14-0334,INV-14-0334,2024-10,1755510
RCT-14-0335,INV-14-0335,2024-10,1755510
RCT-14-0336,INV-14-0336,2024-10,1755510
RCT-14-0337,INV-14-0337,2024-10,1755510
RCT-14-0338,INV-14-0338,2024-10,1755510
RCT-14-0339,INV-14-0339,2024-10,1755510
RCT-14-0340,INV-14-0340,2024-10,1755510
RCT-14-0341,INV-14-0341,2024-10,1755510
RCT-14-0342,INV-14-0342,2024-10,1755510
RCT-14-0343,INV-14-0343,2024-10,1755510
RCT-14-0344,INV-14-0344,2024-10,1755510
RCT-14-0345,INV-14-0345,2024-10,1755510
RCT-14-0346,INV-14-0346,2024-10,1755510
RCT-14-0347,INV-14-0347,2024-10,1755510
RCT-14-0348,INV-14-0348,2024-10,1755510
RCT-14-0349,INV-14-0349,2024-10,1755510
RCT-14-0350,INV-14-0350,2024-10,1755510
RCT-14-0351,INV-14-0351,2024-10,1755510
RCT-14-0352,INV-14-0352,2024-10,1755510
RCT-14-0353,INV-14-0353,2024-10,1755510
RCT-14-0354,INV-14-0354,2024-10,1755510
RCT-14-0355,INV-14-0355,2024-10,1755510
RCT-14-0356,INV-14-0356,2024-10,1755510
RCT-14-0357,INV-14-0357,2024-10,1755510
RCT-14-0358,INV-14-0358,2024-10,1755510
RCT-14-0359,INV-14-0359,2024-10,1755510
RCT-14-0360,INV-14-0360,2024-10,1755510
RCT-14-0361,INV-14-0361,2024-10,1755510
RCT-14-0362,INV-14-0362,2024-10,1755510
RCT-14-0363,INV-14-0363,2024-10,1755510
RCT-14-0364,INV-14-0364,2024-10,1755510
RCT-14-0365,INV-14-0365,2024-10,1755510
RCT-14-0366,INV-14-0366,2024-10,1755510
RCT-14-0367,INV-14-0367,2024-10,1755510
RCT-14-0368,INV-14-0368,2024-10,1755510
RCT-14-0369,INV-14-0369,2024-10,1755510
RCT-14-0370,INV-14-0370,2024-10,1755510
RCT-14-0371,INV-14-0371,2024-10,1755510
RCT-14-0372,INV-14-0372,2024-10,1755510
RCT-14-0373,INV-14-0373,2024-10,1755510
RCT-14-0374,INV-14-0374,2024-10,1755510
RCT-14-0375,INV-14-0375,2024-10,1755510
RCT-14-0376,INV-14-0376,2024-10,1755510
RCT-14-0377,INV-14-0377,2024-10,1755510
RCT-14-0378,INV-14-0378,2024-10,1755510
RCT-14-0379,INV-14-0379,2024-10,1755510
RCT-14-0380,INV-14-0380,2024-10,1755510
RCT-14-0381,INV-14-0381,2024-10,1755510
RCT-14-0382,INV-14-0382,2024-10,1755510
RCT-14-0383,INV-14-0383,2024-10,1755510
RCT-14-0384,INV-14-0384,2024-10,1755510
RCT-14-0385,INV-14-0385,2024-10,1755510
RCT-14-0386,INV-14-0386,2024-10,1755510
RCT-14-0387,INV-14-0387,2024-10,1755510
RCT-14-0388,INV-14-0388,2024-10,1755510
RCT-14-0389,INV-14-0389,2024-10,1755510
RCT-14-0390,INV-14-0390,2024-10,1755510
RCT-14-0391,INV-14-0391,2024-10,1755510
RCT-14-0392,INV-14-0392,2024-10,1755510
RCT-14-0393,INV-14-0393,2024-10,1755510
RCT-14-0394,INV-14-0394,2024-10,1755510
RCT-14-0395,INV-14-0395,2024-10,1755510
RCT-14-0396,INV-14-0396,2024-10,1755510
RCT-14-0397,INV-14-0397,2024-10,1755510
RCT-14-0398,INV-14-0398,2024-10,1755510
RCT-14-0399,INV-14-0399,2024-10,1755510
RCT-14-0400,INV-14-0400,2024-10,1755510
RCT-14-0401,INV-14-0401,2024-10,1755510
RCT-14-0402,INV-14-0402,2024-10,1755510
RCT-14-0403,INV-14-0403,2024-10,1755510
RCT-14-0404,INV-14-0404,2024-10,1755510
RCT-14-0405,INV-14-0405,2024-10,1755510
RCT-14-0406,INV-14-0406,2024-10,1755510
RCT-14-0407,INV-14-0407,2024-10,1755510
RCT-14-0408,INV-14-0408,2024-10,1755510
RCT-14-0409,INV-14-0409,2024-10,1755510
RCT-14-0410,INV-14-0410,2024-10,1755510
RCT-14-0411,INV-14-0411,2024-10,1755510
RCT-14-0412,INV-14-0412,2024-10,1755510
RCT-14-0413,INV-14-0413,2024-10,1755510
RCT-14-0414,INV-14-0414,2024-10,1755510
RCT-14-0415,INV-14-0415,2024-10,1755510
RCT-14-0416,INV-14-0416,2024-10,1755510
RCT-14-0417,INV-14-0417,2024-10,1755510
RCT-14-0418,INV-14-0418,2024-10,1755510
RCT-14-0419,INV-14-0419,2024-10,1755510
RCT-14-0420,INV-14-0420,2024-10,1755510
RCT-14-0421,INV-14-0421,2024-10,1755510
RCT-14-0422,INV-14-0422,2024-10,1755510
RCT-14-0423,INV-14-0423,2024-10,1755510
RCT-14-0424,INV-14-0424,2024-10,1755510
RCT-14-0425,INV-14-0425,2024-10,1755510
RCT-14-0426,INV-14-0426,2024-10,1755510
RCT-14-0427,INV-14-0427,2024-10,1755510
RCT-14-0428,INV-14-0428,2024-10,1755510
RCT-14-0429,INV-14-0429,2024-10,1755510
RCT-14-0430,INV-14-0430,2024-10,1755510
RCT-14-0431,INV-14-0431,2024-10,1755510
RCT-14-0432,INV-14-0432,2024-10,1755510
RCT-14-0433,INV-14-0433,2024-10,1755510
RCT-14-0434,INV-14-0434,2024-10,1755510
RCT-14-0435,INV-14-0435,2024-10,1755510
RCT-14-0436,INV-14-0436,2024-10,1755510
RCT-14-0437,INV-14-0437,2024-10,1755510
RCT-14-0438,INV-14-0438,2024-10,1755510
RCT-14-0439,INV-14-0439,2024-10,1755510
RCT-14-0440,INV-14-0440,2024-10,1755510
RCT-14-0441,INV-14-0441,2024-10,1755510
RCT-14-0442,INV-14-0442,2024-10,1755510
RCT-14-0443,INV-14-0443,2024-10,1755510
RCT-14-0444,INV-14-0444,2024-10,1755510
RCT-14-0445,INV-14-0445,2024-10,1755510
RCT-14-0446,INV-14-0446,2024-10,1755510
RCT-14-0447,INV-14-0447,2024-10,1755510
RCT-14-0448,INV-14-0448,2024-10,1755510
RCT-14-0449,INV-14-0449,2024-10,1755510
RCT-14-0450,INV-14-0450,2024-10,1755510
RCT-14-0451,INV-14-0451,2024-10,1755510
RCT-14-0452,INV-14-0452,2024-10,1755510
RCT-14-0453,INV-14-0453,2024-10,1755510
RCT-14-0454,INV-14-0454,2024-10,1755510
RCT-14-0455,INV-14-0455,2024-10,1755510
RCT-14-0456,INV-14-0456,2024-10,1755510
RCT-14-0457,INV-14-0457,2024-10,1755510
RCT-14-0458,INV-14-0458,2024-10,1755510
RCT-14-0459,INV-14-0459,2024-10,1755510
RCT-14-0460,INV-14-0460,2024-10,1755510
RCT-14-0461,INV-14-0461,2024-10,1755510
RCT-14-0462,INV-14-0462,2024-10,1755510
RCT-14-0463,INV-14-0463,2024-10,1755510
RCT-14-0464,INV-14-0464,2024-10,1755510
RCT-14-0465,INV-14-0465,2024-10,1755510
RCT-14-0466,INV-14-0466,2024-10,1755510
RCT-14-0467,INV-14-0467,2024-10,1755510
RCT-14-0468,INV-14-0468,2024-10,1755510
RCT-14-0469,INV-14-0469,2024-10,1755510
RCT-14-0470,INV-14-0470,2024-10,1755510
RCT-14-0471,INV-14-0471,2024-10,1755510
RCT-14-0472,INV-14-0472,2024-10,1755510
RCT-14-0473,INV-14-0473,2024-10,1755510
RCT-14-0474,INV-14-0474,2024-10,1755510
RCT-14-0475,INV-14-0475,2024-10,1755510
RCT-14-0476,INV-14-0476,2024-10,1755510
RCT-14-0477,INV-14-0477,2024-10,1755510
RCT-14-0478,INV-14-0478,2024-10,1755510
RCT-14-0479,INV-14-0479,2024-10,1755510
RCT-14-0480,INV-14-0480,2024-10,1755510
RCT-14-0481,INV-14-0481,2024-10,1755510
RCT-14-0482,INV-14-0482,2024-10,1755510
RCT-14-0483,INV-14-0483,2024-10,1755510
RCT-14-0484,INV-14-0484,2024-10,1755510
RCT-14-0485,INV-14-0485,2024-10,1755510
RCT-14-0486,INV-14-0486,2024-10,1755510
RCT-14-0487,INV-14-0487,2024-10,1755510
RCT-14-0488,INV-14-0488,2024-10,1755510
RCT-14-0489,INV-14-0489,2024-10,1755510
RCT-14-0490,INV-14-0490,2024-10,1755510
RCT-14-0491,INV-14-0491,2024-10,1755510
RCT-14-0492,INV-14-0492,2024-10,1755510
RCT-14-0493,INV-14-0493,2024-10,1755510
RCT-14-0494,INV-14-0494,2024-10,1755510
RCT-14-0495,INV-14-0495,2024-10,1755510
RCT-14-0496,INV-14-0496,2024-10,1755510
RCT-14-0497,INV-14-0497,2024-10,1755510
RCT-14-0498,INV-14-0498,2024-10,1755510
RCT-14-0499,INV-14-0499,2024-10,1755510
RCT-14-0500,INV-14-0500,2024-10,1755510
RCT-14-SVC,INV-14-SVC,2024-10,133833333
RCT-15-0001,INV-15-0001,2024-11,222000000
RCT-15-0002,INV-15-0002,2024-11,1779559
RCT-15-0003,INV-15-0003,2024-11,1779559
RCT-15-0004,INV-15-0004,2024-11,1779559
RCT-15-0005,INV-15-0005,2024-11,1779559
RCT-15-0006,INV-15-0006,2024-11,1779559
RCT-15-0007,INV-15-0007,2024-11,1779559
RCT-15-0008,INV-15-0008,2024-11,1779559
RCT-15-0009,INV-15-0009,2024-11,1779559
RCT-15-0010,INV-15-0010,2024-11,1779559
RCT-15-0011,INV-15-0011,2024-11,1779559
RCT-15-0012,INV-15-0012,2024-11,1779559
RCT-15-0013,INV-15-0013,2024-11,1779559
RCT-15-0014,INV-15-0014,2024-11,1779559
RCT-15-0015,INV-15-0015,2024-11,1779559
RCT-15-0016,INV-15-0016,2024-11,1779559
RCT-15-0017,INV-15-0017,2024-11,1779559
RCT-15-0018,INV-15-0018,2024-11,1779559
RCT-15-0019,INV-15-0019,2024-11,1779559
RCT-15-0020,INV-15-0020,2024-11,1779559
RCT-15-0021,INV-15-0021,2024-11,1779559
RCT-15-0022,INV-15-0022,2024-11,1779559
RCT-15-0023,INV-15-0023,2024-11,1779559
RCT-15-0024,INV-15-0024,2024-11,1779559
RCT-15-0025,INV-15-0025,2024-11,1779559
RCT-15-0026,INV-15-0026,2024-11,1779559
RCT-15-0027,INV-15-0027,2024-11,1779559
RCT-15-0028,INV-15-0028,2024-11,1779559
RCT-15-0029,INV-15-0029,2024-11,1779559
RCT-15-0030,INV-15-0030,2024-11,1779559
RCT-15-0031,INV-15-0031,2024-11,1779559
RCT-15-0032,INV-15-0032,2024-11,1779559
RCT-15-0033,INV-15-0033,2024-11,1779559
RCT-15-0034,INV-15-0034,2024-11,1779559
RCT-15-0035,INV-15-0035,2024-11,1779559
RCT-15-0036,INV-15-0036,2024-11,1779559
RCT-15-0037,INV-15-0037,2024-11,1779559
RCT-15-0038,INV-15-0038,2024-11,1779559
RCT-15-0039,INV-15-0039,2024-11,1779559
RCT-15-0040,INV-15-0040,2024-11,1779559
RCT-15-0041,INV-15-0041,2024-11,1779559
RCT-15-0042,INV-15-0042,2024-11,1779559
RCT-15-0043,INV-15-0043,2024-11,1779559
RCT-15-0044,INV-15-0044,2024-11,1779559
RCT-15-0045,INV-15-0045,2024-11,1779559
RCT-15-0046,INV-15-0046,2024-11,1779559
RCT-15-0047,INV-15-0047,2024-11,1779559
RCT-15-0048,INV-15-0048,2024-11,1779559
RCT-15-0049,INV-15-0049,2024-11,1779559
RCT-15-0050,INV-15-0050,2024-11,1779559
RCT-15-0051,INV-15-0051,2024-11,1779559
RCT-15-0052,INV-15-0052,2024-11,1779559
RCT-15-0053,INV-15-0053,2024-11,1779559
RCT-15-0054,INV-15-0054,2024-11,1779559
RCT-15-0055,INV-15-0055,2024-11,1779559
RCT-15-0056,INV-15-0056,2024-11,1779559
RCT-15-0057,INV-15-0057,2024-11,1779559
RCT-15-0058,INV-15-0058,2024-11,1779559
RCT-15-0059,INV-15-0059,2024-11,1779559
RCT-15-0060,INV-15-0060,2024-11,1779559
RCT-15-0061,INV-15-0061,2024-11,1779559
RCT-15-0062,INV-15-0062,2024-11,1779559
RCT-15-0063,INV-15-0063,2024-11,1779559
RCT-15-0064,INV-15-0064,2024-11,1779559
RCT-15-0065,INV-15-0065,2024-11,1779559
RCT-15-0066,INV-15-0066,2024-11,1779559
RCT-15-0067,INV-15-0067,2024-11,1779559
RCT-15-0068,INV-15-0068,2024-11,1779559
RCT-15-0069,INV-15-0069,2024-11,1779559
RCT-15-0070,INV-15-0070,2024-11,1779559
RCT-15-0071,INV-15-0071,2024-11,1779559
RCT-15-0072,INV-15-0072,2024-11,1779559
RCT-15-0073,INV-15-0073,2024-11,1779559
RCT-15-0074,INV-15-0074,2024-11,1779559
RCT-15-0075,INV-15-0075,2024-11,1779559
RCT-15-0076,INV-15-0076,2024-11,1779559
RCT-15-0077,INV-15-0077,2024-11,1779559
RCT-15-0078,INV-15-0078,2024-11,1779559
RCT-15-0079,INV-15-0079,2024-11,1779559
RCT-15-0080,INV-15-0080,2024-11,1779559
RCT-15-0081,INV-15-0081,2024-11,1779559
RCT-15-0082,INV-15-0082,2024-11,1779559
RCT-15-0083,INV-15-0083,2024-11,1779559
RCT-15-0084,INV-15-0084,2024-11,1779559
RCT-15-0085,INV-15-0085,2024-11,1779559
RCT-15-0086,INV-15-0086,2024-11,1779559
RCT-15-0087,INV-15-0087,2024-11,1779559
RCT-15-0088,INV-15-0088,2024-11,1779559
RCT-15-0089,INV-15-0089,2024-11,1779559
RCT-15-0090,INV-15-0090,2024-11,1779559
RCT-15-0091,INV-15-0091,2024-11,1779559
RCT-15-0092,INV-15-0092,2024-11,1779559
RCT-15-0093,INV-15-0093,2024-11,1779559
RCT-15-0094,INV-15-0094,2024-11,1779559
RCT-15-0095,INV-15-0095,2024-11,1779559
RCT-15-0096,INV-15-0096,2024-11,1779559
RCT-15-0097,INV-15-0097,2024-11,1779559
RCT-15-0098,INV-15-0098,2024-11,1779559
RCT-15-0099,INV-15-0099,2024-11,1779559
RCT-15-0100,INV-15-0100,2024-11,1779559
RCT-15-0101,INV-15-0101,2024-11,1779559
RCT-15-0102,INV-15-0102,2024-11,1779559
RCT-15-0103,INV-15-0103,2024-11,1779559
RCT-15-0104,INV-15-0104,2024-11,1779559
RCT-15-0105,INV-15-0105,2024-11,1779559
RCT-15-0106,INV-15-0106,2024-11,1779559
RCT-15-0107,INV-15-0107,2024-11,1779559
RCT-15-0108,INV-15-0108,2024-11,1779559
RCT-15-0109,INV-15-0109,2024-11,1779559
RCT-15-0110,INV-15-0110,2024-11,1779559
RCT-15-0111,INV-15-0111,2024-11,1779559
RCT-15-0112,INV-15-0112,2024-11,1779559
RCT-15-0113,INV-15-0113,2024-11,1779559
RCT-15-0114,INV-15-0114,2024-11,1779559
RCT-15-0115,INV-15-0115,2024-11,1779559
RCT-15-0116,INV-15-0116,2024-11,1779559
RCT-15-0117,INV-15-0117,2024-11,1779559
RCT-15-0118,INV-15-0118,2024-11,1779559
RCT-15-0119,INV-15-0119,2024-11,1779559
RCT-15-0120,INV-15-0120,2024-11,1779559
RCT-15-0121,INV-15-0121,2024-11,1779559
RCT-15-0122,INV-15-0122,2024-11,1779559
RCT-15-0123,INV-15-0123,2024-11,1779559
RCT-15-0124,INV-15-0124,2024-11,1779559
RCT-15-0125,INV-15-0125,2024-11,1779559
RCT-15-0126,INV-15-0126,2024-11,1779559
RCT-15-0127,INV-15-0127,2024-11,1779559
RCT-15-0128,INV-15-0128,2024-11,1779559
RCT-15-0129,INV-15-0129,2024-11,1779559
RCT-15-0130,INV-15-0130,2024-11,1779559
RCT-15-0131,INV-15-0131,2024-11,1779559
RCT-15-0132,INV-15-0132,2024-11,1779559
RCT-15-0133,INV-15-0133,2024-11,1779559
RCT-15-0134,INV-15-0134,2024-11,1779559
RCT-15-0135,INV-15-0135,2024-11,1779559
RCT-15-0136,INV-15-0136,2024-11,1779559
RCT-15-0137,INV-15-0137,2024-11,1779559
RCT-15-0138,INV-15-0138,2024-11,1779559
RCT-15-0139,INV-15-0139,2024-11,1779559
RCT-15-0140,INV-15-0140,2024-11,1779559
RCT-15-0141,INV-15-0141,2024-11,1779559
RCT-15-0142,INV-15-0142,2024-11,1779559
RCT-15-0143,INV-15-0143,2024-11,1779559
RCT-15-0144,INV-15-0144,2024-11,1779559
RCT-15-0145,INV-15-0145,2024-11,1779559
RCT-15-0146,INV-15-0146,2024-11,1779559
RCT-15-0147,INV-15-0147,2024-11,1779559
RCT-15-0148,INV-15-0148,2024-11,1779559
RCT-15-0149,INV-15-0149,2024-11,1779559
RCT-15-0150,INV-15-0150,2024-11,1779559
RCT-15-0151,INV-15-0151,2024-11,1779559
RCT-15-0152,INV-15-0152,2024-11,1779559
RCT-15-0153,INV-15-0153,2024-11,1779559
RCT-15-0154,INV-15-0154,2024-11,1779559
RCT-15-0155,INV-15-0155,2024-11,1779559
RCT-15-0156,INV-15-0156,2024-11,1779559
RCT-15-0157,INV-15-0157,2024-11,1779559
RCT-15-0158,INV-15-0158,2024-11,1779559
RCT-15-0159,INV-15-0159,2024-11,1779559
RCT-15-0160,INV-15-0160,2024-11,1779559
RCT-15-0161,INV-15-0161,2024-11,1779559
RCT-15-0162,INV-15-0162,2024-11,1779559
RCT-15-0163,INV-15-0163,2024-11,1779559
RCT-15-0164,INV-15-0164,2024-11,1779559
RCT-15-0165,INV-15-0165,2024-11,1779559
RCT-15-0166,INV-15-0166,2024-11,1779559
RCT-15-0167,INV-15-0167,2024-11,1779559
RCT-15-0168,INV-15-0168,2024-11,1779559
RCT-15-0169,INV-15-0169,2024-11,1779559
RCT-15-0170,INV-15-0170,2024-11,1779559
RCT-15-0171,INV-15-0171,2024-11,1779559
RCT-15-0172,INV-15-0172,2024-11,1779559
RCT-15-0173,INV-15-0173,2024-11,1779559
RCT-15-0174,INV-15-0174,2024-11,1779559
RCT-15-0175,INV-15-0175,2024-11,1779559
RCT-15-0176,INV-15-0176,2024-11,1779559
RCT-15-0177,INV-15-0177,2024-11,1779559
RCT-15-0178,INV-15-0178,2024-11,1779559
RCT-15-0179,INV-15-0179,2024-11,1779559
RCT-15-0180,INV-15-0180,2024-11,1779559
RCT-15-0181,INV-15-0181,2024-11,1779559
RCT-15-0182,INV-15-0182,2024-11,1779559
RCT-15-0183,INV-15-0183,2024-11,1779559
RCT-15-0184,INV-15-0184,2024-11,1779559
RCT-15-0185,INV-15-0185,2024-11,1779559
RCT-15-0186,INV-15-0186,2024-11,1779559
RCT-15-0187,INV-15-0187,2024-11,1779559
RCT-15-0188,INV-15-0188,2024-11,1779559
RCT-15-0189,INV-15-0189,2024-11,1779559
RCT-15-0190,INV-15-0190,2024-11,1779559
RCT-15-0191,INV-15-0191,2024-11,1779559
RCT-15-0192,INV-15-0192,2024-11,1779559
RCT-15-0193,INV-15-0193,2024-11,1779559
RCT-15-0194,INV-15-0194,2024-11,1779559
RCT-15-0195,INV-15-0195,2024-11,1779559
RCT-15-0196,INV-15-0196,2024-11,1779559
RCT-15-0197,INV-15-0197,2024-11,1779559
RCT-15-0198,INV-15-0198,2024-11,1779559
RCT-15-0199,INV-15-0199,2024-11,1779559
RCT-15-0200,INV-15-0200,2024-11,1779559
RCT-15-0201,INV-15-0201,2024-11,1779559
RCT-15-0202,INV-15-0202,2024-11,1779559
RCT-15-0203,INV-15-0203,2024-11,1779559
RCT-15-0204,INV-15-0204,2024-11,1779559
RCT-15-0205,INV-15-0205,2024-11,1779559
RCT-15-0206,INV-15-0206,2024-11,1779559
RCT-15-0207,INV-15-0207,2024-11,1779559
RCT-15-0208,INV-15-0208,2024-11,1779559
RCT-15-0209,INV-15-0209,2024-11,1779559
RCT-15-0210,INV-15-0210,2024-11,1779559
RCT-15-0211,INV-15-0211,2024-11,1779559
RCT-15-0212,INV-15-0212,2024-11,1779559
RCT-15-0213,INV-15-0213,2024-11,1779559
RCT-15-0214,INV-15-0214,2024-11,1779559
RCT-15-0215,INV-15-0215,2024-11,1779559
RCT-15-0216,INV-15-0216,2024-11,1779559
RCT-15-0217,INV-15-0217,2024-11,1779559
RCT-15-0218,INV-15-0218,2024-11,1779559
RCT-15-0219,INV-15-0219,2024-11,1779559
RCT-15-0220,INV-15-0220,2024-11,1779559
RCT-15-0221,INV-15-0221,2024-11,1779559
RCT-15-0222,INV-15-0222,2024-11,1779559
RCT-15-0223,INV-15-0223,2024-11,1779559
RCT-15-0224,INV-15-0224,2024-11,1779559
RCT-15-0225,INV-15-0225,2024-11,1779559
RCT-15-0226,INV-15-0226,2024-11,1779559
RCT-15-0227,INV-15-0227,2024-11,1779559
RCT-15-0228,INV-15-0228,2024-11,1779559
RCT-15-0229,INV-15-0229,2024-11,1779559
RCT-15-0230,INV-15-0230,2024-11,1779559
RCT-15-0231,INV-15-0231,2024-11,1779559
RCT-15-0232,INV-15-0232,2024-11,1779559
RCT-15-0233,INV-15-0233,2024-11,1779559
RCT-15-0234,INV-15-0234,2024-11,1779559
RCT-15-0235,INV-15-0235,2024-11,1779559
RCT-15-0236,INV-15-0236,2024-11,1779559
RCT-15-0237,INV-15-0237,2024-11,1779559
RCT-15-0238,INV-15-0238,2024-11,1779559
RCT-15-0239,INV-15-0239,2024-11,1779559
RCT-15-0240,INV-15-0240,2024-11,1779559
RCT-15-0241,INV-15-0241,2024-11,1779559
RCT-15-0242,INV-15-0242,2024-11,1779559
RCT-15-0243,INV-15-0243,2024-11,1779559
RCT-15-0244,INV-15-0244,2024-11,1779559
RCT-15-0245,INV-15-0245,2024-11,1779559
RCT-15-0246,INV-15-0246,2024-11,1779559
RCT-15-0247,INV-15-0247,2024-11,1779559
RCT-15-0248,INV-15-0248,2024-11,1779559
RCT-15-0249,INV-15-0249,2024-11,1779559
RCT-15-0250,INV-15-0250,2024-11,1779559
RCT-15-0251,INV-15-0251,2024-11,1779559
RCT-15-0252,INV-15-0252,2024-11,1779559
RCT-15-0253,INV-15-0253,2024-11,1779559
RCT-15-0254,INV-15-0254,2024-11,1779559
RCT-15-0255,INV-15-0255,2024-11,1779559
RCT-15-0256,INV-15-0256,2024-11,1779559
RCT-15-0257,INV-15-0257,2024-11,1779559
RCT-15-0258,INV-15-0258,2024-11,1779559
RCT-15-0259,INV-15-0259,2024-11,1779559
RCT-15-0260,INV-15-0260,2024-11,1779559
RCT-15-0261,INV-15-0261,2024-11,1779559
RCT-15-0262,INV-15-0262,2024-11,1779559
RCT-15-0263,INV-15-0263,2024-11,1779559
RCT-15-0264,INV-15-0264,2024-11,1779559
RCT-15-0265,INV-15-0265,2024-11,1779559
RCT-15-0266,INV-15-0266,2024-11,1779559
RCT-15-0267,INV-15-0267,2024-11,1779559
RCT-15-0268,INV-15-0268,2024-11,1779559
RCT-15-0269,INV-15-0269,2024-11,1779559
RCT-15-0270,INV-15-0270,2024-11,1779559
RCT-15-0271,INV-15-0271,2024-11,1779559
RCT-15-0272,INV-15-0272,2024-11,1779559
RCT-15-0273,INV-15-0273,2024-11,1779559
RCT-15-0274,INV-15-0274,2024-11,1779559
RCT-15-0275,INV-15-0275,2024-11,1779559
RCT-15-0276,INV-15-0276,2024-11,1779559
RCT-15-0277,INV-15-0277,2024-11,1779559
RCT-15-0278,INV-15-0278,2024-11,1779559
RCT-15-0279,INV-15-0279,2024-11,1779559
RCT-15-0280,INV-15-0280,2024-11,1779559
RCT-15-0281,INV-15-0281,2024-11,1779559
RCT-15-0282,INV-15-0282,2024-11,1779559
RCT-15-0283,INV-15-0283,2024-11,1779559
RCT-15-0284,INV-15-0284,2024-11,1779559
RCT-15-0285,INV-15-0285,2024-11,1779559
RCT-15-0286,INV-15-0286,2024-11,1779559
RCT-15-0287,INV-15-0287,2024-11,1779559
RCT-15-0288,INV-15-0288,2024-11,1779559
RCT-15-0289,INV-15-0289,2024-11,1779559
RCT-15-0290,INV-15-0290,2024-11,1779559
RCT-15-0291,INV-15-0291,2024-11,1779559
RCT-15-0292,INV-15-0292,2024-11,1779559
RCT-15-0293,INV-15-0293,2024-11,1779559
RCT-15-0294,INV-15-0294,2024-11,1779559
RCT-15-0295,INV-15-0295,2024-11,1779559
RCT-15-0296,INV-15-0296,2024-11,1779559
RCT-15-0297,INV-15-0297,2024-11,1779559
RCT-15-0298,INV-15-0298,2024-11,1779559
RCT-15-0299,INV-15-0299,2024-11,1779559
RCT-15-0300,INV-15-0300,2024-11,1779559
RCT-15-0301,INV-15-0301,2024-11,1779559
RCT-15-0302,INV-15-0302,2024-11,1779559
RCT-15-0303,INV-15-0303,2024-11,1779559
RCT-15-0304,INV-15-0304,2024-11,1779559
RCT-15-0305,INV-15-0305,2024-11,1779559
RCT-15-0306,INV-15-0306,2024-11,1779559
RCT-15-0307,INV-15-0307,2024-11,1779559
RCT-15-0308,INV-15-0308,2024-11,1779559
RCT-15-0309,INV-15-0309,2024-11,1779559
RCT-15-0310,INV-15-0310,2024-11,1779559
RCT-15-0311,INV-15-0311,2024-11,1779558
RCT-15-0312,INV-15-0312,2024-11,1779558
RCT-15-0313,INV-15-0313,2024-11,1779558
RCT-15-0314,INV-15-0314,2024-11,1779558
RCT-15-0315,INV-15-0315,2024-11,1779558
RCT-15-0316,INV-15-0316,2024-11,1779558
RCT-15-0317,INV-15-0317,2024-11,1779558
RCT-15-0318,INV-15-0318,2024-11,1779558
RCT-15-0319,INV-15-0319,2024-11,1779558
RCT-15-0320,INV-15-0320,2024-11,1779558
RCT-15-0321,INV-15-0321,2024-11,1779558
RCT-15-0322,INV-15-0322,2024-11,1779558
RCT-15-0323,INV-15-0323,2024-11,1779558
RCT-15-0324,INV-15-0324,2024-11,1779558
RCT-15-0325,INV-15-0325,2024-11,1779558
RCT-15-0326,INV-15-0326,2024-11,1779558
RCT-15-0327,INV-15-0327,2024-11,1779558
RCT-15-0328,INV-15-0328,2024-11,1779558
RCT-15-0329,INV-15-0329,2024-11,1779558
RCT-15-0330,INV-15-0330,2024-11,1779558
RCT-15-0331,INV-15-0331,2024-11,1779558
RCT-15-0332,INV-15-0332,2024-11,1779558
RCT-15-0333,INV-15-0333,2024-11,1779558
RCT-15-0334,INV-15-0334,2024-11,1779558
RCT-15-0335,INV-15-0335,2024-11,1779558
RCT-15-0336,INV-15-0336,2024-11,1779558
RCT-15-0337,INV-15-0337,2024-11,1779558
RCT-15-0338,INV-15-0338,2024-11,1779558
RCT-15-0339,INV-15-0339,2024-11,1779558
RCT-15-0340,INV-15-0340,2024-11,1779558
RCT-15-0341,INV-15-0341,2024-11,1779558
RCT-15-0342,INV-15-0342,2024-11,1779558
RCT-15-0343,INV-15-0343,2024-11,1779558
RCT-15-0344,INV-15-0344,2024-11,1779558
RCT-15-0345,INV-15-0345,2024-11,1779558
RCT-15-0346,INV-15-0346,2024-11,1779558
RCT-15-0347,INV-15-0347,2024-11,1779558
RCT-15-0348,INV-15-0348,2024-11,1779558
RCT-15-0349,INV-15-0349,2024-11,1779558
RCT-15-0350,INV-15-0350,2024-11,1779558
RCT-15-0351,INV-15-0351,2024-11,1779558
RCT-15-0352,INV-15-0352,2024-11,1779558
RCT-15-0353,INV-15-0353,2024-11,1779558
RCT-15-0354,INV-15-0354,2024-11,1779558
RCT-15-0355,INV-15-0355,2024-11,1779558
RCT-15-0356,INV-15-0356,2024-11,1779558
RCT-15-0357,INV-15-0357,2024-11,1779558
RCT-15-0358,INV-15-0358,2024-11,1779558
RCT-15-0359,INV-15-0359,2024-11,1779558
RCT-15-0360,INV-15-0360,2024-11,1779558
RCT-15-0361,INV-15-0361,2024-11,1779558
RCT-15-0362,INV-15-0362,2024-11,1779558
RCT-15-0363,INV-15-0363,2024-11,1779558
RCT-15-0364,INV-15-0364,2024-11,1779558
RCT-15-0365,INV-15-0365,2024-11,1779558
RCT-15-0366,INV-15-0366,2024-11,1779558
RCT-15-0367,INV-15-0367,2024-11,1779558
RCT-15-0368,INV-15-0368,2024-11,1779558
RCT-15-0369,INV-15-0369,2024-11,1779558
RCT-15-0370,INV-15-0370,2024-11,1779558
RCT-15-0371,INV-15-0371,2024-11,1779558
RCT-15-0372,INV-15-0372,2024-11,1779558
RCT-15-0373,INV-15-0373,2024-11,1779558
RCT-15-0374,INV-15-0374,2024-11,1779558
RCT-15-0375,INV-15-0375,2024-11,1779558
RCT-15-0376,INV-15-0376,2024-11,1779558
RCT-15-0377,INV-15-0377,2024-11,1779558
RCT-15-0378,INV-15-0378,2024-11,1779558
RCT-15-0379,INV-15-0379,2024-11,1779558
RCT-15-0380,INV-15-0380,2024-11,1779558
RCT-15-0381,INV-15-0381,2024-11,1779558
RCT-15-0382,INV-15-0382,2024-11,1779558
RCT-15-0383,INV-15-0383,2024-11,1779558
RCT-15-0384,INV-15-0384,2024-11,1779558
RCT-15-0385,INV-15-0385,2024-11,1779558
RCT-15-0386,INV-15-0386,2024-11,1779558
RCT-15-0387,INV-15-0387,2024-11,1779558
RCT-15-0388,INV-15-0388,2024-11,1779558
RCT-15-0389,INV-15-0389,2024-11,1779558
RCT-15-0390,INV-15-0390,2024-11,1779558
RCT-15-0391,INV-15-0391,2024-11,1779558
RCT-15-0392,INV-15-0392,2024-11,1779558
RCT-15-0393,INV-15-0393,2024-11,1779558
RCT-15-0394,INV-15-0394,2024-11,1779558
RCT-15-0395,INV-15-0395,2024-11,1779558
RCT-15-0396,INV-15-0396,2024-11,1779558
RCT-15-0397,INV-15-0397,2024-11,1779558
RCT-15-0398,INV-15-0398,2024-11,1779558
RCT-15-0399,INV-15-0399,2024-11,1779558
RCT-15-0400,INV-15-0400,2024-11,1779558
RCT-15-0401,INV-15-0401,2024-11,1779558
RCT-15-0402,INV-15-0402,2024-11,1779558
RCT-15-0403,INV-15-0403,2024-11,1779558
RCT-15-0404,INV-15-0404,2024-11,1779558
RCT-15-0405,INV-15-0405,2024-11,1779558
RCT-15-0406,INV-15-0406,2024-11,1779558
RCT-15-0407,INV-15-0407,2024-11,1779558
RCT-15-0408,INV-15-0408,2024-11,1779558
RCT-15-0409,INV-15-0409,2024-11,1779558
RCT-15-0410,INV-15-0410,2024-11,1779558
RCT-15-0411,INV-15-0411,2024-11,1779558
RCT-15-0412,INV-15-0412,2024-11,1779558
RCT-15-0413,INV-15-0413,2024-11,1779558
RCT-15-0414,INV-15-0414,2024-11,1779558
RCT-15-0415,INV-15-0415,2024-11,1779558
RCT-15-0416,INV-15-0416,2024-11,1779558
RCT-15-0417,INV-15-0417,2024-11,1779558
RCT-15-0418,INV-15-0418,2024-11,1779558
RCT-15-0419,INV-15-0419,2024-11,1779558
RCT-15-0420,INV-15-0420,2024-11,1779558
RCT-15-0421,INV-15-0421,2024-11,1779558
RCT-15-0422,INV-15-0422,2024-11,1779558
RCT-15-0423,INV-15-0423,2024-11,1779558
RCT-15-0424,INV-15-0424,2024-11,1779558
RCT-15-0425,INV-15-0425,2024-11,1779558
RCT-15-0426,INV-15-0426,2024-11,1779558
RCT-15-0427,INV-15-0427,2024-11,1779558
RCT-15-0428,INV-15-0428,2024-11,1779558
RCT-15-0429,INV-15-0429,2024-11,1779558
RCT-15-0430,INV-15-0430,2024-11,1779558
RCT-15-0431,INV-15-0431,2024-11,1779558
RCT-15-0432,INV-15-0432,2024-11,1779558
RCT-15-0433,INV-15-0433,2024-11,1779558
RCT-15-0434,INV-15-0434,2024-11,1779558
RCT-15-0435,INV-15-0435,2024-11,1779558
RCT-15-0436,INV-15-0436,2024-11,1779558
RCT-15-0437,INV-15-0437,2024-11,1779558
RCT-15-0438,INV-15-0438,2024-11,1779558
RCT-15-0439,INV-15-0439,2024-11,1779558
RCT-15-0440,INV-15-0440,2024-11,1779558
RCT-15-0441,INV-15-0441,2024-11,1779558
RCT-15-0442,INV-15-0442,2024-11,1779558
RCT-15-0443,INV-15-0443,2024-11,1779558
RCT-15-0444,INV-15-0444,2024-11,1779558
RCT-15-0445,INV-15-0445,2024-11,1779558
RCT-15-0446,INV-15-0446,2024-11,1779558
RCT-15-0447,INV-15-0447,2024-11,1779558
RCT-15-0448,INV-15-0448,2024-11,1779558
RCT-15-0449,INV-15-0449,2024-11,1779558
RCT-15-0450,INV-15-0450,2024-11,1779558
RCT-15-0451,INV-15-0451,2024-11,1779558
RCT-15-0452,INV-15-0452,2024-11,1779558
RCT-15-0453,INV-15-0453,2024-11,1779558
RCT-15-0454,INV-15-0454,2024-11,1779558
RCT-15-0455,INV-15-0455,2024-11,1779558
RCT-15-0456,INV-15-0456,2024-11,1779558
RCT-15-0457,INV-15-0457,2024-11,1779558
RCT-15-0458,INV-15-0458,2024-11,1779558
RCT-15-0459,INV-15-0459,2024-11,1779558
RCT-15-0460,INV-15-0460,2024-11,1779558
RCT-15-0461,INV-15-0461,2024-11,1779558
RCT-15-0462,INV-15-0462,2024-11,1779558
RCT-15-0463,INV-15-0463,2024-11,1779558
RCT-15-0464,INV-15-0464,2024-11,1779558
RCT-15-0465,INV-15-0465,2024-11,1779558
RCT-15-0466,INV-15-0466,2024-11,1779558
RCT-15-0467,INV-15-0467,2024-11,1779558
RCT-15-0468,INV-15-0468,2024-11,1779558
RCT-15-0469,INV-15-0469,2024-11,1779558
RCT-15-0470,INV-15-0470,2024-11,1779558
RCT-15-0471,INV-15-0471,2024-11,1779558
RCT-15-0472,INV-15-0472,2024-11,1779558
RCT-15-0473,INV-15-0473,2024-11,1779558
RCT-15-0474,INV-15-0474,2024-11,1779558
RCT-15-0475,INV-15-0475,2024-11,1779558
RCT-15-0476,INV-15-0476,2024-11,1779558
RCT-15-0477,INV-15-0477,2024-11,1779558
RCT-15-0478,INV-15-0478,2024-11,1779558
RCT-15-0479,INV-15-0479,2024-11,1779558
RCT-15-0480,INV-15-0480,2024-11,1779558
RCT-15-0481,INV-15-0481,2024-11,1779558
RCT-15-0482,INV-15-0482,2024-11,1779558
RCT-15-0483,INV-15-0483,2024-11,1779558
RCT-15-0484,INV-15-0484,2024-11,1779558
RCT-15-0485,INV-15-0485,2024-11,1779558
RCT-15-0486,INV-15-0486,2024-11,1779558
RCT-15-0487,INV-15-0487,2024-11,1779558
RCT-15-0488,INV-15-0488,2024-11,1779558
RCT-15-0489,INV-15-0489,2024-11,1779558
RCT-15-0490,INV-15-0490,2024-11,1779558
RCT-15-0491,INV-15-0491,2024-11,1779558
RCT-15-0492,INV-15-0492,2024-11,1779558
RCT-15-0493,INV-15-0493,2024-11,1779558
RCT-15-0494,INV-15-0494,2024-11,1779558
RCT-15-0495,INV-15-0495,2024-11,1779558
RCT-15-0496,INV-15-0496,2024-11,1779558
RCT-15-0497,INV-15-0497,2024-11,1779558
RCT-15-0498,INV-15-0498,2024-11,1779558
RCT-15-0499,INV-15-0499,2024-11,1779558
RCT-15-0500,INV-15-0500,2024-11,1779558
RCT-15-SVC,INV-15-SVC,2024-11,135666666
RCT-16-0001,INV-16-0001,2024-12,225000000
RCT-16-0002,INV-16-0002,2024-12,1803607
RCT-16-0003,INV-16-0003,2024-12,1803607
RCT-16-0004,INV-16-0004,2024-12,1803607
RCT-16-0005,INV-16-0005,2024-12,1803607
RCT-16-0006,INV-16-0006,2024-12,1803607
RCT-16-0007,INV-16-0007,2024-12,1803607
RCT-16-0008,INV-16-0008,2024-12,1803607
RCT-16-0009,INV-16-0009,2024-12,1803607
RCT-16-0010,INV-16-0010,2024-12,1803607
RCT-16-0011,INV-16-0011,2024-12,1803607
RCT-16-0012,INV-16-0012,2024-12,1803607
RCT-16-0013,INV-16-0013,2024-12,1803607
RCT-16-0014,INV-16-0014,2024-12,1803607
RCT-16-0015,INV-16-0015,2024-12,1803607
RCT-16-0016,INV-16-0016,2024-12,1803607
RCT-16-0017,INV-16-0017,2024-12,1803607
RCT-16-0018,INV-16-0018,2024-12,1803607
RCT-16-0019,INV-16-0019,2024-12,1803607
RCT-16-0020,INV-16-0020,2024-12,1803607
RCT-16-0021,INV-16-0021,2024-12,1803607
RCT-16-0022,INV-16-0022,2024-12,1803607
RCT-16-0023,INV-16-0023,2024-12,1803607
RCT-16-0024,INV-16-0024,2024-12,1803607
RCT-16-0025,INV-16-0025,2024-12,1803607
RCT-16-0026,INV-16-0026,2024-12,1803607
RCT-16-0027,INV-16-0027,2024-12,1803607
RCT-16-0028,INV-16-0028,2024-12,1803607
RCT-16-0029,INV-16-0029,2024-12,1803607
RCT-16-0030,INV-16-0030,2024-12,1803607
RCT-16-0031,INV-16-0031,2024-12,1803607
RCT-16-0032,INV-16-0032,2024-12,1803607
RCT-16-0033,INV-16-0033,2024-12,1803607
RCT-16-0034,INV-16-0034,2024-12,1803607
RCT-16-0035,INV-16-0035,2024-12,1803607
RCT-16-0036,INV-16-0036,2024-12,1803607
RCT-16-0037,INV-16-0037,2024-12,1803607
RCT-16-0038,INV-16-0038,2024-12,1803607
RCT-16-0039,INV-16-0039,2024-12,1803607
RCT-16-0040,INV-16-0040,2024-12,1803607
RCT-16-0041,INV-16-0041,2024-12,1803607
RCT-16-0042,INV-16-0042,2024-12,1803607
RCT-16-0043,INV-16-0043,2024-12,1803607
RCT-16-0044,INV-16-0044,2024-12,1803607
RCT-16-0045,INV-16-0045,2024-12,1803607
RCT-16-0046,INV-16-0046,2024-12,1803607
RCT-16-0047,INV-16-0047,2024-12,1803607
RCT-16-0048,INV-16-0048,2024-12,1803607
RCT-16-0049,INV-16-0049,2024-12,1803607
RCT-16-0050,INV-16-0050,2024-12,1803607
RCT-16-0051,INV-16-0051,2024-12,1803607
RCT-16-0052,INV-16-0052,2024-12,1803607
RCT-16-0053,INV-16-0053,2024-12,1803607
RCT-16-0054,INV-16-0054,2024-12,1803607
RCT-16-0055,INV-16-0055,2024-12,1803607
RCT-16-0056,INV-16-0056,2024-12,1803607
RCT-16-0057,INV-16-0057,2024-12,1803607
RCT-16-0058,INV-16-0058,2024-12,1803607
RCT-16-0059,INV-16-0059,2024-12,1803607
RCT-16-0060,INV-16-0060,2024-12,1803607
RCT-16-0061,INV-16-0061,2024-12,1803607
RCT-16-0062,INV-16-0062,2024-12,1803607
RCT-16-0063,INV-16-0063,2024-12,1803607
RCT-16-0064,INV-16-0064,2024-12,1803607
RCT-16-0065,INV-16-0065,2024-12,1803607
RCT-16-0066,INV-16-0066,2024-12,1803607
RCT-16-0067,INV-16-0067,2024-12,1803607
RCT-16-0068,INV-16-0068,2024-12,1803607
RCT-16-0069,INV-16-0069,2024-12,1803607
RCT-16-0070,INV-16-0070,2024-12,1803607
RCT-16-0071,INV-16-0071,2024-12,1803607
RCT-16-0072,INV-16-0072,2024-12,1803607
RCT-16-0073,INV-16-0073,2024-12,1803607
RCT-16-0074,INV-16-0074,2024-12,1803607
RCT-16-0075,INV-16-0075,2024-12,1803607
RCT-16-0076,INV-16-0076,2024-12,1803607
RCT-16-0077,INV-16-0077,2024-12,1803607
RCT-16-0078,INV-16-0078,2024-12,1803607
RCT-16-0079,INV-16-0079,2024-12,1803607
RCT-16-0080,INV-16-0080,2024-12,1803607
RCT-16-0081,INV-16-0081,2024-12,1803607
RCT-16-0082,INV-16-0082,2024-12,1803607
RCT-16-0083,INV-16-0083,2024-12,1803607
RCT-16-0084,INV-16-0084,2024-12,1803607
RCT-16-0085,INV-16-0085,2024-12,1803607
RCT-16-0086,INV-16-0086,2024-12,1803607
RCT-16-0087,INV-16-0087,2024-12,1803607
RCT-16-0088,INV-16-0088,2024-12,1803607
RCT-16-0089,INV-16-0089,2024-12,1803607
RCT-16-0090,INV-16-0090,2024-12,1803607
RCT-16-0091,INV-16-0091,2024-12,1803607
RCT-16-0092,INV-16-0092,2024-12,1803607
RCT-16-0093,INV-16-0093,2024-12,1803607
RCT-16-0094,INV-16-0094,2024-12,1803607
RCT-16-0095,INV-16-0095,2024-12,1803607
RCT-16-0096,INV-16-0096,2024-12,1803607
RCT-16-0097,INV-16-0097,2024-12,1803607
RCT-16-0098,INV-16-0098,2024-12,1803607
RCT-16-0099,INV-16-0099,2024-12,1803607
RCT-16-0100,INV-16-0100,2024-12,1803607
RCT-16-0101,INV-16-0101,2024-12,1803607
RCT-16-0102,INV-16-0102,2024-12,1803607
RCT-16-0103,INV-16-0103,2024-12,1803607
RCT-16-0104,INV-16-0104,2024-12,1803607
RCT-16-0105,INV-16-0105,2024-12,1803607
RCT-16-0106,INV-16-0106,2024-12,1803607
RCT-16-0107,INV-16-0107,2024-12,1803607
RCT-16-0108,INV-16-0108,2024-12,1803607
RCT-16-0109,INV-16-0109,2024-12,1803607
RCT-16-0110,INV-16-0110,2024-12,1803607
RCT-16-0111,INV-16-0111,2024-12,1803607
RCT-16-0112,INV-16-0112,2024-12,1803607
RCT-16-0113,INV-16-0113,2024-12,1803607
RCT-16-0114,INV-16-0114,2024-12,1803607
RCT-16-0115,INV-16-0115,2024-12,1803607
RCT-16-0116,INV-16-0116,2024-12,1803607
RCT-16-0117,INV-16-0117,2024-12,1803607
RCT-16-0118,INV-16-0118,2024-12,1803607
RCT-16-0119,INV-16-0119,2024-12,1803607
RCT-16-0120,INV-16-0120,2024-12,1803607
RCT-16-0121,INV-16-0121,2024-12,1803607
RCT-16-0122,INV-16-0122,2024-12,1803607
RCT-16-0123,INV-16-0123,2024-12,1803607
RCT-16-0124,INV-16-0124,2024-12,1803607
RCT-16-0125,INV-16-0125,2024-12,1803607
RCT-16-0126,INV-16-0126,2024-12,1803607
RCT-16-0127,INV-16-0127,2024-12,1803607
RCT-16-0128,INV-16-0128,2024-12,1803607
RCT-16-0129,INV-16-0129,2024-12,1803607
RCT-16-0130,INV-16-0130,2024-12,1803607
RCT-16-0131,INV-16-0131,2024-12,1803607
RCT-16-0132,INV-16-0132,2024-12,1803607
RCT-16-0133,INV-16-0133,2024-12,1803607
RCT-16-0134,INV-16-0134,2024-12,1803607
RCT-16-0135,INV-16-0135,2024-12,1803607
RCT-16-0136,INV-16-0136,2024-12,1803607
RCT-16-0137,INV-16-0137,2024-12,1803607
RCT-16-0138,INV-16-0138,2024-12,1803607
RCT-16-0139,INV-16-0139,2024-12,1803607
RCT-16-0140,INV-16-0140,2024-12,1803607
RCT-16-0141,INV-16-0141,2024-12,1803607
RCT-16-0142,INV-16-0142,2024-12,1803607
RCT-16-0143,INV-16-0143,2024-12,1803607
RCT-16-0144,INV-16-0144,2024-12,1803607
RCT-16-0145,INV-16-0145,2024-12,1803607
RCT-16-0146,INV-16-0146,2024-12,1803607
RCT-16-0147,INV-16-0147,2024-12,1803607
RCT-16-0148,INV-16-0148,2024-12,1803607
RCT-16-0149,INV-16-0149,2024-12,1803607
RCT-16-0150,INV-16-0150,2024-12,1803607
RCT-16-0151,INV-16-0151,2024-12,1803607
RCT-16-0152,INV-16-0152,2024-12,1803607
RCT-16-0153,INV-16-0153,2024-12,1803607
RCT-16-0154,INV-16-0154,2024-12,1803607
RCT-16-0155,INV-16-0155,2024-12,1803607
RCT-16-0156,INV-16-0156,2024-12,1803607
RCT-16-0157,INV-16-0157,2024-12,1803607
RCT-16-0158,INV-16-0158,2024-12,1803607
RCT-16-0159,INV-16-0159,2024-12,1803607
RCT-16-0160,INV-16-0160,2024-12,1803607
RCT-16-0161,INV-16-0161,2024-12,1803607
RCT-16-0162,INV-16-0162,2024-12,1803607
RCT-16-0163,INV-16-0163,2024-12,1803607
RCT-16-0164,INV-16-0164,2024-12,1803607
RCT-16-0165,INV-16-0165,2024-12,1803607
RCT-16-0166,INV-16-0166,2024-12,1803607
RCT-16-0167,INV-16-0167,2024-12,1803607
RCT-16-0168,INV-16-0168,2024-12,1803607
RCT-16-0169,INV-16-0169,2024-12,1803607
RCT-16-0170,INV-16-0170,2024-12,1803607
RCT-16-0171,INV-16-0171,2024-12,1803607
RCT-16-0172,INV-16-0172,2024-12,1803607
RCT-16-0173,INV-16-0173,2024-12,1803607
RCT-16-0174,INV-16-0174,2024-12,1803607
RCT-16-0175,INV-16-0175,2024-12,1803607
RCT-16-0176,INV-16-0176,2024-12,1803607
RCT-16-0177,INV-16-0177,2024-12,1803607
RCT-16-0178,INV-16-0178,2024-12,1803607
RCT-16-0179,INV-16-0179,2024-12,1803607
RCT-16-0180,INV-16-0180,2024-12,1803607
RCT-16-0181,INV-16-0181,2024-12,1803607
RCT-16-0182,INV-16-0182,2024-12,1803607
RCT-16-0183,INV-16-0183,2024-12,1803607
RCT-16-0184,INV-16-0184,2024-12,1803607
RCT-16-0185,INV-16-0185,2024-12,1803607
RCT-16-0186,INV-16-0186,2024-12,1803607
RCT-16-0187,INV-16-0187,2024-12,1803607
RCT-16-0188,INV-16-0188,2024-12,1803607
RCT-16-0189,INV-16-0189,2024-12,1803607
RCT-16-0190,INV-16-0190,2024-12,1803607
RCT-16-0191,INV-16-0191,2024-12,1803607
RCT-16-0192,INV-16-0192,2024-12,1803607
RCT-16-0193,INV-16-0193,2024-12,1803607
RCT-16-0194,INV-16-0194,2024-12,1803607
RCT-16-0195,INV-16-0195,2024-12,1803607
RCT-16-0196,INV-16-0196,2024-12,1803607
RCT-16-0197,INV-16-0197,2024-12,1803607
RCT-16-0198,INV-16-0198,2024-12,1803607
RCT-16-0199,INV-16-0199,2024-12,1803607
RCT-16-0200,INV-16-0200,2024-12,1803607
RCT-16-0201,INV-16-0201,2024-12,1803607
RCT-16-0202,INV-16-0202,2024-12,1803607
RCT-16-0203,INV-16-0203,2024-12,1803607
RCT-16-0204,INV-16-0204,2024-12,1803607
RCT-16-0205,INV-16-0205,2024-12,1803607
RCT-16-0206,INV-16-0206,2024-12,1803607
RCT-16-0207,INV-16-0207,2024-12,1803607
RCT-16-0208,INV-16-0208,2024-12,1803607
RCT-16-0209,INV-16-0209,2024-12,1803607
RCT-16-0210,INV-16-0210,2024-12,1803607
RCT-16-0211,INV-16-0211,2024-12,1803607
RCT-16-0212,INV-16-0212,2024-12,1803607
RCT-16-0213,INV-16-0213,2024-12,1803607
RCT-16-0214,INV-16-0214,2024-12,1803607
RCT-16-0215,INV-16-0215,2024-12,1803607
RCT-16-0216,INV-16-0216,2024-12,1803607
RCT-16-0217,INV-16-0217,2024-12,1803607
RCT-16-0218,INV-16-0218,2024-12,1803607
RCT-16-0219,INV-16-0219,2024-12,1803607
RCT-16-0220,INV-16-0220,2024-12,1803607
RCT-16-0221,INV-16-0221,2024-12,1803607
RCT-16-0222,INV-16-0222,2024-12,1803607
RCT-16-0223,INV-16-0223,2024-12,1803607
RCT-16-0224,INV-16-0224,2024-12,1803607
RCT-16-0225,INV-16-0225,2024-12,1803607
RCT-16-0226,INV-16-0226,2024-12,1803607
RCT-16-0227,INV-16-0227,2024-12,1803607
RCT-16-0228,INV-16-0228,2024-12,1803607
RCT-16-0229,INV-16-0229,2024-12,1803607
RCT-16-0230,INV-16-0230,2024-12,1803607
RCT-16-0231,INV-16-0231,2024-12,1803607
RCT-16-0232,INV-16-0232,2024-12,1803607
RCT-16-0233,INV-16-0233,2024-12,1803607
RCT-16-0234,INV-16-0234,2024-12,1803607
RCT-16-0235,INV-16-0235,2024-12,1803607
RCT-16-0236,INV-16-0236,2024-12,1803607
RCT-16-0237,INV-16-0237,2024-12,1803607
RCT-16-0238,INV-16-0238,2024-12,1803607
RCT-16-0239,INV-16-0239,2024-12,1803607
RCT-16-0240,INV-16-0240,2024-12,1803607
RCT-16-0241,INV-16-0241,2024-12,1803607
RCT-16-0242,INV-16-0242,2024-12,1803607
RCT-16-0243,INV-16-0243,2024-12,1803607
RCT-16-0244,INV-16-0244,2024-12,1803607
RCT-16-0245,INV-16-0245,2024-12,1803607
RCT-16-0246,INV-16-0246,2024-12,1803607
RCT-16-0247,INV-16-0247,2024-12,1803607
RCT-16-0248,INV-16-0248,2024-12,1803607
RCT-16-0249,INV-16-0249,2024-12,1803607
RCT-16-0250,INV-16-0250,2024-12,1803607
RCT-16-0251,INV-16-0251,2024-12,1803607
RCT-16-0252,INV-16-0252,2024-12,1803607
RCT-16-0253,INV-16-0253,2024-12,1803607
RCT-16-0254,INV-16-0254,2024-12,1803607
RCT-16-0255,INV-16-0255,2024-12,1803607
RCT-16-0256,INV-16-0256,2024-12,1803607
RCT-16-0257,INV-16-0257,2024-12,1803607
RCT-16-0258,INV-16-0258,2024-12,1803607
RCT-16-0259,INV-16-0259,2024-12,1803607
RCT-16-0260,INV-16-0260,2024-12,1803607
RCT-16-0261,INV-16-0261,2024-12,1803607
RCT-16-0262,INV-16-0262,2024-12,1803607
RCT-16-0263,INV-16-0263,2024-12,1803607
RCT-16-0264,INV-16-0264,2024-12,1803607
RCT-16-0265,INV-16-0265,2024-12,1803607
RCT-16-0266,INV-16-0266,2024-12,1803607
RCT-16-0267,INV-16-0267,2024-12,1803607
RCT-16-0268,INV-16-0268,2024-12,1803607
RCT-16-0269,INV-16-0269,2024-12,1803607
RCT-16-0270,INV-16-0270,2024-12,1803607
RCT-16-0271,INV-16-0271,2024-12,1803607
RCT-16-0272,INV-16-0272,2024-12,1803607
RCT-16-0273,INV-16-0273,2024-12,1803607
RCT-16-0274,INV-16-0274,2024-12,1803607
RCT-16-0275,INV-16-0275,2024-12,1803607
RCT-16-0276,INV-16-0276,2024-12,1803607
RCT-16-0277,INV-16-0277,2024-12,1803607
RCT-16-0278,INV-16-0278,2024-12,1803607
RCT-16-0279,INV-16-0279,2024-12,1803607
RCT-16-0280,INV-16-0280,2024-12,1803607
RCT-16-0281,INV-16-0281,2024-12,1803607
RCT-16-0282,INV-16-0282,2024-12,1803607
RCT-16-0283,INV-16-0283,2024-12,1803607
RCT-16-0284,INV-16-0284,2024-12,1803607
RCT-16-0285,INV-16-0285,2024-12,1803607
RCT-16-0286,INV-16-0286,2024-12,1803607
RCT-16-0287,INV-16-0287,2024-12,1803607
RCT-16-0288,INV-16-0288,2024-12,1803607
RCT-16-0289,INV-16-0289,2024-12,1803607
RCT-16-0290,INV-16-0290,2024-12,1803607
RCT-16-0291,INV-16-0291,2024-12,1803607
RCT-16-0292,INV-16-0292,2024-12,1803607
RCT-16-0293,INV-16-0293,2024-12,1803607
RCT-16-0294,INV-16-0294,2024-12,1803607
RCT-16-0295,INV-16-0295,2024-12,1803607
RCT-16-0296,INV-16-0296,2024-12,1803607
RCT-16-0297,INV-16-0297,2024-12,1803607
RCT-16-0298,INV-16-0298,2024-12,1803607
RCT-16-0299,INV-16-0299,2024-12,1803607
RCT-16-0300,INV-16-0300,2024-12,1803607
RCT-16-0301,INV-16-0301,2024-12,1803607
RCT-16-0302,INV-16-0302,2024-12,1803607
RCT-16-0303,INV-16-0303,2024-12,1803607
RCT-16-0304,INV-16-0304,2024-12,1803607
RCT-16-0305,INV-16-0305,2024-12,1803607
RCT-16-0306,INV-16-0306,2024-12,1803607
RCT-16-0307,INV-16-0307,2024-12,1803607
RCT-16-0308,INV-16-0308,2024-12,1803607
RCT-16-0309,INV-16-0309,2024-12,1803607
RCT-16-0310,INV-16-0310,2024-12,1803607
RCT-16-0311,INV-16-0311,2024-12,1803606
RCT-16-0312,INV-16-0312,2024-12,1803606
RCT-16-0313,INV-16-0313,2024-12,1803606
RCT-16-0314,INV-16-0314,2024-12,1803606
RCT-16-0315,INV-16-0315,2024-12,1803606
RCT-16-0316,INV-16-0316,2024-12,1803606
RCT-16-0317,INV-16-0317,2024-12,1803606
RCT-16-0318,INV-16-0318,2024-12,1803606
RCT-16-0319,INV-16-0319,2024-12,1803606
RCT-16-0320,INV-16-0320,2024-12,1803606
RCT-16-0321,INV-16-0321,2024-12,1803606
RCT-16-0322,INV-16-0322,2024-12,1803606
RCT-16-0323,INV-16-0323,2024-12,1803606
RCT-16-0324,INV-16-0324,2024-12,1803606
RCT-16-0325,INV-16-0325,2024-12,1803606
RCT-16-0326,INV-16-0326,2024-12,1803606
RCT-16-0327,INV-16-0327,2024-12,1803606
RCT-16-0328,INV-16-0328,2024-12,1803606
RCT-16-0329,INV-16-0329,2024-12,1803606
RCT-16-0330,INV-16-0330,2024-12,1803606
RCT-16-0331,INV-16-0331,2024-12,1803606
RCT-16-0332,INV-16-0332,2024-12,1803606
RCT-16-0333,INV-16-0333,2024-12,1803606
RCT-16-0334,INV-16-0334,2024-12,1803606
RCT-16-0335,INV-16-0335,2024-12,1803606
RCT-16-0336,INV-16-0336,2024-12,1803606
RCT-16-0337,INV-16-0337,2024-12,1803606
RCT-16-0338,INV-16-0338,2024-12,1803606
RCT-16-0339,INV-16-0339,2024-12,1803606
RCT-16-0340,INV-16-0340,2024-12,1803606
RCT-16-0341,INV-16-0341,2024-12,1803606
RCT-16-0342,INV-16-0342,2024-12,1803606
RCT-16-0343,INV-16-0343,2024-12,1803606
RCT-16-0344,INV-16-0344,2024-12,1803606
RCT-16-0345,INV-16-0345,2024-12,1803606
RCT-16-0346,INV-16-0346,2024-12,1803606
RCT-16-0347,INV-16-0347,2024-12,1803606
RCT-16-0348,INV-16-0348,2024-12,1803606
RCT-16-0349,INV-16-0349,2024-12,1803606
RCT-16-0350,INV-16-0350,2024-12,1803606
RCT-16-0351,INV-16-0351,2024-12,1803606
RCT-16-0352,INV-16-0352,2024-12,1803606
RCT-16-0353,INV-16-0353,2024-12,1803606
RCT-16-0354,INV-16-0354,2024-12,1803606
RCT-16-0355,INV-16-0355,2024-12,1803606
RCT-16-0356,INV-16-0356,2024-12,1803606
RCT-16-0357,INV-16-0357,2024-12,1803606
RCT-16-0358,INV-16-0358,2024-12,1803606
RCT-16-0359,INV-16-0359,2024-12,1803606
RCT-16-0360,INV-16-0360,2024-12,1803606
RCT-16-0361,INV-16-0361,2024-12,1803606
RCT-16-0362,INV-16-0362,2024-12,1803606
RCT-16-0363,INV-16-0363,2024-12,1803606
RCT-16-0364,INV-16-0364,2024-12,1803606
RCT-16-0365,INV-16-0365,2024-12,1803606
RCT-16-0366,INV-16-0366,2024-12,1803606
RCT-16-0367,INV-16-0367,2024-12,1803606
RCT-16-0368,INV-16-0368,2024-12,1803606
RCT-16-0369,INV-16-0369,2024-12,1803606
RCT-16-0370,INV-16-0370,2024-12,1803606
RCT-16-0371,INV-16-0371,2024-12,1803606
RCT-16-0372,INV-16-0372,2024-12,1803606
RCT-16-0373,INV-16-0373,2024-12,1803606
RCT-16-0374,INV-16-0374,2024-12,1803606
RCT-16-0375,INV-16-0375,2024-12,1803606
RCT-16-0376,INV-16-0376,2024-12,1803606
RCT-16-0377,INV-16-0377,2024-12,1803606
RCT-16-0378,INV-16-0378,2024-12,1803606
RCT-16-0379,INV-16-0379,2024-12,1803606
RCT-16-0380,INV-16-0380,2024-12,1803606
RCT-16-0381,INV-16-0381,2024-12,1803606
RCT-16-0382,INV-16-0382,2024-12,1803606
RCT-16-0383,INV-16-0383,2024-12,1803606
RCT-16-0384,INV-16-0384,2024-12,1803606
RCT-16-0385,INV-16-0385,2024-12,1803606
RCT-16-0386,INV-16-0386,2024-12,1803606
RCT-16-0387,INV-16-0387,2024-12,1803606
RCT-16-0388,INV-16-0388,2024-12,1803606
RCT-16-0389,INV-16-0389,2024-12,1803606
RCT-16-0390,INV-16-0390,2024-12,1803606
RCT-16-0391,INV-16-0391,2024-12,1803606
RCT-16-0392,INV-16-0392,2024-12,1803606
RCT-16-0393,INV-16-0393,2024-12,1803606
RCT-16-0394,INV-16-0394,2024-12,1803606
RCT-16-0395,INV-16-0395,2024-12,1803606
RCT-16-0396,INV-16-0396,2024-12,1803606
RCT-16-0397,INV-16-0397,2024-12,1803606
RCT-16-0398,INV-16-0398,2024-12,1803606
RCT-16-0399,INV-16-0399,2024-12,1803606
RCT-16-0400,INV-16-0400,2024-12,1803606
RCT-16-0401,INV-16-0401,2024-12,1803606
RCT-16-0402,INV-16-0402,2024-12,1803606
RCT-16-0403,INV-16-0403,2024-12,1803606
RCT-16-0404,INV-16-0404,2024-12,1803606
RCT-16-0405,INV-16-0405,2024-12,1803606
RCT-16-0406,INV-16-0406,2024-12,1803606
RCT-16-0407,INV-16-0407,2024-12,1803606
RCT-16-0408,INV-16-0408,2024-12,1803606
RCT-16-0409,INV-16-0409,2024-12,1803606
RCT-16-0410,INV-16-0410,2024-12,1803606
RCT-16-0411,INV-16-0411,2024-12,1803606
RCT-16-0412,INV-16-0412,2024-12,1803606
RCT-16-0413,INV-16-0413,2024-12,1803606
RCT-16-0414,INV-16-0414,2024-12,1803606
RCT-16-0415,INV-16-0415,2024-12,1803606
RCT-16-0416,INV-16-0416,2024-12,1803606
RCT-16-0417,INV-16-0417,2024-12,1803606
RCT-16-0418,INV-16-0418,2024-12,1803606
RCT-16-0419,INV-16-0419,2024-12,1803606
RCT-16-0420,INV-16-0420,2024-12,1803606
RCT-16-0421,INV-16-0421,2024-12,1803606
RCT-16-0422,INV-16-0422,2024-12,1803606
RCT-16-0423,INV-16-0423,2024-12,1803606
RCT-16-0424,INV-16-0424,2024-12,1803606
RCT-16-0425,INV-16-0425,2024-12,1803606
RCT-16-0426,INV-16-0426,2024-12,1803606
RCT-16-0427,INV-16-0427,2024-12,1803606
RCT-16-0428,INV-16-0428,2024-12,1803606
RCT-16-0429,INV-16-0429,2024-12,1803606
RCT-16-0430,INV-16-0430,2024-12,1803606
RCT-16-0431,INV-16-0431,2024-12,1803606
RCT-16-0432,INV-16-0432,2024-12,1803606
RCT-16-0433,INV-16-0433,2024-12,1803606
RCT-16-0434,INV-16-0434,2024-12,1803606
RCT-16-0435,INV-16-0435,2024-12,1803606
RCT-16-0436,INV-16-0436,2024-12,1803606
RCT-16-0437,INV-16-0437,2024-12,1803606
RCT-16-0438,INV-16-0438,2024-12,1803606
RCT-16-0439,INV-16-0439,2024-12,1803606
RCT-16-0440,INV-16-0440,2024-12,1803606
RCT-16-0441,INV-16-0441,2024-12,1803606
RCT-16-0442,INV-16-0442,2024-12,1803606
RCT-16-0443,INV-16-0443,2024-12,1803606
RCT-16-0444,INV-16-0444,2024-12,1803606
RCT-16-0445,INV-16-0445,2024-12,1803606
RCT-16-0446,INV-16-0446,2024-12,1803606
RCT-16-0447,INV-16-0447,2024-12,1803606
RCT-16-0448,INV-16-0448,2024-12,1803606
RCT-16-0449,INV-16-0449,2024-12,1803606
RCT-16-0450,INV-16-0450,2024-12,1803606
RCT-16-0451,INV-16-0451,2024-12,1803606
RCT-16-0452,INV-16-0452,2024-12,1803606
RCT-16-0453,INV-16-0453,2024-12,1803606
RCT-16-0454,INV-16-0454,2024-12,1803606
RCT-16-0455,INV-16-0455,2024-12,1803606
RCT-16-0456,INV-16-0456,2024-12,1803606
RCT-16-0457,INV-16-0457,2024-12,1803606
RCT-16-0458,INV-16-0458,2024-12,1803606
RCT-16-0459,INV-16-0459,2024-12,1803606
RCT-16-0460,INV-16-0460,2024-12,1803606
RCT-16-0461,INV-16-0461,2024-12,1803606
RCT-16-0462,INV-16-0462,2024-12,1803606
RCT-16-0463,INV-16-0463,2024-12,1803606
RCT-16-0464,INV-16-0464,2024-12,1803606
RCT-16-0465,INV-16-0465,2024-12,1803606
RCT-16-0466,INV-16-0466,2024-12,1803606
RCT-16-0467,INV-16-0467,2024-12,1803606
RCT-16-0468,INV-16-0468,2024-12,1803606
RCT-16-0469,INV-16-0469,2024-12,1803606
RCT-16-0470,INV-16-0470,2024-12,1803606
RCT-16-0471,INV-16-0471,2024-12,1803606
RCT-16-0472,INV-16-0472,2024-12,1803606
RCT-16-0473,INV-16-0473,2024-12,1803606
RCT-16-0474,INV-16-0474,2024-12,1803606
RCT-16-0475,INV-16-0475,2024-12,1803606
RCT-16-0476,INV-16-0476,2024-12,1803606
RCT-16-0477,INV-16-0477,2024-12,1803606
RCT-16-0478,INV-16-0478,2024-12,1803606
RCT-16-0479,INV-16-0479,2024-12,1803606
RCT-16-0480,INV-16-0480,2024-12,1803606
RCT-16-0481,INV-16-0481,2024-12,1803606
RCT-16-0482,INV-16-0482,2024-12,1803606
RCT-16-0483,INV-16-0483,2024-12,1803606
RCT-16-0484,INV-16-0484,2024-12,1803606
RCT-16-0485,INV-16-0485,2024-12,1803606
RCT-16-0486,INV-16-0486,2024-12,1803606
RCT-16-0487,INV-16-0487,2024-12,1803606
RCT-16-0488,INV-16-0488,2024-12,1803606
RCT-16-0489,INV-16-0489,2024-12,1803606
RCT-16-0490,INV-16-0490,2024-12,1803606
RCT-16-0491,INV-16-0491,2024-12,1803606
RCT-16-0492,INV-16-0492,2024-12,1803606
RCT-16-0493,INV-16-0493,2024-12,1803606
RCT-16-0494,INV-16-0494,2024-12,1803606
RCT-16-0495,INV-16-0495,2024-12,1803606
RCT-16-0496,INV-16-0496,2024-12,1803606
RCT-16-0497,INV-16-0497,2024-12,1803606
RCT-16-0498,INV-16-0498,2024-12,1803606
RCT-16-0499,INV-16-0499,2024-12,1803606
RCT-16-0500,INV-16-0500,2024-12,1803606
RCT-16-SVC,INV-16-SVC,2024-12,137499999
RCT-17-0001,INV-17-0001,2025-01,228000000
RCT-17-0002,INV-17-0002,2025-01,1827655
RCT-17-0003,INV-17-0003,2025-01,1827655
RCT-17-0004,INV-17-0004,2025-01,1827655
RCT-17-0005,INV-17-0005,2025-01,1827655
RCT-17-0006,INV-17-0006,2025-01,1827655
RCT-17-0007,INV-17-0007,2025-01,1827655
RCT-17-0008,INV-17-0008,2025-01,1827655
RCT-17-0009,INV-17-0009,2025-01,1827655
RCT-17-0010,INV-17-0010,2025-01,1827655
RCT-17-0011,INV-17-0011,2025-01,1827655
RCT-17-0012,INV-17-0012,2025-01,1827655
RCT-17-0013,INV-17-0013,2025-01,1827655
RCT-17-0014,INV-17-0014,2025-01,1827655
RCT-17-0015,INV-17-0015,2025-01,1827655
RCT-17-0016,INV-17-0016,2025-01,1827655
RCT-17-0017,INV-17-0017,2025-01,1827655
RCT-17-0018,INV-17-0018,2025-01,1827655
RCT-17-0019,INV-17-0019,2025-01,1827655
RCT-17-0020,INV-17-0020,2025-01,1827655
RCT-17-0021,INV-17-0021,2025-01,1827655
RCT-17-0022,INV-17-0022,2025-01,1827655
RCT-17-0023,INV-17-0023,2025-01,1827655
RCT-17-0024,INV-17-0024,2025-01,1827655
RCT-17-0025,INV-17-0025,2025-01,1827655
RCT-17-0026,INV-17-0026,2025-01,1827655
RCT-17-0027,INV-17-0027,2025-01,1827655
RCT-17-0028,INV-17-0028,2025-01,1827655
RCT-17-0029,INV-17-0029,2025-01,1827655
RCT-17-0030,INV-17-0030,2025-01,1827655
RCT-17-0031,INV-17-0031,2025-01,1827655
RCT-17-0032,INV-17-0032,2025-01,1827655
RCT-17-0033,INV-17-0033,2025-01,1827655
RCT-17-0034,INV-17-0034,2025-01,1827655
RCT-17-0035,INV-17-0035,2025-01,1827655
RCT-17-0036,INV-17-0036,2025-01,1827655
RCT-17-0037,INV-17-0037,2025-01,1827655
RCT-17-0038,INV-17-0038,2025-01,1827655
RCT-17-0039,INV-17-0039,2025-01,1827655
RCT-17-0040,INV-17-0040,2025-01,1827655
RCT-17-0041,INV-17-0041,2025-01,1827655
RCT-17-0042,INV-17-0042,2025-01,1827655
RCT-17-0043,INV-17-0043,2025-01,1827655
RCT-17-0044,INV-17-0044,2025-01,1827655
RCT-17-0045,INV-17-0045,2025-01,1827655
RCT-17-0046,INV-17-0046,2025-01,1827655
RCT-17-0047,INV-17-0047,2025-01,1827655
RCT-17-0048,INV-17-0048,2025-01,1827655
RCT-17-0049,INV-17-0049,2025-01,1827655
RCT-17-0050,INV-17-0050,2025-01,1827655
RCT-17-0051,INV-17-0051,2025-01,1827655
RCT-17-0052,INV-17-0052,2025-01,1827655
RCT-17-0053,INV-17-0053,2025-01,1827655
RCT-17-0054,INV-17-0054,2025-01,1827655
RCT-17-0055,INV-17-0055,2025-01,1827655
RCT-17-0056,INV-17-0056,2025-01,1827655
RCT-17-0057,INV-17-0057,2025-01,1827655
RCT-17-0058,INV-17-0058,2025-01,1827655
RCT-17-0059,INV-17-0059,2025-01,1827655
RCT-17-0060,INV-17-0060,2025-01,1827655
RCT-17-0061,INV-17-0061,2025-01,1827655
RCT-17-0062,INV-17-0062,2025-01,1827655
RCT-17-0063,INV-17-0063,2025-01,1827655
RCT-17-0064,INV-17-0064,2025-01,1827655
RCT-17-0065,INV-17-0065,2025-01,1827655
RCT-17-0066,INV-17-0066,2025-01,1827655
RCT-17-0067,INV-17-0067,2025-01,1827655
RCT-17-0068,INV-17-0068,2025-01,1827655
RCT-17-0069,INV-17-0069,2025-01,1827655
RCT-17-0070,INV-17-0070,2025-01,1827655
RCT-17-0071,INV-17-0071,2025-01,1827655
RCT-17-0072,INV-17-0072,2025-01,1827655
RCT-17-0073,INV-17-0073,2025-01,1827655
RCT-17-0074,INV-17-0074,2025-01,1827655
RCT-17-0075,INV-17-0075,2025-01,1827655
RCT-17-0076,INV-17-0076,2025-01,1827655
RCT-17-0077,INV-17-0077,2025-01,1827655
RCT-17-0078,INV-17-0078,2025-01,1827655
RCT-17-0079,INV-17-0079,2025-01,1827655
RCT-17-0080,INV-17-0080,2025-01,1827655
RCT-17-0081,INV-17-0081,2025-01,1827655
RCT-17-0082,INV-17-0082,2025-01,1827655
RCT-17-0083,INV-17-0083,2025-01,1827655
RCT-17-0084,INV-17-0084,2025-01,1827655
RCT-17-0085,INV-17-0085,2025-01,1827655
RCT-17-0086,INV-17-0086,2025-01,1827655
RCT-17-0087,INV-17-0087,2025-01,1827655
RCT-17-0088,INV-17-0088,2025-01,1827655
RCT-17-0089,INV-17-0089,2025-01,1827655
RCT-17-0090,INV-17-0090,2025-01,1827655
RCT-17-0091,INV-17-0091,2025-01,1827655
RCT-17-0092,INV-17-0092,2025-01,1827655
RCT-17-0093,INV-17-0093,2025-01,1827655
RCT-17-0094,INV-17-0094,2025-01,1827655
RCT-17-0095,INV-17-0095,2025-01,1827655
RCT-17-0096,INV-17-0096,2025-01,1827655
RCT-17-0097,INV-17-0097,2025-01,1827655
RCT-17-0098,INV-17-0098,2025-01,1827655
RCT-17-0099,INV-17-0099,2025-01,1827655
RCT-17-0100,INV-17-0100,2025-01,1827655
RCT-17-0101,INV-17-0101,2025-01,1827655
RCT-17-0102,INV-17-0102,2025-01,1827655
RCT-17-0103,INV-17-0103,2025-01,1827655
RCT-17-0104,INV-17-0104,2025-01,1827655
RCT-17-0105,INV-17-0105,2025-01,1827655
RCT-17-0106,INV-17-0106,2025-01,1827655
RCT-17-0107,INV-17-0107,2025-01,1827655
RCT-17-0108,INV-17-0108,2025-01,1827655
RCT-17-0109,INV-17-0109,2025-01,1827655
RCT-17-0110,INV-17-0110,2025-01,1827655
RCT-17-0111,INV-17-0111,2025-01,1827655
RCT-17-0112,INV-17-0112,2025-01,1827655
RCT-17-0113,INV-17-0113,2025-01,1827655
RCT-17-0114,INV-17-0114,2025-01,1827655
RCT-17-0115,INV-17-0115,2025-01,1827655
RCT-17-0116,INV-17-0116,2025-01,1827655
RCT-17-0117,INV-17-0117,2025-01,1827655
RCT-17-0118,INV-17-0118,2025-01,1827655
RCT-17-0119,INV-17-0119,2025-01,1827655
RCT-17-0120,INV-17-0120,2025-01,1827655
RCT-17-0121,INV-17-0121,2025-01,1827655
RCT-17-0122,INV-17-0122,2025-01,1827655
RCT-17-0123,INV-17-0123,2025-01,1827655
RCT-17-0124,INV-17-0124,2025-01,1827655
RCT-17-0125,INV-17-0125,2025-01,1827655
RCT-17-0126,INV-17-0126,2025-01,1827655
RCT-17-0127,INV-17-0127,2025-01,1827655
RCT-17-0128,INV-17-0128,2025-01,1827655
RCT-17-0129,INV-17-0129,2025-01,1827655
RCT-17-0130,INV-17-0130,2025-01,1827655
RCT-17-0131,INV-17-0131,2025-01,1827655
RCT-17-0132,INV-17-0132,2025-01,1827655
RCT-17-0133,INV-17-0133,2025-01,1827655
RCT-17-0134,INV-17-0134,2025-01,1827655
RCT-17-0135,INV-17-0135,2025-01,1827655
RCT-17-0136,INV-17-0136,2025-01,1827655
RCT-17-0137,INV-17-0137,2025-01,1827655
RCT-17-0138,INV-17-0138,2025-01,1827655
RCT-17-0139,INV-17-0139,2025-01,1827655
RCT-17-0140,INV-17-0140,2025-01,1827655
RCT-17-0141,INV-17-0141,2025-01,1827655
RCT-17-0142,INV-17-0142,2025-01,1827655
RCT-17-0143,INV-17-0143,2025-01,1827655
RCT-17-0144,INV-17-0144,2025-01,1827655
RCT-17-0145,INV-17-0145,2025-01,1827655
RCT-17-0146,INV-17-0146,2025-01,1827655
RCT-17-0147,INV-17-0147,2025-01,1827655
RCT-17-0148,INV-17-0148,2025-01,1827655
RCT-17-0149,INV-17-0149,2025-01,1827655
RCT-17-0150,INV-17-0150,2025-01,1827655
RCT-17-0151,INV-17-0151,2025-01,1827655
RCT-17-0152,INV-17-0152,2025-01,1827655
RCT-17-0153,INV-17-0153,2025-01,1827655
RCT-17-0154,INV-17-0154,2025-01,1827655
RCT-17-0155,INV-17-0155,2025-01,1827655
RCT-17-0156,INV-17-0156,2025-01,1827655
RCT-17-0157,INV-17-0157,2025-01,1827655
RCT-17-0158,INV-17-0158,2025-01,1827655
RCT-17-0159,INV-17-0159,2025-01,1827655
RCT-17-0160,INV-17-0160,2025-01,1827655
RCT-17-0161,INV-17-0161,2025-01,1827655
RCT-17-0162,INV-17-0162,2025-01,1827655
RCT-17-0163,INV-17-0163,2025-01,1827655
RCT-17-0164,INV-17-0164,2025-01,1827655
RCT-17-0165,INV-17-0165,2025-01,1827655
RCT-17-0166,INV-17-0166,2025-01,1827655
RCT-17-0167,INV-17-0167,2025-01,1827655
RCT-17-0168,INV-17-0168,2025-01,1827655
RCT-17-0169,INV-17-0169,2025-01,1827655
RCT-17-0170,INV-17-0170,2025-01,1827655
RCT-17-0171,INV-17-0171,2025-01,1827655
RCT-17-0172,INV-17-0172,2025-01,1827655
RCT-17-0173,INV-17-0173,2025-01,1827655
RCT-17-0174,INV-17-0174,2025-01,1827655
RCT-17-0175,INV-17-0175,2025-01,1827655
RCT-17-0176,INV-17-0176,2025-01,1827655
RCT-17-0177,INV-17-0177,2025-01,1827655
RCT-17-0178,INV-17-0178,2025-01,1827655
RCT-17-0179,INV-17-0179,2025-01,1827655
RCT-17-0180,INV-17-0180,2025-01,1827655
RCT-17-0181,INV-17-0181,2025-01,1827655
RCT-17-0182,INV-17-0182,2025-01,1827655
RCT-17-0183,INV-17-0183,2025-01,1827655
RCT-17-0184,INV-17-0184,2025-01,1827655
RCT-17-0185,INV-17-0185,2025-01,1827655
RCT-17-0186,INV-17-0186,2025-01,1827655
RCT-17-0187,INV-17-0187,2025-01,1827655
RCT-17-0188,INV-17-0188,2025-01,1827655
RCT-17-0189,INV-17-0189,2025-01,1827655
RCT-17-0190,INV-17-0190,2025-01,1827655
RCT-17-0191,INV-17-0191,2025-01,1827655
RCT-17-0192,INV-17-0192,2025-01,1827655
RCT-17-0193,INV-17-0193,2025-01,1827655
RCT-17-0194,INV-17-0194,2025-01,1827655
RCT-17-0195,INV-17-0195,2025-01,1827655
RCT-17-0196,INV-17-0196,2025-01,1827655
RCT-17-0197,INV-17-0197,2025-01,1827655
RCT-17-0198,INV-17-0198,2025-01,1827655
RCT-17-0199,INV-17-0199,2025-01,1827655
RCT-17-0200,INV-17-0200,2025-01,1827655
RCT-17-0201,INV-17-0201,2025-01,1827655
RCT-17-0202,INV-17-0202,2025-01,1827655
RCT-17-0203,INV-17-0203,2025-01,1827655
RCT-17-0204,INV-17-0204,2025-01,1827655
RCT-17-0205,INV-17-0205,2025-01,1827655
RCT-17-0206,INV-17-0206,2025-01,1827655
RCT-17-0207,INV-17-0207,2025-01,1827655
RCT-17-0208,INV-17-0208,2025-01,1827655
RCT-17-0209,INV-17-0209,2025-01,1827655
RCT-17-0210,INV-17-0210,2025-01,1827655
RCT-17-0211,INV-17-0211,2025-01,1827655
RCT-17-0212,INV-17-0212,2025-01,1827655
RCT-17-0213,INV-17-0213,2025-01,1827655
RCT-17-0214,INV-17-0214,2025-01,1827655
RCT-17-0215,INV-17-0215,2025-01,1827655
RCT-17-0216,INV-17-0216,2025-01,1827655
RCT-17-0217,INV-17-0217,2025-01,1827655
RCT-17-0218,INV-17-0218,2025-01,1827655
RCT-17-0219,INV-17-0219,2025-01,1827655
RCT-17-0220,INV-17-0220,2025-01,1827655
RCT-17-0221,INV-17-0221,2025-01,1827655
RCT-17-0222,INV-17-0222,2025-01,1827655
RCT-17-0223,INV-17-0223,2025-01,1827655
RCT-17-0224,INV-17-0224,2025-01,1827655
RCT-17-0225,INV-17-0225,2025-01,1827655
RCT-17-0226,INV-17-0226,2025-01,1827655
RCT-17-0227,INV-17-0227,2025-01,1827655
RCT-17-0228,INV-17-0228,2025-01,1827655
RCT-17-0229,INV-17-0229,2025-01,1827655
RCT-17-0230,INV-17-0230,2025-01,1827655
RCT-17-0231,INV-17-0231,2025-01,1827655
RCT-17-0232,INV-17-0232,2025-01,1827655
RCT-17-0233,INV-17-0233,2025-01,1827655
RCT-17-0234,INV-17-0234,2025-01,1827655
RCT-17-0235,INV-17-0235,2025-01,1827655
RCT-17-0236,INV-17-0236,2025-01,1827655
RCT-17-0237,INV-17-0237,2025-01,1827655
RCT-17-0238,INV-17-0238,2025-01,1827655
RCT-17-0239,INV-17-0239,2025-01,1827655
RCT-17-0240,INV-17-0240,2025-01,1827655
RCT-17-0241,INV-17-0241,2025-01,1827655
RCT-17-0242,INV-17-0242,2025-01,1827655
RCT-17-0243,INV-17-0243,2025-01,1827655
RCT-17-0244,INV-17-0244,2025-01,1827655
RCT-17-0245,INV-17-0245,2025-01,1827655
RCT-17-0246,INV-17-0246,2025-01,1827655
RCT-17-0247,INV-17-0247,2025-01,1827655
RCT-17-0248,INV-17-0248,2025-01,1827655
RCT-17-0249,INV-17-0249,2025-01,1827655
RCT-17-0250,INV-17-0250,2025-01,1827655
RCT-17-0251,INV-17-0251,2025-01,1827655
RCT-17-0252,INV-17-0252,2025-01,1827655
RCT-17-0253,INV-17-0253,2025-01,1827655
RCT-17-0254,INV-17-0254,2025-01,1827655
RCT-17-0255,INV-17-0255,2025-01,1827655
RCT-17-0256,INV-17-0256,2025-01,1827655
RCT-17-0257,INV-17-0257,2025-01,1827655
RCT-17-0258,INV-17-0258,2025-01,1827655
RCT-17-0259,INV-17-0259,2025-01,1827655
RCT-17-0260,INV-17-0260,2025-01,1827655
RCT-17-0261,INV-17-0261,2025-01,1827655
RCT-17-0262,INV-17-0262,2025-01,1827655
RCT-17-0263,INV-17-0263,2025-01,1827655
RCT-17-0264,INV-17-0264,2025-01,1827655
RCT-17-0265,INV-17-0265,2025-01,1827655
RCT-17-0266,INV-17-0266,2025-01,1827655
RCT-17-0267,INV-17-0267,2025-01,1827655
RCT-17-0268,INV-17-0268,2025-01,1827655
RCT-17-0269,INV-17-0269,2025-01,1827655
RCT-17-0270,INV-17-0270,2025-01,1827655
RCT-17-0271,INV-17-0271,2025-01,1827655
RCT-17-0272,INV-17-0272,2025-01,1827655
RCT-17-0273,INV-17-0273,2025-01,1827655
RCT-17-0274,INV-17-0274,2025-01,1827655
RCT-17-0275,INV-17-0275,2025-01,1827655
RCT-17-0276,INV-17-0276,2025-01,1827655
RCT-17-0277,INV-17-0277,2025-01,1827655
RCT-17-0278,INV-17-0278,2025-01,1827655
RCT-17-0279,INV-17-0279,2025-01,1827655
RCT-17-0280,INV-17-0280,2025-01,1827655
RCT-17-0281,INV-17-0281,2025-01,1827655
RCT-17-0282,INV-17-0282,2025-01,1827655
RCT-17-0283,INV-17-0283,2025-01,1827655
RCT-17-0284,INV-17-0284,2025-01,1827655
RCT-17-0285,INV-17-0285,2025-01,1827655
RCT-17-0286,INV-17-0286,2025-01,1827655
RCT-17-0287,INV-17-0287,2025-01,1827655
RCT-17-0288,INV-17-0288,2025-01,1827655
RCT-17-0289,INV-17-0289,2025-01,1827655
RCT-17-0290,INV-17-0290,2025-01,1827655
RCT-17-0291,INV-17-0291,2025-01,1827655
RCT-17-0292,INV-17-0292,2025-01,1827655
RCT-17-0293,INV-17-0293,2025-01,1827655
RCT-17-0294,INV-17-0294,2025-01,1827655
RCT-17-0295,INV-17-0295,2025-01,1827655
RCT-17-0296,INV-17-0296,2025-01,1827655
RCT-17-0297,INV-17-0297,2025-01,1827655
RCT-17-0298,INV-17-0298,2025-01,1827655
RCT-17-0299,INV-17-0299,2025-01,1827655
RCT-17-0300,INV-17-0300,2025-01,1827655
RCT-17-0301,INV-17-0301,2025-01,1827655
RCT-17-0302,INV-17-0302,2025-01,1827655
RCT-17-0303,INV-17-0303,2025-01,1827655
RCT-17-0304,INV-17-0304,2025-01,1827655
RCT-17-0305,INV-17-0305,2025-01,1827655
RCT-17-0306,INV-17-0306,2025-01,1827655
RCT-17-0307,INV-17-0307,2025-01,1827655
RCT-17-0308,INV-17-0308,2025-01,1827655
RCT-17-0309,INV-17-0309,2025-01,1827655
RCT-17-0310,INV-17-0310,2025-01,1827655
RCT-17-0311,INV-17-0311,2025-01,1827654
RCT-17-0312,INV-17-0312,2025-01,1827654
RCT-17-0313,INV-17-0313,2025-01,1827654
RCT-17-0314,INV-17-0314,2025-01,1827654
RCT-17-0315,INV-17-0315,2025-01,1827654
RCT-17-0316,INV-17-0316,2025-01,1827654
RCT-17-0317,INV-17-0317,2025-01,1827654
RCT-17-0318,INV-17-0318,2025-01,1827654
RCT-17-0319,INV-17-0319,2025-01,1827654
RCT-17-0320,INV-17-0320,2025-01,1827654
RCT-17-0321,INV-17-0321,2025-01,1827654
RCT-17-0322,INV-17-0322,2025-01,1827654
RCT-17-0323,INV-17-0323,2025-01,1827654
RCT-17-0324,INV-17-0324,2025-01,1827654
RCT-17-0325,INV-17-0325,2025-01,1827654
RCT-17-0326,INV-17-0326,2025-01,1827654
RCT-17-0327,INV-17-0327,2025-01,1827654
RCT-17-0328,INV-17-0328,2025-01,1827654
RCT-17-0329,INV-17-0329,2025-01,1827654
RCT-17-0330,INV-17-0330,2025-01,1827654
RCT-17-0331,INV-17-0331,2025-01,1827654
RCT-17-0332,INV-17-0332,2025-01,1827654
RCT-17-0333,INV-17-0333,2025-01,1827654
RCT-17-0334,INV-17-0334,2025-01,1827654
RCT-17-0335,INV-17-0335,2025-01,1827654
RCT-17-0336,INV-17-0336,2025-01,1827654
RCT-17-0337,INV-17-0337,2025-01,1827654
RCT-17-0338,INV-17-0338,2025-01,1827654
RCT-17-0339,INV-17-0339,2025-01,1827654
RCT-17-0340,INV-17-0340,2025-01,1827654
RCT-17-0341,INV-17-0341,2025-01,1827654
RCT-17-0342,INV-17-0342,2025-01,1827654
RCT-17-0343,INV-17-0343,2025-01,1827654
RCT-17-0344,INV-17-0344,2025-01,1827654
RCT-17-0345,INV-17-0345,2025-01,1827654
RCT-17-0346,INV-17-0346,2025-01,1827654
RCT-17-0347,INV-17-0347,2025-01,1827654
RCT-17-0348,INV-17-0348,2025-01,1827654
RCT-17-0349,INV-17-0349,2025-01,1827654
RCT-17-0350,INV-17-0350,2025-01,1827654
RCT-17-0351,INV-17-0351,2025-01,1827654
RCT-17-0352,INV-17-0352,2025-01,1827654
RCT-17-0353,INV-17-0353,2025-01,1827654
RCT-17-0354,INV-17-0354,2025-01,1827654
RCT-17-0355,INV-17-0355,2025-01,1827654
RCT-17-0356,INV-17-0356,2025-01,1827654
RCT-17-0357,INV-17-0357,2025-01,1827654
RCT-17-0358,INV-17-0358,2025-01,1827654
RCT-17-0359,INV-17-0359,2025-01,1827654
RCT-17-0360,INV-17-0360,2025-01,1827654
RCT-17-0361,INV-17-0361,2025-01,1827654
RCT-17-0362,INV-17-0362,2025-01,1827654
RCT-17-0363,INV-17-0363,2025-01,1827654
RCT-17-0364,INV-17-0364,2025-01,1827654
RCT-17-0365,INV-17-0365,2025-01,1827654
RCT-17-0366,INV-17-0366,2025-01,1827654
RCT-17-0367,INV-17-0367,2025-01,1827654
RCT-17-0368,INV-17-0368,2025-01,1827654
RCT-17-0369,INV-17-0369,2025-01,1827654
RCT-17-0370,INV-17-0370,2025-01,1827654
RCT-17-0371,INV-17-0371,2025-01,1827654
RCT-17-0372,INV-17-0372,2025-01,1827654
RCT-17-0373,INV-17-0373,2025-01,1827654
RCT-17-0374,INV-17-0374,2025-01,1827654
RCT-17-0375,INV-17-0375,2025-01,1827654
RCT-17-0376,INV-17-0376,2025-01,1827654
RCT-17-0377,INV-17-0377,2025-01,1827654
RCT-17-0378,INV-17-0378,2025-01,1827654
RCT-17-0379,INV-17-0379,2025-01,1827654
RCT-17-0380,INV-17-0380,2025-01,1827654
RCT-17-0381,INV-17-0381,2025-01,1827654
RCT-17-0382,INV-17-0382,2025-01,1827654
RCT-17-0383,INV-17-0383,2025-01,1827654
RCT-17-0384,INV-17-0384,2025-01,1827654
RCT-17-0385,INV-17-0385,2025-01,1827654
RCT-17-0386,INV-17-0386,2025-01,1827654
RCT-17-0387,INV-17-0387,2025-01,1827654
RCT-17-0388,INV-17-0388,2025-01,1827654
RCT-17-0389,INV-17-0389,2025-01,1827654
RCT-17-0390,INV-17-0390,2025-01,1827654
RCT-17-0391,INV-17-0391,2025-01,1827654
RCT-17-0392,INV-17-0392,2025-01,1827654
RCT-17-0393,INV-17-0393,2025-01,1827654
RCT-17-0394,INV-17-0394,2025-01,1827654
RCT-17-0395,INV-17-0395,2025-01,1827654
RCT-17-0396,INV-17-0396,2025-01,1827654
RCT-17-0397,INV-17-0397,2025-01,1827654
RCT-17-0398,INV-17-0398,2025-01,1827654
RCT-17-0399,INV-17-0399,2025-01,1827654
RCT-17-0400,INV-17-0400,2025-01,1827654
RCT-17-0401,INV-17-0401,2025-01,1827654
RCT-17-0402,INV-17-0402,2025-01,1827654
RCT-17-0403,INV-17-0403,2025-01,1827654
RCT-17-0404,INV-17-0404,2025-01,1827654
RCT-17-0405,INV-17-0405,2025-01,1827654
RCT-17-0406,INV-17-0406,2025-01,1827654
RCT-17-0407,INV-17-0407,2025-01,1827654
RCT-17-0408,INV-17-0408,2025-01,1827654
RCT-17-0409,INV-17-0409,2025-01,1827654
RCT-17-0410,INV-17-0410,2025-01,1827654
RCT-17-0411,INV-17-0411,2025-01,1827654
RCT-17-0412,INV-17-0412,2025-01,1827654
RCT-17-0413,INV-17-0413,2025-01,1827654
RCT-17-0414,INV-17-0414,2025-01,1827654
RCT-17-0415,INV-17-0415,2025-01,1827654
RCT-17-0416,INV-17-0416,2025-01,1827654
RCT-17-0417,INV-17-0417,2025-01,1827654
RCT-17-0418,INV-17-0418,2025-01,1827654
RCT-17-0419,INV-17-0419,2025-01,1827654
RCT-17-0420,INV-17-0420,2025-01,1827654
RCT-17-0421,INV-17-0421,2025-01,1827654
RCT-17-0422,INV-17-0422,2025-01,1827654
RCT-17-0423,INV-17-0423,2025-01,1827654
RCT-17-0424,INV-17-0424,2025-01,1827654
RCT-17-0425,INV-17-0425,2025-01,1827654
RCT-17-0426,INV-17-0426,2025-01,1827654
RCT-17-0427,INV-17-0427,2025-01,1827654
RCT-17-0428,INV-17-0428,2025-01,1827654
RCT-17-0429,INV-17-0429,2025-01,1827654
RCT-17-0430,INV-17-0430,2025-01,1827654
RCT-17-0431,INV-17-0431,2025-01,1827654
RCT-17-0432,INV-17-0432,2025-01,1827654
RCT-17-0433,INV-17-0433,2025-01,1827654
RCT-17-0434,INV-17-0434,2025-01,1827654
RCT-17-0435,INV-17-0435,2025-01,1827654
RCT-17-0436,INV-17-0436,2025-01,1827654
RCT-17-0437,INV-17-0437,2025-01,1827654
RCT-17-0438,INV-17-0438,2025-01,1827654
RCT-17-0439,INV-17-0439,2025-01,1827654
RCT-17-0440,INV-17-0440,2025-01,1827654
RCT-17-0441,INV-17-0441,2025-01,1827654
RCT-17-0442,INV-17-0442,2025-01,1827654
RCT-17-0443,INV-17-0443,2025-01,1827654
RCT-17-0444,INV-17-0444,2025-01,1827654
RCT-17-0445,INV-17-0445,2025-01,1827654
RCT-17-0446,INV-17-0446,2025-01,1827654
RCT-17-0447,INV-17-0447,2025-01,1827654
RCT-17-0448,INV-17-0448,2025-01,1827654
RCT-17-0449,INV-17-0449,2025-01,1827654
RCT-17-0450,INV-17-0450,2025-01,1827654
RCT-17-0451,INV-17-0451,2025-01,1827654
RCT-17-0452,INV-17-0452,2025-01,1827654
RCT-17-0453,INV-17-0453,2025-01,1827654
RCT-17-0454,INV-17-0454,2025-01,1827654
RCT-17-0455,INV-17-0455,2025-01,1827654
RCT-17-0456,INV-17-0456,2025-01,1827654
RCT-17-0457,INV-17-0457,2025-01,1827654
RCT-17-0458,INV-17-0458,2025-01,1827654
RCT-17-0459,INV-17-0459,2025-01,1827654
RCT-17-0460,INV-17-0460,2025-01,1827654
RCT-17-0461,INV-17-0461,2025-01,1827654
RCT-17-0462,INV-17-0462,2025-01,1827654
RCT-17-0463,INV-17-0463,2025-01,1827654
RCT-17-0464,INV-17-0464,2025-01,1827654
RCT-17-0465,INV-17-0465,2025-01,1827654
RCT-17-0466,INV-17-0466,2025-01,1827654
RCT-17-0467,INV-17-0467,2025-01,1827654
RCT-17-0468,INV-17-0468,2025-01,1827654
RCT-17-0469,INV-17-0469,2025-01,1827654
RCT-17-0470,INV-17-0470,2025-01,1827654
RCT-17-0471,INV-17-0471,2025-01,1827654
RCT-17-0472,INV-17-0472,2025-01,1827654
RCT-17-0473,INV-17-0473,2025-01,1827654
RCT-17-0474,INV-17-0474,2025-01,1827654
RCT-17-0475,INV-17-0475,2025-01,1827654
RCT-17-0476,INV-17-0476,2025-01,1827654
RCT-17-0477,INV-17-0477,2025-01,1827654
RCT-17-0478,INV-17-0478,2025-01,1827654
RCT-17-0479,INV-17-0479,2025-01,1827654
RCT-17-0480,INV-17-0480,2025-01,1827654
RCT-17-0481,INV-17-0481,2025-01,1827654
RCT-17-0482,INV-17-0482,2025-01,1827654
RCT-17-0483,INV-17-0483,2025-01,1827654
RCT-17-0484,INV-17-0484,2025-01,1827654
RCT-17-0485,INV-17-0485,2025-01,1827654
RCT-17-0486,INV-17-0486,2025-01,1827654
RCT-17-0487,INV-17-0487,2025-01,1827654
RCT-17-0488,INV-17-0488,2025-01,1827654
RCT-17-0489,INV-17-0489,2025-01,1827654
RCT-17-0490,INV-17-0490,2025-01,1827654
RCT-17-0491,INV-17-0491,2025-01,1827654
RCT-17-0492,INV-17-0492,2025-01,1827654
RCT-17-0493,INV-17-0493,2025-01,1827654
RCT-17-0494,INV-17-0494,2025-01,1827654
RCT-17-0495,INV-17-0495,2025-01,1827654
RCT-17-0496,INV-17-0496,2025-01,1827654
RCT-17-0497,INV-17-0497,2025-01,1827654
RCT-17-0498,INV-17-0498,2025-01,1827654
RCT-17-0499,INV-17-0499,2025-01,1827654
RCT-17-0500,INV-17-0500,2025-01,1827654
RCT-17-SVC,INV-17-SVC,2025-01,139333333
RCT-18-0001,INV-18-0001,2025-02,231000000
RCT-18-0002,INV-18-0002,2025-02,1851703
RCT-18-0003,INV-18-0003,2025-02,1851703
RCT-18-0004,INV-18-0004,2025-02,1851703
RCT-18-0005,INV-18-0005,2025-02,1851703
RCT-18-0006,INV-18-0006,2025-02,1851703
RCT-18-0007,INV-18-0007,2025-02,1851703
RCT-18-0008,INV-18-0008,2025-02,1851703
RCT-18-0009,INV-18-0009,2025-02,1851703
RCT-18-0010,INV-18-0010,2025-02,1851703
RCT-18-0011,INV-18-0011,2025-02,1851703
RCT-18-0012,INV-18-0012,2025-02,1851703
RCT-18-0013,INV-18-0013,2025-02,1851703
RCT-18-0014,INV-18-0014,2025-02,1851703
RCT-18-0015,INV-18-0015,2025-02,1851703
RCT-18-0016,INV-18-0016,2025-02,1851703
RCT-18-0017,INV-18-0017,2025-02,1851703
RCT-18-0018,INV-18-0018,2025-02,1851703
RCT-18-0019,INV-18-0019,2025-02,1851703
RCT-18-0020,INV-18-0020,2025-02,1851703
RCT-18-0021,INV-18-0021,2025-02,1851703
RCT-18-0022,INV-18-0022,2025-02,1851703
RCT-18-0023,INV-18-0023,2025-02,1851703
RCT-18-0024,INV-18-0024,2025-02,1851703
RCT-18-0025,INV-18-0025,2025-02,1851703
RCT-18-0026,INV-18-0026,2025-02,1851703
RCT-18-0027,INV-18-0027,2025-02,1851703
RCT-18-0028,INV-18-0028,2025-02,1851703
RCT-18-0029,INV-18-0029,2025-02,1851703
RCT-18-0030,INV-18-0030,2025-02,1851703
RCT-18-0031,INV-18-0031,2025-02,1851703
RCT-18-0032,INV-18-0032,2025-02,1851703
RCT-18-0033,INV-18-0033,2025-02,1851703
RCT-18-0034,INV-18-0034,2025-02,1851703
RCT-18-0035,INV-18-0035,2025-02,1851703
RCT-18-0036,INV-18-0036,2025-02,1851703
RCT-18-0037,INV-18-0037,2025-02,1851703
RCT-18-0038,INV-18-0038,2025-02,1851703
RCT-18-0039,INV-18-0039,2025-02,1851703
RCT-18-0040,INV-18-0040,2025-02,1851703
RCT-18-0041,INV-18-0041,2025-02,1851703
RCT-18-0042,INV-18-0042,2025-02,1851703
RCT-18-0043,INV-18-0043,2025-02,1851703
RCT-18-0044,INV-18-0044,2025-02,1851703
RCT-18-0045,INV-18-0045,2025-02,1851703
RCT-18-0046,INV-18-0046,2025-02,1851703
RCT-18-0047,INV-18-0047,2025-02,1851703
RCT-18-0048,INV-18-0048,2025-02,1851703
RCT-18-0049,INV-18-0049,2025-02,1851703
RCT-18-0050,INV-18-0050,2025-02,1851703
RCT-18-0051,INV-18-0051,2025-02,1851703
RCT-18-0052,INV-18-0052,2025-02,1851703
RCT-18-0053,INV-18-0053,2025-02,1851703
RCT-18-0054,INV-18-0054,2025-02,1851703
RCT-18-0055,INV-18-0055,2025-02,1851703
RCT-18-0056,INV-18-0056,2025-02,1851703
RCT-18-0057,INV-18-0057,2025-02,1851703
RCT-18-0058,INV-18-0058,2025-02,1851703
RCT-18-0059,INV-18-0059,2025-02,1851703
RCT-18-0060,INV-18-0060,2025-02,1851703
RCT-18-0061,INV-18-0061,2025-02,1851703
RCT-18-0062,INV-18-0062,2025-02,1851703
RCT-18-0063,INV-18-0063,2025-02,1851703
RCT-18-0064,INV-18-0064,2025-02,1851703
RCT-18-0065,INV-18-0065,2025-02,1851703
RCT-18-0066,INV-18-0066,2025-02,1851703
RCT-18-0067,INV-18-0067,2025-02,1851703
RCT-18-0068,INV-18-0068,2025-02,1851703
RCT-18-0069,INV-18-0069,2025-02,1851703
RCT-18-0070,INV-18-0070,2025-02,1851703
RCT-18-0071,INV-18-0071,2025-02,1851703
RCT-18-0072,INV-18-0072,2025-02,1851703
RCT-18-0073,INV-18-0073,2025-02,1851703
RCT-18-0074,INV-18-0074,2025-02,1851703
RCT-18-0075,INV-18-0075,2025-02,1851703
RCT-18-0076,INV-18-0076,2025-02,1851703
RCT-18-0077,INV-18-0077,2025-02,1851703
RCT-18-0078,INV-18-0078,2025-02,1851703
RCT-18-0079,INV-18-0079,2025-02,1851703
RCT-18-0080,INV-18-0080,2025-02,1851703
RCT-18-0081,INV-18-0081,2025-02,1851703
RCT-18-0082,INV-18-0082,2025-02,1851703
RCT-18-0083,INV-18-0083,2025-02,1851703
RCT-18-0084,INV-18-0084,2025-02,1851703
RCT-18-0085,INV-18-0085,2025-02,1851703
RCT-18-0086,INV-18-0086,2025-02,1851703
RCT-18-0087,INV-18-0087,2025-02,1851703
RCT-18-0088,INV-18-0088,2025-02,1851703
RCT-18-0089,INV-18-0089,2025-02,1851703
RCT-18-0090,INV-18-0090,2025-02,1851703
RCT-18-0091,INV-18-0091,2025-02,1851703
RCT-18-0092,INV-18-0092,2025-02,1851703
RCT-18-0093,INV-18-0093,2025-02,1851703
RCT-18-0094,INV-18-0094,2025-02,1851703
RCT-18-0095,INV-18-0095,2025-02,1851703
RCT-18-0096,INV-18-0096,2025-02,1851703
RCT-18-0097,INV-18-0097,2025-02,1851703
RCT-18-0098,INV-18-0098,2025-02,1851703
RCT-18-0099,INV-18-0099,2025-02,1851703
RCT-18-0100,INV-18-0100,2025-02,1851703
RCT-18-0101,INV-18-0101,2025-02,1851703
RCT-18-0102,INV-18-0102,2025-02,1851703
RCT-18-0103,INV-18-0103,2025-02,1851703
RCT-18-0104,INV-18-0104,2025-02,1851703
RCT-18-0105,INV-18-0105,2025-02,1851703
RCT-18-0106,INV-18-0106,2025-02,1851703
RCT-18-0107,INV-18-0107,2025-02,1851703
RCT-18-0108,INV-18-0108,2025-02,1851703
RCT-18-0109,INV-18-0109,2025-02,1851703
RCT-18-0110,INV-18-0110,2025-02,1851703
RCT-18-0111,INV-18-0111,2025-02,1851703
RCT-18-0112,INV-18-0112,2025-02,1851703
RCT-18-0113,INV-18-0113,2025-02,1851703
RCT-18-0114,INV-18-0114,2025-02,1851703
RCT-18-0115,INV-18-0115,2025-02,1851703
RCT-18-0116,INV-18-0116,2025-02,1851703
RCT-18-0117,INV-18-0117,2025-02,1851703
RCT-18-0118,INV-18-0118,2025-02,1851703
RCT-18-0119,INV-18-0119,2025-02,1851703
RCT-18-0120,INV-18-0120,2025-02,1851703
RCT-18-0121,INV-18-0121,2025-02,1851703
RCT-18-0122,INV-18-0122,2025-02,1851703
RCT-18-0123,INV-18-0123,2025-02,1851703
RCT-18-0124,INV-18-0124,2025-02,1851703
RCT-18-0125,INV-18-0125,2025-02,1851703
RCT-18-0126,INV-18-0126,2025-02,1851703
RCT-18-0127,INV-18-0127,2025-02,1851703
RCT-18-0128,INV-18-0128,2025-02,1851703
RCT-18-0129,INV-18-0129,2025-02,1851703
RCT-18-0130,INV-18-0130,2025-02,1851703
RCT-18-0131,INV-18-0131,2025-02,1851703
RCT-18-0132,INV-18-0132,2025-02,1851703
RCT-18-0133,INV-18-0133,2025-02,1851703
RCT-18-0134,INV-18-0134,2025-02,1851703
RCT-18-0135,INV-18-0135,2025-02,1851703
RCT-18-0136,INV-18-0136,2025-02,1851703
RCT-18-0137,INV-18-0137,2025-02,1851703
RCT-18-0138,INV-18-0138,2025-02,1851703
RCT-18-0139,INV-18-0139,2025-02,1851703
RCT-18-0140,INV-18-0140,2025-02,1851703
RCT-18-0141,INV-18-0141,2025-02,1851703
RCT-18-0142,INV-18-0142,2025-02,1851703
RCT-18-0143,INV-18-0143,2025-02,1851703
RCT-18-0144,INV-18-0144,2025-02,1851703
RCT-18-0145,INV-18-0145,2025-02,1851703
RCT-18-0146,INV-18-0146,2025-02,1851703
RCT-18-0147,INV-18-0147,2025-02,1851703
RCT-18-0148,INV-18-0148,2025-02,1851703
RCT-18-0149,INV-18-0149,2025-02,1851703
RCT-18-0150,INV-18-0150,2025-02,1851703
RCT-18-0151,INV-18-0151,2025-02,1851703
RCT-18-0152,INV-18-0152,2025-02,1851703
RCT-18-0153,INV-18-0153,2025-02,1851703
RCT-18-0154,INV-18-0154,2025-02,1851703
RCT-18-0155,INV-18-0155,2025-02,1851703
RCT-18-0156,INV-18-0156,2025-02,1851703
RCT-18-0157,INV-18-0157,2025-02,1851703
RCT-18-0158,INV-18-0158,2025-02,1851703
RCT-18-0159,INV-18-0159,2025-02,1851703
RCT-18-0160,INV-18-0160,2025-02,1851703
RCT-18-0161,INV-18-0161,2025-02,1851703
RCT-18-0162,INV-18-0162,2025-02,1851703
RCT-18-0163,INV-18-0163,2025-02,1851703
RCT-18-0164,INV-18-0164,2025-02,1851703
RCT-18-0165,INV-18-0165,2025-02,1851703
RCT-18-0166,INV-18-0166,2025-02,1851703
RCT-18-0167,INV-18-0167,2025-02,1851703
RCT-18-0168,INV-18-0168,2025-02,1851703
RCT-18-0169,INV-18-0169,2025-02,1851703
RCT-18-0170,INV-18-0170,2025-02,1851703
RCT-18-0171,INV-18-0171,2025-02,1851703
RCT-18-0172,INV-18-0172,2025-02,1851703
RCT-18-0173,INV-18-0173,2025-02,1851703
RCT-18-0174,INV-18-0174,2025-02,1851703
RCT-18-0175,INV-18-0175,2025-02,1851703
RCT-18-0176,INV-18-0176,2025-02,1851703
RCT-18-0177,INV-18-0177,2025-02,1851703
RCT-18-0178,INV-18-0178,2025-02,1851703
RCT-18-0179,INV-18-0179,2025-02,1851703
RCT-18-0180,INV-18-0180,2025-02,1851703
RCT-18-0181,INV-18-0181,2025-02,1851703
RCT-18-0182,INV-18-0182,2025-02,1851703
RCT-18-0183,INV-18-0183,2025-02,1851703
RCT-18-0184,INV-18-0184,2025-02,1851703
RCT-18-0185,INV-18-0185,2025-02,1851703
RCT-18-0186,INV-18-0186,2025-02,1851703
RCT-18-0187,INV-18-0187,2025-02,1851703
RCT-18-0188,INV-18-0188,2025-02,1851703
RCT-18-0189,INV-18-0189,2025-02,1851703
RCT-18-0190,INV-18-0190,2025-02,1851703
RCT-18-0191,INV-18-0191,2025-02,1851703
RCT-18-0192,INV-18-0192,2025-02,1851703
RCT-18-0193,INV-18-0193,2025-02,1851703
RCT-18-0194,INV-18-0194,2025-02,1851703
RCT-18-0195,INV-18-0195,2025-02,1851703
RCT-18-0196,INV-18-0196,2025-02,1851703
RCT-18-0197,INV-18-0197,2025-02,1851703
RCT-18-0198,INV-18-0198,2025-02,1851703
RCT-18-0199,INV-18-0199,2025-02,1851703
RCT-18-0200,INV-18-0200,2025-02,1851703
RCT-18-0201,INV-18-0201,2025-02,1851703
RCT-18-0202,INV-18-0202,2025-02,1851703
RCT-18-0203,INV-18-0203,2025-02,1851703
RCT-18-0204,INV-18-0204,2025-02,1851703
RCT-18-0205,INV-18-0205,2025-02,1851703
RCT-18-0206,INV-18-0206,2025-02,1851703
RCT-18-0207,INV-18-0207,2025-02,1851703
RCT-18-0208,INV-18-0208,2025-02,1851703
RCT-18-0209,INV-18-0209,2025-02,1851703
RCT-18-0210,INV-18-0210,2025-02,1851703
RCT-18-0211,INV-18-0211,2025-02,1851703
RCT-18-0212,INV-18-0212,2025-02,1851703
RCT-18-0213,INV-18-0213,2025-02,1851703
RCT-18-0214,INV-18-0214,2025-02,1851703
RCT-18-0215,INV-18-0215,2025-02,1851703
RCT-18-0216,INV-18-0216,2025-02,1851703
RCT-18-0217,INV-18-0217,2025-02,1851703
RCT-18-0218,INV-18-0218,2025-02,1851703
RCT-18-0219,INV-18-0219,2025-02,1851703
RCT-18-0220,INV-18-0220,2025-02,1851703
RCT-18-0221,INV-18-0221,2025-02,1851703
RCT-18-0222,INV-18-0222,2025-02,1851703
RCT-18-0223,INV-18-0223,2025-02,1851703
RCT-18-0224,INV-18-0224,2025-02,1851703
RCT-18-0225,INV-18-0225,2025-02,1851703
RCT-18-0226,INV-18-0226,2025-02,1851703
RCT-18-0227,INV-18-0227,2025-02,1851703
RCT-18-0228,INV-18-0228,2025-02,1851703
RCT-18-0229,INV-18-0229,2025-02,1851703
RCT-18-0230,INV-18-0230,2025-02,1851703
RCT-18-0231,INV-18-0231,2025-02,1851703
RCT-18-0232,INV-18-0232,2025-02,1851703
RCT-18-0233,INV-18-0233,2025-02,1851703
RCT-18-0234,INV-18-0234,2025-02,1851703
RCT-18-0235,INV-18-0235,2025-02,1851703
RCT-18-0236,INV-18-0236,2025-02,1851703
RCT-18-0237,INV-18-0237,2025-02,1851703
RCT-18-0238,INV-18-0238,2025-02,1851703
RCT-18-0239,INV-18-0239,2025-02,1851703
RCT-18-0240,INV-18-0240,2025-02,1851703
RCT-18-0241,INV-18-0241,2025-02,1851703
RCT-18-0242,INV-18-0242,2025-02,1851703
RCT-18-0243,INV-18-0243,2025-02,1851703
RCT-18-0244,INV-18-0244,2025-02,1851703
RCT-18-0245,INV-18-0245,2025-02,1851703
RCT-18-0246,INV-18-0246,2025-02,1851703
RCT-18-0247,INV-18-0247,2025-02,1851703
RCT-18-0248,INV-18-0248,2025-02,1851703
RCT-18-0249,INV-18-0249,2025-02,1851703
RCT-18-0250,INV-18-0250,2025-02,1851703
RCT-18-0251,INV-18-0251,2025-02,1851703
RCT-18-0252,INV-18-0252,2025-02,1851703
RCT-18-0253,INV-18-0253,2025-02,1851703
RCT-18-0254,INV-18-0254,2025-02,1851703
RCT-18-0255,INV-18-0255,2025-02,1851703
RCT-18-0256,INV-18-0256,2025-02,1851703
RCT-18-0257,INV-18-0257,2025-02,1851703
RCT-18-0258,INV-18-0258,2025-02,1851703
RCT-18-0259,INV-18-0259,2025-02,1851703
RCT-18-0260,INV-18-0260,2025-02,1851703
RCT-18-0261,INV-18-0261,2025-02,1851703
RCT-18-0262,INV-18-0262,2025-02,1851703
RCT-18-0263,INV-18-0263,2025-02,1851703
RCT-18-0264,INV-18-0264,2025-02,1851703
RCT-18-0265,INV-18-0265,2025-02,1851703
RCT-18-0266,INV-18-0266,2025-02,1851703
RCT-18-0267,INV-18-0267,2025-02,1851703
RCT-18-0268,INV-18-0268,2025-02,1851703
RCT-18-0269,INV-18-0269,2025-02,1851703
RCT-18-0270,INV-18-0270,2025-02,1851703
RCT-18-0271,INV-18-0271,2025-02,1851703
RCT-18-0272,INV-18-0272,2025-02,1851703
RCT-18-0273,INV-18-0273,2025-02,1851703
RCT-18-0274,INV-18-0274,2025-02,1851703
RCT-18-0275,INV-18-0275,2025-02,1851703
RCT-18-0276,INV-18-0276,2025-02,1851703
RCT-18-0277,INV-18-0277,2025-02,1851703
RCT-18-0278,INV-18-0278,2025-02,1851703
RCT-18-0279,INV-18-0279,2025-02,1851703
RCT-18-0280,INV-18-0280,2025-02,1851703
RCT-18-0281,INV-18-0281,2025-02,1851703
RCT-18-0282,INV-18-0282,2025-02,1851703
RCT-18-0283,INV-18-0283,2025-02,1851703
RCT-18-0284,INV-18-0284,2025-02,1851703
RCT-18-0285,INV-18-0285,2025-02,1851703
RCT-18-0286,INV-18-0286,2025-02,1851703
RCT-18-0287,INV-18-0287,2025-02,1851703
RCT-18-0288,INV-18-0288,2025-02,1851703
RCT-18-0289,INV-18-0289,2025-02,1851703
RCT-18-0290,INV-18-0290,2025-02,1851703
RCT-18-0291,INV-18-0291,2025-02,1851703
RCT-18-0292,INV-18-0292,2025-02,1851703
RCT-18-0293,INV-18-0293,2025-02,1851703
RCT-18-0294,INV-18-0294,2025-02,1851703
RCT-18-0295,INV-18-0295,2025-02,1851703
RCT-18-0296,INV-18-0296,2025-02,1851703
RCT-18-0297,INV-18-0297,2025-02,1851703
RCT-18-0298,INV-18-0298,2025-02,1851703
RCT-18-0299,INV-18-0299,2025-02,1851703
RCT-18-0300,INV-18-0300,2025-02,1851703
RCT-18-0301,INV-18-0301,2025-02,1851703
RCT-18-0302,INV-18-0302,2025-02,1851703
RCT-18-0303,INV-18-0303,2025-02,1851703
RCT-18-0304,INV-18-0304,2025-02,1851703
RCT-18-0305,INV-18-0305,2025-02,1851703
RCT-18-0306,INV-18-0306,2025-02,1851703
RCT-18-0307,INV-18-0307,2025-02,1851703
RCT-18-0308,INV-18-0308,2025-02,1851703
RCT-18-0309,INV-18-0309,2025-02,1851703
RCT-18-0310,INV-18-0310,2025-02,1851703
RCT-18-0311,INV-18-0311,2025-02,1851702
RCT-18-0312,INV-18-0312,2025-02,1851702
RCT-18-0313,INV-18-0313,2025-02,1851702
RCT-18-0314,INV-18-0314,2025-02,1851702
RCT-18-0315,INV-18-0315,2025-02,1851702
RCT-18-0316,INV-18-0316,2025-02,1851702
RCT-18-0317,INV-18-0317,2025-02,1851702
RCT-18-0318,INV-18-0318,2025-02,1851702
RCT-18-0319,INV-18-0319,2025-02,1851702
RCT-18-0320,INV-18-0320,2025-02,1851702
RCT-18-0321,INV-18-0321,2025-02,1851702
RCT-18-0322,INV-18-0322,2025-02,1851702
RCT-18-0323,INV-18-0323,2025-02,1851702
RCT-18-0324,INV-18-0324,2025-02,1851702
RCT-18-0325,INV-18-0325,2025-02,1851702
RCT-18-0326,INV-18-0326,2025-02,1851702
RCT-18-0327,INV-18-0327,2025-02,1851702
RCT-18-0328,INV-18-0328,2025-02,1851702
RCT-18-0329,INV-18-0329,2025-02,1851702
RCT-18-0330,INV-18-0330,2025-02,1851702
RCT-18-0331,INV-18-0331,2025-02,1851702
RCT-18-0332,INV-18-0332,2025-02,1851702
RCT-18-0333,INV-18-0333,2025-02,1851702
RCT-18-0334,INV-18-0334,2025-02,1851702
RCT-18-0335,INV-18-0335,2025-02,1851702
RCT-18-0336,INV-18-0336,2025-02,1851702
RCT-18-0337,INV-18-0337,2025-02,1851702
RCT-18-0338,INV-18-0338,2025-02,1851702
RCT-18-0339,INV-18-0339,2025-02,1851702
RCT-18-0340,INV-18-0340,2025-02,1851702
RCT-18-0341,INV-18-0341,2025-02,1851702
RCT-18-0342,INV-18-0342,2025-02,1851702
RCT-18-0343,INV-18-0343,2025-02,1851702
RCT-18-0344,INV-18-0344,2025-02,1851702
RCT-18-0345,INV-18-0345,2025-02,1851702
RCT-18-0346,INV-18-0346,2025-02,1851702
RCT-18-0347,INV-18-0347,2025-02,1851702
RCT-18-0348,INV-18-0348,2025-02,1851702
RCT-18-0349,INV-18-0349,2025-02,1851702
RCT-18-0350,INV-18-0350,2025-02,1851702
RCT-18-0351,INV-18-0351,2025-02,1851702
RCT-18-0352,INV-18-0352,2025-02,1851702
RCT-18-0353,INV-18-0353,2025-02,1851702
RCT-18-0354,INV-18-0354,2025-02,1851702
RCT-18-0355,INV-18-0355,2025-02,1851702
RCT-18-0356,INV-18-0356,2025-02,1851702
RCT-18-0357,INV-18-0357,2025-02,1851702
RCT-18-0358,INV-18-0358,2025-02,1851702
RCT-18-0359,INV-18-0359,2025-02,1851702
RCT-18-0360,INV-18-0360,2025-02,1851702
RCT-18-0361,INV-18-0361,2025-02,1851702
RCT-18-0362,INV-18-0362,2025-02,1851702
RCT-18-0363,INV-18-0363,2025-02,1851702
RCT-18-0364,INV-18-0364,2025-02,1851702
RCT-18-0365,INV-18-0365,2025-02,1851702
RCT-18-0366,INV-18-0366,2025-02,1851702
RCT-18-0367,INV-18-0367,2025-02,1851702
RCT-18-0368,INV-18-0368,2025-02,1851702
RCT-18-0369,INV-18-0369,2025-02,1851702
RCT-18-0370,INV-18-0370,2025-02,1851702
RCT-18-0371,INV-18-0371,2025-02,1851702
RCT-18-0372,INV-18-0372,2025-02,1851702
RCT-18-0373,INV-18-0373,2025-02,1851702
RCT-18-0374,INV-18-0374,2025-02,1851702
RCT-18-0375,INV-18-0375,2025-02,1851702
RCT-18-0376,INV-18-0376,2025-02,1851702
RCT-18-0377,INV-18-0377,2025-02,1851702
RCT-18-0378,INV-18-0378,2025-02,1851702
RCT-18-0379,INV-18-0379,2025-02,1851702
RCT-18-0380,INV-18-0380,2025-02,1851702
RCT-18-0381,INV-18-0381,2025-02,1851702
RCT-18-0382,INV-18-0382,2025-02,1851702
RCT-18-0383,INV-18-0383,2025-02,1851702
RCT-18-0384,INV-18-0384,2025-02,1851702
RCT-18-0385,INV-18-0385,2025-02,1851702
RCT-18-0386,INV-18-0386,2025-02,1851702
RCT-18-0387,INV-18-0387,2025-02,1851702
RCT-18-0388,INV-18-0388,2025-02,1851702
RCT-18-0389,INV-18-0389,2025-02,1851702
RCT-18-0390,INV-18-0390,2025-02,1851702
RCT-18-0391,INV-18-0391,2025-02,1851702
RCT-18-0392,INV-18-0392,2025-02,1851702
RCT-18-0393,INV-18-0393,2025-02,1851702
RCT-18-0394,INV-18-0394,2025-02,1851702
RCT-18-0395,INV-18-0395,2025-02,1851702
RCT-18-0396,INV-18-0396,2025-02,1851702
RCT-18-0397,INV-18-0397,2025-02,1851702
RCT-18-0398,INV-18-0398,2025-02,1851702
RCT-18-0399,INV-18-0399,2025-02,1851702
RCT-18-0400,INV-18-0400,2025-02,1851702
RCT-18-0401,INV-18-0401,2025-02,1851702
RCT-18-0402,INV-18-0402,2025-02,1851702
RCT-18-0403,INV-18-0403,2025-02,1851702
RCT-18-0404,INV-18-0404,2025-02,1851702
RCT-18-0405,INV-18-0405,2025-02,1851702
RCT-18-0406,INV-18-0406,2025-02,1851702
RCT-18-0407,INV-18-0407,2025-02,1851702
RCT-18-0408,INV-18-0408,2025-02,1851702
RCT-18-0409,INV-18-0409,2025-02,1851702
RCT-18-0410,INV-18-0410,2025-02,1851702
RCT-18-0411,INV-18-0411,2025-02,1851702
RCT-18-0412,INV-18-0412,2025-02,1851702
RCT-18-0413,INV-18-0413,2025-02,1851702
RCT-18-0414,INV-18-0414,2025-02,1851702
RCT-18-0415,INV-18-0415,2025-02,1851702
RCT-18-0416,INV-18-0416,2025-02,1851702
RCT-18-0417,INV-18-0417,2025-02,1851702
RCT-18-0418,INV-18-0418,2025-02,1851702
RCT-18-0419,INV-18-0419,2025-02,1851702
RCT-18-0420,INV-18-0420,2025-02,1851702
RCT-18-0421,INV-18-0421,2025-02,1851702
RCT-18-0422,INV-18-0422,2025-02,1851702
RCT-18-0423,INV-18-0423,2025-02,1851702
RCT-18-0424,INV-18-0424,2025-02,1851702
RCT-18-0425,INV-18-0425,2025-02,1851702
RCT-18-0426,INV-18-0426,2025-02,1851702
RCT-18-0427,INV-18-0427,2025-02,1851702
RCT-18-0428,INV-18-0428,2025-02,1851702
RCT-18-0429,INV-18-0429,2025-02,1851702
RCT-18-0430,INV-18-0430,2025-02,1851702
RCT-18-0431,INV-18-0431,2025-02,1851702
RCT-18-0432,INV-18-0432,2025-02,1851702
RCT-18-0433,INV-18-0433,2025-02,1851702
RCT-18-0434,INV-18-0434,2025-02,1851702
RCT-18-0435,INV-18-0435,2025-02,1851702
RCT-18-0436,INV-18-0436,2025-02,1851702
RCT-18-0437,INV-18-0437,2025-02,1851702
RCT-18-0438,INV-18-0438,2025-02,1851702
RCT-18-0439,INV-18-0439,2025-02,1851702
RCT-18-0440,INV-18-0440,2025-02,1851702
RCT-18-0441,INV-18-0441,2025-02,1851702
RCT-18-0442,INV-18-0442,2025-02,1851702
RCT-18-0443,INV-18-0443,2025-02,1851702
RCT-18-0444,INV-18-0444,2025-02,1851702
RCT-18-0445,INV-18-0445,2025-02,1851702
RCT-18-0446,INV-18-0446,2025-02,1851702
RCT-18-0447,INV-18-0447,2025-02,1851702
RCT-18-0448,INV-18-0448,2025-02,1851702
RCT-18-0449,INV-18-0449,2025-02,1851702
RCT-18-0450,INV-18-0450,2025-02,1851702
RCT-18-0451,INV-18-0451,2025-02,1851702
RCT-18-0452,INV-18-0452,2025-02,1851702
RCT-18-0453,INV-18-0453,2025-02,1851702
RCT-18-0454,INV-18-0454,2025-02,1851702
RCT-18-0455,INV-18-0455,2025-02,1851702
RCT-18-0456,INV-18-0456,2025-02,1851702
RCT-18-0457,INV-18-0457,2025-02,1851702
RCT-18-0458,INV-18-0458,2025-02,1851702
RCT-18-0459,INV-18-0459,2025-02,1851702
RCT-18-0460,INV-18-0460,2025-02,1851702
RCT-18-0461,INV-18-0461,2025-02,1851702
RCT-18-0462,INV-18-0462,2025-02,1851702
RCT-18-0463,INV-18-0463,2025-02,1851702
RCT-18-0464,INV-18-0464,2025-02,1851702
RCT-18-0465,INV-18-0465,2025-02,1851702
RCT-18-0466,INV-18-0466,2025-02,1851702
RCT-18-0467,INV-18-0467,2025-02,1851702
RCT-18-0468,INV-18-0468,2025-02,1851702
RCT-18-0469,INV-18-0469,2025-02,1851702
RCT-18-0470,INV-18-0470,2025-02,1851702
RCT-18-0471,INV-18-0471,2025-02,1851702
RCT-18-0472,INV-18-0472,2025-02,1851702
RCT-18-0473,INV-18-0473,2025-02,1851702
RCT-18-0474,INV-18-0474,2025-02,1851702
RCT-18-0475,INV-18-0475,2025-02,1851702
RCT-18-0476,INV-18-0476,2025-02,1851702
RCT-18-0477,INV-18-0477,2025-02,1851702
RCT-18-0478,INV-18-0478,2025-02,1851702
RCT-18-0479,INV-18-0479,2025-02,1851702
RCT-18-0480,INV-18-0480,2025-02,1851702
RCT-18-0481,INV-18-0481,2025-02,1851702
RCT-18-0482,INV-18-0482,2025-02,1851702
RCT-18-0483,INV-18-0483,2025-02,1851702
RCT-18-0484,INV-18-0484,2025-02,1851702
RCT-18-0485,INV-18-0485,2025-02,1851702
RCT-18-0486,INV-18-0486,2025-02,1851702
RCT-18-0487,INV-18-0487,2025-02,1851702
RCT-18-0488,INV-18-0488,2025-02,1851702
RCT-18-0489,INV-18-0489,2025-02,1851702
RCT-18-0490,INV-18-0490,2025-02,1851702
RCT-18-0491,INV-18-0491,2025-02,1851702
RCT-18-0492,INV-18-0492,2025-02,1851702
RCT-18-0493,INV-18-0493,2025-02,1851702
RCT-18-0494,INV-18-0494,2025-02,1851702
RCT-18-0495,INV-18-0495,2025-02,1851702
RCT-18-0496,INV-18-0496,2025-02,1851702
RCT-18-0497,INV-18-0497,2025-02,1851702
RCT-18-0498,INV-18-0498,2025-02,1851702
RCT-18-0499,INV-18-0499,2025-02,1851702
RCT-18-0500,INV-18-0500,2025-02,1851702
RCT-18-SVC,INV-18-SVC,2025-02,141166667
RCT-19-0001,INV-19-0001,2025-03,234000000
RCT-19-0002,INV-19-0002,2025-03,1875751
RCT-19-0003,INV-19-0003,2025-03,1875751
RCT-19-0004,INV-19-0004,2025-03,1875751
RCT-19-0005,INV-19-0005,2025-03,1875751
RCT-19-0006,INV-19-0006,2025-03,1875751
RCT-19-0007,INV-19-0007,2025-03,1875751
RCT-19-0008,INV-19-0008,2025-03,1875751
RCT-19-0009,INV-19-0009,2025-03,1875751
RCT-19-0010,INV-19-0010,2025-03,1875751
RCT-19-0011,INV-19-0011,2025-03,1875751
RCT-19-0012,INV-19-0012,2025-03,1875751
RCT-19-0013,INV-19-0013,2025-03,1875751
RCT-19-0014,INV-19-0014,2025-03,1875751
RCT-19-0015,INV-19-0015,2025-03,1875751
RCT-19-0016,INV-19-0016,2025-03,1875751
RCT-19-0017,INV-19-0017,2025-03,1875751
RCT-19-0018,INV-19-0018,2025-03,1875751
RCT-19-0019,INV-19-0019,2025-03,1875751
RCT-19-0020,INV-19-0020,2025-03,1875751
RCT-19-0021,INV-19-0021,2025-03,1875751
RCT-19-0022,INV-19-0022,2025-03,1875751
RCT-19-0023,INV-19-0023,2025-03,1875751
RCT-19-0024,INV-19-0024,2025-03,1875751
RCT-19-0025,INV-19-0025,2025-03,1875751
RCT-19-0026,INV-19-0026,2025-03,1875751
RCT-19-0027,INV-19-0027,2025-03,1875751
RCT-19-0028,INV-19-0028,2025-03,1875751
RCT-19-0029,INV-19-0029,2025-03,1875751
RCT-19-0030,INV-19-0030,2025-03,1875751
RCT-19-0031,INV-19-0031,2025-03,1875751
RCT-19-0032,INV-19-0032,2025-03,1875751
RCT-19-0033,INV-19-0033,2025-03,1875751
RCT-19-0034,INV-19-0034,2025-03,1875751
RCT-19-0035,INV-19-0035,2025-03,1875751
RCT-19-0036,INV-19-0036,2025-03,1875751
RCT-19-0037,INV-19-0037,2025-03,1875751
RCT-19-0038,INV-19-0038,2025-03,1875751
RCT-19-0039,INV-19-0039,2025-03,1875751
RCT-19-0040,INV-19-0040,2025-03,1875751
RCT-19-0041,INV-19-0041,2025-03,1875751
RCT-19-0042,INV-19-0042,2025-03,1875751
RCT-19-0043,INV-19-0043,2025-03,1875751
RCT-19-0044,INV-19-0044,2025-03,1875751
RCT-19-0045,INV-19-0045,2025-03,1875751
RCT-19-0046,INV-19-0046,2025-03,1875751
RCT-19-0047,INV-19-0047,2025-03,1875751
RCT-19-0048,INV-19-0048,2025-03,1875751
RCT-19-0049,INV-19-0049,2025-03,1875751
RCT-19-0050,INV-19-0050,2025-03,1875751
RCT-19-0051,INV-19-0051,2025-03,1875751
RCT-19-0052,INV-19-0052,2025-03,1875751
RCT-19-0053,INV-19-0053,2025-03,1875751
RCT-19-0054,INV-19-0054,2025-03,1875751
RCT-19-0055,INV-19-0055,2025-03,1875751
RCT-19-0056,INV-19-0056,2025-03,1875751
RCT-19-0057,INV-19-0057,2025-03,1875751
RCT-19-0058,INV-19-0058,2025-03,1875751
RCT-19-0059,INV-19-0059,2025-03,1875751
RCT-19-0060,INV-19-0060,2025-03,1875751
RCT-19-0061,INV-19-0061,2025-03,1875751
RCT-19-0062,INV-19-0062,2025-03,1875751
RCT-19-0063,INV-19-0063,2025-03,1875751
RCT-19-0064,INV-19-0064,2025-03,1875751
RCT-19-0065,INV-19-0065,2025-03,1875751
RCT-19-0066,INV-19-0066,2025-03,1875751
RCT-19-0067,INV-19-0067,2025-03,1875751
RCT-19-0068,INV-19-0068,2025-03,1875751
RCT-19-0069,INV-19-0069,2025-03,1875751
RCT-19-0070,INV-19-0070,2025-03,1875751
RCT-19-0071,INV-19-0071,2025-03,1875751
RCT-19-0072,INV-19-0072,2025-03,1875751
RCT-19-0073,INV-19-0073,2025-03,1875751
RCT-19-0074,INV-19-0074,2025-03,1875751
RCT-19-0075,INV-19-0075,2025-03,1875751
RCT-19-0076,INV-19-0076,2025-03,1875751
RCT-19-0077,INV-19-0077,2025-03,1875751
RCT-19-0078,INV-19-0078,2025-03,1875751
RCT-19-0079,INV-19-0079,2025-03,1875751
RCT-19-0080,INV-19-0080,2025-03,1875751
RCT-19-0081,INV-19-0081,2025-03,1875751
RCT-19-0082,INV-19-0082,2025-03,1875751
RCT-19-0083,INV-19-0083,2025-03,1875751
RCT-19-0084,INV-19-0084,2025-03,1875751
RCT-19-0085,INV-19-0085,2025-03,1875751
RCT-19-0086,INV-19-0086,2025-03,1875751
RCT-19-0087,INV-19-0087,2025-03,1875751
RCT-19-0088,INV-19-0088,2025-03,1875751
RCT-19-0089,INV-19-0089,2025-03,1875751
RCT-19-0090,INV-19-0090,2025-03,1875751
RCT-19-0091,INV-19-0091,2025-03,1875751
RCT-19-0092,INV-19-0092,2025-03,1875751
RCT-19-0093,INV-19-0093,2025-03,1875751
RCT-19-0094,INV-19-0094,2025-03,1875751
RCT-19-0095,INV-19-0095,2025-03,1875751
RCT-19-0096,INV-19-0096,2025-03,1875751
RCT-19-0097,INV-19-0097,2025-03,1875751
RCT-19-0098,INV-19-0098,2025-03,1875751
RCT-19-0099,INV-19-0099,2025-03,1875751
RCT-19-0100,INV-19-0100,2025-03,1875751
RCT-19-0101,INV-19-0101,2025-03,1875751
RCT-19-0102,INV-19-0102,2025-03,1875751
RCT-19-0103,INV-19-0103,2025-03,1875751
RCT-19-0104,INV-19-0104,2025-03,1875751
RCT-19-0105,INV-19-0105,2025-03,1875751
RCT-19-0106,INV-19-0106,2025-03,1875751
RCT-19-0107,INV-19-0107,2025-03,1875751
RCT-19-0108,INV-19-0108,2025-03,1875751
RCT-19-0109,INV-19-0109,2025-03,1875751
RCT-19-0110,INV-19-0110,2025-03,1875751
RCT-19-0111,INV-19-0111,2025-03,1875751
RCT-19-0112,INV-19-0112,2025-03,1875751
RCT-19-0113,INV-19-0113,2025-03,1875751
RCT-19-0114,INV-19-0114,2025-03,1875751
RCT-19-0115,INV-19-0115,2025-03,1875751
RCT-19-0116,INV-19-0116,2025-03,1875751
RCT-19-0117,INV-19-0117,2025-03,1875751
RCT-19-0118,INV-19-0118,2025-03,1875751
RCT-19-0119,INV-19-0119,2025-03,1875751
RCT-19-0120,INV-19-0120,2025-03,1875751
RCT-19-0121,INV-19-0121,2025-03,1875751
RCT-19-0122,INV-19-0122,2025-03,1875751
RCT-19-0123,INV-19-0123,2025-03,1875751
RCT-19-0124,INV-19-0124,2025-03,1875751
RCT-19-0125,INV-19-0125,2025-03,1875751
RCT-19-0126,INV-19-0126,2025-03,1875751
RCT-19-0127,INV-19-0127,2025-03,1875751
RCT-19-0128,INV-19-0128,2025-03,1875751
RCT-19-0129,INV-19-0129,2025-03,1875751
RCT-19-0130,INV-19-0130,2025-03,1875751
RCT-19-0131,INV-19-0131,2025-03,1875751
RCT-19-0132,INV-19-0132,2025-03,1875751
RCT-19-0133,INV-19-0133,2025-03,1875751
RCT-19-0134,INV-19-0134,2025-03,1875751
RCT-19-0135,INV-19-0135,2025-03,1875751
RCT-19-0136,INV-19-0136,2025-03,1875751
RCT-19-0137,INV-19-0137,2025-03,1875751
RCT-19-0138,INV-19-0138,2025-03,1875751
RCT-19-0139,INV-19-0139,2025-03,1875751
RCT-19-0140,INV-19-0140,2025-03,1875751
RCT-19-0141,INV-19-0141,2025-03,1875751
RCT-19-0142,INV-19-0142,2025-03,1875751
RCT-19-0143,INV-19-0143,2025-03,1875751
RCT-19-0144,INV-19-0144,2025-03,1875751
RCT-19-0145,INV-19-0145,2025-03,1875751
RCT-19-0146,INV-19-0146,2025-03,1875751
RCT-19-0147,INV-19-0147,2025-03,1875751
RCT-19-0148,INV-19-0148,2025-03,1875751
RCT-19-0149,INV-19-0149,2025-03,1875751
RCT-19-0150,INV-19-0150,2025-03,1875751
RCT-19-0151,INV-19-0151,2025-03,1875751
RCT-19-0152,INV-19-0152,2025-03,1875751
RCT-19-0153,INV-19-0153,2025-03,1875751
RCT-19-0154,INV-19-0154,2025-03,1875751
RCT-19-0155,INV-19-0155,2025-03,1875751
RCT-19-0156,INV-19-0156,2025-03,1875751
RCT-19-0157,INV-19-0157,2025-03,1875751
RCT-19-0158,INV-19-0158,2025-03,1875751
RCT-19-0159,INV-19-0159,2025-03,1875751
RCT-19-0160,INV-19-0160,2025-03,1875751
RCT-19-0161,INV-19-0161,2025-03,1875751
RCT-19-0162,INV-19-0162,2025-03,1875751
RCT-19-0163,INV-19-0163,2025-03,1875751
RCT-19-0164,INV-19-0164,2025-03,1875751
RCT-19-0165,INV-19-0165,2025-03,1875751
RCT-19-0166,INV-19-0166,2025-03,1875751
RCT-19-0167,INV-19-0167,2025-03,1875751
RCT-19-0168,INV-19-0168,2025-03,1875751
RCT-19-0169,INV-19-0169,2025-03,1875751
RCT-19-0170,INV-19-0170,2025-03,1875751
RCT-19-0171,INV-19-0171,2025-03,1875751
RCT-19-0172,INV-19-0172,2025-03,1875751
RCT-19-0173,INV-19-0173,2025-03,1875751
RCT-19-0174,INV-19-0174,2025-03,1875751
RCT-19-0175,INV-19-0175,2025-03,1875751
RCT-19-0176,INV-19-0176,2025-03,1875751
RCT-19-0177,INV-19-0177,2025-03,1875751
RCT-19-0178,INV-19-0178,2025-03,1875751
RCT-19-0179,INV-19-0179,2025-03,1875751
RCT-19-0180,INV-19-0180,2025-03,1875751
RCT-19-0181,INV-19-0181,2025-03,1875751
RCT-19-0182,INV-19-0182,2025-03,1875751
RCT-19-0183,INV-19-0183,2025-03,1875751
RCT-19-0184,INV-19-0184,2025-03,1875751
RCT-19-0185,INV-19-0185,2025-03,1875751
RCT-19-0186,INV-19-0186,2025-03,1875751
RCT-19-0187,INV-19-0187,2025-03,1875751
RCT-19-0188,INV-19-0188,2025-03,1875751
RCT-19-0189,INV-19-0189,2025-03,1875751
RCT-19-0190,INV-19-0190,2025-03,1875751
RCT-19-0191,INV-19-0191,2025-03,1875751
RCT-19-0192,INV-19-0192,2025-03,1875751
RCT-19-0193,INV-19-0193,2025-03,1875751
RCT-19-0194,INV-19-0194,2025-03,1875751
RCT-19-0195,INV-19-0195,2025-03,1875751
RCT-19-0196,INV-19-0196,2025-03,1875751
RCT-19-0197,INV-19-0197,2025-03,1875751
RCT-19-0198,INV-19-0198,2025-03,1875751
RCT-19-0199,INV-19-0199,2025-03,1875751
RCT-19-0200,INV-19-0200,2025-03,1875751
RCT-19-0201,INV-19-0201,2025-03,1875751
RCT-19-0202,INV-19-0202,2025-03,1875751
RCT-19-0203,INV-19-0203,2025-03,1875751
RCT-19-0204,INV-19-0204,2025-03,1875751
RCT-19-0205,INV-19-0205,2025-03,1875751
RCT-19-0206,INV-19-0206,2025-03,1875751
RCT-19-0207,INV-19-0207,2025-03,1875751
RCT-19-0208,INV-19-0208,2025-03,1875751
RCT-19-0209,INV-19-0209,2025-03,1875751
RCT-19-0210,INV-19-0210,2025-03,1875751
RCT-19-0211,INV-19-0211,2025-03,1875751
RCT-19-0212,INV-19-0212,2025-03,1875751
RCT-19-0213,INV-19-0213,2025-03,1875751
RCT-19-0214,INV-19-0214,2025-03,1875751
RCT-19-0215,INV-19-0215,2025-03,1875751
RCT-19-0216,INV-19-0216,2025-03,1875751
RCT-19-0217,INV-19-0217,2025-03,1875751
RCT-19-0218,INV-19-0218,2025-03,1875751
RCT-19-0219,INV-19-0219,2025-03,1875751
RCT-19-0220,INV-19-0220,2025-03,1875751
RCT-19-0221,INV-19-0221,2025-03,1875751
RCT-19-0222,INV-19-0222,2025-03,1875751
RCT-19-0223,INV-19-0223,2025-03,1875751
RCT-19-0224,INV-19-0224,2025-03,1875751
RCT-19-0225,INV-19-0225,2025-03,1875751
RCT-19-0226,INV-19-0226,2025-03,1875751
RCT-19-0227,INV-19-0227,2025-03,1875751
RCT-19-0228,INV-19-0228,2025-03,1875751
RCT-19-0229,INV-19-0229,2025-03,1875751
RCT-19-0230,INV-19-0230,2025-03,1875751
RCT-19-0231,INV-19-0231,2025-03,1875751
RCT-19-0232,INV-19-0232,2025-03,1875751
RCT-19-0233,INV-19-0233,2025-03,1875751
RCT-19-0234,INV-19-0234,2025-03,1875751
RCT-19-0235,INV-19-0235,2025-03,1875751
RCT-19-0236,INV-19-0236,2025-03,1875751
RCT-19-0237,INV-19-0237,2025-03,1875751
RCT-19-0238,INV-19-0238,2025-03,1875751
RCT-19-0239,INV-19-0239,2025-03,1875751
RCT-19-0240,INV-19-0240,2025-03,1875751
RCT-19-0241,INV-19-0241,2025-03,1875751
RCT-19-0242,INV-19-0242,2025-03,1875751
RCT-19-0243,INV-19-0243,2025-03,1875751
RCT-19-0244,INV-19-0244,2025-03,1875751
RCT-19-0245,INV-19-0245,2025-03,1875751
RCT-19-0246,INV-19-0246,2025-03,1875751
RCT-19-0247,INV-19-0247,2025-03,1875751
RCT-19-0248,INV-19-0248,2025-03,1875751
RCT-19-0249,INV-19-0249,2025-03,1875751
RCT-19-0250,INV-19-0250,2025-03,1875751
RCT-19-0251,INV-19-0251,2025-03,1875751
RCT-19-0252,INV-19-0252,2025-03,1875751
RCT-19-0253,INV-19-0253,2025-03,1875751
RCT-19-0254,INV-19-0254,2025-03,1875751
RCT-19-0255,INV-19-0255,2025-03,1875751
RCT-19-0256,INV-19-0256,2025-03,1875751
RCT-19-0257,INV-19-0257,2025-03,1875751
RCT-19-0258,INV-19-0258,2025-03,1875751
RCT-19-0259,INV-19-0259,2025-03,1875751
RCT-19-0260,INV-19-0260,2025-03,1875751
RCT-19-0261,INV-19-0261,2025-03,1875751
RCT-19-0262,INV-19-0262,2025-03,1875751
RCT-19-0263,INV-19-0263,2025-03,1875751
RCT-19-0264,INV-19-0264,2025-03,1875751
RCT-19-0265,INV-19-0265,2025-03,1875751
RCT-19-0266,INV-19-0266,2025-03,1875751
RCT-19-0267,INV-19-0267,2025-03,1875751
RCT-19-0268,INV-19-0268,2025-03,1875751
RCT-19-0269,INV-19-0269,2025-03,1875751
RCT-19-0270,INV-19-0270,2025-03,1875751
RCT-19-0271,INV-19-0271,2025-03,1875751
RCT-19-0272,INV-19-0272,2025-03,1875751
RCT-19-0273,INV-19-0273,2025-03,1875751
RCT-19-0274,INV-19-0274,2025-03,1875751
RCT-19-0275,INV-19-0275,2025-03,1875751
RCT-19-0276,INV-19-0276,2025-03,1875751
RCT-19-0277,INV-19-0277,2025-03,1875751
RCT-19-0278,INV-19-0278,2025-03,1875751
RCT-19-0279,INV-19-0279,2025-03,1875751
RCT-19-0280,INV-19-0280,2025-03,1875751
RCT-19-0281,INV-19-0281,2025-03,1875751
RCT-19-0282,INV-19-0282,2025-03,1875751
RCT-19-0283,INV-19-0283,2025-03,1875751
RCT-19-0284,INV-19-0284,2025-03,1875751
RCT-19-0285,INV-19-0285,2025-03,1875751
RCT-19-0286,INV-19-0286,2025-03,1875751
RCT-19-0287,INV-19-0287,2025-03,1875751
RCT-19-0288,INV-19-0288,2025-03,1875751
RCT-19-0289,INV-19-0289,2025-03,1875751
RCT-19-0290,INV-19-0290,2025-03,1875751
RCT-19-0291,INV-19-0291,2025-03,1875751
RCT-19-0292,INV-19-0292,2025-03,1875751
RCT-19-0293,INV-19-0293,2025-03,1875751
RCT-19-0294,INV-19-0294,2025-03,1875751
RCT-19-0295,INV-19-0295,2025-03,1875751
RCT-19-0296,INV-19-0296,2025-03,1875751
RCT-19-0297,INV-19-0297,2025-03,1875751
RCT-19-0298,INV-19-0298,2025-03,1875751
RCT-19-0299,INV-19-0299,2025-03,1875751
RCT-19-0300,INV-19-0300,2025-03,1875751
RCT-19-0301,INV-19-0301,2025-03,1875751
RCT-19-0302,INV-19-0302,2025-03,1875751
RCT-19-0303,INV-19-0303,2025-03,1875751
RCT-19-0304,INV-19-0304,2025-03,1875751
RCT-19-0305,INV-19-0305,2025-03,1875751
RCT-19-0306,INV-19-0306,2025-03,1875751
RCT-19-0307,INV-19-0307,2025-03,1875751
RCT-19-0308,INV-19-0308,2025-03,1875751
RCT-19-0309,INV-19-0309,2025-03,1875751
RCT-19-0310,INV-19-0310,2025-03,1875751
RCT-19-0311,INV-19-0311,2025-03,1875751
RCT-19-0312,INV-19-0312,2025-03,1875751
RCT-19-0313,INV-19-0313,2025-03,1875751
RCT-19-0314,INV-19-0314,2025-03,1875751
RCT-19-0315,INV-19-0315,2025-03,1875751
RCT-19-0316,INV-19-0316,2025-03,1875751
RCT-19-0317,INV-19-0317,2025-03,1875751
RCT-19-0318,INV-19-0318,2025-03,1875751
RCT-19-0319,INV-19-0319,2025-03,1875751
RCT-19-0320,INV-19-0320,2025-03,1875751
RCT-19-0321,INV-19-0321,2025-03,1875751
RCT-19-0322,INV-19-0322,2025-03,1875751
RCT-19-0323,INV-19-0323,2025-03,1875751
RCT-19-0324,INV-19-0324,2025-03,1875751
RCT-19-0325,INV-19-0325,2025-03,1875751
RCT-19-0326,INV-19-0326,2025-03,1875751
RCT-19-0327,INV-19-0327,2025-03,1875751
RCT-19-0328,INV-19-0328,2025-03,1875751
RCT-19-0329,INV-19-0329,2025-03,1875751
RCT-19-0330,INV-19-0330,2025-03,1875751
RCT-19-0331,INV-19-0331,2025-03,1875751
RCT-19-0332,INV-19-0332,2025-03,1875751
RCT-19-0333,INV-19-0333,2025-03,1875751
RCT-19-0334,INV-19-0334,2025-03,1875751
RCT-19-0335,INV-19-0335,2025-03,1875751
RCT-19-0336,INV-19-0336,2025-03,1875751
RCT-19-0337,INV-19-0337,2025-03,1875751
RCT-19-0338,INV-19-0338,2025-03,1875751
RCT-19-0339,INV-19-0339,2025-03,1875751
RCT-19-0340,INV-19-0340,2025-03,1875751
RCT-19-0341,INV-19-0341,2025-03,1875751
RCT-19-0342,INV-19-0342,2025-03,1875751
RCT-19-0343,INV-19-0343,2025-03,1875751
RCT-19-0344,INV-19-0344,2025-03,1875751
RCT-19-0345,INV-19-0345,2025-03,1875751
RCT-19-0346,INV-19-0346,2025-03,1875751
RCT-19-0347,INV-19-0347,2025-03,1875751
RCT-19-0348,INV-19-0348,2025-03,1875751
RCT-19-0349,INV-19-0349,2025-03,1875751
RCT-19-0350,INV-19-0350,2025-03,1875751
RCT-19-0351,INV-19-0351,2025-03,1875751
RCT-19-0352,INV-19-0352,2025-03,1875751
RCT-19-0353,INV-19-0353,2025-03,1875751
RCT-19-0354,INV-19-0354,2025-03,1875751
RCT-19-0355,INV-19-0355,2025-03,1875751
RCT-19-0356,INV-19-0356,2025-03,1875751
RCT-19-0357,INV-19-0357,2025-03,1875751
RCT-19-0358,INV-19-0358,2025-03,1875751
RCT-19-0359,INV-19-0359,2025-03,1875751
RCT-19-0360,INV-19-0360,2025-03,1875751
RCT-19-0361,INV-19-0361,2025-03,1875751
RCT-19-0362,INV-19-0362,2025-03,1875751
RCT-19-0363,INV-19-0363,2025-03,1875751
RCT-19-0364,INV-19-0364,2025-03,1875751
RCT-19-0365,INV-19-0365,2025-03,1875751
RCT-19-0366,INV-19-0366,2025-03,1875751
RCT-19-0367,INV-19-0367,2025-03,1875751
RCT-19-0368,INV-19-0368,2025-03,1875751
RCT-19-0369,INV-19-0369,2025-03,1875751
RCT-19-0370,INV-19-0370,2025-03,1875751
RCT-19-0371,INV-19-0371,2025-03,1875751
RCT-19-0372,INV-19-0372,2025-03,1875751
RCT-19-0373,INV-19-0373,2025-03,1875751
RCT-19-0374,INV-19-0374,2025-03,1875751
RCT-19-0375,INV-19-0375,2025-03,1875751
RCT-19-0376,INV-19-0376,2025-03,1875751
RCT-19-0377,INV-19-0377,2025-03,1875751
RCT-19-0378,INV-19-0378,2025-03,1875751
RCT-19-0379,INV-19-0379,2025-03,1875751
RCT-19-0380,INV-19-0380,2025-03,1875751
RCT-19-0381,INV-19-0381,2025-03,1875751
RCT-19-0382,INV-19-0382,2025-03,1875751
RCT-19-0383,INV-19-0383,2025-03,1875751
RCT-19-0384,INV-19-0384,2025-03,1875751
RCT-19-0385,INV-19-0385,2025-03,1875751
RCT-19-0386,INV-19-0386,2025-03,1875751
RCT-19-0387,INV-19-0387,2025-03,1875751
RCT-19-0388,INV-19-0388,2025-03,1875751
RCT-19-0389,INV-19-0389,2025-03,1875751
RCT-19-0390,INV-19-0390,2025-03,1875751
RCT-19-0391,INV-19-0391,2025-03,1875751
RCT-19-0392,INV-19-0392,2025-03,1875751
RCT-19-0393,INV-19-0393,2025-03,1875751
RCT-19-0394,INV-19-0394,2025-03,1875751
RCT-19-0395,INV-19-0395,2025-03,1875751
RCT-19-0396,INV-19-0396,2025-03,1875751
RCT-19-0397,INV-19-0397,2025-03,1875751
RCT-19-0398,INV-19-0398,2025-03,1875751
RCT-19-0399,INV-19-0399,2025-03,1875751
RCT-19-0400,INV-19-0400,2025-03,1875751
RCT-19-0401,INV-19-0401,2025-03,1875751
RCT-19-0402,INV-19-0402,2025-03,1875751
RCT-19-0403,INV-19-0403,2025-03,1875751
RCT-19-0404,INV-19-0404,2025-03,1875751
RCT-19-0405,INV-19-0405,2025-03,1875751
RCT-19-0406,INV-19-0406,2025-03,1875751
RCT-19-0407,INV-19-0407,2025-03,1875751
RCT-19-0408,INV-19-0408,2025-03,1875751
RCT-19-0409,INV-19-0409,2025-03,1875751
RCT-19-0410,INV-19-0410,2025-03,1875751
RCT-19-0411,INV-19-0411,2025-03,1875751
RCT-19-0412,INV-19-0412,2025-03,1875751
RCT-19-0413,INV-19-0413,2025-03,1875751
RCT-19-0414,INV-19-0414,2025-03,1875751
RCT-19-0415,INV-19-0415,2025-03,1875751
RCT-19-0416,INV-19-0416,2025-03,1875751
RCT-19-0417,INV-19-0417,2025-03,1875751
RCT-19-0418,INV-19-0418,2025-03,1875751
RCT-19-0419,INV-19-0419,2025-03,1875751
RCT-19-0420,INV-19-0420,2025-03,1875751
RCT-19-0421,INV-19-0421,2025-03,1875751
RCT-19-0422,INV-19-0422,2025-03,1875751
RCT-19-0423,INV-19-0423,2025-03,1875751
RCT-19-0424,INV-19-0424,2025-03,1875751
RCT-19-0425,INV-19-0425,2025-03,1875751
RCT-19-0426,INV-19-0426,2025-03,1875751
RCT-19-0427,INV-19-0427,2025-03,1875751
RCT-19-0428,INV-19-0428,2025-03,1875751
RCT-19-0429,INV-19-0429,2025-03,1875751
RCT-19-0430,INV-19-0430,2025-03,1875751
RCT-19-0431,INV-19-0431,2025-03,1875751
RCT-19-0432,INV-19-0432,2025-03,1875751
RCT-19-0433,INV-19-0433,2025-03,1875751
RCT-19-0434,INV-19-0434,2025-03,1875751
RCT-19-0435,INV-19-0435,2025-03,1875751
RCT-19-0436,INV-19-0436,2025-03,1875751
RCT-19-0437,INV-19-0437,2025-03,1875751
RCT-19-0438,INV-19-0438,2025-03,1875751
RCT-19-0439,INV-19-0439,2025-03,1875751
RCT-19-0440,INV-19-0440,2025-03,1875751
RCT-19-0441,INV-19-0441,2025-03,1875751
RCT-19-0442,INV-19-0442,2025-03,1875751
RCT-19-0443,INV-19-0443,2025-03,1875751
RCT-19-0444,INV-19-0444,2025-03,1875751
RCT-19-0445,INV-19-0445,2025-03,1875751
RCT-19-0446,INV-19-0446,2025-03,1875751
RCT-19-0447,INV-19-0447,2025-03,1875751
RCT-19-0448,INV-19-0448,2025-03,1875751
RCT-19-0449,INV-19-0449,2025-03,1875751
RCT-19-0450,INV-19-0450,2025-03,1875751
RCT-19-0451,INV-19-0451,2025-03,1875751
RCT-19-0452,INV-19-0452,2025-03,1875751
RCT-19-0453,INV-19-0453,2025-03,1875751
RCT-19-0454,INV-19-0454,2025-03,1875751
RCT-19-0455,INV-19-0455,2025-03,1875751
RCT-19-0456,INV-19-0456,2025-03,1875751
RCT-19-0457,INV-19-0457,2025-03,1875751
RCT-19-0458,INV-19-0458,2025-03,1875751
RCT-19-0459,INV-19-0459,2025-03,1875751
RCT-19-0460,INV-19-0460,2025-03,1875751
RCT-19-0461,INV-19-0461,2025-03,1875751
RCT-19-0462,INV-19-0462,2025-03,1875751
RCT-19-0463,INV-19-0463,2025-03,1875751
RCT-19-0464,INV-19-0464,2025-03,1875751
RCT-19-0465,INV-19-0465,2025-03,1875751
RCT-19-0466,INV-19-0466,2025-03,1875751
RCT-19-0467,INV-19-0467,2025-03,1875751
RCT-19-0468,INV-19-0468,2025-03,1875751
RCT-19-0469,INV-19-0469,2025-03,1875751
RCT-19-0470,INV-19-0470,2025-03,1875751
RCT-19-0471,INV-19-0471,2025-03,1875751
RCT-19-0472,INV-19-0472,2025-03,1875751
RCT-19-0473,INV-19-0473,2025-03,1875751
RCT-19-0474,INV-19-0474,2025-03,1875751
RCT-19-0475,INV-19-0475,2025-03,1875751
RCT-19-0476,INV-19-0476,2025-03,1875751
RCT-19-0477,INV-19-0477,2025-03,1875751
RCT-19-0478,INV-19-0478,2025-03,1875751
RCT-19-0479,INV-19-0479,2025-03,1875751
RCT-19-0480,INV-19-0480,2025-03,1875751
RCT-19-0481,INV-19-0481,2025-03,1875751
RCT-19-0482,INV-19-0482,2025-03,1875751
RCT-19-0483,INV-19-0483,2025-03,1875751
RCT-19-0484,INV-19-0484,2025-03,1875751
RCT-19-0485,INV-19-0485,2025-03,1875751
RCT-19-0486,INV-19-0486,2025-03,1875751
RCT-19-0487,INV-19-0487,2025-03,1875751
RCT-19-0488,INV-19-0488,2025-03,1875751
RCT-19-0489,INV-19-0489,2025-03,1875751
RCT-19-0490,INV-19-0490,2025-03,1875751
RCT-19-0491,INV-19-0491,2025-03,1875751
RCT-19-0492,INV-19-0492,2025-03,1875751
RCT-19-0493,INV-19-0493,2025-03,1875751
RCT-19-0494,INV-19-0494,2025-03,1875751
RCT-19-0495,INV-19-0495,2025-03,1875751
RCT-19-0496,INV-19-0496,2025-03,1875751
RCT-19-0497,INV-19-0497,2025-03,1875751
RCT-19-0498,INV-19-0498,2025-03,1875751
RCT-19-0499,INV-19-0499,2025-03,1875751
RCT-19-0500,INV-19-0500,2025-03,1875751
RCT-19-SVC,INV-19-SVC,2025-03,143000000
RCT-20-0001,INV-20-0001,2025-04,237000000
RCT-20-0002,INV-20-0002,2025-04,1899799
RCT-20-0003,INV-20-0003,2025-04,1899799
RCT-20-0004,INV-20-0004,2025-04,1899799
RCT-20-0005,INV-20-0005,2025-04,1899799
RCT-20-0006,INV-20-0006,2025-04,1899799
RCT-20-0007,INV-20-0007,2025-04,1899799
RCT-20-0008,INV-20-0008,2025-04,1899799
RCT-20-0009,INV-20-0009,2025-04,1899799
RCT-20-0010,INV-20-0010,2025-04,1899799
RCT-20-0011,INV-20-0011,2025-04,1899799
RCT-20-0012,INV-20-0012,2025-04,1899799
RCT-20-0013,INV-20-0013,2025-04,1899799
RCT-20-0014,INV-20-0014,2025-04,1899799
RCT-20-0015,INV-20-0015,2025-04,1899799
RCT-20-0016,INV-20-0016,2025-04,1899799
RCT-20-0017,INV-20-0017,2025-04,1899799
RCT-20-0018,INV-20-0018,2025-04,1899799
RCT-20-0019,INV-20-0019,2025-04,1899799
RCT-20-0020,INV-20-0020,2025-04,1899799
RCT-20-0021,INV-20-0021,2025-04,1899799
RCT-20-0022,INV-20-0022,2025-04,1899799
RCT-20-0023,INV-20-0023,2025-04,1899799
RCT-20-0024,INV-20-0024,2025-04,1899799
RCT-20-0025,INV-20-0025,2025-04,1899799
RCT-20-0026,INV-20-0026,2025-04,1899799
RCT-20-0027,INV-20-0027,2025-04,1899799
RCT-20-0028,INV-20-0028,2025-04,1899799
RCT-20-0029,INV-20-0029,2025-04,1899799
RCT-20-0030,INV-20-0030,2025-04,1899799
RCT-20-0031,INV-20-0031,2025-04,1899799
RCT-20-0032,INV-20-0032,2025-04,1899799
RCT-20-0033,INV-20-0033,2025-04,1899799
RCT-20-0034,INV-20-0034,2025-04,1899799
RCT-20-0035,INV-20-0035,2025-04,1899799
RCT-20-0036,INV-20-0036,2025-04,1899799
RCT-20-0037,INV-20-0037,2025-04,1899799
RCT-20-0038,INV-20-0038,2025-04,1899799
RCT-20-0039,INV-20-0039,2025-04,1899799
RCT-20-0040,INV-20-0040,2025-04,1899799
RCT-20-0041,INV-20-0041,2025-04,1899799
RCT-20-0042,INV-20-0042,2025-04,1899799
RCT-20-0043,INV-20-0043,2025-04,1899799
RCT-20-0044,INV-20-0044,2025-04,1899799
RCT-20-0045,INV-20-0045,2025-04,1899799
RCT-20-0046,INV-20-0046,2025-04,1899799
RCT-20-0047,INV-20-0047,2025-04,1899799
RCT-20-0048,INV-20-0048,2025-04,1899799
RCT-20-0049,INV-20-0049,2025-04,1899799
RCT-20-0050,INV-20-0050,2025-04,1899799
RCT-20-0051,INV-20-0051,2025-04,1899799
RCT-20-0052,INV-20-0052,2025-04,1899799
RCT-20-0053,INV-20-0053,2025-04,1899799
RCT-20-0054,INV-20-0054,2025-04,1899799
RCT-20-0055,INV-20-0055,2025-04,1899799
RCT-20-0056,INV-20-0056,2025-04,1899799
RCT-20-0057,INV-20-0057,2025-04,1899799
RCT-20-0058,INV-20-0058,2025-04,1899799
RCT-20-0059,INV-20-0059,2025-04,1899799
RCT-20-0060,INV-20-0060,2025-04,1899799
RCT-20-0061,INV-20-0061,2025-04,1899799
RCT-20-0062,INV-20-0062,2025-04,1899799
RCT-20-0063,INV-20-0063,2025-04,1899799
RCT-20-0064,INV-20-0064,2025-04,1899799
RCT-20-0065,INV-20-0065,2025-04,1899799
RCT-20-0066,INV-20-0066,2025-04,1899799
RCT-20-0067,INV-20-0067,2025-04,1899799
RCT-20-0068,INV-20-0068,2025-04,1899799
RCT-20-0069,INV-20-0069,2025-04,1899799
RCT-20-0070,INV-20-0070,2025-04,1899799
RCT-20-0071,INV-20-0071,2025-04,1899799
RCT-20-0072,INV-20-0072,2025-04,1899799
RCT-20-0073,INV-20-0073,2025-04,1899799
RCT-20-0074,INV-20-0074,2025-04,1899799
RCT-20-0075,INV-20-0075,2025-04,1899799
RCT-20-0076,INV-20-0076,2025-04,1899799
RCT-20-0077,INV-20-0077,2025-04,1899799
RCT-20-0078,INV-20-0078,2025-04,1899799
RCT-20-0079,INV-20-0079,2025-04,1899799
RCT-20-0080,INV-20-0080,2025-04,1899799
RCT-20-0081,INV-20-0081,2025-04,1899799
RCT-20-0082,INV-20-0082,2025-04,1899799
RCT-20-0083,INV-20-0083,2025-04,1899799
RCT-20-0084,INV-20-0084,2025-04,1899799
RCT-20-0085,INV-20-0085,2025-04,1899799
RCT-20-0086,INV-20-0086,2025-04,1899799
RCT-20-0087,INV-20-0087,2025-04,1899799
RCT-20-0088,INV-20-0088,2025-04,1899799
RCT-20-0089,INV-20-0089,2025-04,1899799
RCT-20-0090,INV-20-0090,2025-04,1899799
RCT-20-0091,INV-20-0091,2025-04,1899799
RCT-20-0092,INV-20-0092,2025-04,1899799
RCT-20-0093,INV-20-0093,2025-04,1899799
RCT-20-0094,INV-20-0094,2025-04,1899799
RCT-20-0095,INV-20-0095,2025-04,1899799
RCT-20-0096,INV-20-0096,2025-04,1899799
RCT-20-0097,INV-20-0097,2025-04,1899799
RCT-20-0098,INV-20-0098,2025-04,1899799
RCT-20-0099,INV-20-0099,2025-04,1899799
RCT-20-0100,INV-20-0100,2025-04,1899799
RCT-20-0101,INV-20-0101,2025-04,1899799
RCT-20-0102,INV-20-0102,2025-04,1899799
RCT-20-0103,INV-20-0103,2025-04,1899799
RCT-20-0104,INV-20-0104,2025-04,1899799
RCT-20-0105,INV-20-0105,2025-04,1899799
RCT-20-0106,INV-20-0106,2025-04,1899799
RCT-20-0107,INV-20-0107,2025-04,1899799
RCT-20-0108,INV-20-0108,2025-04,1899799
RCT-20-0109,INV-20-0109,2025-04,1899799
RCT-20-0110,INV-20-0110,2025-04,1899799
RCT-20-0111,INV-20-0111,2025-04,1899799
RCT-20-0112,INV-20-0112,2025-04,1899799
RCT-20-0113,INV-20-0113,2025-04,1899799
RCT-20-0114,INV-20-0114,2025-04,1899799
RCT-20-0115,INV-20-0115,2025-04,1899799
RCT-20-0116,INV-20-0116,2025-04,1899799
RCT-20-0117,INV-20-0117,2025-04,1899799
RCT-20-0118,INV-20-0118,2025-04,1899799
RCT-20-0119,INV-20-0119,2025-04,1899799
RCT-20-0120,INV-20-0120,2025-04,1899799
RCT-20-0121,INV-20-0121,2025-04,1899799
RCT-20-0122,INV-20-0122,2025-04,1899799
RCT-20-0123,INV-20-0123,2025-04,1899799
RCT-20-0124,INV-20-0124,2025-04,1899799
RCT-20-0125,INV-20-0125,2025-04,1899799
RCT-20-0126,INV-20-0126,2025-04,1899799
RCT-20-0127,INV-20-0127,2025-04,1899799
RCT-20-0128,INV-20-0128,2025-04,1899799
RCT-20-0129,INV-20-0129,2025-04,1899799
RCT-20-0130,INV-20-0130,2025-04,1899799
RCT-20-0131,INV-20-0131,2025-04,1899799
RCT-20-0132,INV-20-0132,2025-04,1899799
RCT-20-0133,INV-20-0133,2025-04,1899799
RCT-20-0134,INV-20-0134,2025-04,1899799
RCT-20-0135,INV-20-0135,2025-04,1899799
RCT-20-0136,INV-20-0136,2025-04,1899799
RCT-20-0137,INV-20-0137,2025-04,1899799
RCT-20-0138,INV-20-0138,2025-04,1899799
RCT-20-0139,INV-20-0139,2025-04,1899799
RCT-20-0140,INV-20-0140,2025-04,1899799
RCT-20-0141,INV-20-0141,2025-04,1899799
RCT-20-0142,INV-20-0142,2025-04,1899799
RCT-20-0143,INV-20-0143,2025-04,1899799
RCT-20-0144,INV-20-0144,2025-04,1899799
RCT-20-0145,INV-20-0145,2025-04,1899799
RCT-20-0146,INV-20-0146,2025-04,1899799
RCT-20-0147,INV-20-0147,2025-04,1899799
RCT-20-0148,INV-20-0148,2025-04,1899799
RCT-20-0149,INV-20-0149,2025-04,1899799
RCT-20-0150,INV-20-0150,2025-04,1899799
RCT-20-0151,INV-20-0151,2025-04,1899799
RCT-20-0152,INV-20-0152,2025-04,1899799
RCT-20-0153,INV-20-0153,2025-04,1899799
RCT-20-0154,INV-20-0154,2025-04,1899799
RCT-20-0155,INV-20-0155,2025-04,1899799
RCT-20-0156,INV-20-0156,2025-04,1899799
RCT-20-0157,INV-20-0157,2025-04,1899799
RCT-20-0158,INV-20-0158,2025-04,1899799
RCT-20-0159,INV-20-0159,2025-04,1899799
RCT-20-0160,INV-20-0160,2025-04,1899799
RCT-20-0161,INV-20-0161,2025-04,1899799
RCT-20-0162,INV-20-0162,2025-04,1899799
RCT-20-0163,INV-20-0163,2025-04,1899799
RCT-20-0164,INV-20-0164,2025-04,1899799
RCT-20-0165,INV-20-0165,2025-04,1899799
RCT-20-0166,INV-20-0166,2025-04,1899799
RCT-20-0167,INV-20-0167,2025-04,1899799
RCT-20-0168,INV-20-0168,2025-04,1899799
RCT-20-0169,INV-20-0169,2025-04,1899799
RCT-20-0170,INV-20-0170,2025-04,1899799
RCT-20-0171,INV-20-0171,2025-04,1899799
RCT-20-0172,INV-20-0172,2025-04,1899799
RCT-20-0173,INV-20-0173,2025-04,1899799
RCT-20-0174,INV-20-0174,2025-04,1899799
RCT-20-0175,INV-20-0175,2025-04,1899799
RCT-20-0176,INV-20-0176,2025-04,1899799
RCT-20-0177,INV-20-0177,2025-04,1899799
RCT-20-0178,INV-20-0178,2025-04,1899799
RCT-20-0179,INV-20-0179,2025-04,1899799
RCT-20-0180,INV-20-0180,2025-04,1899799
RCT-20-0181,INV-20-0181,2025-04,1899799
RCT-20-0182,INV-20-0182,2025-04,1899799
RCT-20-0183,INV-20-0183,2025-04,1899799
RCT-20-0184,INV-20-0184,2025-04,1899799
RCT-20-0185,INV-20-0185,2025-04,1899799
RCT-20-0186,INV-20-0186,2025-04,1899799
RCT-20-0187,INV-20-0187,2025-04,1899799
RCT-20-0188,INV-20-0188,2025-04,1899799
RCT-20-0189,INV-20-0189,2025-04,1899799
RCT-20-0190,INV-20-0190,2025-04,1899799
RCT-20-0191,INV-20-0191,2025-04,1899799
RCT-20-0192,INV-20-0192,2025-04,1899799
RCT-20-0193,INV-20-0193,2025-04,1899799
RCT-20-0194,INV-20-0194,2025-04,1899799
RCT-20-0195,INV-20-0195,2025-04,1899799
RCT-20-0196,INV-20-0196,2025-04,1899799
RCT-20-0197,INV-20-0197,2025-04,1899799
RCT-20-0198,INV-20-0198,2025-04,1899799
RCT-20-0199,INV-20-0199,2025-04,1899799
RCT-20-0200,INV-20-0200,2025-04,1899799
RCT-20-0201,INV-20-0201,2025-04,1899799
RCT-20-0202,INV-20-0202,2025-04,1899799
RCT-20-0203,INV-20-0203,2025-04,1899799
RCT-20-0204,INV-20-0204,2025-04,1899799
RCT-20-0205,INV-20-0205,2025-04,1899799
RCT-20-0206,INV-20-0206,2025-04,1899799
RCT-20-0207,INV-20-0207,2025-04,1899799
RCT-20-0208,INV-20-0208,2025-04,1899799
RCT-20-0209,INV-20-0209,2025-04,1899799
RCT-20-0210,INV-20-0210,2025-04,1899799
RCT-20-0211,INV-20-0211,2025-04,1899799
RCT-20-0212,INV-20-0212,2025-04,1899799
RCT-20-0213,INV-20-0213,2025-04,1899799
RCT-20-0214,INV-20-0214,2025-04,1899799
RCT-20-0215,INV-20-0215,2025-04,1899799
RCT-20-0216,INV-20-0216,2025-04,1899799
RCT-20-0217,INV-20-0217,2025-04,1899799
RCT-20-0218,INV-20-0218,2025-04,1899799
RCT-20-0219,INV-20-0219,2025-04,1899799
RCT-20-0220,INV-20-0220,2025-04,1899799
RCT-20-0221,INV-20-0221,2025-04,1899799
RCT-20-0222,INV-20-0222,2025-04,1899799
RCT-20-0223,INV-20-0223,2025-04,1899799
RCT-20-0224,INV-20-0224,2025-04,1899799
RCT-20-0225,INV-20-0225,2025-04,1899799
RCT-20-0226,INV-20-0226,2025-04,1899799
RCT-20-0227,INV-20-0227,2025-04,1899799
RCT-20-0228,INV-20-0228,2025-04,1899799
RCT-20-0229,INV-20-0229,2025-04,1899799
RCT-20-0230,INV-20-0230,2025-04,1899799
RCT-20-0231,INV-20-0231,2025-04,1899799
RCT-20-0232,INV-20-0232,2025-04,1899799
RCT-20-0233,INV-20-0233,2025-04,1899799
RCT-20-0234,INV-20-0234,2025-04,1899799
RCT-20-0235,INV-20-0235,2025-04,1899799
RCT-20-0236,INV-20-0236,2025-04,1899799
RCT-20-0237,INV-20-0237,2025-04,1899799
RCT-20-0238,INV-20-0238,2025-04,1899799
RCT-20-0239,INV-20-0239,2025-04,1899799
RCT-20-0240,INV-20-0240,2025-04,1899799
RCT-20-0241,INV-20-0241,2025-04,1899799
RCT-20-0242,INV-20-0242,2025-04,1899799
RCT-20-0243,INV-20-0243,2025-04,1899799
RCT-20-0244,INV-20-0244,2025-04,1899799
RCT-20-0245,INV-20-0245,2025-04,1899799
RCT-20-0246,INV-20-0246,2025-04,1899799
RCT-20-0247,INV-20-0247,2025-04,1899799
RCT-20-0248,INV-20-0248,2025-04,1899799
RCT-20-0249,INV-20-0249,2025-04,1899799
RCT-20-0250,INV-20-0250,2025-04,1899799
RCT-20-0251,INV-20-0251,2025-04,1899799
RCT-20-0252,INV-20-0252,2025-04,1899799
RCT-20-0253,INV-20-0253,2025-04,1899799
RCT-20-0254,INV-20-0254,2025-04,1899799
RCT-20-0255,INV-20-0255,2025-04,1899799
RCT-20-0256,INV-20-0256,2025-04,1899799
RCT-20-0257,INV-20-0257,2025-04,1899799
RCT-20-0258,INV-20-0258,2025-04,1899799
RCT-20-0259,INV-20-0259,2025-04,1899799
RCT-20-0260,INV-20-0260,2025-04,1899799
RCT-20-0261,INV-20-0261,2025-04,1899799
RCT-20-0262,INV-20-0262,2025-04,1899799
RCT-20-0263,INV-20-0263,2025-04,1899799
RCT-20-0264,INV-20-0264,2025-04,1899799
RCT-20-0265,INV-20-0265,2025-04,1899799
RCT-20-0266,INV-20-0266,2025-04,1899799
RCT-20-0267,INV-20-0267,2025-04,1899799
RCT-20-0268,INV-20-0268,2025-04,1899799
RCT-20-0269,INV-20-0269,2025-04,1899799
RCT-20-0270,INV-20-0270,2025-04,1899799
RCT-20-0271,INV-20-0271,2025-04,1899799
RCT-20-0272,INV-20-0272,2025-04,1899799
RCT-20-0273,INV-20-0273,2025-04,1899799
RCT-20-0274,INV-20-0274,2025-04,1899799
RCT-20-0275,INV-20-0275,2025-04,1899799
RCT-20-0276,INV-20-0276,2025-04,1899799
RCT-20-0277,INV-20-0277,2025-04,1899799
RCT-20-0278,INV-20-0278,2025-04,1899799
RCT-20-0279,INV-20-0279,2025-04,1899799
RCT-20-0280,INV-20-0280,2025-04,1899799
RCT-20-0281,INV-20-0281,2025-04,1899799
RCT-20-0282,INV-20-0282,2025-04,1899799
RCT-20-0283,INV-20-0283,2025-04,1899799
RCT-20-0284,INV-20-0284,2025-04,1899799
RCT-20-0285,INV-20-0285,2025-04,1899799
RCT-20-0286,INV-20-0286,2025-04,1899799
RCT-20-0287,INV-20-0287,2025-04,1899799
RCT-20-0288,INV-20-0288,2025-04,1899799
RCT-20-0289,INV-20-0289,2025-04,1899799
RCT-20-0290,INV-20-0290,2025-04,1899799
RCT-20-0291,INV-20-0291,2025-04,1899799
RCT-20-0292,INV-20-0292,2025-04,1899799
RCT-20-0293,INV-20-0293,2025-04,1899799
RCT-20-0294,INV-20-0294,2025-04,1899799
RCT-20-0295,INV-20-0295,2025-04,1899799
RCT-20-0296,INV-20-0296,2025-04,1899799
RCT-20-0297,INV-20-0297,2025-04,1899799
RCT-20-0298,INV-20-0298,2025-04,1899799
RCT-20-0299,INV-20-0299,2025-04,1899799
RCT-20-0300,INV-20-0300,2025-04,1899799
RCT-20-0301,INV-20-0301,2025-04,1899799
RCT-20-0302,INV-20-0302,2025-04,1899799
RCT-20-0303,INV-20-0303,2025-04,1899799
RCT-20-0304,INV-20-0304,2025-04,1899799
RCT-20-0305,INV-20-0305,2025-04,1899799
RCT-20-0306,INV-20-0306,2025-04,1899799
RCT-20-0307,INV-20-0307,2025-04,1899799
RCT-20-0308,INV-20-0308,2025-04,1899799
RCT-20-0309,INV-20-0309,2025-04,1899799
RCT-20-0310,INV-20-0310,2025-04,1899799
RCT-20-0311,INV-20-0311,2025-04,1899799
RCT-20-0312,INV-20-0312,2025-04,1899799
RCT-20-0313,INV-20-0313,2025-04,1899799
RCT-20-0314,INV-20-0314,2025-04,1899799
RCT-20-0315,INV-20-0315,2025-04,1899799
RCT-20-0316,INV-20-0316,2025-04,1899799
RCT-20-0317,INV-20-0317,2025-04,1899799
RCT-20-0318,INV-20-0318,2025-04,1899799
RCT-20-0319,INV-20-0319,2025-04,1899799
RCT-20-0320,INV-20-0320,2025-04,1899799
RCT-20-0321,INV-20-0321,2025-04,1899799
RCT-20-0322,INV-20-0322,2025-04,1899799
RCT-20-0323,INV-20-0323,2025-04,1899799
RCT-20-0324,INV-20-0324,2025-04,1899799
RCT-20-0325,INV-20-0325,2025-04,1899799
RCT-20-0326,INV-20-0326,2025-04,1899799
RCT-20-0327,INV-20-0327,2025-04,1899799
RCT-20-0328,INV-20-0328,2025-04,1899799
RCT-20-0329,INV-20-0329,2025-04,1899799
RCT-20-0330,INV-20-0330,2025-04,1899799
RCT-20-0331,INV-20-0331,2025-04,1899799
RCT-20-0332,INV-20-0332,2025-04,1899799
RCT-20-0333,INV-20-0333,2025-04,1899799
RCT-20-0334,INV-20-0334,2025-04,1899799
RCT-20-0335,INV-20-0335,2025-04,1899799
RCT-20-0336,INV-20-0336,2025-04,1899799
RCT-20-0337,INV-20-0337,2025-04,1899799
RCT-20-0338,INV-20-0338,2025-04,1899799
RCT-20-0339,INV-20-0339,2025-04,1899799
RCT-20-0340,INV-20-0340,2025-04,1899799
RCT-20-0341,INV-20-0341,2025-04,1899799
RCT-20-0342,INV-20-0342,2025-04,1899799
RCT-20-0343,INV-20-0343,2025-04,1899799
RCT-20-0344,INV-20-0344,2025-04,1899799
RCT-20-0345,INV-20-0345,2025-04,1899799
RCT-20-0346,INV-20-0346,2025-04,1899799
RCT-20-0347,INV-20-0347,2025-04,1899799
RCT-20-0348,INV-20-0348,2025-04,1899799
RCT-20-0349,INV-20-0349,2025-04,1899799
RCT-20-0350,INV-20-0350,2025-04,1899799
RCT-20-0351,INV-20-0351,2025-04,1899799
RCT-20-0352,INV-20-0352,2025-04,1899799
RCT-20-0353,INV-20-0353,2025-04,1899799
RCT-20-0354,INV-20-0354,2025-04,1899799
RCT-20-0355,INV-20-0355,2025-04,1899799
RCT-20-0356,INV-20-0356,2025-04,1899799
RCT-20-0357,INV-20-0357,2025-04,1899799
RCT-20-0358,INV-20-0358,2025-04,1899799
RCT-20-0359,INV-20-0359,2025-04,1899799
RCT-20-0360,INV-20-0360,2025-04,1899799
RCT-20-0361,INV-20-0361,2025-04,1899799
RCT-20-0362,INV-20-0362,2025-04,1899799
RCT-20-0363,INV-20-0363,2025-04,1899799
RCT-20-0364,INV-20-0364,2025-04,1899799
RCT-20-0365,INV-20-0365,2025-04,1899799
RCT-20-0366,INV-20-0366,2025-04,1899799
RCT-20-0367,INV-20-0367,2025-04,1899799
RCT-20-0368,INV-20-0368,2025-04,1899799
RCT-20-0369,INV-20-0369,2025-04,1899799
RCT-20-0370,INV-20-0370,2025-04,1899799
RCT-20-0371,INV-20-0371,2025-04,1899799
RCT-20-0372,INV-20-0372,2025-04,1899799
RCT-20-0373,INV-20-0373,2025-04,1899799
RCT-20-0374,INV-20-0374,2025-04,1899799
RCT-20-0375,INV-20-0375,2025-04,1899799
RCT-20-0376,INV-20-0376,2025-04,1899799
RCT-20-0377,INV-20-0377,2025-04,1899799
RCT-20-0378,INV-20-0378,2025-04,1899799
RCT-20-0379,INV-20-0379,2025-04,1899799
RCT-20-0380,INV-20-0380,2025-04,1899799
RCT-20-0381,INV-20-0381,2025-04,1899799
RCT-20-0382,INV-20-0382,2025-04,1899799
RCT-20-0383,INV-20-0383,2025-04,1899799
RCT-20-0384,INV-20-0384,2025-04,1899799
RCT-20-0385,INV-20-0385,2025-04,1899799
RCT-20-0386,INV-20-0386,2025-04,1899799
RCT-20-0387,INV-20-0387,2025-04,1899799
RCT-20-0388,INV-20-0388,2025-04,1899799
RCT-20-0389,INV-20-0389,2025-04,1899799
RCT-20-0390,INV-20-0390,2025-04,1899799
RCT-20-0391,INV-20-0391,2025-04,1899799
RCT-20-0392,INV-20-0392,2025-04,1899799
RCT-20-0393,INV-20-0393,2025-04,1899799
RCT-20-0394,INV-20-0394,2025-04,1899799
RCT-20-0395,INV-20-0395,2025-04,1899799
RCT-20-0396,INV-20-0396,2025-04,1899799
RCT-20-0397,INV-20-0397,2025-04,1899799
RCT-20-0398,INV-20-0398,2025-04,1899799
RCT-20-0399,INV-20-0399,2025-04,1899799
RCT-20-0400,INV-20-0400,2025-04,1899799
RCT-20-0401,INV-20-0401,2025-04,1899799
RCT-20-0402,INV-20-0402,2025-04,1899799
RCT-20-0403,INV-20-0403,2025-04,1899799
RCT-20-0404,INV-20-0404,2025-04,1899799
RCT-20-0405,INV-20-0405,2025-04,1899799
RCT-20-0406,INV-20-0406,2025-04,1899799
RCT-20-0407,INV-20-0407,2025-04,1899799
RCT-20-0408,INV-20-0408,2025-04,1899799
RCT-20-0409,INV-20-0409,2025-04,1899799
RCT-20-0410,INV-20-0410,2025-04,1899799
RCT-20-0411,INV-20-0411,2025-04,1899799
RCT-20-0412,INV-20-0412,2025-04,1899799
RCT-20-0413,INV-20-0413,2025-04,1899799
RCT-20-0414,INV-20-0414,2025-04,1899799
RCT-20-0415,INV-20-0415,2025-04,1899799
RCT-20-0416,INV-20-0416,2025-04,1899799
RCT-20-0417,INV-20-0417,2025-04,1899799
RCT-20-0418,INV-20-0418,2025-04,1899799
RCT-20-0419,INV-20-0419,2025-04,1899799
RCT-20-0420,INV-20-0420,2025-04,1899799
RCT-20-0421,INV-20-0421,2025-04,1899799
RCT-20-0422,INV-20-0422,2025-04,1899799
RCT-20-0423,INV-20-0423,2025-04,1899799
RCT-20-0424,INV-20-0424,2025-04,1899799
RCT-20-0425,INV-20-0425,2025-04,1899799
RCT-20-0426,INV-20-0426,2025-04,1899799
RCT-20-0427,INV-20-0427,2025-04,1899799
RCT-20-0428,INV-20-0428,2025-04,1899799
RCT-20-0429,INV-20-0429,2025-04,1899799
RCT-20-0430,INV-20-0430,2025-04,1899799
RCT-20-0431,INV-20-0431,2025-04,1899799
RCT-20-0432,INV-20-0432,2025-04,1899799
RCT-20-0433,INV-20-0433,2025-04,1899799
RCT-20-0434,INV-20-0434,2025-04,1899799
RCT-20-0435,INV-20-0435,2025-04,1899799
RCT-20-0436,INV-20-0436,2025-04,1899799
RCT-20-0437,INV-20-0437,2025-04,1899799
RCT-20-0438,INV-20-0438,2025-04,1899799
RCT-20-0439,INV-20-0439,2025-04,1899799
RCT-20-0440,INV-20-0440,2025-04,1899799
RCT-20-0441,INV-20-0441,2025-04,1899799
RCT-20-0442,INV-20-0442,2025-04,1899799
RCT-20-0443,INV-20-0443,2025-04,1899799
RCT-20-0444,INV-20-0444,2025-04,1899799
RCT-20-0445,INV-20-0445,2025-04,1899799
RCT-20-0446,INV-20-0446,2025-04,1899799
RCT-20-0447,INV-20-0447,2025-04,1899799
RCT-20-0448,INV-20-0448,2025-04,1899799
RCT-20-0449,INV-20-0449,2025-04,1899799
RCT-20-0450,INV-20-0450,2025-04,1899799
RCT-20-0451,INV-20-0451,2025-04,1899799
RCT-20-0452,INV-20-0452,2025-04,1899799
RCT-20-0453,INV-20-0453,2025-04,1899799
RCT-20-0454,INV-20-0454,2025-04,1899799
RCT-20-0455,INV-20-0455,2025-04,1899799
RCT-20-0456,INV-20-0456,2025-04,1899799
RCT-20-0457,INV-20-0457,2025-04,1899799
RCT-20-0458,INV-20-0458,2025-04,1899799
RCT-20-0459,INV-20-0459,2025-04,1899799
RCT-20-0460,INV-20-0460,2025-04,1899799
RCT-20-0461,INV-20-0461,2025-04,1899799
RCT-20-0462,INV-20-0462,2025-04,1899799
RCT-20-0463,INV-20-0463,2025-04,1899799
RCT-20-0464,INV-20-0464,2025-04,1899799
RCT-20-0465,INV-20-0465,2025-04,1899799
RCT-20-0466,INV-20-0466,2025-04,1899799
RCT-20-0467,INV-20-0467,2025-04,1899799
RCT-20-0468,INV-20-0468,2025-04,1899799
RCT-20-0469,INV-20-0469,2025-04,1899799
RCT-20-0470,INV-20-0470,2025-04,1899799
RCT-20-0471,INV-20-0471,2025-04,1899799
RCT-20-0472,INV-20-0472,2025-04,1899799
RCT-20-0473,INV-20-0473,2025-04,1899799
RCT-20-0474,INV-20-0474,2025-04,1899799
RCT-20-0475,INV-20-0475,2025-04,1899799
RCT-20-0476,INV-20-0476,2025-04,1899799
RCT-20-0477,INV-20-0477,2025-04,1899799
RCT-20-0478,INV-20-0478,2025-04,1899799
RCT-20-0479,INV-20-0479,2025-04,1899799
RCT-20-0480,INV-20-0480,2025-04,1899799
RCT-20-0481,INV-20-0481,2025-04,1899799
RCT-20-0482,INV-20-0482,2025-04,1899799
RCT-20-0483,INV-20-0483,2025-04,1899799
RCT-20-0484,INV-20-0484,2025-04,1899799
RCT-20-0485,INV-20-0485,2025-04,1899799
RCT-20-0486,INV-20-0486,2025-04,1899799
RCT-20-0487,INV-20-0487,2025-04,1899799
RCT-20-0488,INV-20-0488,2025-04,1899799
RCT-20-0489,INV-20-0489,2025-04,1899799
RCT-20-0490,INV-20-0490,2025-04,1899799
RCT-20-0491,INV-20-0491,2025-04,1899799
RCT-20-0492,INV-20-0492,2025-04,1899799
RCT-20-0493,INV-20-0493,2025-04,1899799
RCT-20-0494,INV-20-0494,2025-04,1899799
RCT-20-0495,INV-20-0495,2025-04,1899799
RCT-20-0496,INV-20-0496,2025-04,1899799
RCT-20-0497,INV-20-0497,2025-04,1899799
RCT-20-0498,INV-20-0498,2025-04,1899799
RCT-20-0499,INV-20-0499,2025-04,1899799
RCT-20-0500,INV-20-0500,2025-04,1899799
RCT-20-SVC,INV-20-SVC,2025-04,144833333
RCT-21-0001,INV-21-0001,2025-05,240000000
RCT-21-0002,INV-21-0002,2025-05,1923848
RCT-21-0003,INV-21-0003,2025-05,1923848
RCT-21-0004,INV-21-0004,2025-05,1923848
RCT-21-0005,INV-21-0005,2025-05,1923848
RCT-21-0006,INV-21-0006,2025-05,1923848
RCT-21-0007,INV-21-0007,2025-05,1923848
RCT-21-0008,INV-21-0008,2025-05,1923848
RCT-21-0009,INV-21-0009,2025-05,1923848
RCT-21-0010,INV-21-0010,2025-05,1923848
RCT-21-0011,INV-21-0011,2025-05,1923848
RCT-21-0012,INV-21-0012,2025-05,1923848
RCT-21-0013,INV-21-0013,2025-05,1923848
RCT-21-0014,INV-21-0014,2025-05,1923848
RCT-21-0015,INV-21-0015,2025-05,1923848
RCT-21-0016,INV-21-0016,2025-05,1923848
RCT-21-0017,INV-21-0017,2025-05,1923848
RCT-21-0018,INV-21-0018,2025-05,1923848
RCT-21-0019,INV-21-0019,2025-05,1923848
RCT-21-0020,INV-21-0020,2025-05,1923848
RCT-21-0021,INV-21-0021,2025-05,1923848
RCT-21-0022,INV-21-0022,2025-05,1923848
RCT-21-0023,INV-21-0023,2025-05,1923848
RCT-21-0024,INV-21-0024,2025-05,1923848
RCT-21-0025,INV-21-0025,2025-05,1923848
RCT-21-0026,INV-21-0026,2025-05,1923848
RCT-21-0027,INV-21-0027,2025-05,1923848
RCT-21-0028,INV-21-0028,2025-05,1923848
RCT-21-0029,INV-21-0029,2025-05,1923848
RCT-21-0030,INV-21-0030,2025-05,1923848
RCT-21-0031,INV-21-0031,2025-05,1923848
RCT-21-0032,INV-21-0032,2025-05,1923848
RCT-21-0033,INV-21-0033,2025-05,1923848
RCT-21-0034,INV-21-0034,2025-05,1923848
RCT-21-0035,INV-21-0035,2025-05,1923848
RCT-21-0036,INV-21-0036,2025-05,1923848
RCT-21-0037,INV-21-0037,2025-05,1923848
RCT-21-0038,INV-21-0038,2025-05,1923848
RCT-21-0039,INV-21-0039,2025-05,1923848
RCT-21-0040,INV-21-0040,2025-05,1923848
RCT-21-0041,INV-21-0041,2025-05,1923848
RCT-21-0042,INV-21-0042,2025-05,1923848
RCT-21-0043,INV-21-0043,2025-05,1923848
RCT-21-0044,INV-21-0044,2025-05,1923848
RCT-21-0045,INV-21-0045,2025-05,1923848
RCT-21-0046,INV-21-0046,2025-05,1923848
RCT-21-0047,INV-21-0047,2025-05,1923848
RCT-21-0048,INV-21-0048,2025-05,1923848
RCT-21-0049,INV-21-0049,2025-05,1923848
RCT-21-0050,INV-21-0050,2025-05,1923848
RCT-21-0051,INV-21-0051,2025-05,1923848
RCT-21-0052,INV-21-0052,2025-05,1923848
RCT-21-0053,INV-21-0053,2025-05,1923848
RCT-21-0054,INV-21-0054,2025-05,1923848
RCT-21-0055,INV-21-0055,2025-05,1923848
RCT-21-0056,INV-21-0056,2025-05,1923848
RCT-21-0057,INV-21-0057,2025-05,1923848
RCT-21-0058,INV-21-0058,2025-05,1923848
RCT-21-0059,INV-21-0059,2025-05,1923848
RCT-21-0060,INV-21-0060,2025-05,1923848
RCT-21-0061,INV-21-0061,2025-05,1923848
RCT-21-0062,INV-21-0062,2025-05,1923848
RCT-21-0063,INV-21-0063,2025-05,1923848
RCT-21-0064,INV-21-0064,2025-05,1923848
RCT-21-0065,INV-21-0065,2025-05,1923848
RCT-21-0066,INV-21-0066,2025-05,1923848
RCT-21-0067,INV-21-0067,2025-05,1923848
RCT-21-0068,INV-21-0068,2025-05,1923848
RCT-21-0069,INV-21-0069,2025-05,1923848
RCT-21-0070,INV-21-0070,2025-05,1923848
RCT-21-0071,INV-21-0071,2025-05,1923848
RCT-21-0072,INV-21-0072,2025-05,1923848
RCT-21-0073,INV-21-0073,2025-05,1923848
RCT-21-0074,INV-21-0074,2025-05,1923848
RCT-21-0075,INV-21-0075,2025-05,1923848
RCT-21-0076,INV-21-0076,2025-05,1923848
RCT-21-0077,INV-21-0077,2025-05,1923848
RCT-21-0078,INV-21-0078,2025-05,1923848
RCT-21-0079,INV-21-0079,2025-05,1923848
RCT-21-0080,INV-21-0080,2025-05,1923848
RCT-21-0081,INV-21-0081,2025-05,1923848
RCT-21-0082,INV-21-0082,2025-05,1923848
RCT-21-0083,INV-21-0083,2025-05,1923848
RCT-21-0084,INV-21-0084,2025-05,1923848
RCT-21-0085,INV-21-0085,2025-05,1923848
RCT-21-0086,INV-21-0086,2025-05,1923848
RCT-21-0087,INV-21-0087,2025-05,1923848
RCT-21-0088,INV-21-0088,2025-05,1923848
RCT-21-0089,INV-21-0089,2025-05,1923848
RCT-21-0090,INV-21-0090,2025-05,1923848
RCT-21-0091,INV-21-0091,2025-05,1923848
RCT-21-0092,INV-21-0092,2025-05,1923848
RCT-21-0093,INV-21-0093,2025-05,1923848
RCT-21-0094,INV-21-0094,2025-05,1923848
RCT-21-0095,INV-21-0095,2025-05,1923848
RCT-21-0096,INV-21-0096,2025-05,1923848
RCT-21-0097,INV-21-0097,2025-05,1923848
RCT-21-0098,INV-21-0098,2025-05,1923848
RCT-21-0099,INV-21-0099,2025-05,1923848
RCT-21-0100,INV-21-0100,2025-05,1923848
RCT-21-0101,INV-21-0101,2025-05,1923848
RCT-21-0102,INV-21-0102,2025-05,1923848
RCT-21-0103,INV-21-0103,2025-05,1923848
RCT-21-0104,INV-21-0104,2025-05,1923848
RCT-21-0105,INV-21-0105,2025-05,1923848
RCT-21-0106,INV-21-0106,2025-05,1923848
RCT-21-0107,INV-21-0107,2025-05,1923848
RCT-21-0108,INV-21-0108,2025-05,1923848
RCT-21-0109,INV-21-0109,2025-05,1923848
RCT-21-0110,INV-21-0110,2025-05,1923848
RCT-21-0111,INV-21-0111,2025-05,1923848
RCT-21-0112,INV-21-0112,2025-05,1923848
RCT-21-0113,INV-21-0113,2025-05,1923848
RCT-21-0114,INV-21-0114,2025-05,1923848
RCT-21-0115,INV-21-0115,2025-05,1923848
RCT-21-0116,INV-21-0116,2025-05,1923848
RCT-21-0117,INV-21-0117,2025-05,1923848
RCT-21-0118,INV-21-0118,2025-05,1923848
RCT-21-0119,INV-21-0119,2025-05,1923848
RCT-21-0120,INV-21-0120,2025-05,1923848
RCT-21-0121,INV-21-0121,2025-05,1923848
RCT-21-0122,INV-21-0122,2025-05,1923848
RCT-21-0123,INV-21-0123,2025-05,1923848
RCT-21-0124,INV-21-0124,2025-05,1923848
RCT-21-0125,INV-21-0125,2025-05,1923848
RCT-21-0126,INV-21-0126,2025-05,1923848
RCT-21-0127,INV-21-0127,2025-05,1923848
RCT-21-0128,INV-21-0128,2025-05,1923848
RCT-21-0129,INV-21-0129,2025-05,1923848
RCT-21-0130,INV-21-0130,2025-05,1923848
RCT-21-0131,INV-21-0131,2025-05,1923848
RCT-21-0132,INV-21-0132,2025-05,1923848
RCT-21-0133,INV-21-0133,2025-05,1923848
RCT-21-0134,INV-21-0134,2025-05,1923848
RCT-21-0135,INV-21-0135,2025-05,1923848
RCT-21-0136,INV-21-0136,2025-05,1923848
RCT-21-0137,INV-21-0137,2025-05,1923848
RCT-21-0138,INV-21-0138,2025-05,1923848
RCT-21-0139,INV-21-0139,2025-05,1923848
RCT-21-0140,INV-21-0140,2025-05,1923848
RCT-21-0141,INV-21-0141,2025-05,1923848
RCT-21-0142,INV-21-0142,2025-05,1923848
RCT-21-0143,INV-21-0143,2025-05,1923848
RCT-21-0144,INV-21-0144,2025-05,1923848
RCT-21-0145,INV-21-0145,2025-05,1923848
RCT-21-0146,INV-21-0146,2025-05,1923848
RCT-21-0147,INV-21-0147,2025-05,1923848
RCT-21-0148,INV-21-0148,2025-05,1923848
RCT-21-0149,INV-21-0149,2025-05,1923848
RCT-21-0150,INV-21-0150,2025-05,1923848
RCT-21-0151,INV-21-0151,2025-05,1923848
RCT-21-0152,INV-21-0152,2025-05,1923848
RCT-21-0153,INV-21-0153,2025-05,1923848
RCT-21-0154,INV-21-0154,2025-05,1923848
RCT-21-0155,INV-21-0155,2025-05,1923848
RCT-21-0156,INV-21-0156,2025-05,1923848
RCT-21-0157,INV-21-0157,2025-05,1923848
RCT-21-0158,INV-21-0158,2025-05,1923848
RCT-21-0159,INV-21-0159,2025-05,1923848
RCT-21-0160,INV-21-0160,2025-05,1923848
RCT-21-0161,INV-21-0161,2025-05,1923848
RCT-21-0162,INV-21-0162,2025-05,1923848
RCT-21-0163,INV-21-0163,2025-05,1923848
RCT-21-0164,INV-21-0164,2025-05,1923848
RCT-21-0165,INV-21-0165,2025-05,1923848
RCT-21-0166,INV-21-0166,2025-05,1923848
RCT-21-0167,INV-21-0167,2025-05,1923848
RCT-21-0168,INV-21-0168,2025-05,1923848
RCT-21-0169,INV-21-0169,2025-05,1923848
RCT-21-0170,INV-21-0170,2025-05,1923848
RCT-21-0171,INV-21-0171,2025-05,1923848
RCT-21-0172,INV-21-0172,2025-05,1923848
RCT-21-0173,INV-21-0173,2025-05,1923848
RCT-21-0174,INV-21-0174,2025-05,1923848
RCT-21-0175,INV-21-0175,2025-05,1923848
RCT-21-0176,INV-21-0176,2025-05,1923848
RCT-21-0177,INV-21-0177,2025-05,1923848
RCT-21-0178,INV-21-0178,2025-05,1923848
RCT-21-0179,INV-21-0179,2025-05,1923848
RCT-21-0180,INV-21-0180,2025-05,1923848
RCT-21-0181,INV-21-0181,2025-05,1923848
RCT-21-0182,INV-21-0182,2025-05,1923848
RCT-21-0183,INV-21-0183,2025-05,1923848
RCT-21-0184,INV-21-0184,2025-05,1923848
RCT-21-0185,INV-21-0185,2025-05,1923848
RCT-21-0186,INV-21-0186,2025-05,1923848
RCT-21-0187,INV-21-0187,2025-05,1923848
RCT-21-0188,INV-21-0188,2025-05,1923848
RCT-21-0189,INV-21-0189,2025-05,1923848
RCT-21-0190,INV-21-0190,2025-05,1923848
RCT-21-0191,INV-21-0191,2025-05,1923848
RCT-21-0192,INV-21-0192,2025-05,1923848
RCT-21-0193,INV-21-0193,2025-05,1923848
RCT-21-0194,INV-21-0194,2025-05,1923848
RCT-21-0195,INV-21-0195,2025-05,1923848
RCT-21-0196,INV-21-0196,2025-05,1923848
RCT-21-0197,INV-21-0197,2025-05,1923848
RCT-21-0198,INV-21-0198,2025-05,1923848
RCT-21-0199,INV-21-0199,2025-05,1923848
RCT-21-0200,INV-21-0200,2025-05,1923848
RCT-21-0201,INV-21-0201,2025-05,1923848
RCT-21-0202,INV-21-0202,2025-05,1923848
RCT-21-0203,INV-21-0203,2025-05,1923848
RCT-21-0204,INV-21-0204,2025-05,1923848
RCT-21-0205,INV-21-0205,2025-05,1923848
RCT-21-0206,INV-21-0206,2025-05,1923848
RCT-21-0207,INV-21-0207,2025-05,1923848
RCT-21-0208,INV-21-0208,2025-05,1923848
RCT-21-0209,INV-21-0209,2025-05,1923848
RCT-21-0210,INV-21-0210,2025-05,1923848
RCT-21-0211,INV-21-0211,2025-05,1923848
RCT-21-0212,INV-21-0212,2025-05,1923848
RCT-21-0213,INV-21-0213,2025-05,1923848
RCT-21-0214,INV-21-0214,2025-05,1923848
RCT-21-0215,INV-21-0215,2025-05,1923848
RCT-21-0216,INV-21-0216,2025-05,1923848
RCT-21-0217,INV-21-0217,2025-05,1923848
RCT-21-0218,INV-21-0218,2025-05,1923848
RCT-21-0219,INV-21-0219,2025-05,1923848
RCT-21-0220,INV-21-0220,2025-05,1923848
RCT-21-0221,INV-21-0221,2025-05,1923848
RCT-21-0222,INV-21-0222,2025-05,1923848
RCT-21-0223,INV-21-0223,2025-05,1923848
RCT-21-0224,INV-21-0224,2025-05,1923848
RCT-21-0225,INV-21-0225,2025-05,1923848
RCT-21-0226,INV-21-0226,2025-05,1923848
RCT-21-0227,INV-21-0227,2025-05,1923848
RCT-21-0228,INV-21-0228,2025-05,1923848
RCT-21-0229,INV-21-0229,2025-05,1923848
RCT-21-0230,INV-21-0230,2025-05,1923848
RCT-21-0231,INV-21-0231,2025-05,1923848
RCT-21-0232,INV-21-0232,2025-05,1923848
RCT-21-0233,INV-21-0233,2025-05,1923848
RCT-21-0234,INV-21-0234,2025-05,1923848
RCT-21-0235,INV-21-0235,2025-05,1923848
RCT-21-0236,INV-21-0236,2025-05,1923848
RCT-21-0237,INV-21-0237,2025-05,1923848
RCT-21-0238,INV-21-0238,2025-05,1923848
RCT-21-0239,INV-21-0239,2025-05,1923848
RCT-21-0240,INV-21-0240,2025-05,1923848
RCT-21-0241,INV-21-0241,2025-05,1923848
RCT-21-0242,INV-21-0242,2025-05,1923848
RCT-21-0243,INV-21-0243,2025-05,1923848
RCT-21-0244,INV-21-0244,2025-05,1923848
RCT-21-0245,INV-21-0245,2025-05,1923848
RCT-21-0246,INV-21-0246,2025-05,1923848
RCT-21-0247,INV-21-0247,2025-05,1923848
RCT-21-0248,INV-21-0248,2025-05,1923848
RCT-21-0249,INV-21-0249,2025-05,1923848
RCT-21-0250,INV-21-0250,2025-05,1923848
RCT-21-0251,INV-21-0251,2025-05,1923848
RCT-21-0252,INV-21-0252,2025-05,1923848
RCT-21-0253,INV-21-0253,2025-05,1923848
RCT-21-0254,INV-21-0254,2025-05,1923848
RCT-21-0255,INV-21-0255,2025-05,1923848
RCT-21-0256,INV-21-0256,2025-05,1923848
RCT-21-0257,INV-21-0257,2025-05,1923848
RCT-21-0258,INV-21-0258,2025-05,1923848
RCT-21-0259,INV-21-0259,2025-05,1923848
RCT-21-0260,INV-21-0260,2025-05,1923848
RCT-21-0261,INV-21-0261,2025-05,1923848
RCT-21-0262,INV-21-0262,2025-05,1923848
RCT-21-0263,INV-21-0263,2025-05,1923848
RCT-21-0264,INV-21-0264,2025-05,1923848
RCT-21-0265,INV-21-0265,2025-05,1923848
RCT-21-0266,INV-21-0266,2025-05,1923848
RCT-21-0267,INV-21-0267,2025-05,1923848
RCT-21-0268,INV-21-0268,2025-05,1923848
RCT-21-0269,INV-21-0269,2025-05,1923848
RCT-21-0270,INV-21-0270,2025-05,1923848
RCT-21-0271,INV-21-0271,2025-05,1923848
RCT-21-0272,INV-21-0272,2025-05,1923848
RCT-21-0273,INV-21-0273,2025-05,1923848
RCT-21-0274,INV-21-0274,2025-05,1923848
RCT-21-0275,INV-21-0275,2025-05,1923848
RCT-21-0276,INV-21-0276,2025-05,1923848
RCT-21-0277,INV-21-0277,2025-05,1923848
RCT-21-0278,INV-21-0278,2025-05,1923848
RCT-21-0279,INV-21-0279,2025-05,1923848
RCT-21-0280,INV-21-0280,2025-05,1923848
RCT-21-0281,INV-21-0281,2025-05,1923848
RCT-21-0282,INV-21-0282,2025-05,1923848
RCT-21-0283,INV-21-0283,2025-05,1923848
RCT-21-0284,INV-21-0284,2025-05,1923848
RCT-21-0285,INV-21-0285,2025-05,1923848
RCT-21-0286,INV-21-0286,2025-05,1923848
RCT-21-0287,INV-21-0287,2025-05,1923848
RCT-21-0288,INV-21-0288,2025-05,1923848
RCT-21-0289,INV-21-0289,2025-05,1923848
RCT-21-0290,INV-21-0290,2025-05,1923848
RCT-21-0291,INV-21-0291,2025-05,1923848
RCT-21-0292,INV-21-0292,2025-05,1923848
RCT-21-0293,INV-21-0293,2025-05,1923848
RCT-21-0294,INV-21-0294,2025-05,1923848
RCT-21-0295,INV-21-0295,2025-05,1923848
RCT-21-0296,INV-21-0296,2025-05,1923848
RCT-21-0297,INV-21-0297,2025-05,1923848
RCT-21-0298,INV-21-0298,2025-05,1923848
RCT-21-0299,INV-21-0299,2025-05,1923848
RCT-21-0300,INV-21-0300,2025-05,1923848
RCT-21-0301,INV-21-0301,2025-05,1923848
RCT-21-0302,INV-21-0302,2025-05,1923848
RCT-21-0303,INV-21-0303,2025-05,1923848
RCT-21-0304,INV-21-0304,2025-05,1923848
RCT-21-0305,INV-21-0305,2025-05,1923848
RCT-21-0306,INV-21-0306,2025-05,1923848
RCT-21-0307,INV-21-0307,2025-05,1923848
RCT-21-0308,INV-21-0308,2025-05,1923848
RCT-21-0309,INV-21-0309,2025-05,1923848
RCT-21-0310,INV-21-0310,2025-05,1923848
RCT-21-0311,INV-21-0311,2025-05,1923847
RCT-21-0312,INV-21-0312,2025-05,1923847
RCT-21-0313,INV-21-0313,2025-05,1923847
RCT-21-0314,INV-21-0314,2025-05,1923847
RCT-21-0315,INV-21-0315,2025-05,1923847
RCT-21-0316,INV-21-0316,2025-05,1923847
RCT-21-0317,INV-21-0317,2025-05,1923847
RCT-21-0318,INV-21-0318,2025-05,1923847
RCT-21-0319,INV-21-0319,2025-05,1923847
RCT-21-0320,INV-21-0320,2025-05,1923847
RCT-21-0321,INV-21-0321,2025-05,1923847
RCT-21-0322,INV-21-0322,2025-05,1923847
RCT-21-0323,INV-21-0323,2025-05,1923847
RCT-21-0324,INV-21-0324,2025-05,1923847
RCT-21-0325,INV-21-0325,2025-05,1923847
RCT-21-0326,INV-21-0326,2025-05,1923847
RCT-21-0327,INV-21-0327,2025-05,1923847
RCT-21-0328,INV-21-0328,2025-05,1923847
RCT-21-0329,INV-21-0329,2025-05,1923847
RCT-21-0330,INV-21-0330,2025-05,1923847
RCT-21-0331,INV-21-0331,2025-05,1923847
RCT-21-0332,INV-21-0332,2025-05,1923847
RCT-21-0333,INV-21-0333,2025-05,1923847
RCT-21-0334,INV-21-0334,2025-05,1923847
RCT-21-0335,INV-21-0335,2025-05,1923847
RCT-21-0336,INV-21-0336,2025-05,1923847
RCT-21-0337,INV-21-0337,2025-05,1923847
RCT-21-0338,INV-21-0338,2025-05,1923847
RCT-21-0339,INV-21-0339,2025-05,1923847
RCT-21-0340,INV-21-0340,2025-05,1923847
RCT-21-0341,INV-21-0341,2025-05,1923847
RCT-21-0342,INV-21-0342,2025-05,1923847
RCT-21-0343,INV-21-0343,2025-05,1923847
RCT-21-0344,INV-21-0344,2025-05,1923847
RCT-21-0345,INV-21-0345,2025-05,1923847
RCT-21-0346,INV-21-0346,2025-05,1923847
RCT-21-0347,INV-21-0347,2025-05,1923847
RCT-21-0348,INV-21-0348,2025-05,1923847
RCT-21-0349,INV-21-0349,2025-05,1923847
RCT-21-0350,INV-21-0350,2025-05,1923847
RCT-21-0351,INV-21-0351,2025-05,1923847
RCT-21-0352,INV-21-0352,2025-05,1923847
RCT-21-0353,INV-21-0353,2025-05,1923847
RCT-21-0354,INV-21-0354,2025-05,1923847
RCT-21-0355,INV-21-0355,2025-05,1923847
RCT-21-0356,INV-21-0356,2025-05,1923847
RCT-21-0357,INV-21-0357,2025-05,1923847
RCT-21-0358,INV-21-0358,2025-05,1923847
RCT-21-0359,INV-21-0359,2025-05,1923847
RCT-21-0360,INV-21-0360,2025-05,1923847
RCT-21-0361,INV-21-0361,2025-05,1923847
RCT-21-0362,INV-21-0362,2025-05,1923847
RCT-21-0363,INV-21-0363,2025-05,1923847
RCT-21-0364,INV-21-0364,2025-05,1923847
RCT-21-0365,INV-21-0365,2025-05,1923847
RCT-21-0366,INV-21-0366,2025-05,1923847
RCT-21-0367,INV-21-0367,2025-05,1923847
RCT-21-0368,INV-21-0368,2025-05,1923847
RCT-21-0369,INV-21-0369,2025-05,1923847
RCT-21-0370,INV-21-0370,2025-05,1923847
RCT-21-0371,INV-21-0371,2025-05,1923847
RCT-21-0372,INV-21-0372,2025-05,1923847
RCT-21-0373,INV-21-0373,2025-05,1923847
RCT-21-0374,INV-21-0374,2025-05,1923847
RCT-21-0375,INV-21-0375,2025-05,1923847
RCT-21-0376,INV-21-0376,2025-05,1923847
RCT-21-0377,INV-21-0377,2025-05,1923847
RCT-21-0378,INV-21-0378,2025-05,1923847
RCT-21-0379,INV-21-0379,2025-05,1923847
RCT-21-0380,INV-21-0380,2025-05,1923847
RCT-21-0381,INV-21-0381,2025-05,1923847
RCT-21-0382,INV-21-0382,2025-05,1923847
RCT-21-0383,INV-21-0383,2025-05,1923847
RCT-21-0384,INV-21-0384,2025-05,1923847
RCT-21-0385,INV-21-0385,2025-05,1923847
RCT-21-0386,INV-21-0386,2025-05,1923847
RCT-21-0387,INV-21-0387,2025-05,1923847
RCT-21-0388,INV-21-0388,2025-05,1923847
RCT-21-0389,INV-21-0389,2025-05,1923847
RCT-21-0390,INV-21-0390,2025-05,1923847
RCT-21-0391,INV-21-0391,2025-05,1923847
RCT-21-0392,INV-21-0392,2025-05,1923847
RCT-21-0393,INV-21-0393,2025-05,1923847
RCT-21-0394,INV-21-0394,2025-05,1923847
RCT-21-0395,INV-21-0395,2025-05,1923847
RCT-21-0396,INV-21-0396,2025-05,1923847
RCT-21-0397,INV-21-0397,2025-05,1923847
RCT-21-0398,INV-21-0398,2025-05,1923847
RCT-21-0399,INV-21-0399,2025-05,1923847
RCT-21-0400,INV-21-0400,2025-05,1923847
RCT-21-0401,INV-21-0401,2025-05,1923847
RCT-21-0402,INV-21-0402,2025-05,1923847
RCT-21-0403,INV-21-0403,2025-05,1923847
RCT-21-0404,INV-21-0404,2025-05,1923847
RCT-21-0405,INV-21-0405,2025-05,1923847
RCT-21-0406,INV-21-0406,2025-05,1923847
RCT-21-0407,INV-21-0407,2025-05,1923847
RCT-21-0408,INV-21-0408,2025-05,1923847
RCT-21-0409,INV-21-0409,2025-05,1923847
RCT-21-0410,INV-21-0410,2025-05,1923847
RCT-21-0411,INV-21-0411,2025-05,1923847
RCT-21-0412,INV-21-0412,2025-05,1923847
RCT-21-0413,INV-21-0413,2025-05,1923847
RCT-21-0414,INV-21-0414,2025-05,1923847
RCT-21-0415,INV-21-0415,2025-05,1923847
RCT-21-0416,INV-21-0416,2025-05,1923847
RCT-21-0417,INV-21-0417,2025-05,1923847
RCT-21-0418,INV-21-0418,2025-05,1923847
RCT-21-0419,INV-21-0419,2025-05,1923847
RCT-21-0420,INV-21-0420,2025-05,1923847
RCT-21-0421,INV-21-0421,2025-05,1923847
RCT-21-0422,INV-21-0422,2025-05,1923847
RCT-21-0423,INV-21-0423,2025-05,1923847
RCT-21-0424,INV-21-0424,2025-05,1923847
RCT-21-0425,INV-21-0425,2025-05,1923847
RCT-21-0426,INV-21-0426,2025-05,1923847
RCT-21-0427,INV-21-0427,2025-05,1923847
RCT-21-0428,INV-21-0428,2025-05,1923847
RCT-21-0429,INV-21-0429,2025-05,1923847
RCT-21-0430,INV-21-0430,2025-05,1923847
RCT-21-0431,INV-21-0431,2025-05,1923847
RCT-21-0432,INV-21-0432,2025-05,1923847
RCT-21-0433,INV-21-0433,2025-05,1923847
RCT-21-0434,INV-21-0434,2025-05,1923847
RCT-21-0435,INV-21-0435,2025-05,1923847
RCT-21-0436,INV-21-0436,2025-05,1923847
RCT-21-0437,INV-21-0437,2025-05,1923847
RCT-21-0438,INV-21-0438,2025-05,1923847
RCT-21-0439,INV-21-0439,2025-05,1923847
RCT-21-0440,INV-21-0440,2025-05,1923847
RCT-21-0441,INV-21-0441,2025-05,1923847
RCT-21-0442,INV-21-0442,2025-05,1923847
RCT-21-0443,INV-21-0443,2025-05,1923847
RCT-21-0444,INV-21-0444,2025-05,1923847
RCT-21-0445,INV-21-0445,2025-05,1923847
RCT-21-0446,INV-21-0446,2025-05,1923847
RCT-21-0447,INV-21-0447,2025-05,1923847
RCT-21-0448,INV-21-0448,2025-05,1923847
RCT-21-0449,INV-21-0449,2025-05,1923847
RCT-21-0450,INV-21-0450,2025-05,1923847
RCT-21-0451,INV-21-0451,2025-05,1923847
RCT-21-0452,INV-21-0452,2025-05,1923847
RCT-21-0453,INV-21-0453,2025-05,1923847
RCT-21-0454,INV-21-0454,2025-05,1923847
RCT-21-0455,INV-21-0455,2025-05,1923847
RCT-21-0456,INV-21-0456,2025-05,1923847
RCT-21-0457,INV-21-0457,2025-05,1923847
RCT-21-0458,INV-21-0458,2025-05,1923847
RCT-21-0459,INV-21-0459,2025-05,1923847
RCT-21-0460,INV-21-0460,2025-05,1923847
RCT-21-0461,INV-21-0461,2025-05,1923847
RCT-21-0462,INV-21-0462,2025-05,1923847
RCT-21-0463,INV-21-0463,2025-05,1923847
RCT-21-0464,INV-21-0464,2025-05,1923847
RCT-21-0465,INV-21-0465,2025-05,1923847
RCT-21-0466,INV-21-0466,2025-05,1923847
RCT-21-0467,INV-21-0467,2025-05,1923847
RCT-21-0468,INV-21-0468,2025-05,1923847
RCT-21-0469,INV-21-0469,2025-05,1923847
RCT-21-0470,INV-21-0470,2025-05,1923847
RCT-21-0471,INV-21-0471,2025-05,1923847
RCT-21-0472,INV-21-0472,2025-05,1923847
RCT-21-0473,INV-21-0473,2025-05,1923847
RCT-21-0474,INV-21-0474,2025-05,1923847
RCT-21-0475,INV-21-0475,2025-05,1923847
RCT-21-0476,INV-21-0476,2025-05,1923847
RCT-21-0477,INV-21-0477,2025-05,1923847
RCT-21-0478,INV-21-0478,2025-05,1923847
RCT-21-0479,INV-21-0479,2025-05,1923847
RCT-21-0480,INV-21-0480,2025-05,1923847
RCT-21-0481,INV-21-0481,2025-05,1923847
RCT-21-0482,INV-21-0482,2025-05,1923847
RCT-21-0483,INV-21-0483,2025-05,1923847
RCT-21-0484,INV-21-0484,2025-05,1923847
RCT-21-0485,INV-21-0485,2025-05,1923847
RCT-21-0486,INV-21-0486,2025-05,1923847
RCT-21-0487,INV-21-0487,2025-05,1923847
RCT-21-0488,INV-21-0488,2025-05,1923847
RCT-21-0489,INV-21-0489,2025-05,1923847
RCT-21-0490,INV-21-0490,2025-05,1923847
RCT-21-0491,INV-21-0491,2025-05,1923847
RCT-21-0492,INV-21-0492,2025-05,1923847
RCT-21-0493,INV-21-0493,2025-05,1923847
RCT-21-0494,INV-21-0494,2025-05,1923847
RCT-21-0495,INV-21-0495,2025-05,1923847
RCT-21-0496,INV-21-0496,2025-05,1923847
RCT-21-0497,INV-21-0497,2025-05,1923847
RCT-21-0498,INV-21-0498,2025-05,1923847
RCT-21-0499,INV-21-0499,2025-05,1923847
RCT-21-0500,INV-21-0500,2025-05,1923847
RCT-21-SVC,INV-21-SVC,2025-05,146666666
RCT-22-0001,INV-22-0001,2025-06,243000000
RCT-22-0002,INV-22-0002,2025-06,1947896
RCT-22-0003,INV-22-0003,2025-06,1947896
RCT-22-0004,INV-22-0004,2025-06,1947896
RCT-22-0005,INV-22-0005,2025-06,1947896
RCT-22-0006,INV-22-0006,2025-06,1947896
RCT-22-0007,INV-22-0007,2025-06,1947896
RCT-22-0008,INV-22-0008,2025-06,1947896
RCT-22-0009,INV-22-0009,2025-06,1947896
RCT-22-0010,INV-22-0010,2025-06,1947896
RCT-22-0011,INV-22-0011,2025-06,1947896
RCT-22-0012,INV-22-0012,2025-06,1947896
RCT-22-0013,INV-22-0013,2025-06,1947896
RCT-22-0014,INV-22-0014,2025-06,1947896
RCT-22-0015,INV-22-0015,2025-06,1947896
RCT-22-0016,INV-22-0016,2025-06,1947896
RCT-22-0017,INV-22-0017,2025-06,1947896
RCT-22-0018,INV-22-0018,2025-06,1947896
RCT-22-0019,INV-22-0019,2025-06,1947896
RCT-22-0020,INV-22-0020,2025-06,1947896
RCT-22-0021,INV-22-0021,2025-06,1947896
RCT-22-0022,INV-22-0022,2025-06,1947896
RCT-22-0023,INV-22-0023,2025-06,1947896
RCT-22-0024,INV-22-0024,2025-06,1947896
RCT-22-0025,INV-22-0025,2025-06,1947896
RCT-22-0026,INV-22-0026,2025-06,1947896
RCT-22-0027,INV-22-0027,2025-06,1947896
RCT-22-0028,INV-22-0028,2025-06,1947896
RCT-22-0029,INV-22-0029,2025-06,1947896
RCT-22-0030,INV-22-0030,2025-06,1947896
RCT-22-0031,INV-22-0031,2025-06,1947896
RCT-22-0032,INV-22-0032,2025-06,1947896
RCT-22-0033,INV-22-0033,2025-06,1947896
RCT-22-0034,INV-22-0034,2025-06,1947896
RCT-22-0035,INV-22-0035,2025-06,1947896
RCT-22-0036,INV-22-0036,2025-06,1947896
RCT-22-0037,INV-22-0037,2025-06,1947896
RCT-22-0038,INV-22-0038,2025-06,1947896
RCT-22-0039,INV-22-0039,2025-06,1947896
RCT-22-0040,INV-22-0040,2025-06,1947896
RCT-22-0041,INV-22-0041,2025-06,1947896
RCT-22-0042,INV-22-0042,2025-06,1947896
RCT-22-0043,INV-22-0043,2025-06,1947896
RCT-22-0044,INV-22-0044,2025-06,1947896
RCT-22-0045,INV-22-0045,2025-06,1947896
RCT-22-0046,INV-22-0046,2025-06,1947896
RCT-22-0047,INV-22-0047,2025-06,1947896
RCT-22-0048,INV-22-0048,2025-06,1947896
RCT-22-0049,INV-22-0049,2025-06,1947896
RCT-22-0050,INV-22-0050,2025-06,1947896
RCT-22-0051,INV-22-0051,2025-06,1947896
RCT-22-0052,INV-22-0052,2025-06,1947896
RCT-22-0053,INV-22-0053,2025-06,1947896
RCT-22-0054,INV-22-0054,2025-06,1947896
RCT-22-0055,INV-22-0055,2025-06,1947896
RCT-22-0056,INV-22-0056,2025-06,1947896
RCT-22-0057,INV-22-0057,2025-06,1947896
RCT-22-0058,INV-22-0058,2025-06,1947896
RCT-22-0059,INV-22-0059,2025-06,1947896
RCT-22-0060,INV-22-0060,2025-06,1947896
RCT-22-0061,INV-22-0061,2025-06,1947896
RCT-22-0062,INV-22-0062,2025-06,1947896
RCT-22-0063,INV-22-0063,2025-06,1947896
RCT-22-0064,INV-22-0064,2025-06,1947896
RCT-22-0065,INV-22-0065,2025-06,1947896
RCT-22-0066,INV-22-0066,2025-06,1947896
RCT-22-0067,INV-22-0067,2025-06,1947896
RCT-22-0068,INV-22-0068,2025-06,1947896
RCT-22-0069,INV-22-0069,2025-06,1947896
RCT-22-0070,INV-22-0070,2025-06,1947896
RCT-22-0071,INV-22-0071,2025-06,1947896
RCT-22-0072,INV-22-0072,2025-06,1947896
RCT-22-0073,INV-22-0073,2025-06,1947896
RCT-22-0074,INV-22-0074,2025-06,1947896
RCT-22-0075,INV-22-0075,2025-06,1947896
RCT-22-0076,INV-22-0076,2025-06,1947896
RCT-22-0077,INV-22-0077,2025-06,1947896
RCT-22-0078,INV-22-0078,2025-06,1947896
RCT-22-0079,INV-22-0079,2025-06,1947896
RCT-22-0080,INV-22-0080,2025-06,1947896
RCT-22-0081,INV-22-0081,2025-06,1947896
RCT-22-0082,INV-22-0082,2025-06,1947896
RCT-22-0083,INV-22-0083,2025-06,1947896
RCT-22-0084,INV-22-0084,2025-06,1947896
RCT-22-0085,INV-22-0085,2025-06,1947896
RCT-22-0086,INV-22-0086,2025-06,1947896
RCT-22-0087,INV-22-0087,2025-06,1947896
RCT-22-0088,INV-22-0088,2025-06,1947896
RCT-22-0089,INV-22-0089,2025-06,1947896
RCT-22-0090,INV-22-0090,2025-06,1947896
RCT-22-0091,INV-22-0091,2025-06,1947896
RCT-22-0092,INV-22-0092,2025-06,1947896
RCT-22-0093,INV-22-0093,2025-06,1947896
RCT-22-0094,INV-22-0094,2025-06,1947896
RCT-22-0095,INV-22-0095,2025-06,1947896
RCT-22-0096,INV-22-0096,2025-06,1947896
RCT-22-0097,INV-22-0097,2025-06,1947896
RCT-22-0098,INV-22-0098,2025-06,1947896
RCT-22-0099,INV-22-0099,2025-06,1947896
RCT-22-0100,INV-22-0100,2025-06,1947896
RCT-22-0101,INV-22-0101,2025-06,1947896
RCT-22-0102,INV-22-0102,2025-06,1947896
RCT-22-0103,INV-22-0103,2025-06,1947896
RCT-22-0104,INV-22-0104,2025-06,1947896
RCT-22-0105,INV-22-0105,2025-06,1947896
RCT-22-0106,INV-22-0106,2025-06,1947896
RCT-22-0107,INV-22-0107,2025-06,1947896
RCT-22-0108,INV-22-0108,2025-06,1947896
RCT-22-0109,INV-22-0109,2025-06,1947896
RCT-22-0110,INV-22-0110,2025-06,1947896
RCT-22-0111,INV-22-0111,2025-06,1947896
RCT-22-0112,INV-22-0112,2025-06,1947896
RCT-22-0113,INV-22-0113,2025-06,1947896
RCT-22-0114,INV-22-0114,2025-06,1947896
RCT-22-0115,INV-22-0115,2025-06,1947896
RCT-22-0116,INV-22-0116,2025-06,1947896
RCT-22-0117,INV-22-0117,2025-06,1947896
RCT-22-0118,INV-22-0118,2025-06,1947896
RCT-22-0119,INV-22-0119,2025-06,1947896
RCT-22-0120,INV-22-0120,2025-06,1947896
RCT-22-0121,INV-22-0121,2025-06,1947896
RCT-22-0122,INV-22-0122,2025-06,1947896
RCT-22-0123,INV-22-0123,2025-06,1947896
RCT-22-0124,INV-22-0124,2025-06,1947896
RCT-22-0125,INV-22-0125,2025-06,1947896
RCT-22-0126,INV-22-0126,2025-06,1947896
RCT-22-0127,INV-22-0127,2025-06,1947896
RCT-22-0128,INV-22-0128,2025-06,1947896
RCT-22-0129,INV-22-0129,2025-06,1947896
RCT-22-0130,INV-22-0130,2025-06,1947896
RCT-22-0131,INV-22-0131,2025-06,1947896
RCT-22-0132,INV-22-0132,2025-06,1947896
RCT-22-0133,INV-22-0133,2025-06,1947896
RCT-22-0134,INV-22-0134,2025-06,1947896
RCT-22-0135,INV-22-0135,2025-06,1947896
RCT-22-0136,INV-22-0136,2025-06,1947896
RCT-22-0137,INV-22-0137,2025-06,1947896
RCT-22-0138,INV-22-0138,2025-06,1947896
RCT-22-0139,INV-22-0139,2025-06,1947896
RCT-22-0140,INV-22-0140,2025-06,1947896
RCT-22-0141,INV-22-0141,2025-06,1947896
RCT-22-0142,INV-22-0142,2025-06,1947896
RCT-22-0143,INV-22-0143,2025-06,1947896
RCT-22-0144,INV-22-0144,2025-06,1947896
RCT-22-0145,INV-22-0145,2025-06,1947896
RCT-22-0146,INV-22-0146,2025-06,1947896
RCT-22-0147,INV-22-0147,2025-06,1947896
RCT-22-0148,INV-22-0148,2025-06,1947896
RCT-22-0149,INV-22-0149,2025-06,1947896
RCT-22-0150,INV-22-0150,2025-06,1947896
RCT-22-0151,INV-22-0151,2025-06,1947896
RCT-22-0152,INV-22-0152,2025-06,1947896
RCT-22-0153,INV-22-0153,2025-06,1947896
RCT-22-0154,INV-22-0154,2025-06,1947896
RCT-22-0155,INV-22-0155,2025-06,1947896
RCT-22-0156,INV-22-0156,2025-06,1947896
RCT-22-0157,INV-22-0157,2025-06,1947896
RCT-22-0158,INV-22-0158,2025-06,1947896
RCT-22-0159,INV-22-0159,2025-06,1947896
RCT-22-0160,INV-22-0160,2025-06,1947896
RCT-22-0161,INV-22-0161,2025-06,1947896
RCT-22-0162,INV-22-0162,2025-06,1947896
RCT-22-0163,INV-22-0163,2025-06,1947896
RCT-22-0164,INV-22-0164,2025-06,1947896
RCT-22-0165,INV-22-0165,2025-06,1947896
RCT-22-0166,INV-22-0166,2025-06,1947896
RCT-22-0167,INV-22-0167,2025-06,1947896
RCT-22-0168,INV-22-0168,2025-06,1947896
RCT-22-0169,INV-22-0169,2025-06,1947896
RCT-22-0170,INV-22-0170,2025-06,1947896
RCT-22-0171,INV-22-0171,2025-06,1947896
RCT-22-0172,INV-22-0172,2025-06,1947896
RCT-22-0173,INV-22-0173,2025-06,1947896
RCT-22-0174,INV-22-0174,2025-06,1947896
RCT-22-0175,INV-22-0175,2025-06,1947896
RCT-22-0176,INV-22-0176,2025-06,1947896
RCT-22-0177,INV-22-0177,2025-06,1947896
RCT-22-0178,INV-22-0178,2025-06,1947896
RCT-22-0179,INV-22-0179,2025-06,1947896
RCT-22-0180,INV-22-0180,2025-06,1947896
RCT-22-0181,INV-22-0181,2025-06,1947896
RCT-22-0182,INV-22-0182,2025-06,1947896
RCT-22-0183,INV-22-0183,2025-06,1947896
RCT-22-0184,INV-22-0184,2025-06,1947896
RCT-22-0185,INV-22-0185,2025-06,1947896
RCT-22-0186,INV-22-0186,2025-06,1947896
RCT-22-0187,INV-22-0187,2025-06,1947896
RCT-22-0188,INV-22-0188,2025-06,1947896
RCT-22-0189,INV-22-0189,2025-06,1947896
RCT-22-0190,INV-22-0190,2025-06,1947896
RCT-22-0191,INV-22-0191,2025-06,1947896
RCT-22-0192,INV-22-0192,2025-06,1947896
RCT-22-0193,INV-22-0193,2025-06,1947896
RCT-22-0194,INV-22-0194,2025-06,1947896
RCT-22-0195,INV-22-0195,2025-06,1947896
RCT-22-0196,INV-22-0196,2025-06,1947896
RCT-22-0197,INV-22-0197,2025-06,1947896
RCT-22-0198,INV-22-0198,2025-06,1947896
RCT-22-0199,INV-22-0199,2025-06,1947896
RCT-22-0200,INV-22-0200,2025-06,1947896
RCT-22-0201,INV-22-0201,2025-06,1947896
RCT-22-0202,INV-22-0202,2025-06,1947896
RCT-22-0203,INV-22-0203,2025-06,1947896
RCT-22-0204,INV-22-0204,2025-06,1947896
RCT-22-0205,INV-22-0205,2025-06,1947896
RCT-22-0206,INV-22-0206,2025-06,1947896
RCT-22-0207,INV-22-0207,2025-06,1947896
RCT-22-0208,INV-22-0208,2025-06,1947896
RCT-22-0209,INV-22-0209,2025-06,1947896
RCT-22-0210,INV-22-0210,2025-06,1947896
RCT-22-0211,INV-22-0211,2025-06,1947896
RCT-22-0212,INV-22-0212,2025-06,1947896
RCT-22-0213,INV-22-0213,2025-06,1947896
RCT-22-0214,INV-22-0214,2025-06,1947896
RCT-22-0215,INV-22-0215,2025-06,1947896
RCT-22-0216,INV-22-0216,2025-06,1947896
RCT-22-0217,INV-22-0217,2025-06,1947896
RCT-22-0218,INV-22-0218,2025-06,1947896
RCT-22-0219,INV-22-0219,2025-06,1947896
RCT-22-0220,INV-22-0220,2025-06,1947896
RCT-22-0221,INV-22-0221,2025-06,1947896
RCT-22-0222,INV-22-0222,2025-06,1947896
RCT-22-0223,INV-22-0223,2025-06,1947896
RCT-22-0224,INV-22-0224,2025-06,1947896
RCT-22-0225,INV-22-0225,2025-06,1947896
RCT-22-0226,INV-22-0226,2025-06,1947896
RCT-22-0227,INV-22-0227,2025-06,1947896
RCT-22-0228,INV-22-0228,2025-06,1947896
RCT-22-0229,INV-22-0229,2025-06,1947896
RCT-22-0230,INV-22-0230,2025-06,1947896
RCT-22-0231,INV-22-0231,2025-06,1947896
RCT-22-0232,INV-22-0232,2025-06,1947896
RCT-22-0233,INV-22-0233,2025-06,1947896
RCT-22-0234,INV-22-0234,2025-06,1947896
RCT-22-0235,INV-22-0235,2025-06,1947896
RCT-22-0236,INV-22-0236,2025-06,1947896
RCT-22-0237,INV-22-0237,2025-06,1947896
RCT-22-0238,INV-22-0238,2025-06,1947896
RCT-22-0239,INV-22-0239,2025-06,1947896
RCT-22-0240,INV-22-0240,2025-06,1947896
RCT-22-0241,INV-22-0241,2025-06,1947896
RCT-22-0242,INV-22-0242,2025-06,1947896
RCT-22-0243,INV-22-0243,2025-06,1947896
RCT-22-0244,INV-22-0244,2025-06,1947896
RCT-22-0245,INV-22-0245,2025-06,1947896
RCT-22-0246,INV-22-0246,2025-06,1947896
RCT-22-0247,INV-22-0247,2025-06,1947896
RCT-22-0248,INV-22-0248,2025-06,1947896
RCT-22-0249,INV-22-0249,2025-06,1947896
RCT-22-0250,INV-22-0250,2025-06,1947896
RCT-22-0251,INV-22-0251,2025-06,1947896
RCT-22-0252,INV-22-0252,2025-06,1947896
RCT-22-0253,INV-22-0253,2025-06,1947896
RCT-22-0254,INV-22-0254,2025-06,1947896
RCT-22-0255,INV-22-0255,2025-06,1947896
RCT-22-0256,INV-22-0256,2025-06,1947896
RCT-22-0257,INV-22-0257,2025-06,1947896
RCT-22-0258,INV-22-0258,2025-06,1947896
RCT-22-0259,INV-22-0259,2025-06,1947896
RCT-22-0260,INV-22-0260,2025-06,1947896
RCT-22-0261,INV-22-0261,2025-06,1947896
RCT-22-0262,INV-22-0262,2025-06,1947896
RCT-22-0263,INV-22-0263,2025-06,1947896
RCT-22-0264,INV-22-0264,2025-06,1947896
RCT-22-0265,INV-22-0265,2025-06,1947896
RCT-22-0266,INV-22-0266,2025-06,1947896
RCT-22-0267,INV-22-0267,2025-06,1947896
RCT-22-0268,INV-22-0268,2025-06,1947896
RCT-22-0269,INV-22-0269,2025-06,1947896
RCT-22-0270,INV-22-0270,2025-06,1947896
RCT-22-0271,INV-22-0271,2025-06,1947896
RCT-22-0272,INV-22-0272,2025-06,1947896
RCT-22-0273,INV-22-0273,2025-06,1947896
RCT-22-0274,INV-22-0274,2025-06,1947896
RCT-22-0275,INV-22-0275,2025-06,1947896
RCT-22-0276,INV-22-0276,2025-06,1947896
RCT-22-0277,INV-22-0277,2025-06,1947896
RCT-22-0278,INV-22-0278,2025-06,1947896
RCT-22-0279,INV-22-0279,2025-06,1947896
RCT-22-0280,INV-22-0280,2025-06,1947896
RCT-22-0281,INV-22-0281,2025-06,1947896
RCT-22-0282,INV-22-0282,2025-06,1947896
RCT-22-0283,INV-22-0283,2025-06,1947896
RCT-22-0284,INV-22-0284,2025-06,1947896
RCT-22-0285,INV-22-0285,2025-06,1947896
RCT-22-0286,INV-22-0286,2025-06,1947896
RCT-22-0287,INV-22-0287,2025-06,1947896
RCT-22-0288,INV-22-0288,2025-06,1947896
RCT-22-0289,INV-22-0289,2025-06,1947896
RCT-22-0290,INV-22-0290,2025-06,1947896
RCT-22-0291,INV-22-0291,2025-06,1947896
RCT-22-0292,INV-22-0292,2025-06,1947896
RCT-22-0293,INV-22-0293,2025-06,1947896
RCT-22-0294,INV-22-0294,2025-06,1947896
RCT-22-0295,INV-22-0295,2025-06,1947896
RCT-22-0296,INV-22-0296,2025-06,1947896
RCT-22-0297,INV-22-0297,2025-06,1947896
RCT-22-0298,INV-22-0298,2025-06,1947896
RCT-22-0299,INV-22-0299,2025-06,1947896
RCT-22-0300,INV-22-0300,2025-06,1947896
RCT-22-0301,INV-22-0301,2025-06,1947896
RCT-22-0302,INV-22-0302,2025-06,1947896
RCT-22-0303,INV-22-0303,2025-06,1947896
RCT-22-0304,INV-22-0304,2025-06,1947896
RCT-22-0305,INV-22-0305,2025-06,1947896
RCT-22-0306,INV-22-0306,2025-06,1947896
RCT-22-0307,INV-22-0307,2025-06,1947896
RCT-22-0308,INV-22-0308,2025-06,1947896
RCT-22-0309,INV-22-0309,2025-06,1947896
RCT-22-0310,INV-22-0310,2025-06,1947896
RCT-22-0311,INV-22-0311,2025-06,1947895
RCT-22-0312,INV-22-0312,2025-06,1947895
RCT-22-0313,INV-22-0313,2025-06,1947895
RCT-22-0314,INV-22-0314,2025-06,1947895
RCT-22-0315,INV-22-0315,2025-06,1947895
RCT-22-0316,INV-22-0316,2025-06,1947895
RCT-22-0317,INV-22-0317,2025-06,1947895
RCT-22-0318,INV-22-0318,2025-06,1947895
RCT-22-0319,INV-22-0319,2025-06,1947895
RCT-22-0320,INV-22-0320,2025-06,1947895
RCT-22-0321,INV-22-0321,2025-06,1947895
RCT-22-0322,INV-22-0322,2025-06,1947895
RCT-22-0323,INV-22-0323,2025-06,1947895
RCT-22-0324,INV-22-0324,2025-06,1947895
RCT-22-0325,INV-22-0325,2025-06,1947895
RCT-22-0326,INV-22-0326,2025-06,1947895
RCT-22-0327,INV-22-0327,2025-06,1947895
RCT-22-0328,INV-22-0328,2025-06,1947895
RCT-22-0329,INV-22-0329,2025-06,1947895
RCT-22-0330,INV-22-0330,2025-06,1947895
RCT-22-0331,INV-22-0331,2025-06,1947895
RCT-22-0332,INV-22-0332,2025-06,1947895
RCT-22-0333,INV-22-0333,2025-06,1947895
RCT-22-0334,INV-22-0334,2025-06,1947895
RCT-22-0335,INV-22-0335,2025-06,1947895
RCT-22-0336,INV-22-0336,2025-06,1947895
RCT-22-0337,INV-22-0337,2025-06,1947895
RCT-22-0338,INV-22-0338,2025-06,1947895
RCT-22-0339,INV-22-0339,2025-06,1947895
RCT-22-0340,INV-22-0340,2025-06,1947895
RCT-22-0341,INV-22-0341,2025-06,1947895
RCT-22-0342,INV-22-0342,2025-06,1947895
RCT-22-0343,INV-22-0343,2025-06,1947895
RCT-22-0344,INV-22-0344,2025-06,1947895
RCT-22-0345,INV-22-0345,2025-06,1947895
RCT-22-0346,INV-22-0346,2025-06,1947895
RCT-22-0347,INV-22-0347,2025-06,1947895
RCT-22-0348,INV-22-0348,2025-06,1947895
RCT-22-0349,INV-22-0349,2025-06,1947895
RCT-22-0350,INV-22-0350,2025-06,1947895
RCT-22-0351,INV-22-0351,2025-06,1947895
RCT-22-0352,INV-22-0352,2025-06,1947895
RCT-22-0353,INV-22-0353,2025-06,1947895
RCT-22-0354,INV-22-0354,2025-06,1947895
RCT-22-0355,INV-22-0355,2025-06,1947895
RCT-22-0356,INV-22-0356,2025-06,1947895
RCT-22-0357,INV-22-0357,2025-06,1947895
RCT-22-0358,INV-22-0358,2025-06,1947895
RCT-22-0359,INV-22-0359,2025-06,1947895
RCT-22-0360,INV-22-0360,2025-06,1947895
RCT-22-0361,INV-22-0361,2025-06,1947895
RCT-22-0362,INV-22-0362,2025-06,1947895
RCT-22-0363,INV-22-0363,2025-06,1947895
RCT-22-0364,INV-22-0364,2025-06,1947895
RCT-22-0365,INV-22-0365,2025-06,1947895
RCT-22-0366,INV-22-0366,2025-06,1947895
RCT-22-0367,INV-22-0367,2025-06,1947895
RCT-22-0368,INV-22-0368,2025-06,1947895
RCT-22-0369,INV-22-0369,2025-06,1947895
RCT-22-0370,INV-22-0370,2025-06,1947895
RCT-22-0371,INV-22-0371,2025-06,1947895
RCT-22-0372,INV-22-0372,2025-06,1947895
RCT-22-0373,INV-22-0373,2025-06,1947895
RCT-22-0374,INV-22-0374,2025-06,1947895
RCT-22-0375,INV-22-0375,2025-06,1947895
RCT-22-0376,INV-22-0376,2025-06,1947895
RCT-22-0377,INV-22-0377,2025-06,1947895
RCT-22-0378,INV-22-0378,2025-06,1947895
RCT-22-0379,INV-22-0379,2025-06,1947895
RCT-22-0380,INV-22-0380,2025-06,1947895
RCT-22-0381,INV-22-0381,2025-06,1947895
RCT-22-0382,INV-22-0382,2025-06,1947895
RCT-22-0383,INV-22-0383,2025-06,1947895
RCT-22-0384,INV-22-0384,2025-06,1947895
RCT-22-0385,INV-22-0385,2025-06,1947895
RCT-22-0386,INV-22-0386,2025-06,1947895
RCT-22-0387,INV-22-0387,2025-06,1947895
RCT-22-0388,INV-22-0388,2025-06,1947895
RCT-22-0389,INV-22-0389,2025-06,1947895
RCT-22-0390,INV-22-0390,2025-06,1947895
RCT-22-0391,INV-22-0391,2025-06,1947895
RCT-22-0392,INV-22-0392,2025-06,1947895
RCT-22-0393,INV-22-0393,2025-06,1947895
RCT-22-0394,INV-22-0394,2025-06,1947895
RCT-22-0395,INV-22-0395,2025-06,1947895
RCT-22-0396,INV-22-0396,2025-06,1947895
RCT-22-0397,INV-22-0397,2025-06,1947895
RCT-22-0398,INV-22-0398,2025-06,1947895
RCT-22-0399,INV-22-0399,2025-06,1947895
RCT-22-0400,INV-22-0400,2025-06,1947895
RCT-22-0401,INV-22-0401,2025-06,1947895
RCT-22-0402,INV-22-0402,2025-06,1947895
RCT-22-0403,INV-22-0403,2025-06,1947895
RCT-22-0404,INV-22-0404,2025-06,1947895
RCT-22-0405,INV-22-0405,2025-06,1947895
RCT-22-0406,INV-22-0406,2025-06,1947895
RCT-22-0407,INV-22-0407,2025-06,1947895
RCT-22-0408,INV-22-0408,2025-06,1947895
RCT-22-0409,INV-22-0409,2025-06,1947895
RCT-22-0410,INV-22-0410,2025-06,1947895
RCT-22-0411,INV-22-0411,2025-06,1947895
RCT-22-0412,INV-22-0412,2025-06,1947895
RCT-22-0413,INV-22-0413,2025-06,1947895
RCT-22-0414,INV-22-0414,2025-06,1947895
RCT-22-0415,INV-22-0415,2025-06,1947895
RCT-22-0416,INV-22-0416,2025-06,1947895
RCT-22-0417,INV-22-0417,2025-06,1947895
RCT-22-0418,INV-22-0418,2025-06,1947895
RCT-22-0419,INV-22-0419,2025-06,1947895
RCT-22-0420,INV-22-0420,2025-06,1947895
RCT-22-0421,INV-22-0421,2025-06,1947895
RCT-22-0422,INV-22-0422,2025-06,1947895
RCT-22-0423,INV-22-0423,2025-06,1947895
RCT-22-0424,INV-22-0424,2025-06,1947895
RCT-22-0425,INV-22-0425,2025-06,1947895
RCT-22-0426,INV-22-0426,2025-06,1947895
RCT-22-0427,INV-22-0427,2025-06,1947895
RCT-22-0428,INV-22-0428,2025-06,1947895
RCT-22-0429,INV-22-0429,2025-06,1947895
RCT-22-0430,INV-22-0430,2025-06,1947895
RCT-22-0431,INV-22-0431,2025-06,1947895
RCT-22-0432,INV-22-0432,2025-06,1947895
RCT-22-0433,INV-22-0433,2025-06,1947895
RCT-22-0434,INV-22-0434,2025-06,1947895
RCT-22-0435,INV-22-0435,2025-06,1947895
RCT-22-0436,INV-22-0436,2025-06,1947895
RCT-22-0437,INV-22-0437,2025-06,1947895
RCT-22-0438,INV-22-0438,2025-06,1947895
RCT-22-0439,INV-22-0439,2025-06,1947895
RCT-22-0440,INV-22-0440,2025-06,1947895
RCT-22-0441,INV-22-0441,2025-06,1947895
RCT-22-0442,INV-22-0442,2025-06,1947895
RCT-22-0443,INV-22-0443,2025-06,1947895
RCT-22-0444,INV-22-0444,2025-06,1947895
RCT-22-0445,INV-22-0445,2025-06,1947895
RCT-22-0446,INV-22-0446,2025-06,1947895
RCT-22-0447,INV-22-0447,2025-06,1947895
RCT-22-0448,INV-22-0448,2025-06,1947895
RCT-22-0449,INV-22-0449,2025-06,1947895
RCT-22-0450,INV-22-0450,2025-06,1947895
RCT-22-0451,INV-22-0451,2025-06,1947895
RCT-22-0452,INV-22-0452,2025-06,1947895
RCT-22-0453,INV-22-0453,2025-06,1947895
RCT-22-0454,INV-22-0454,2025-06,1947895
RCT-22-0455,INV-22-0455,2025-06,1947895
RCT-22-0456,INV-22-0456,2025-06,1947895
RCT-22-0457,INV-22-0457,2025-06,1947895
RCT-22-0458,INV-22-0458,2025-06,1947895
RCT-22-0459,INV-22-0459,2025-06,1947895
RCT-22-0460,INV-22-0460,2025-06,1947895
RCT-22-0461,INV-22-0461,2025-06,1947895
RCT-22-0462,INV-22-0462,2025-06,1947895
RCT-22-0463,INV-22-0463,2025-06,1947895
RCT-22-0464,INV-22-0464,2025-06,1947895
RCT-22-0465,INV-22-0465,2025-06,1947895
RCT-22-0466,INV-22-0466,2025-06,1947895
RCT-22-0467,INV-22-0467,2025-06,1947895
RCT-22-0468,INV-22-0468,2025-06,1947895
RCT-22-0469,INV-22-0469,2025-06,1947895
RCT-22-0470,INV-22-0470,2025-06,1947895
RCT-22-0471,INV-22-0471,2025-06,1947895
RCT-22-0472,INV-22-0472,2025-06,1947895
RCT-22-0473,INV-22-0473,2025-06,1947895
RCT-22-0474,INV-22-0474,2025-06,1947895
RCT-22-0475,INV-22-0475,2025-06,1947895
RCT-22-0476,INV-22-0476,2025-06,1947895
RCT-22-0477,INV-22-0477,2025-06,1947895
RCT-22-0478,INV-22-0478,2025-06,1947895
RCT-22-0479,INV-22-0479,2025-06,1947895
RCT-22-0480,INV-22-0480,2025-06,1947895
RCT-22-0481,INV-22-0481,2025-06,1947895
RCT-22-0482,INV-22-0482,2025-06,1947895
RCT-22-0483,INV-22-0483,2025-06,1947895
RCT-22-0484,INV-22-0484,2025-06,1947895
RCT-22-0485,INV-22-0485,2025-06,1947895
RCT-22-0486,INV-22-0486,2025-06,1947895
RCT-22-0487,INV-22-0487,2025-06,1947895
RCT-22-0488,INV-22-0488,2025-06,1947895
RCT-22-0489,INV-22-0489,2025-06,1947895
RCT-22-0490,INV-22-0490,2025-06,1947895
RCT-22-0491,INV-22-0491,2025-06,1947895
RCT-22-0492,INV-22-0492,2025-06,1947895
RCT-22-0493,INV-22-0493,2025-06,1947895
RCT-22-0494,INV-22-0494,2025-06,1947895
RCT-22-0495,INV-22-0495,2025-06,1947895
RCT-22-0496,INV-22-0496,2025-06,1947895
RCT-22-0497,INV-22-0497,2025-06,1947895
RCT-22-0498,INV-22-0498,2025-06,1947895
RCT-22-0499,INV-22-0499,2025-06,1947895
RCT-22-0500,INV-22-0500,2025-06,1947895
RCT-22-SVC,INV-22-SVC,2025-06,148499999
RCT-23-0001,INV-23-0001,2025-07,246000000
RCT-23-0002,INV-23-0002,2025-07,1971944
RCT-23-0003,INV-23-0003,2025-07,1971944
RCT-23-0004,INV-23-0004,2025-07,1971944
RCT-23-0005,INV-23-0005,2025-07,1971944
RCT-23-0006,INV-23-0006,2025-07,1971944
RCT-23-0007,INV-23-0007,2025-07,1971944
RCT-23-0008,INV-23-0008,2025-07,1971944
RCT-23-0009,INV-23-0009,2025-07,1971944
RCT-23-0010,INV-23-0010,2025-07,1971944
RCT-23-0011,INV-23-0011,2025-07,1971944
RCT-23-0012,INV-23-0012,2025-07,1971944
RCT-23-0013,INV-23-0013,2025-07,1971944
RCT-23-0014,INV-23-0014,2025-07,1971944
RCT-23-0015,INV-23-0015,2025-07,1971944
RCT-23-0016,INV-23-0016,2025-07,1971944
RCT-23-0017,INV-23-0017,2025-07,1971944
RCT-23-0018,INV-23-0018,2025-07,1971944
RCT-23-0019,INV-23-0019,2025-07,1971944
RCT-23-0020,INV-23-0020,2025-07,1971944
RCT-23-0021,INV-23-0021,2025-07,1971944
RCT-23-0022,INV-23-0022,2025-07,1971944
RCT-23-0023,INV-23-0023,2025-07,1971944
RCT-23-0024,INV-23-0024,2025-07,1971944
RCT-23-0025,INV-23-0025,2025-07,1971944
RCT-23-0026,INV-23-0026,2025-07,1971944
RCT-23-0027,INV-23-0027,2025-07,1971944
RCT-23-0028,INV-23-0028,2025-07,1971944
RCT-23-0029,INV-23-0029,2025-07,1971944
RCT-23-0030,INV-23-0030,2025-07,1971944
RCT-23-0031,INV-23-0031,2025-07,1971944
RCT-23-0032,INV-23-0032,2025-07,1971944
RCT-23-0033,INV-23-0033,2025-07,1971944
RCT-23-0034,INV-23-0034,2025-07,1971944
RCT-23-0035,INV-23-0035,2025-07,1971944
RCT-23-0036,INV-23-0036,2025-07,1971944
RCT-23-0037,INV-23-0037,2025-07,1971944
RCT-23-0038,INV-23-0038,2025-07,1971944
RCT-23-0039,INV-23-0039,2025-07,1971944
RCT-23-0040,INV-23-0040,2025-07,1971944
RCT-23-0041,INV-23-0041,2025-07,1971944
RCT-23-0042,INV-23-0042,2025-07,1971944
RCT-23-0043,INV-23-0043,2025-07,1971944
RCT-23-0044,INV-23-0044,2025-07,1971944
RCT-23-0045,INV-23-0045,2025-07,1971944
RCT-23-0046,INV-23-0046,2025-07,1971944
RCT-23-0047,INV-23-0047,2025-07,1971944
RCT-23-0048,INV-23-0048,2025-07,1971944
RCT-23-0049,INV-23-0049,2025-07,1971944
RCT-23-0050,INV-23-0050,2025-07,1971944
RCT-23-0051,INV-23-0051,2025-07,1971944
RCT-23-0052,INV-23-0052,2025-07,1971944
RCT-23-0053,INV-23-0053,2025-07,1971944
RCT-23-0054,INV-23-0054,2025-07,1971944
RCT-23-0055,INV-23-0055,2025-07,1971944
RCT-23-0056,INV-23-0056,2025-07,1971944
RCT-23-0057,INV-23-0057,2025-07,1971944
RCT-23-0058,INV-23-0058,2025-07,1971944
RCT-23-0059,INV-23-0059,2025-07,1971944
RCT-23-0060,INV-23-0060,2025-07,1971944
RCT-23-0061,INV-23-0061,2025-07,1971944
RCT-23-0062,INV-23-0062,2025-07,1971944
RCT-23-0063,INV-23-0063,2025-07,1971944
RCT-23-0064,INV-23-0064,2025-07,1971944
RCT-23-0065,INV-23-0065,2025-07,1971944
RCT-23-0066,INV-23-0066,2025-07,1971944
RCT-23-0067,INV-23-0067,2025-07,1971944
RCT-23-0068,INV-23-0068,2025-07,1971944
RCT-23-0069,INV-23-0069,2025-07,1971944
RCT-23-0070,INV-23-0070,2025-07,1971944
RCT-23-0071,INV-23-0071,2025-07,1971944
RCT-23-0072,INV-23-0072,2025-07,1971944
RCT-23-0073,INV-23-0073,2025-07,1971944
RCT-23-0074,INV-23-0074,2025-07,1971944
RCT-23-0075,INV-23-0075,2025-07,1971944
RCT-23-0076,INV-23-0076,2025-07,1971944
RCT-23-0077,INV-23-0077,2025-07,1971944
RCT-23-0078,INV-23-0078,2025-07,1971944
RCT-23-0079,INV-23-0079,2025-07,1971944
RCT-23-0080,INV-23-0080,2025-07,1971944
RCT-23-0081,INV-23-0081,2025-07,1971944
RCT-23-0082,INV-23-0082,2025-07,1971944
RCT-23-0083,INV-23-0083,2025-07,1971944
RCT-23-0084,INV-23-0084,2025-07,1971944
RCT-23-0085,INV-23-0085,2025-07,1971944
RCT-23-0086,INV-23-0086,2025-07,1971944
RCT-23-0087,INV-23-0087,2025-07,1971944
RCT-23-0088,INV-23-0088,2025-07,1971944
RCT-23-0089,INV-23-0089,2025-07,1971944
RCT-23-0090,INV-23-0090,2025-07,1971944
RCT-23-0091,INV-23-0091,2025-07,1971944
RCT-23-0092,INV-23-0092,2025-07,1971944
RCT-23-0093,INV-23-0093,2025-07,1971944
RCT-23-0094,INV-23-0094,2025-07,1971944
RCT-23-0095,INV-23-0095,2025-07,1971944
RCT-23-0096,INV-23-0096,2025-07,1971944
RCT-23-0097,INV-23-0097,2025-07,1971944
RCT-23-0098,INV-23-0098,2025-07,1971944
RCT-23-0099,INV-23-0099,2025-07,1971944
RCT-23-0100,INV-23-0100,2025-07,1971944
RCT-23-0101,INV-23-0101,2025-07,1971944
RCT-23-0102,INV-23-0102,2025-07,1971944
RCT-23-0103,INV-23-0103,2025-07,1971944
RCT-23-0104,INV-23-0104,2025-07,1971944
RCT-23-0105,INV-23-0105,2025-07,1971944
RCT-23-0106,INV-23-0106,2025-07,1971944
RCT-23-0107,INV-23-0107,2025-07,1971944
RCT-23-0108,INV-23-0108,2025-07,1971944
RCT-23-0109,INV-23-0109,2025-07,1971944
RCT-23-0110,INV-23-0110,2025-07,1971944
RCT-23-0111,INV-23-0111,2025-07,1971944
RCT-23-0112,INV-23-0112,2025-07,1971944
RCT-23-0113,INV-23-0113,2025-07,1971944
RCT-23-0114,INV-23-0114,2025-07,1971944
RCT-23-0115,INV-23-0115,2025-07,1971944
RCT-23-0116,INV-23-0116,2025-07,1971944
RCT-23-0117,INV-23-0117,2025-07,1971944
RCT-23-0118,INV-23-0118,2025-07,1971944
RCT-23-0119,INV-23-0119,2025-07,1971944
RCT-23-0120,INV-23-0120,2025-07,1971944
RCT-23-0121,INV-23-0121,2025-07,1971944
RCT-23-0122,INV-23-0122,2025-07,1971944
RCT-23-0123,INV-23-0123,2025-07,1971944
RCT-23-0124,INV-23-0124,2025-07,1971944
RCT-23-0125,INV-23-0125,2025-07,1971944
RCT-23-0126,INV-23-0126,2025-07,1971944
RCT-23-0127,INV-23-0127,2025-07,1971944
RCT-23-0128,INV-23-0128,2025-07,1971944
RCT-23-0129,INV-23-0129,2025-07,1971944
RCT-23-0130,INV-23-0130,2025-07,1971944
RCT-23-0131,INV-23-0131,2025-07,1971944
RCT-23-0132,INV-23-0132,2025-07,1971944
RCT-23-0133,INV-23-0133,2025-07,1971944
RCT-23-0134,INV-23-0134,2025-07,1971944
RCT-23-0135,INV-23-0135,2025-07,1971944
RCT-23-0136,INV-23-0136,2025-07,1971944
RCT-23-0137,INV-23-0137,2025-07,1971944
RCT-23-0138,INV-23-0138,2025-07,1971944
RCT-23-0139,INV-23-0139,2025-07,1971944
RCT-23-0140,INV-23-0140,2025-07,1971944
RCT-23-0141,INV-23-0141,2025-07,1971944
RCT-23-0142,INV-23-0142,2025-07,1971944
RCT-23-0143,INV-23-0143,2025-07,1971944
RCT-23-0144,INV-23-0144,2025-07,1971944
RCT-23-0145,INV-23-0145,2025-07,1971944
RCT-23-0146,INV-23-0146,2025-07,1971944
RCT-23-0147,INV-23-0147,2025-07,1971944
RCT-23-0148,INV-23-0148,2025-07,1971944
RCT-23-0149,INV-23-0149,2025-07,1971944
RCT-23-0150,INV-23-0150,2025-07,1971944
RCT-23-0151,INV-23-0151,2025-07,1971944
RCT-23-0152,INV-23-0152,2025-07,1971944
RCT-23-0153,INV-23-0153,2025-07,1971944
RCT-23-0154,INV-23-0154,2025-07,1971944
RCT-23-0155,INV-23-0155,2025-07,1971944
RCT-23-0156,INV-23-0156,2025-07,1971944
RCT-23-0157,INV-23-0157,2025-07,1971944
RCT-23-0158,INV-23-0158,2025-07,1971944
RCT-23-0159,INV-23-0159,2025-07,1971944
RCT-23-0160,INV-23-0160,2025-07,1971944
RCT-23-0161,INV-23-0161,2025-07,1971944
RCT-23-0162,INV-23-0162,2025-07,1971944
RCT-23-0163,INV-23-0163,2025-07,1971944
RCT-23-0164,INV-23-0164,2025-07,1971944
RCT-23-0165,INV-23-0165,2025-07,1971944
RCT-23-0166,INV-23-0166,2025-07,1971944
RCT-23-0167,INV-23-0167,2025-07,1971944
RCT-23-0168,INV-23-0168,2025-07,1971944
RCT-23-0169,INV-23-0169,2025-07,1971944
RCT-23-0170,INV-23-0170,2025-07,1971944
RCT-23-0171,INV-23-0171,2025-07,1971944
RCT-23-0172,INV-23-0172,2025-07,1971944
RCT-23-0173,INV-23-0173,2025-07,1971944
RCT-23-0174,INV-23-0174,2025-07,1971944
RCT-23-0175,INV-23-0175,2025-07,1971944
RCT-23-0176,INV-23-0176,2025-07,1971944
RCT-23-0177,INV-23-0177,2025-07,1971944
RCT-23-0178,INV-23-0178,2025-07,1971944
RCT-23-0179,INV-23-0179,2025-07,1971944
RCT-23-0180,INV-23-0180,2025-07,1971944
RCT-23-0181,INV-23-0181,2025-07,1971944
RCT-23-0182,INV-23-0182,2025-07,1971944
RCT-23-0183,INV-23-0183,2025-07,1971944
RCT-23-0184,INV-23-0184,2025-07,1971944
RCT-23-0185,INV-23-0185,2025-07,1971944
RCT-23-0186,INV-23-0186,2025-07,1971944
RCT-23-0187,INV-23-0187,2025-07,1971944
RCT-23-0188,INV-23-0188,2025-07,1971944
RCT-23-0189,INV-23-0189,2025-07,1971944
RCT-23-0190,INV-23-0190,2025-07,1971944
RCT-23-0191,INV-23-0191,2025-07,1971944
RCT-23-0192,INV-23-0192,2025-07,1971944
RCT-23-0193,INV-23-0193,2025-07,1971944
RCT-23-0194,INV-23-0194,2025-07,1971944
RCT-23-0195,INV-23-0195,2025-07,1971944
RCT-23-0196,INV-23-0196,2025-07,1971944
RCT-23-0197,INV-23-0197,2025-07,1971944
RCT-23-0198,INV-23-0198,2025-07,1971944
RCT-23-0199,INV-23-0199,2025-07,1971944
RCT-23-0200,INV-23-0200,2025-07,1971944
RCT-23-0201,INV-23-0201,2025-07,1971944
RCT-23-0202,INV-23-0202,2025-07,1971944
RCT-23-0203,INV-23-0203,2025-07,1971944
RCT-23-0204,INV-23-0204,2025-07,1971944
RCT-23-0205,INV-23-0205,2025-07,1971944
RCT-23-0206,INV-23-0206,2025-07,1971944
RCT-23-0207,INV-23-0207,2025-07,1971944
RCT-23-0208,INV-23-0208,2025-07,1971944
RCT-23-0209,INV-23-0209,2025-07,1971944
RCT-23-0210,INV-23-0210,2025-07,1971944
RCT-23-0211,INV-23-0211,2025-07,1971944
RCT-23-0212,INV-23-0212,2025-07,1971944
RCT-23-0213,INV-23-0213,2025-07,1971944
RCT-23-0214,INV-23-0214,2025-07,1971944
RCT-23-0215,INV-23-0215,2025-07,1971944
RCT-23-0216,INV-23-0216,2025-07,1971944
RCT-23-0217,INV-23-0217,2025-07,1971944
RCT-23-0218,INV-23-0218,2025-07,1971944
RCT-23-0219,INV-23-0219,2025-07,1971944
RCT-23-0220,INV-23-0220,2025-07,1971944
RCT-23-0221,INV-23-0221,2025-07,1971944
RCT-23-0222,INV-23-0222,2025-07,1971944
RCT-23-0223,INV-23-0223,2025-07,1971944
RCT-23-0224,INV-23-0224,2025-07,1971944
RCT-23-0225,INV-23-0225,2025-07,1971944
RCT-23-0226,INV-23-0226,2025-07,1971944
RCT-23-0227,INV-23-0227,2025-07,1971944
RCT-23-0228,INV-23-0228,2025-07,1971944
RCT-23-0229,INV-23-0229,2025-07,1971944
RCT-23-0230,INV-23-0230,2025-07,1971944
RCT-23-0231,INV-23-0231,2025-07,1971944
RCT-23-0232,INV-23-0232,2025-07,1971944
RCT-23-0233,INV-23-0233,2025-07,1971944
RCT-23-0234,INV-23-0234,2025-07,1971944
RCT-23-0235,INV-23-0235,2025-07,1971944
RCT-23-0236,INV-23-0236,2025-07,1971944
RCT-23-0237,INV-23-0237,2025-07,1971944
RCT-23-0238,INV-23-0238,2025-07,1971944
RCT-23-0239,INV-23-0239,2025-07,1971944
RCT-23-0240,INV-23-0240,2025-07,1971944
RCT-23-0241,INV-23-0241,2025-07,1971944
RCT-23-0242,INV-23-0242,2025-07,1971944
RCT-23-0243,INV-23-0243,2025-07,1971944
RCT-23-0244,INV-23-0244,2025-07,1971944
RCT-23-0245,INV-23-0245,2025-07,1971944
RCT-23-0246,INV-23-0246,2025-07,1971944
RCT-23-0247,INV-23-0247,2025-07,1971944
RCT-23-0248,INV-23-0248,2025-07,1971944
RCT-23-0249,INV-23-0249,2025-07,1971944
RCT-23-0250,INV-23-0250,2025-07,1971944
RCT-23-0251,INV-23-0251,2025-07,1971944
RCT-23-0252,INV-23-0252,2025-07,1971944
RCT-23-0253,INV-23-0253,2025-07,1971944
RCT-23-0254,INV-23-0254,2025-07,1971944
RCT-23-0255,INV-23-0255,2025-07,1971944
RCT-23-0256,INV-23-0256,2025-07,1971944
RCT-23-0257,INV-23-0257,2025-07,1971944
RCT-23-0258,INV-23-0258,2025-07,1971944
RCT-23-0259,INV-23-0259,2025-07,1971944
RCT-23-0260,INV-23-0260,2025-07,1971944
RCT-23-0261,INV-23-0261,2025-07,1971944
RCT-23-0262,INV-23-0262,2025-07,1971944
RCT-23-0263,INV-23-0263,2025-07,1971944
RCT-23-0264,INV-23-0264,2025-07,1971944
RCT-23-0265,INV-23-0265,2025-07,1971944
RCT-23-0266,INV-23-0266,2025-07,1971944
RCT-23-0267,INV-23-0267,2025-07,1971944
RCT-23-0268,INV-23-0268,2025-07,1971944
RCT-23-0269,INV-23-0269,2025-07,1971944
RCT-23-0270,INV-23-0270,2025-07,1971944
RCT-23-0271,INV-23-0271,2025-07,1971944
RCT-23-0272,INV-23-0272,2025-07,1971944
RCT-23-0273,INV-23-0273,2025-07,1971944
RCT-23-0274,INV-23-0274,2025-07,1971944
RCT-23-0275,INV-23-0275,2025-07,1971944
RCT-23-0276,INV-23-0276,2025-07,1971944
RCT-23-0277,INV-23-0277,2025-07,1971944
RCT-23-0278,INV-23-0278,2025-07,1971944
RCT-23-0279,INV-23-0279,2025-07,1971944
RCT-23-0280,INV-23-0280,2025-07,1971944
RCT-23-0281,INV-23-0281,2025-07,1971944
RCT-23-0282,INV-23-0282,2025-07,1971944
RCT-23-0283,INV-23-0283,2025-07,1971944
RCT-23-0284,INV-23-0284,2025-07,1971944
RCT-23-0285,INV-23-0285,2025-07,1971944
RCT-23-0286,INV-23-0286,2025-07,1971944
RCT-23-0287,INV-23-0287,2025-07,1971944
RCT-23-0288,INV-23-0288,2025-07,1971944
RCT-23-0289,INV-23-0289,2025-07,1971944
RCT-23-0290,INV-23-0290,2025-07,1971944
RCT-23-0291,INV-23-0291,2025-07,1971944
RCT-23-0292,INV-23-0292,2025-07,1971944
RCT-23-0293,INV-23-0293,2025-07,1971944
RCT-23-0294,INV-23-0294,2025-07,1971944
RCT-23-0295,INV-23-0295,2025-07,1971944
RCT-23-0296,INV-23-0296,2025-07,1971944
RCT-23-0297,INV-23-0297,2025-07,1971944
RCT-23-0298,INV-23-0298,2025-07,1971944
RCT-23-0299,INV-23-0299,2025-07,1971944
RCT-23-0300,INV-23-0300,2025-07,1971944
RCT-23-0301,INV-23-0301,2025-07,1971944
RCT-23-0302,INV-23-0302,2025-07,1971944
RCT-23-0303,INV-23-0303,2025-07,1971944
RCT-23-0304,INV-23-0304,2025-07,1971944
RCT-23-0305,INV-23-0305,2025-07,1971944
RCT-23-0306,INV-23-0306,2025-07,1971944
RCT-23-0307,INV-23-0307,2025-07,1971944
RCT-23-0308,INV-23-0308,2025-07,1971944
RCT-23-0309,INV-23-0309,2025-07,1971944
RCT-23-0310,INV-23-0310,2025-07,1971944
RCT-23-0311,INV-23-0311,2025-07,1971943
RCT-23-0312,INV-23-0312,2025-07,1971943
RCT-23-0313,INV-23-0313,2025-07,1971943
RCT-23-0314,INV-23-0314,2025-07,1971943
RCT-23-0315,INV-23-0315,2025-07,1971943
RCT-23-0316,INV-23-0316,2025-07,1971943
RCT-23-0317,INV-23-0317,2025-07,1971943
RCT-23-0318,INV-23-0318,2025-07,1971943
RCT-23-0319,INV-23-0319,2025-07,1971943
RCT-23-0320,INV-23-0320,2025-07,1971943
RCT-23-0321,INV-23-0321,2025-07,1971943
RCT-23-0322,INV-23-0322,2025-07,1971943
RCT-23-0323,INV-23-0323,2025-07,1971943
RCT-23-0324,INV-23-0324,2025-07,1971943
RCT-23-0325,INV-23-0325,2025-07,1971943
RCT-23-0326,INV-23-0326,2025-07,1971943
RCT-23-0327,INV-23-0327,2025-07,1971943
RCT-23-0328,INV-23-0328,2025-07,1971943
RCT-23-0329,INV-23-0329,2025-07,1971943
RCT-23-0330,INV-23-0330,2025-07,1971943
RCT-23-0331,INV-23-0331,2025-07,1971943
RCT-23-0332,INV-23-0332,2025-07,1971943
RCT-23-0333,INV-23-0333,2025-07,1971943
RCT-23-0334,INV-23-0334,2025-07,1971943
RCT-23-0335,INV-23-0335,2025-07,1971943
RCT-23-0336,INV-23-0336,2025-07,1971943
RCT-23-0337,INV-23-0337,2025-07,1971943
RCT-23-0338,INV-23-0338,2025-07,1971943
RCT-23-0339,INV-23-0339,2025-07,1971943
RCT-23-0340,INV-23-0340,2025-07,1971943
RCT-23-0341,INV-23-0341,2025-07,1971943
RCT-23-0342,INV-23-0342,2025-07,1971943
RCT-23-0343,INV-23-0343,2025-07,1971943
RCT-23-0344,INV-23-0344,2025-07,1971943
RCT-23-0345,INV-23-0345,2025-07,1971943
RCT-23-0346,INV-23-0346,2025-07,1971943
RCT-23-0347,INV-23-0347,2025-07,1971943
RCT-23-0348,INV-23-0348,2025-07,1971943
RCT-23-0349,INV-23-0349,2025-07,1971943
RCT-23-0350,INV-23-0350,2025-07,1971943
RCT-23-0351,INV-23-0351,2025-07,1971943
RCT-23-0352,INV-23-0352,2025-07,1971943
RCT-23-0353,INV-23-0353,2025-07,1971943
RCT-23-0354,INV-23-0354,2025-07,1971943
RCT-23-0355,INV-23-0355,2025-07,1971943
RCT-23-0356,INV-23-0356,2025-07,1971943
RCT-23-0357,INV-23-0357,2025-07,1971943
RCT-23-0358,INV-23-0358,2025-07,1971943
RCT-23-0359,INV-23-0359,2025-07,1971943
RCT-23-0360,INV-23-0360,2025-07,1971943
RCT-23-0361,INV-23-0361,2025-07,1971943
RCT-23-0362,INV-23-0362,2025-07,1971943
RCT-23-0363,INV-23-0363,2025-07,1971943
RCT-23-0364,INV-23-0364,2025-07,1971943
RCT-23-0365,INV-23-0365,2025-07,1971943
RCT-23-0366,INV-23-0366,2025-07,1971943
RCT-23-0367,INV-23-0367,2025-07,1971943
RCT-23-0368,INV-23-0368,2025-07,1971943
RCT-23-0369,INV-23-0369,2025-07,1971943
RCT-23-0370,INV-23-0370,2025-07,1971943
RCT-23-0371,INV-23-0371,2025-07,1971943
RCT-23-0372,INV-23-0372,2025-07,1971943
RCT-23-0373,INV-23-0373,2025-07,1971943
RCT-23-0374,INV-23-0374,2025-07,1971943
RCT-23-0375,INV-23-0375,2025-07,1971943
RCT-23-0376,INV-23-0376,2025-07,1971943
RCT-23-0377,INV-23-0377,2025-07,1971943
RCT-23-0378,INV-23-0378,2025-07,1971943
RCT-23-0379,INV-23-0379,2025-07,1971943
RCT-23-0380,INV-23-0380,2025-07,1971943
RCT-23-0381,INV-23-0381,2025-07,1971943
RCT-23-0382,INV-23-0382,2025-07,1971943
RCT-23-0383,INV-23-0383,2025-07,1971943
RCT-23-0384,INV-23-0384,2025-07,1971943
RCT-23-0385,INV-23-0385,2025-07,1971943
RCT-23-0386,INV-23-0386,2025-07,1971943
RCT-23-0387,INV-23-0387,2025-07,1971943
RCT-23-0388,INV-23-0388,2025-07,1971943
RCT-23-0389,INV-23-0389,2025-07,1971943
RCT-23-0390,INV-23-0390,2025-07,1971943
RCT-23-0391,INV-23-0391,2025-07,1971943
RCT-23-0392,INV-23-0392,2025-07,1971943
RCT-23-0393,INV-23-0393,2025-07,1971943
RCT-23-0394,INV-23-0394,2025-07,1971943
RCT-23-0395,INV-23-0395,2025-07,1971943
RCT-23-0396,INV-23-0396,2025-07,1971943
RCT-23-0397,INV-23-0397,2025-07,1971943
RCT-23-0398,INV-23-0398,2025-07,1971943
RCT-23-0399,INV-23-0399,2025-07,1971943
RCT-23-0400,INV-23-0400,2025-07,1971943
RCT-23-0401,INV-23-0401,2025-07,1971943
RCT-23-0402,INV-23-0402,2025-07,1971943
RCT-23-0403,INV-23-0403,2025-07,1971943
RCT-23-0404,INV-23-0404,2025-07,1971943
RCT-23-0405,INV-23-0405,2025-07,1971943
RCT-23-0406,INV-23-0406,2025-07,1971943
RCT-23-0407,INV-23-0407,2025-07,1971943
RCT-23-0408,INV-23-0408,2025-07,1971943
RCT-23-0409,INV-23-0409,2025-07,1971943
RCT-23-0410,INV-23-0410,2025-07,1971943
RCT-23-0411,INV-23-0411,2025-07,1971943
RCT-23-0412,INV-23-0412,2025-07,1971943
RCT-23-0413,INV-23-0413,2025-07,1971943
RCT-23-0414,INV-23-0414,2025-07,1971943
RCT-23-0415,INV-23-0415,2025-07,1971943
RCT-23-0416,INV-23-0416,2025-07,1971943
RCT-23-0417,INV-23-0417,2025-07,1971943
RCT-23-0418,INV-23-0418,2025-07,1971943
RCT-23-0419,INV-23-0419,2025-07,1971943
RCT-23-0420,INV-23-0420,2025-07,1971943
RCT-23-0421,INV-23-0421,2025-07,1971943
RCT-23-0422,INV-23-0422,2025-07,1971943
RCT-23-0423,INV-23-0423,2025-07,1971943
RCT-23-0424,INV-23-0424,2025-07,1971943
RCT-23-0425,INV-23-0425,2025-07,1971943
RCT-23-0426,INV-23-0426,2025-07,1971943
RCT-23-0427,INV-23-0427,2025-07,1971943
RCT-23-0428,INV-23-0428,2025-07,1971943
RCT-23-0429,INV-23-0429,2025-07,1971943
RCT-23-0430,INV-23-0430,2025-07,1971943
RCT-23-0431,INV-23-0431,2025-07,1971943
RCT-23-0432,INV-23-0432,2025-07,1971943
RCT-23-0433,INV-23-0433,2025-07,1971943
RCT-23-0434,INV-23-0434,2025-07,1971943
RCT-23-0435,INV-23-0435,2025-07,1971943
RCT-23-0436,INV-23-0436,2025-07,1971943
RCT-23-0437,INV-23-0437,2025-07,1971943
RCT-23-0438,INV-23-0438,2025-07,1971943
RCT-23-0439,INV-23-0439,2025-07,1971943
RCT-23-0440,INV-23-0440,2025-07,1971943
RCT-23-0441,INV-23-0441,2025-07,1971943
RCT-23-0442,INV-23-0442,2025-07,1971943
RCT-23-0443,INV-23-0443,2025-07,1971943
RCT-23-0444,INV-23-0444,2025-07,1971943
RCT-23-0445,INV-23-0445,2025-07,1971943
RCT-23-0446,INV-23-0446,2025-07,1971943
RCT-23-0447,INV-23-0447,2025-07,1971943
RCT-23-0448,INV-23-0448,2025-07,1971943
RCT-23-0449,INV-23-0449,2025-07,1971943
RCT-23-0450,INV-23-0450,2025-07,1971943
RCT-23-0451,INV-23-0451,2025-07,1971943
RCT-23-0452,INV-23-0452,2025-07,1971943
RCT-23-0453,INV-23-0453,2025-07,1971943
RCT-23-0454,INV-23-0454,2025-07,1971943
RCT-23-0455,INV-23-0455,2025-07,1971943
RCT-23-0456,INV-23-0456,2025-07,1971943
RCT-23-0457,INV-23-0457,2025-07,1971943
RCT-23-0458,INV-23-0458,2025-07,1971943
RCT-23-0459,INV-23-0459,2025-07,1971943
RCT-23-0460,INV-23-0460,2025-07,1971943
RCT-23-0461,INV-23-0461,2025-07,1971943
RCT-23-0462,INV-23-0462,2025-07,1971943
RCT-23-0463,INV-23-0463,2025-07,1971943
RCT-23-0464,INV-23-0464,2025-07,1971943
RCT-23-0465,INV-23-0465,2025-07,1971943
RCT-23-0466,INV-23-0466,2025-07,1971943
RCT-23-0467,INV-23-0467,2025-07,1971943
RCT-23-0468,INV-23-0468,2025-07,1971943
RCT-23-0469,INV-23-0469,2025-07,1971943
RCT-23-0470,INV-23-0470,2025-07,1971943
RCT-23-0471,INV-23-0471,2025-07,1971943
RCT-23-0472,INV-23-0472,2025-07,1971943
RCT-23-0473,INV-23-0473,2025-07,1971943
RCT-23-0474,INV-23-0474,2025-07,1971943
RCT-23-0475,INV-23-0475,2025-07,1971943
RCT-23-0476,INV-23-0476,2025-07,1971943
RCT-23-0477,INV-23-0477,2025-07,1971943
RCT-23-0478,INV-23-0478,2025-07,1971943
RCT-23-0479,INV-23-0479,2025-07,1971943
RCT-23-0480,INV-23-0480,2025-07,1971943
RCT-23-0481,INV-23-0481,2025-07,1971943
RCT-23-0482,INV-23-0482,2025-07,1971943
RCT-23-0483,INV-23-0483,2025-07,1971943
RCT-23-0484,INV-23-0484,2025-07,1971943
RCT-23-0485,INV-23-0485,2025-07,1971943
RCT-23-0486,INV-23-0486,2025-07,1971943
RCT-23-0487,INV-23-0487,2025-07,1971943
RCT-23-0488,INV-23-0488,2025-07,1971943
RCT-23-0489,INV-23-0489,2025-07,1971943
RCT-23-0490,INV-23-0490,2025-07,1971943
RCT-23-0491,INV-23-0491,2025-07,1971943
RCT-23-0492,INV-23-0492,2025-07,1971943
RCT-23-0493,INV-23-0493,2025-07,1971943
RCT-23-0494,INV-23-0494,2025-07,1971943
RCT-23-0495,INV-23-0495,2025-07,1971943
RCT-23-0496,INV-23-0496,2025-07,1971943
RCT-23-0497,INV-23-0497,2025-07,1971943
RCT-23-0498,INV-23-0498,2025-07,1971943
RCT-23-0499,INV-23-0499,2025-07,1971943
RCT-23-0500,INV-23-0500,2025-07,1971943
RCT-23-SVC,INV-23-SVC,2025-07,150333333
RCT-24-0001,INV-24-0001,2025-08,249000000
RCT-24-0002,INV-24-0002,2025-08,1995992
RCT-24-0003,INV-24-0003,2025-08,1995992
RCT-24-0004,INV-24-0004,2025-08,1995992
RCT-24-0005,INV-24-0005,2025-08,1995992
RCT-24-0006,INV-24-0006,2025-08,1995992
RCT-24-0007,INV-24-0007,2025-08,1995992
RCT-24-0008,INV-24-0008,2025-08,1995992
RCT-24-0009,INV-24-0009,2025-08,1995992
RCT-24-0010,INV-24-0010,2025-08,1995992
RCT-24-0011,INV-24-0011,2025-08,1995992
RCT-24-0012,INV-24-0012,2025-08,1995992
RCT-24-0013,INV-24-0013,2025-08,1995992
RCT-24-0014,INV-24-0014,2025-08,1995992
RCT-24-0015,INV-24-0015,2025-08,1995992
RCT-24-0016,INV-24-0016,2025-08,1995992
RCT-24-0017,INV-24-0017,2025-08,1995992
RCT-24-0018,INV-24-0018,2025-08,1995992
RCT-24-0019,INV-24-0019,2025-08,1995992
RCT-24-0020,INV-24-0020,2025-08,1995992
RCT-24-0021,INV-24-0021,2025-08,1995992
RCT-24-0022,INV-24-0022,2025-08,1995992
RCT-24-0023,INV-24-0023,2025-08,1995992
RCT-24-0024,INV-24-0024,2025-08,1995992
RCT-24-0025,INV-24-0025,2025-08,1995992
RCT-24-0026,INV-24-0026,2025-08,1995992
RCT-24-0027,INV-24-0027,2025-08,1995992
RCT-24-0028,INV-24-0028,2025-08,1995992
RCT-24-0029,INV-24-0029,2025-08,1995992
RCT-24-0030,INV-24-0030,2025-08,1995992
RCT-24-0031,INV-24-0031,2025-08,1995992
RCT-24-0032,INV-24-0032,2025-08,1995992
RCT-24-0033,INV-24-0033,2025-08,1995992
RCT-24-0034,INV-24-0034,2025-08,1995992
RCT-24-0035,INV-24-0035,2025-08,1995992
RCT-24-0036,INV-24-0036,2025-08,1995992
RCT-24-0037,INV-24-0037,2025-08,1995992
RCT-24-0038,INV-24-0038,2025-08,1995992
RCT-24-0039,INV-24-0039,2025-08,1995992
RCT-24-0040,INV-24-0040,2025-08,1995992
RCT-24-0041,INV-24-0041,2025-08,1995992
RCT-24-0042,INV-24-0042,2025-08,1995992
RCT-24-0043,INV-24-0043,2025-08,1995992
RCT-24-0044,INV-24-0044,2025-08,1995992
RCT-24-0045,INV-24-0045,2025-08,1995992
RCT-24-0046,INV-24-0046,2025-08,1995992
RCT-24-0047,INV-24-0047,2025-08,1995992
RCT-24-0048,INV-24-0048,2025-08,1995992
RCT-24-0049,INV-24-0049,2025-08,1995992
RCT-24-0050,INV-24-0050,2025-08,1995992
RCT-24-0051,INV-24-0051,2025-08,1995992
RCT-24-0052,INV-24-0052,2025-08,1995992
RCT-24-0053,INV-24-0053,2025-08,1995992
RCT-24-0054,INV-24-0054,2025-08,1995992
RCT-24-0055,INV-24-0055,2025-08,1995992
RCT-24-0056,INV-24-0056,2025-08,1995992
RCT-24-0057,INV-24-0057,2025-08,1995992
RCT-24-0058,INV-24-0058,2025-08,1995992
RCT-24-0059,INV-24-0059,2025-08,1995992
RCT-24-0060,INV-24-0060,2025-08,1995992
RCT-24-0061,INV-24-0061,2025-08,1995992
RCT-24-0062,INV-24-0062,2025-08,1995992
RCT-24-0063,INV-24-0063,2025-08,1995992
RCT-24-0064,INV-24-0064,2025-08,1995992
RCT-24-0065,INV-24-0065,2025-08,1995992
RCT-24-0066,INV-24-0066,2025-08,1995992
RCT-24-0067,INV-24-0067,2025-08,1995992
RCT-24-0068,INV-24-0068,2025-08,1995992
RCT-24-0069,INV-24-0069,2025-08,1995992
RCT-24-0070,INV-24-0070,2025-08,1995992
RCT-24-0071,INV-24-0071,2025-08,1995992
RCT-24-0072,INV-24-0072,2025-08,1995992
RCT-24-0073,INV-24-0073,2025-08,1995992
RCT-24-0074,INV-24-0074,2025-08,1995992
RCT-24-0075,INV-24-0075,2025-08,1995992
RCT-24-0076,INV-24-0076,2025-08,1995992
RCT-24-0077,INV-24-0077,2025-08,1995992
RCT-24-0078,INV-24-0078,2025-08,1995992
RCT-24-0079,INV-24-0079,2025-08,1995992
RCT-24-0080,INV-24-0080,2025-08,1995992
RCT-24-0081,INV-24-0081,2025-08,1995992
RCT-24-0082,INV-24-0082,2025-08,1995992
RCT-24-0083,INV-24-0083,2025-08,1995992
RCT-24-0084,INV-24-0084,2025-08,1995992
RCT-24-0085,INV-24-0085,2025-08,1995992
RCT-24-0086,INV-24-0086,2025-08,1995992
RCT-24-0087,INV-24-0087,2025-08,1995992
RCT-24-0088,INV-24-0088,2025-08,1995992
RCT-24-0089,INV-24-0089,2025-08,1995992
RCT-24-0090,INV-24-0090,2025-08,1995992
RCT-24-0091,INV-24-0091,2025-08,1995992
RCT-24-0092,INV-24-0092,2025-08,1995992
RCT-24-0093,INV-24-0093,2025-08,1995992
RCT-24-0094,INV-24-0094,2025-08,1995992
RCT-24-0095,INV-24-0095,2025-08,1995992
RCT-24-0096,INV-24-0096,2025-08,1995992
RCT-24-0097,INV-24-0097,2025-08,1995992
RCT-24-0098,INV-24-0098,2025-08,1995992
RCT-24-0099,INV-24-0099,2025-08,1995992
RCT-24-0100,INV-24-0100,2025-08,1995992
RCT-24-0101,INV-24-0101,2025-08,1995992
RCT-24-0102,INV-24-0102,2025-08,1995992
RCT-24-0103,INV-24-0103,2025-08,1995992
RCT-24-0104,INV-24-0104,2025-08,1995992
RCT-24-0105,INV-24-0105,2025-08,1995992
RCT-24-0106,INV-24-0106,2025-08,1995992
RCT-24-0107,INV-24-0107,2025-08,1995992
RCT-24-0108,INV-24-0108,2025-08,1995992
RCT-24-0109,INV-24-0109,2025-08,1995992
RCT-24-0110,INV-24-0110,2025-08,1995992
RCT-24-0111,INV-24-0111,2025-08,1995992
RCT-24-0112,INV-24-0112,2025-08,1995992
RCT-24-0113,INV-24-0113,2025-08,1995992
RCT-24-0114,INV-24-0114,2025-08,1995992
RCT-24-0115,INV-24-0115,2025-08,1995992
RCT-24-0116,INV-24-0116,2025-08,1995992
RCT-24-0117,INV-24-0117,2025-08,1995992
RCT-24-0118,INV-24-0118,2025-08,1995992
RCT-24-0119,INV-24-0119,2025-08,1995992
RCT-24-0120,INV-24-0120,2025-08,1995992
RCT-24-0121,INV-24-0121,2025-08,1995992
RCT-24-0122,INV-24-0122,2025-08,1995992
RCT-24-0123,INV-24-0123,2025-08,1995992
RCT-24-0124,INV-24-0124,2025-08,1995992
RCT-24-0125,INV-24-0125,2025-08,1995992
RCT-24-0126,INV-24-0126,2025-08,1995992
RCT-24-0127,INV-24-0127,2025-08,1995992
RCT-24-0128,INV-24-0128,2025-08,1995992
RCT-24-0129,INV-24-0129,2025-08,1995992
RCT-24-0130,INV-24-0130,2025-08,1995992
RCT-24-0131,INV-24-0131,2025-08,1995992
RCT-24-0132,INV-24-0132,2025-08,1995992
RCT-24-0133,INV-24-0133,2025-08,1995992
RCT-24-0134,INV-24-0134,2025-08,1995992
RCT-24-0135,INV-24-0135,2025-08,1995992
RCT-24-0136,INV-24-0136,2025-08,1995992
RCT-24-0137,INV-24-0137,2025-08,1995992
RCT-24-0138,INV-24-0138,2025-08,1995992
RCT-24-0139,INV-24-0139,2025-08,1995992
RCT-24-0140,INV-24-0140,2025-08,1995992
RCT-24-0141,INV-24-0141,2025-08,1995992
RCT-24-0142,INV-24-0142,2025-08,1995992
RCT-24-0143,INV-24-0143,2025-08,1995992
RCT-24-0144,INV-24-0144,2025-08,1995992
RCT-24-0145,INV-24-0145,2025-08,1995992
RCT-24-0146,INV-24-0146,2025-08,1995992
RCT-24-0147,INV-24-0147,2025-08,1995992
RCT-24-0148,INV-24-0148,2025-08,1995992
RCT-24-0149,INV-24-0149,2025-08,1995992
RCT-24-0150,INV-24-0150,2025-08,1995992
RCT-24-0151,INV-24-0151,2025-08,1995992
RCT-24-0152,INV-24-0152,2025-08,1995992
RCT-24-0153,INV-24-0153,2025-08,1995992
RCT-24-0154,INV-24-0154,2025-08,1995992
RCT-24-0155,INV-24-0155,2025-08,1995992
RCT-24-0156,INV-24-0156,2025-08,1995992
RCT-24-0157,INV-24-0157,2025-08,1995992
RCT-24-0158,INV-24-0158,2025-08,1995992
RCT-24-0159,INV-24-0159,2025-08,1995992
RCT-24-0160,INV-24-0160,2025-08,1995992
RCT-24-0161,INV-24-0161,2025-08,1995992
RCT-24-0162,INV-24-0162,2025-08,1995992
RCT-24-0163,INV-24-0163,2025-08,1995992
RCT-24-0164,INV-24-0164,2025-08,1995992
RCT-24-0165,INV-24-0165,2025-08,1995992
RCT-24-0166,INV-24-0166,2025-08,1995992
RCT-24-0167,INV-24-0167,2025-08,1995992
RCT-24-0168,INV-24-0168,2025-08,1995992
RCT-24-0169,INV-24-0169,2025-08,1995992
RCT-24-0170,INV-24-0170,2025-08,1995992
RCT-24-0171,INV-24-0171,2025-08,1995992
RCT-24-0172,INV-24-0172,2025-08,1995992
RCT-24-0173,INV-24-0173,2025-08,1995992
RCT-24-0174,INV-24-0174,2025-08,1995992
RCT-24-0175,INV-24-0175,2025-08,1995992
RCT-24-0176,INV-24-0176,2025-08,1995992
RCT-24-0177,INV-24-0177,2025-08,1995992
RCT-24-0178,INV-24-0178,2025-08,1995992
RCT-24-0179,INV-24-0179,2025-08,1995992
RCT-24-0180,INV-24-0180,2025-08,1995992
RCT-24-0181,INV-24-0181,2025-08,1995992
RCT-24-0182,INV-24-0182,2025-08,1995992
RCT-24-0183,INV-24-0183,2025-08,1995992
RCT-24-0184,INV-24-0184,2025-08,1995992
RCT-24-0185,INV-24-0185,2025-08,1995992
RCT-24-0186,INV-24-0186,2025-08,1995992
RCT-24-0187,INV-24-0187,2025-08,1995992
RCT-24-0188,INV-24-0188,2025-08,1995992
RCT-24-0189,INV-24-0189,2025-08,1995992
RCT-24-0190,INV-24-0190,2025-08,1995992
RCT-24-0191,INV-24-0191,2025-08,1995992
RCT-24-0192,INV-24-0192,2025-08,1995992
RCT-24-0193,INV-24-0193,2025-08,1995992
RCT-24-0194,INV-24-0194,2025-08,1995992
RCT-24-0195,INV-24-0195,2025-08,1995992
RCT-24-0196,INV-24-0196,2025-08,1995992
RCT-24-0197,INV-24-0197,2025-08,1995992
RCT-24-0198,INV-24-0198,2025-08,1995992
RCT-24-0199,INV-24-0199,2025-08,1995992
RCT-24-0200,INV-24-0200,2025-08,1995992
RCT-24-0201,INV-24-0201,2025-08,1995992
RCT-24-0202,INV-24-0202,2025-08,1995992
RCT-24-0203,INV-24-0203,2025-08,1995992
RCT-24-0204,INV-24-0204,2025-08,1995992
RCT-24-0205,INV-24-0205,2025-08,1995992
RCT-24-0206,INV-24-0206,2025-08,1995992
RCT-24-0207,INV-24-0207,2025-08,1995992
RCT-24-0208,INV-24-0208,2025-08,1995992
RCT-24-0209,INV-24-0209,2025-08,1995992
RCT-24-0210,INV-24-0210,2025-08,1995992
RCT-24-0211,INV-24-0211,2025-08,1995992
RCT-24-0212,INV-24-0212,2025-08,1995992
RCT-24-0213,INV-24-0213,2025-08,1995992
RCT-24-0214,INV-24-0214,2025-08,1995992
RCT-24-0215,INV-24-0215,2025-08,1995992
RCT-24-0216,INV-24-0216,2025-08,1995992
RCT-24-0217,INV-24-0217,2025-08,1995992
RCT-24-0218,INV-24-0218,2025-08,1995992
RCT-24-0219,INV-24-0219,2025-08,1995992
RCT-24-0220,INV-24-0220,2025-08,1995992
RCT-24-0221,INV-24-0221,2025-08,1995992
RCT-24-0222,INV-24-0222,2025-08,1995992
RCT-24-0223,INV-24-0223,2025-08,1995992
RCT-24-0224,INV-24-0224,2025-08,1995992
RCT-24-0225,INV-24-0225,2025-08,1995992
RCT-24-0226,INV-24-0226,2025-08,1995992
RCT-24-0227,INV-24-0227,2025-08,1995992
RCT-24-0228,INV-24-0228,2025-08,1995992
RCT-24-0229,INV-24-0229,2025-08,1995992
RCT-24-0230,INV-24-0230,2025-08,1995992
RCT-24-0231,INV-24-0231,2025-08,1995992
RCT-24-0232,INV-24-0232,2025-08,1995992
RCT-24-0233,INV-24-0233,2025-08,1995992
RCT-24-0234,INV-24-0234,2025-08,1995992
RCT-24-0235,INV-24-0235,2025-08,1995992
RCT-24-0236,INV-24-0236,2025-08,1995992
RCT-24-0237,INV-24-0237,2025-08,1995992
RCT-24-0238,INV-24-0238,2025-08,1995992
RCT-24-0239,INV-24-0239,2025-08,1995992
RCT-24-0240,INV-24-0240,2025-08,1995992
RCT-24-0241,INV-24-0241,2025-08,1995992
RCT-24-0242,INV-24-0242,2025-08,1995992
RCT-24-0243,INV-24-0243,2025-08,1995992
RCT-24-0244,INV-24-0244,2025-08,1995992
RCT-24-0245,INV-24-0245,2025-08,1995992
RCT-24-0246,INV-24-0246,2025-08,1995992
RCT-24-0247,INV-24-0247,2025-08,1995992
RCT-24-0248,INV-24-0248,2025-08,1995992
RCT-24-0249,INV-24-0249,2025-08,1995992
RCT-24-0250,INV-24-0250,2025-08,1995992
RCT-24-0251,INV-24-0251,2025-08,1995992
RCT-24-0252,INV-24-0252,2025-08,1995992
RCT-24-0253,INV-24-0253,2025-08,1995992
RCT-24-0254,INV-24-0254,2025-08,1995992
RCT-24-0255,INV-24-0255,2025-08,1995992
RCT-24-0256,INV-24-0256,2025-08,1995992
RCT-24-0257,INV-24-0257,2025-08,1995992
RCT-24-0258,INV-24-0258,2025-08,1995992
RCT-24-0259,INV-24-0259,2025-08,1995992
RCT-24-0260,INV-24-0260,2025-08,1995992
RCT-24-0261,INV-24-0261,2025-08,1995992
RCT-24-0262,INV-24-0262,2025-08,1995992
RCT-24-0263,INV-24-0263,2025-08,1995992
RCT-24-0264,INV-24-0264,2025-08,1995992
RCT-24-0265,INV-24-0265,2025-08,1995992
RCT-24-0266,INV-24-0266,2025-08,1995992
RCT-24-0267,INV-24-0267,2025-08,1995992
RCT-24-0268,INV-24-0268,2025-08,1995992
RCT-24-0269,INV-24-0269,2025-08,1995992
RCT-24-0270,INV-24-0270,2025-08,1995992
RCT-24-0271,INV-24-0271,2025-08,1995992
RCT-24-0272,INV-24-0272,2025-08,1995992
RCT-24-0273,INV-24-0273,2025-08,1995992
RCT-24-0274,INV-24-0274,2025-08,1995992
RCT-24-0275,INV-24-0275,2025-08,1995992
RCT-24-0276,INV-24-0276,2025-08,1995992
RCT-24-0277,INV-24-0277,2025-08,1995992
RCT-24-0278,INV-24-0278,2025-08,1995992
RCT-24-0279,INV-24-0279,2025-08,1995992
RCT-24-0280,INV-24-0280,2025-08,1995992
RCT-24-0281,INV-24-0281,2025-08,1995992
RCT-24-0282,INV-24-0282,2025-08,1995992
RCT-24-0283,INV-24-0283,2025-08,1995992
RCT-24-0284,INV-24-0284,2025-08,1995992
RCT-24-0285,INV-24-0285,2025-08,1995992
RCT-24-0286,INV-24-0286,2025-08,1995992
RCT-24-0287,INV-24-0287,2025-08,1995992
RCT-24-0288,INV-24-0288,2025-08,1995992
RCT-24-0289,INV-24-0289,2025-08,1995992
RCT-24-0290,INV-24-0290,2025-08,1995992
RCT-24-0291,INV-24-0291,2025-08,1995992
RCT-24-0292,INV-24-0292,2025-08,1995992
RCT-24-0293,INV-24-0293,2025-08,1995992
RCT-24-0294,INV-24-0294,2025-08,1995992
RCT-24-0295,INV-24-0295,2025-08,1995992
RCT-24-0296,INV-24-0296,2025-08,1995992
RCT-24-0297,INV-24-0297,2025-08,1995992
RCT-24-0298,INV-24-0298,2025-08,1995992
RCT-24-0299,INV-24-0299,2025-08,1995992
RCT-24-0300,INV-24-0300,2025-08,1995992
RCT-24-0301,INV-24-0301,2025-08,1995992
RCT-24-0302,INV-24-0302,2025-08,1995992
RCT-24-0303,INV-24-0303,2025-08,1995992
RCT-24-0304,INV-24-0304,2025-08,1995992
RCT-24-0305,INV-24-0305,2025-08,1995992
RCT-24-0306,INV-24-0306,2025-08,1995992
RCT-24-0307,INV-24-0307,2025-08,1995992
RCT-24-0308,INV-24-0308,2025-08,1995992
RCT-24-0309,INV-24-0309,2025-08,1995992
RCT-24-0310,INV-24-0310,2025-08,1995992
RCT-24-0311,INV-24-0311,2025-08,1995991
RCT-24-0312,INV-24-0312,2025-08,1995991
RCT-24-0313,INV-24-0313,2025-08,1995991
RCT-24-0314,INV-24-0314,2025-08,1995991
RCT-24-0315,INV-24-0315,2025-08,1995991
RCT-24-0316,INV-24-0316,2025-08,1995991
RCT-24-0317,INV-24-0317,2025-08,1995991
RCT-24-0318,INV-24-0318,2025-08,1995991
RCT-24-0319,INV-24-0319,2025-08,1995991
RCT-24-0320,INV-24-0320,2025-08,1995991
RCT-24-0321,INV-24-0321,2025-08,1995991
RCT-24-0322,INV-24-0322,2025-08,1995991
RCT-24-0323,INV-24-0323,2025-08,1995991
RCT-24-0324,INV-24-0324,2025-08,1995991
RCT-24-0325,INV-24-0325,2025-08,1995991
RCT-24-0326,INV-24-0326,2025-08,1995991
RCT-24-0327,INV-24-0327,2025-08,1995991
RCT-24-0328,INV-24-0328,2025-08,1995991
RCT-24-0329,INV-24-0329,2025-08,1995991
RCT-24-0330,INV-24-0330,2025-08,1995991
RCT-24-0331,INV-24-0331,2025-08,1995991
RCT-24-0332,INV-24-0332,2025-08,1995991
RCT-24-0333,INV-24-0333,2025-08,1995991
RCT-24-0334,INV-24-0334,2025-08,1995991
RCT-24-0335,INV-24-0335,2025-08,1995991
RCT-24-0336,INV-24-0336,2025-08,1995991
RCT-24-0337,INV-24-0337,2025-08,1995991
RCT-24-0338,INV-24-0338,2025-08,1995991
RCT-24-0339,INV-24-0339,2025-08,1995991
RCT-24-0340,INV-24-0340,2025-08,1995991
RCT-24-0341,INV-24-0341,2025-08,1995991
RCT-24-0342,INV-24-0342,2025-08,1995991
RCT-24-0343,INV-24-0343,2025-08,1995991
RCT-24-0344,INV-24-0344,2025-08,1995991
RCT-24-0345,INV-24-0345,2025-08,1995991
RCT-24-0346,INV-24-0346,2025-08,1995991
RCT-24-0347,INV-24-0347,2025-08,1995991
RCT-24-0348,INV-24-0348,2025-08,1995991
RCT-24-0349,INV-24-0349,2025-08,1995991
RCT-24-0350,INV-24-0350,2025-08,1995991
RCT-24-0351,INV-24-0351,2025-08,1995991
RCT-24-0352,INV-24-0352,2025-08,1995991
RCT-24-0353,INV-24-0353,2025-08,1995991
RCT-24-0354,INV-24-0354,2025-08,1995991
RCT-24-0355,INV-24-0355,2025-08,1995991
RCT-24-0356,INV-24-0356,2025-08,1995991
RCT-24-0357,INV-24-0357,2025-08,1995991
RCT-24-0358,INV-24-0358,2025-08,1995991
RCT-24-0359,INV-24-0359,2025-08,1995991
RCT-24-0360,INV-24-0360,2025-08,1995991
RCT-24-0361,INV-24-0361,2025-08,1995991
RCT-24-0362,INV-24-0362,2025-08,1995991
RCT-24-0363,INV-24-0363,2025-08,1995991
RCT-24-0364,INV-24-0364,2025-08,1995991
RCT-24-0365,INV-24-0365,2025-08,1995991
RCT-24-0366,INV-24-0366,2025-08,1995991
RCT-24-0367,INV-24-0367,2025-08,1995991
RCT-24-0368,INV-24-0368,2025-08,1995991
RCT-24-0369,INV-24-0369,2025-08,1995991
RCT-24-0370,INV-24-0370,2025-08,1995991
RCT-24-0371,INV-24-0371,2025-08,1995991
RCT-24-0372,INV-24-0372,2025-08,1995991
RCT-24-0373,INV-24-0373,2025-08,1995991
RCT-24-0374,INV-24-0374,2025-08,1995991
RCT-24-0375,INV-24-0375,2025-08,1995991
RCT-24-0376,INV-24-0376,2025-08,1995991
RCT-24-0377,INV-24-0377,2025-08,1995991
RCT-24-0378,INV-24-0378,2025-08,1995991
RCT-24-0379,INV-24-0379,2025-08,1995991
RCT-24-0380,INV-24-0380,2025-08,1995991
RCT-24-0381,INV-24-0381,2025-08,1995991
RCT-24-0382,INV-24-0382,2025-08,1995991
RCT-24-0383,INV-24-0383,2025-08,1995991
RCT-24-0384,INV-24-0384,2025-08,1995991
RCT-24-0385,INV-24-0385,2025-08,1995991
RCT-24-0386,INV-24-0386,2025-08,1995991
RCT-24-0387,INV-24-0387,2025-08,1995991
RCT-24-0388,INV-24-0388,2025-08,1995991
RCT-24-0389,INV-24-0389,2025-08,1995991
RCT-24-0390,INV-24-0390,2025-08,1995991
RCT-24-0391,INV-24-0391,2025-08,1995991
RCT-24-0392,INV-24-0392,2025-08,1995991
RCT-24-0393,INV-24-0393,2025-08,1995991
RCT-24-0394,INV-24-0394,2025-08,1995991
RCT-24-0395,INV-24-0395,2025-08,1995991
RCT-24-0396,INV-24-0396,2025-08,1995991
RCT-24-0397,INV-24-0397,2025-08,1995991
RCT-24-0398,INV-24-0398,2025-08,1995991
RCT-24-0399,INV-24-0399,2025-08,1995991
RCT-24-0400,INV-24-0400,2025-08,1995991
RCT-24-0401,INV-24-0401,2025-08,1995991
RCT-24-0402,INV-24-0402,2025-08,1995991
RCT-24-0403,INV-24-0403,2025-08,1995991
RCT-24-0404,INV-24-0404,2025-08,1995991
RCT-24-0405,INV-24-0405,2025-08,1995991
RCT-24-0406,INV-24-0406,2025-08,1995991
RCT-24-0407,INV-24-0407,2025-08,1995991
RCT-24-0408,INV-24-0408,2025-08,1995991
RCT-24-0409,INV-24-0409,2025-08,1995991
RCT-24-0410,INV-24-0410,2025-08,1995991
RCT-24-0411,INV-24-0411,2025-08,1995991
RCT-24-0412,INV-24-0412,2025-08,1995991
RCT-24-0413,INV-24-0413,2025-08,1995991
RCT-24-0414,INV-24-0414,2025-08,1995991
RCT-24-0415,INV-24-0415,2025-08,1995991
RCT-24-0416,INV-24-0416,2025-08,1995991
RCT-24-0417,INV-24-0417,2025-08,1995991
RCT-24-0418,INV-24-0418,2025-08,1995991
RCT-24-0419,INV-24-0419,2025-08,1995991
RCT-24-0420,INV-24-0420,2025-08,1995991
RCT-24-0421,INV-24-0421,2025-08,1995991
RCT-24-0422,INV-24-0422,2025-08,1995991
RCT-24-0423,INV-24-0423,2025-08,1995991
RCT-24-0424,INV-24-0424,2025-08,1995991
RCT-24-0425,INV-24-0425,2025-08,1995991
RCT-24-0426,INV-24-0426,2025-08,1995991
RCT-24-0427,INV-24-0427,2025-08,1995991
RCT-24-0428,INV-24-0428,2025-08,1995991
RCT-24-0429,INV-24-0429,2025-08,1995991
RCT-24-0430,INV-24-0430,2025-08,1995991
RCT-24-0431,INV-24-0431,2025-08,1995991
RCT-24-0432,INV-24-0432,2025-08,1995991
RCT-24-0433,INV-24-0433,2025-08,1995991
RCT-24-0434,INV-24-0434,2025-08,1995991
RCT-24-0435,INV-24-0435,2025-08,1995991
RCT-24-0436,INV-24-0436,2025-08,1995991
RCT-24-0437,INV-24-0437,2025-08,1995991
RCT-24-0438,INV-24-0438,2025-08,1995991
RCT-24-0439,INV-24-0439,2025-08,1995991
RCT-24-0440,INV-24-0440,2025-08,1995991
RCT-24-0441,INV-24-0441,2025-08,1995991
RCT-24-0442,INV-24-0442,2025-08,1995991
RCT-24-0443,INV-24-0443,2025-08,1995991
RCT-24-0444,INV-24-0444,2025-08,1995991
RCT-24-0445,INV-24-0445,2025-08,1995991
RCT-24-0446,INV-24-0446,2025-08,1995991
RCT-24-0447,INV-24-0447,2025-08,1995991
RCT-24-0448,INV-24-0448,2025-08,1995991
RCT-24-0449,INV-24-0449,2025-08,1995991
RCT-24-0450,INV-24-0450,2025-08,1995991
RCT-24-0451,INV-24-0451,2025-08,1995991
RCT-24-0452,INV-24-0452,2025-08,1995991
RCT-24-0453,INV-24-0453,2025-08,1995991
RCT-24-0454,INV-24-0454,2025-08,1995991
RCT-24-0455,INV-24-0455,2025-08,1995991
RCT-24-0456,INV-24-0456,2025-08,1995991
RCT-24-0457,INV-24-0457,2025-08,1995991
RCT-24-0458,INV-24-0458,2025-08,1995991
RCT-24-0459,INV-24-0459,2025-08,1995991
RCT-24-0460,INV-24-0460,2025-08,1995991
RCT-24-0461,INV-24-0461,2025-08,1995991
RCT-24-0462,INV-24-0462,2025-08,1995991
RCT-24-0463,INV-24-0463,2025-08,1995991
RCT-24-0464,INV-24-0464,2025-08,1995991
RCT-24-0465,INV-24-0465,2025-08,1995991
RCT-24-0466,INV-24-0466,2025-08,1995991
RCT-24-0467,INV-24-0467,2025-08,1995991
RCT-24-0468,INV-24-0468,2025-08,1995991
RCT-24-0469,INV-24-0469,2025-08,1995991
RCT-24-0470,INV-24-0470,2025-08,1995991
RCT-24-0471,INV-24-0471,2025-08,1995991
RCT-24-0472,INV-24-0472,2025-08,1995991
RCT-24-0473,INV-24-0473,2025-08,1995991
RCT-24-0474,INV-24-0474,2025-08,1995991
RCT-24-0475,INV-24-0475,2025-08,1995991
RCT-24-0476,INV-24-0476,2025-08,1995991
RCT-24-0477,INV-24-0477,2025-08,1995991
RCT-24-0478,INV-24-0478,2025-08,1995991
RCT-24-0479,INV-24-0479,2025-08,1995991
RCT-24-0480,INV-24-0480,2025-08,1995991
RCT-24-0481,INV-24-0481,2025-08,1995991
RCT-24-0482,INV-24-0482,2025-08,1995991
RCT-24-0483,INV-24-0483,2025-08,1995991
RCT-24-0484,INV-24-0484,2025-08,1995991
RCT-24-0485,INV-24-0485,2025-08,1995991
RCT-24-0486,INV-24-0486,2025-08,1995991
RCT-24-0487,INV-24-0487,2025-08,1995991
RCT-24-0488,INV-24-0488,2025-08,1995991
RCT-24-0489,INV-24-0489,2025-08,1995991
RCT-24-0490,INV-24-0490,2025-08,1995991
RCT-24-0491,INV-24-0491,2025-08,1995991
RCT-24-0492,INV-24-0492,2025-08,1995991
RCT-24-0493,INV-24-0493,2025-08,1995991
RCT-24-0494,INV-24-0494,2025-08,1995991
RCT-24-0495,INV-24-0495,2025-08,1995991
RCT-24-0496,INV-24-0496,2025-08,1995991
RCT-24-0497,INV-24-0497,2025-08,1995991
RCT-24-0498,INV-24-0498,2025-08,1995991
RCT-24-0499,INV-24-0499,2025-08,1995991
RCT-24-0500,INV-24-0500,2025-08,1995991
RCT-24-SVC,INV-24-SVC,2025-08,152166666
RCT-25-0001,INV-25-0001,2025-09,300000000
RCT-25-0002,INV-25-0002,2025-09,2404810
RCT-25-0003,INV-25-0003,2025-09,2404810
RCT-25-0004,INV-25-0004,2025-09,2404810
RCT-25-0005,INV-25-0005,2025-09,2404810
RCT-25-0006,INV-25-0006,2025-09,2404810
RCT-25-0007,INV-25-0007,2025-09,2404810
RCT-25-0008,INV-25-0008,2025-09,2404810
RCT-25-0009,INV-25-0009,2025-09,2404810
RCT-25-0010,INV-25-0010,2025-09,2404810
RCT-25-0011,INV-25-0011,2025-09,2404810
RCT-25-0012,INV-25-0012,2025-09,2404810
RCT-25-0013,INV-25-0013,2025-09,2404810
RCT-25-0014,INV-25-0014,2025-09,2404810
RCT-25-0015,INV-25-0015,2025-09,2404810
RCT-25-0016,INV-25-0016,2025-09,2404810
RCT-25-0017,INV-25-0017,2025-09,2404810
RCT-25-0018,INV-25-0018,2025-09,2404810
RCT-25-0019,INV-25-0019,2025-09,2404810
RCT-25-0020,INV-25-0020,2025-09,2404810
RCT-25-0021,INV-25-0021,2025-09,2404810
RCT-25-0022,INV-25-0022,2025-09,2404810
RCT-25-0023,INV-25-0023,2025-09,2404810
RCT-25-0024,INV-25-0024,2025-09,2404810
RCT-25-0025,INV-25-0025,2025-09,2404810
RCT-25-0026,INV-25-0026,2025-09,2404810
RCT-25-0027,INV-25-0027,2025-09,2404810
RCT-25-0028,INV-25-0028,2025-09,2404810
RCT-25-0029,INV-25-0029,2025-09,2404810
RCT-25-0030,INV-25-0030,2025-09,2404810
RCT-25-0031,INV-25-0031,2025-09,2404810
RCT-25-0032,INV-25-0032,2025-09,2404810
RCT-25-0033,INV-25-0033,2025-09,2404810
RCT-25-0034,INV-25-0034,2025-09,2404810
RCT-25-0035,INV-25-0035,2025-09,2404810
RCT-25-0036,INV-25-0036,2025-09,2404810
RCT-25-0037,INV-25-0037,2025-09,2404810
RCT-25-0038,INV-25-0038,2025-09,2404810
RCT-25-0039,INV-25-0039,2025-09,2404810
RCT-25-0040,INV-25-0040,2025-09,2404810
RCT-25-0041,INV-25-0041,2025-09,2404810
RCT-25-0042,INV-25-0042,2025-09,2404810
RCT-25-0043,INV-25-0043,2025-09,2404810
RCT-25-0044,INV-25-0044,2025-09,2404810
RCT-25-0045,INV-25-0045,2025-09,2404810
RCT-25-0046,INV-25-0046,2025-09,2404810
RCT-25-0047,INV-25-0047,2025-09,2404810
RCT-25-0048,INV-25-0048,2025-09,2404810
RCT-25-0049,INV-25-0049,2025-09,2404810
RCT-25-0050,INV-25-0050,2025-09,2404810
RCT-25-0051,INV-25-0051,2025-09,2404810
RCT-25-0052,INV-25-0052,2025-09,2404810
RCT-25-0053,INV-25-0053,2025-09,2404810
RCT-25-0054,INV-25-0054,2025-09,2404810
RCT-25-0055,INV-25-0055,2025-09,2404810
RCT-25-0056,INV-25-0056,2025-09,2404810
RCT-25-0057,INV-25-0057,2025-09,2404810
RCT-25-0058,INV-25-0058,2025-09,2404810
RCT-25-0059,INV-25-0059,2025-09,2404810
RCT-25-0060,INV-25-0060,2025-09,2404810
RCT-25-0061,INV-25-0061,2025-09,2404810
RCT-25-0062,INV-25-0062,2025-09,2404810
RCT-25-0063,INV-25-0063,2025-09,2404810
RCT-25-0064,INV-25-0064,2025-09,2404810
RCT-25-0065,INV-25-0065,2025-09,2404810
RCT-25-0066,INV-25-0066,2025-09,2404810
RCT-25-0067,INV-25-0067,2025-09,2404810
RCT-25-0068,INV-25-0068,2025-09,2404810
RCT-25-0069,INV-25-0069,2025-09,2404810
RCT-25-0070,INV-25-0070,2025-09,2404810
RCT-25-0071,INV-25-0071,2025-09,2404810
RCT-25-0072,INV-25-0072,2025-09,2404810
RCT-25-0073,INV-25-0073,2025-09,2404810
RCT-25-0074,INV-25-0074,2025-09,2404810
RCT-25-0075,INV-25-0075,2025-09,2404810
RCT-25-0076,INV-25-0076,2025-09,2404810
RCT-25-0077,INV-25-0077,2025-09,2404810
RCT-25-0078,INV-25-0078,2025-09,2404810
RCT-25-0079,INV-25-0079,2025-09,2404810
RCT-25-0080,INV-25-0080,2025-09,2404810
RCT-25-0081,INV-25-0081,2025-09,2404810
RCT-25-0082,INV-25-0082,2025-09,2404810
RCT-25-0083,INV-25-0083,2025-09,2404810
RCT-25-0084,INV-25-0084,2025-09,2404810
RCT-25-0085,INV-25-0085,2025-09,2404810
RCT-25-0086,INV-25-0086,2025-09,2404810
RCT-25-0087,INV-25-0087,2025-09,2404810
RCT-25-0088,INV-25-0088,2025-09,2404810
RCT-25-0089,INV-25-0089,2025-09,2404810
RCT-25-0090,INV-25-0090,2025-09,2404810
RCT-25-0091,INV-25-0091,2025-09,2404810
RCT-25-0092,INV-25-0092,2025-09,2404810
RCT-25-0093,INV-25-0093,2025-09,2404810
RCT-25-0094,INV-25-0094,2025-09,2404810
RCT-25-0095,INV-25-0095,2025-09,2404810
RCT-25-0096,INV-25-0096,2025-09,2404810
RCT-25-0097,INV-25-0097,2025-09,2404810
RCT-25-0098,INV-25-0098,2025-09,2404810
RCT-25-0099,INV-25-0099,2025-09,2404810
RCT-25-0100,INV-25-0100,2025-09,2404810
RCT-25-0101,INV-25-0101,2025-09,2404810
RCT-25-0102,INV-25-0102,2025-09,2404810
RCT-25-0103,INV-25-0103,2025-09,2404810
RCT-25-0104,INV-25-0104,2025-09,2404810
RCT-25-0105,INV-25-0105,2025-09,2404810
RCT-25-0106,INV-25-0106,2025-09,2404810
RCT-25-0107,INV-25-0107,2025-09,2404810
RCT-25-0108,INV-25-0108,2025-09,2404810
RCT-25-0109,INV-25-0109,2025-09,2404810
RCT-25-0110,INV-25-0110,2025-09,2404810
RCT-25-0111,INV-25-0111,2025-09,2404810
RCT-25-0112,INV-25-0112,2025-09,2404810
RCT-25-0113,INV-25-0113,2025-09,2404810
RCT-25-0114,INV-25-0114,2025-09,2404810
RCT-25-0115,INV-25-0115,2025-09,2404810
RCT-25-0116,INV-25-0116,2025-09,2404810
RCT-25-0117,INV-25-0117,2025-09,2404810
RCT-25-0118,INV-25-0118,2025-09,2404810
RCT-25-0119,INV-25-0119,2025-09,2404810
RCT-25-0120,INV-25-0120,2025-09,2404810
RCT-25-0121,INV-25-0121,2025-09,2404810
RCT-25-0122,INV-25-0122,2025-09,2404810
RCT-25-0123,INV-25-0123,2025-09,2404810
RCT-25-0124,INV-25-0124,2025-09,2404810
RCT-25-0125,INV-25-0125,2025-09,2404810
RCT-25-0126,INV-25-0126,2025-09,2404810
RCT-25-0127,INV-25-0127,2025-09,2404810
RCT-25-0128,INV-25-0128,2025-09,2404810
RCT-25-0129,INV-25-0129,2025-09,2404810
RCT-25-0130,INV-25-0130,2025-09,2404810
RCT-25-0131,INV-25-0131,2025-09,2404810
RCT-25-0132,INV-25-0132,2025-09,2404810
RCT-25-0133,INV-25-0133,2025-09,2404810
RCT-25-0134,INV-25-0134,2025-09,2404810
RCT-25-0135,INV-25-0135,2025-09,2404810
RCT-25-0136,INV-25-0136,2025-09,2404810
RCT-25-0137,INV-25-0137,2025-09,2404810
RCT-25-0138,INV-25-0138,2025-09,2404810
RCT-25-0139,INV-25-0139,2025-09,2404810
RCT-25-0140,INV-25-0140,2025-09,2404810
RCT-25-0141,INV-25-0141,2025-09,2404810
RCT-25-0142,INV-25-0142,2025-09,2404810
RCT-25-0143,INV-25-0143,2025-09,2404810
RCT-25-0144,INV-25-0144,2025-09,2404810
RCT-25-0145,INV-25-0145,2025-09,2404810
RCT-25-0146,INV-25-0146,2025-09,2404810
RCT-25-0147,INV-25-0147,2025-09,2404810
RCT-25-0148,INV-25-0148,2025-09,2404810
RCT-25-0149,INV-25-0149,2025-09,2404810
RCT-25-0150,INV-25-0150,2025-09,2404810
RCT-25-0151,INV-25-0151,2025-09,2404810
RCT-25-0152,INV-25-0152,2025-09,2404810
RCT-25-0153,INV-25-0153,2025-09,2404810
RCT-25-0154,INV-25-0154,2025-09,2404810
RCT-25-0155,INV-25-0155,2025-09,2404810
RCT-25-0156,INV-25-0156,2025-09,2404810
RCT-25-0157,INV-25-0157,2025-09,2404810
RCT-25-0158,INV-25-0158,2025-09,2404810
RCT-25-0159,INV-25-0159,2025-09,2404810
RCT-25-0160,INV-25-0160,2025-09,2404810
RCT-25-0161,INV-25-0161,2025-09,2404810
RCT-25-0162,INV-25-0162,2025-09,2404810
RCT-25-0163,INV-25-0163,2025-09,2404810
RCT-25-0164,INV-25-0164,2025-09,2404810
RCT-25-0165,INV-25-0165,2025-09,2404810
RCT-25-0166,INV-25-0166,2025-09,2404810
RCT-25-0167,INV-25-0167,2025-09,2404810
RCT-25-0168,INV-25-0168,2025-09,2404810
RCT-25-0169,INV-25-0169,2025-09,2404810
RCT-25-0170,INV-25-0170,2025-09,2404810
RCT-25-0171,INV-25-0171,2025-09,2404810
RCT-25-0172,INV-25-0172,2025-09,2404810
RCT-25-0173,INV-25-0173,2025-09,2404810
RCT-25-0174,INV-25-0174,2025-09,2404810
RCT-25-0175,INV-25-0175,2025-09,2404810
RCT-25-0176,INV-25-0176,2025-09,2404810
RCT-25-0177,INV-25-0177,2025-09,2404810
RCT-25-0178,INV-25-0178,2025-09,2404810
RCT-25-0179,INV-25-0179,2025-09,2404810
RCT-25-0180,INV-25-0180,2025-09,2404810
RCT-25-0181,INV-25-0181,2025-09,2404810
RCT-25-0182,INV-25-0182,2025-09,2404810
RCT-25-0183,INV-25-0183,2025-09,2404810
RCT-25-0184,INV-25-0184,2025-09,2404810
RCT-25-0185,INV-25-0185,2025-09,2404810
RCT-25-0186,INV-25-0186,2025-09,2404810
RCT-25-0187,INV-25-0187,2025-09,2404810
RCT-25-0188,INV-25-0188,2025-09,2404810
RCT-25-0189,INV-25-0189,2025-09,2404810
RCT-25-0190,INV-25-0190,2025-09,2404810
RCT-25-0191,INV-25-0191,2025-09,2404810
RCT-25-0192,INV-25-0192,2025-09,2404810
RCT-25-0193,INV-25-0193,2025-09,2404810
RCT-25-0194,INV-25-0194,2025-09,2404810
RCT-25-0195,INV-25-0195,2025-09,2404810
RCT-25-0196,INV-25-0196,2025-09,2404810
RCT-25-0197,INV-25-0197,2025-09,2404810
RCT-25-0198,INV-25-0198,2025-09,2404810
RCT-25-0199,INV-25-0199,2025-09,2404810
RCT-25-0200,INV-25-0200,2025-09,2404810
RCT-25-0201,INV-25-0201,2025-09,2404810
RCT-25-0202,INV-25-0202,2025-09,2404810
RCT-25-0203,INV-25-0203,2025-09,2404810
RCT-25-0204,INV-25-0204,2025-09,2404810
RCT-25-0205,INV-25-0205,2025-09,2404810
RCT-25-0206,INV-25-0206,2025-09,2404810
RCT-25-0207,INV-25-0207,2025-09,2404810
RCT-25-0208,INV-25-0208,2025-09,2404810
RCT-25-0209,INV-25-0209,2025-09,2404810
RCT-25-0210,INV-25-0210,2025-09,2404810
RCT-25-0211,INV-25-0211,2025-09,2404810
RCT-25-0212,INV-25-0212,2025-09,2404810
RCT-25-0213,INV-25-0213,2025-09,2404810
RCT-25-0214,INV-25-0214,2025-09,2404810
RCT-25-0215,INV-25-0215,2025-09,2404810
RCT-25-0216,INV-25-0216,2025-09,2404810
RCT-25-0217,INV-25-0217,2025-09,2404810
RCT-25-0218,INV-25-0218,2025-09,2404810
RCT-25-0219,INV-25-0219,2025-09,2404810
RCT-25-0220,INV-25-0220,2025-09,2404810
RCT-25-0221,INV-25-0221,2025-09,2404810
RCT-25-0222,INV-25-0222,2025-09,2404810
RCT-25-0223,INV-25-0223,2025-09,2404810
RCT-25-0224,INV-25-0224,2025-09,2404810
RCT-25-0225,INV-25-0225,2025-09,2404810
RCT-25-0226,INV-25-0226,2025-09,2404810
RCT-25-0227,INV-25-0227,2025-09,2404810
RCT-25-0228,INV-25-0228,2025-09,2404810
RCT-25-0229,INV-25-0229,2025-09,2404810
RCT-25-0230,INV-25-0230,2025-09,2404810
RCT-25-0231,INV-25-0231,2025-09,2404810
RCT-25-0232,INV-25-0232,2025-09,2404810
RCT-25-0233,INV-25-0233,2025-09,2404810
RCT-25-0234,INV-25-0234,2025-09,2404810
RCT-25-0235,INV-25-0235,2025-09,2404810
RCT-25-0236,INV-25-0236,2025-09,2404810
RCT-25-0237,INV-25-0237,2025-09,2404810
RCT-25-0238,INV-25-0238,2025-09,2404810
RCT-25-0239,INV-25-0239,2025-09,2404810
RCT-25-0240,INV-25-0240,2025-09,2404810
RCT-25-0241,INV-25-0241,2025-09,2404810
RCT-25-0242,INV-25-0242,2025-09,2404810
RCT-25-0243,INV-25-0243,2025-09,2404810
RCT-25-0244,INV-25-0244,2025-09,2404810
RCT-25-0245,INV-25-0245,2025-09,2404810
RCT-25-0246,INV-25-0246,2025-09,2404810
RCT-25-0247,INV-25-0247,2025-09,2404810
RCT-25-0248,INV-25-0248,2025-09,2404810
RCT-25-0249,INV-25-0249,2025-09,2404810
RCT-25-0250,INV-25-0250,2025-09,2404810
RCT-25-0251,INV-25-0251,2025-09,2404810
RCT-25-0252,INV-25-0252,2025-09,2404810
RCT-25-0253,INV-25-0253,2025-09,2404810
RCT-25-0254,INV-25-0254,2025-09,2404810
RCT-25-0255,INV-25-0255,2025-09,2404810
RCT-25-0256,INV-25-0256,2025-09,2404810
RCT-25-0257,INV-25-0257,2025-09,2404810
RCT-25-0258,INV-25-0258,2025-09,2404810
RCT-25-0259,INV-25-0259,2025-09,2404810
RCT-25-0260,INV-25-0260,2025-09,2404810
RCT-25-0261,INV-25-0261,2025-09,2404810
RCT-25-0262,INV-25-0262,2025-09,2404810
RCT-25-0263,INV-25-0263,2025-09,2404810
RCT-25-0264,INV-25-0264,2025-09,2404810
RCT-25-0265,INV-25-0265,2025-09,2404810
RCT-25-0266,INV-25-0266,2025-09,2404810
RCT-25-0267,INV-25-0267,2025-09,2404810
RCT-25-0268,INV-25-0268,2025-09,2404810
RCT-25-0269,INV-25-0269,2025-09,2404810
RCT-25-0270,INV-25-0270,2025-09,2404810
RCT-25-0271,INV-25-0271,2025-09,2404810
RCT-25-0272,INV-25-0272,2025-09,2404810
RCT-25-0273,INV-25-0273,2025-09,2404810
RCT-25-0274,INV-25-0274,2025-09,2404810
RCT-25-0275,INV-25-0275,2025-09,2404810
RCT-25-0276,INV-25-0276,2025-09,2404810
RCT-25-0277,INV-25-0277,2025-09,2404810
RCT-25-0278,INV-25-0278,2025-09,2404810
RCT-25-0279,INV-25-0279,2025-09,2404810
RCT-25-0280,INV-25-0280,2025-09,2404810
RCT-25-0281,INV-25-0281,2025-09,2404810
RCT-25-0282,INV-25-0282,2025-09,2404810
RCT-25-0283,INV-25-0283,2025-09,2404810
RCT-25-0284,INV-25-0284,2025-09,2404810
RCT-25-0285,INV-25-0285,2025-09,2404810
RCT-25-0286,INV-25-0286,2025-09,2404810
RCT-25-0287,INV-25-0287,2025-09,2404810
RCT-25-0288,INV-25-0288,2025-09,2404810
RCT-25-0289,INV-25-0289,2025-09,2404810
RCT-25-0290,INV-25-0290,2025-09,2404810
RCT-25-0291,INV-25-0291,2025-09,2404810
RCT-25-0292,INV-25-0292,2025-09,2404810
RCT-25-0293,INV-25-0293,2025-09,2404810
RCT-25-0294,INV-25-0294,2025-09,2404810
RCT-25-0295,INV-25-0295,2025-09,2404810
RCT-25-0296,INV-25-0296,2025-09,2404810
RCT-25-0297,INV-25-0297,2025-09,2404810
RCT-25-0298,INV-25-0298,2025-09,2404810
RCT-25-0299,INV-25-0299,2025-09,2404810
RCT-25-0300,INV-25-0300,2025-09,2404810
RCT-25-0301,INV-25-0301,2025-09,2404810
RCT-25-0302,INV-25-0302,2025-09,2404810
RCT-25-0303,INV-25-0303,2025-09,2404810
RCT-25-0304,INV-25-0304,2025-09,2404810
RCT-25-0305,INV-25-0305,2025-09,2404810
RCT-25-0306,INV-25-0306,2025-09,2404810
RCT-25-0307,INV-25-0307,2025-09,2404810
RCT-25-0308,INV-25-0308,2025-09,2404810
RCT-25-0309,INV-25-0309,2025-09,2404810
RCT-25-0310,INV-25-0310,2025-09,2404810
RCT-25-0311,INV-25-0311,2025-09,2404809
RCT-25-0312,INV-25-0312,2025-09,2404809
RCT-25-0313,INV-25-0313,2025-09,2404809
RCT-25-0314,INV-25-0314,2025-09,2404809
RCT-25-0315,INV-25-0315,2025-09,2404809
RCT-25-0316,INV-25-0316,2025-09,2404809
RCT-25-0317,INV-25-0317,2025-09,2404809
RCT-25-0318,INV-25-0318,2025-09,2404809
RCT-25-0319,INV-25-0319,2025-09,2404809
RCT-25-0320,INV-25-0320,2025-09,2404809
RCT-25-0321,INV-25-0321,2025-09,2404809
RCT-25-0322,INV-25-0322,2025-09,2404809
RCT-25-0323,INV-25-0323,2025-09,2404809
RCT-25-0324,INV-25-0324,2025-09,2404809
RCT-25-0325,INV-25-0325,2025-09,2404809
RCT-25-0326,INV-25-0326,2025-09,2404809
RCT-25-0327,INV-25-0327,2025-09,2404809
RCT-25-0328,INV-25-0328,2025-09,2404809
RCT-25-0329,INV-25-0329,2025-09,2404809
RCT-25-0330,INV-25-0330,2025-09,2404809
RCT-25-0331,INV-25-0331,2025-09,2404809
RCT-25-0332,INV-25-0332,2025-09,2404809
RCT-25-0333,INV-25-0333,2025-09,2404809
RCT-25-0334,INV-25-0334,2025-09,2404809
RCT-25-0335,INV-25-0335,2025-09,2404809
RCT-25-0336,INV-25-0336,2025-09,2404809
RCT-25-0337,INV-25-0337,2025-09,2404809
RCT-25-0338,INV-25-0338,2025-09,2404809
RCT-25-0339,INV-25-0339,2025-09,2404809
RCT-25-0340,INV-25-0340,2025-09,2404809
RCT-25-0341,INV-25-0341,2025-09,2404809
RCT-25-0342,INV-25-0342,2025-09,2404809
RCT-25-0343,INV-25-0343,2025-09,2404809
RCT-25-0344,INV-25-0344,2025-09,2404809
RCT-25-0345,INV-25-0345,2025-09,2404809
RCT-25-0346,INV-25-0346,2025-09,2404809
RCT-25-0347,INV-25-0347,2025-09,2404809
RCT-25-0348,INV-25-0348,2025-09,2404809
RCT-25-0349,INV-25-0349,2025-09,2404809
RCT-25-0350,INV-25-0350,2025-09,2404809
RCT-25-0351,INV-25-0351,2025-09,2404809
RCT-25-0352,INV-25-0352,2025-09,2404809
RCT-25-0353,INV-25-0353,2025-09,2404809
RCT-25-0354,INV-25-0354,2025-09,2404809
RCT-25-0355,INV-25-0355,2025-09,2404809
RCT-25-0356,INV-25-0356,2025-09,2404809
RCT-25-0357,INV-25-0357,2025-09,2404809
RCT-25-0358,INV-25-0358,2025-09,2404809
RCT-25-0359,INV-25-0359,2025-09,2404809
RCT-25-0360,INV-25-0360,2025-09,2404809
RCT-25-0361,INV-25-0361,2025-09,2404809
RCT-25-0362,INV-25-0362,2025-09,2404809
RCT-25-0363,INV-25-0363,2025-09,2404809
RCT-25-0364,INV-25-0364,2025-09,2404809
RCT-25-0365,INV-25-0365,2025-09,2404809
RCT-25-0366,INV-25-0366,2025-09,2404809
RCT-25-0367,INV-25-0367,2025-09,2404809
RCT-25-0368,INV-25-0368,2025-09,2404809
RCT-25-0369,INV-25-0369,2025-09,2404809
RCT-25-0370,INV-25-0370,2025-09,2404809
RCT-25-0371,INV-25-0371,2025-09,2404809
RCT-25-0372,INV-25-0372,2025-09,2404809
RCT-25-0373,INV-25-0373,2025-09,2404809
RCT-25-0374,INV-25-0374,2025-09,2404809
RCT-25-0375,INV-25-0375,2025-09,2404809
RCT-25-0376,INV-25-0376,2025-09,2404809
RCT-25-0377,INV-25-0377,2025-09,2404809
RCT-25-0378,INV-25-0378,2025-09,2404809
RCT-25-0379,INV-25-0379,2025-09,2404809
RCT-25-0380,INV-25-0380,2025-09,2404809
RCT-25-0381,INV-25-0381,2025-09,2404809
RCT-25-0382,INV-25-0382,2025-09,2404809
RCT-25-0383,INV-25-0383,2025-09,2404809
RCT-25-0384,INV-25-0384,2025-09,2404809
RCT-25-0385,INV-25-0385,2025-09,2404809
RCT-25-0386,INV-25-0386,2025-09,2404809
RCT-25-0387,INV-25-0387,2025-09,2404809
RCT-25-0388,INV-25-0388,2025-09,2404809
RCT-25-0389,INV-25-0389,2025-09,2404809
RCT-25-0390,INV-25-0390,2025-09,2404809
RCT-25-0391,INV-25-0391,2025-09,2404809
RCT-25-0392,INV-25-0392,2025-09,2404809
RCT-25-0393,INV-25-0393,2025-09,2404809
RCT-25-0394,INV-25-0394,2025-09,2404809
RCT-25-0395,INV-25-0395,2025-09,2404809
RCT-25-0396,INV-25-0396,2025-09,2404809
RCT-25-0397,INV-25-0397,2025-09,2404809
RCT-25-0398,INV-25-0398,2025-09,2404809
RCT-25-0399,INV-25-0399,2025-09,2404809
RCT-25-0400,INV-25-0400,2025-09,2404809
RCT-25-0401,INV-25-0401,2025-09,2404809
RCT-25-0402,INV-25-0402,2025-09,2404809
RCT-25-0403,INV-25-0403,2025-09,2404809
RCT-25-0404,INV-25-0404,2025-09,2404809
RCT-25-0405,INV-25-0405,2025-09,2404809
RCT-25-0406,INV-25-0406,2025-09,2404809
RCT-25-0407,INV-25-0407,2025-09,2404809
RCT-25-0408,INV-25-0408,2025-09,2404809
RCT-25-0409,INV-25-0409,2025-09,2404809
RCT-25-0410,INV-25-0410,2025-09,2404809
RCT-25-0411,INV-25-0411,2025-09,2404809
RCT-25-0412,INV-25-0412,2025-09,2404809
RCT-25-0413,INV-25-0413,2025-09,2404809
RCT-25-0414,INV-25-0414,2025-09,2404809
RCT-25-0415,INV-25-0415,2025-09,2404809
RCT-25-0416,INV-25-0416,2025-09,2404809
RCT-25-0417,INV-25-0417,2025-09,2404809
RCT-25-0418,INV-25-0418,2025-09,2404809
RCT-25-0419,INV-25-0419,2025-09,2404809
RCT-25-0420,INV-25-0420,2025-09,2404809
RCT-25-0421,INV-25-0421,2025-09,2404809
RCT-25-0422,INV-25-0422,2025-09,2404809
RCT-25-0423,INV-25-0423,2025-09,2404809
RCT-25-0424,INV-25-0424,2025-09,2404809
RCT-25-0425,INV-25-0425,2025-09,2404809
RCT-25-0426,INV-25-0426,2025-09,2404809
RCT-25-0427,INV-25-0427,2025-09,2404809
RCT-25-0428,INV-25-0428,2025-09,2404809
RCT-25-0429,INV-25-0429,2025-09,2404809
RCT-25-0430,INV-25-0430,2025-09,2404809
RCT-25-0431,INV-25-0431,2025-09,2404809
RCT-25-0432,INV-25-0432,2025-09,2404809
RCT-25-0433,INV-25-0433,2025-09,2404809
RCT-25-0434,INV-25-0434,2025-09,2404809
RCT-25-0435,INV-25-0435,2025-09,2404809
RCT-25-0436,INV-25-0436,2025-09,2404809
RCT-25-0437,INV-25-0437,2025-09,2404809
RCT-25-0438,INV-25-0438,2025-09,2404809
RCT-25-0439,INV-25-0439,2025-09,2404809
RCT-25-0440,INV-25-0440,2025-09,2404809
RCT-25-0441,INV-25-0441,2025-09,2404809
RCT-25-0442,INV-25-0442,2025-09,2404809
RCT-25-0443,INV-25-0443,2025-09,2404809
RCT-25-0444,INV-25-0444,2025-09,2404809
RCT-25-0445,INV-25-0445,2025-09,2404809
RCT-25-0446,INV-25-0446,2025-09,2404809
RCT-25-0447,INV-25-0447,2025-09,2404809
RCT-25-0448,INV-25-0448,2025-09,2404809
RCT-25-0449,INV-25-0449,2025-09,2404809
RCT-25-0450,INV-25-0450,2025-09,2404809
RCT-25-0451,INV-25-0451,2025-09,2404809
RCT-25-0452,INV-25-0452,2025-09,2404809
RCT-25-0453,INV-25-0453,2025-09,2404809
RCT-25-0454,INV-25-0454,2025-09,2404809
RCT-25-0455,INV-25-0455,2025-09,2404809
RCT-25-0456,INV-25-0456,2025-09,2404809
RCT-25-0457,INV-25-0457,2025-09,2404809
RCT-25-0458,INV-25-0458,2025-09,2404809
RCT-25-0459,INV-25-0459,2025-09,2404809
RCT-25-0460,INV-25-0460,2025-09,2404809
RCT-25-0461,INV-25-0461,2025-09,2404809
RCT-25-0462,INV-25-0462,2025-09,2404809
RCT-25-0463,INV-25-0463,2025-09,2404809
RCT-25-0464,INV-25-0464,2025-09,2404809
RCT-25-0465,INV-25-0465,2025-09,2404809
RCT-25-0466,INV-25-0466,2025-09,2404809
RCT-25-0467,INV-25-0467,2025-09,2404809
RCT-25-0468,INV-25-0468,2025-09,2404809
RCT-25-0469,INV-25-0469,2025-09,2404809
RCT-25-0470,INV-25-0470,2025-09,2404809
RCT-25-0471,INV-25-0471,2025-09,2404809
RCT-25-0472,INV-25-0472,2025-09,2404809
RCT-25-0473,INV-25-0473,2025-09,2404809
RCT-25-0474,INV-25-0474,2025-09,2404809
RCT-25-0475,INV-25-0475,2025-09,2404809
RCT-25-0476,INV-25-0476,2025-09,2404809
RCT-25-0477,INV-25-0477,2025-09,2404809
RCT-25-0478,INV-25-0478,2025-09,2404809
RCT-25-0479,INV-25-0479,2025-09,2404809
RCT-25-0480,INV-25-0480,2025-09,2404809
RCT-25-0481,INV-25-0481,2025-09,2404809
RCT-25-0482,INV-25-0482,2025-09,2404809
RCT-25-0483,INV-25-0483,2025-09,2404809
RCT-25-0484,INV-25-0484,2025-09,2404809
RCT-25-0485,INV-25-0485,2025-09,2404809
RCT-25-0486,INV-25-0486,2025-09,2404809
RCT-25-0487,INV-25-0487,2025-09,2404809
RCT-25-0488,INV-25-0488,2025-09,2404809
RCT-25-0489,INV-25-0489,2025-09,2404809
RCT-25-0490,INV-25-0490,2025-09,2404809
RCT-25-0491,INV-25-0491,2025-09,2404809
RCT-25-0492,INV-25-0492,2025-09,2404809
RCT-25-0493,INV-25-0493,2025-09,2404809
RCT-25-0494,INV-25-0494,2025-09,2404809
RCT-25-0495,INV-25-0495,2025-09,2404809
RCT-25-0496,INV-25-0496,2025-09,2404809
RCT-25-0497,INV-25-0497,2025-09,2404809
RCT-25-0498,INV-25-0498,2025-09,2404809
RCT-25-0499,INV-25-0499,2025-09,2404809
RCT-25-0500,INV-25-0500,2025-09,2404809
RCT-25-SVC,INV-25-SVC,2025-09,183333333
RCT-26-0001,INV-26-0001,2025-10,300000000
RCT-26-0002,INV-26-0002,2025-10,2404810
RCT-26-0003,INV-26-0003,2025-10,2404810
RCT-26-0004,INV-26-0004,2025-10,2404810
RCT-26-0005,INV-26-0005,2025-10,2404810
RCT-26-0006,INV-26-0006,2025-10,2404810
RCT-26-0007,INV-26-0007,2025-10,2404810
RCT-26-0008,INV-26-0008,2025-10,2404810
RCT-26-0009,INV-26-0009,2025-10,2404810
RCT-26-0010,INV-26-0010,2025-10,2404810
RCT-26-0011,INV-26-0011,2025-10,2404810
RCT-26-0012,INV-26-0012,2025-10,2404810
RCT-26-0013,INV-26-0013,2025-10,2404810
RCT-26-0014,INV-26-0014,2025-10,2404810
RCT-26-0015,INV-26-0015,2025-10,2404810
RCT-26-0016,INV-26-0016,2025-10,2404810
RCT-26-0017,INV-26-0017,2025-10,2404810
RCT-26-0018,INV-26-0018,2025-10,2404810
RCT-26-0019,INV-26-0019,2025-10,2404810
RCT-26-0020,INV-26-0020,2025-10,2404810
RCT-26-0021,INV-26-0021,2025-10,2404810
RCT-26-0022,INV-26-0022,2025-10,2404810
RCT-26-0023,INV-26-0023,2025-10,2404810
RCT-26-0024,INV-26-0024,2025-10,2404810
RCT-26-0025,INV-26-0025,2025-10,2404810
RCT-26-0026,INV-26-0026,2025-10,2404810
RCT-26-0027,INV-26-0027,2025-10,2404810
RCT-26-0028,INV-26-0028,2025-10,2404810
RCT-26-0029,INV-26-0029,2025-10,2404810
RCT-26-0030,INV-26-0030,2025-10,2404810
RCT-26-0031,INV-26-0031,2025-10,2404810
RCT-26-0032,INV-26-0032,2025-10,2404810
RCT-26-0033,INV-26-0033,2025-10,2404810
RCT-26-0034,INV-26-0034,2025-10,2404810
RCT-26-0035,INV-26-0035,2025-10,2404810
RCT-26-0036,INV-26-0036,2025-10,2404810
RCT-26-0037,INV-26-0037,2025-10,2404810
RCT-26-0038,INV-26-0038,2025-10,2404810
RCT-26-0039,INV-26-0039,2025-10,2404810
RCT-26-0040,INV-26-0040,2025-10,2404810
RCT-26-0041,INV-26-0041,2025-10,2404810
RCT-26-0042,INV-26-0042,2025-10,2404810
RCT-26-0043,INV-26-0043,2025-10,2404810
RCT-26-0044,INV-26-0044,2025-10,2404810
RCT-26-0045,INV-26-0045,2025-10,2404810
RCT-26-0046,INV-26-0046,2025-10,2404810
RCT-26-0047,INV-26-0047,2025-10,2404810
RCT-26-0048,INV-26-0048,2025-10,2404810
RCT-26-0049,INV-26-0049,2025-10,2404810
RCT-26-0050,INV-26-0050,2025-10,2404810
RCT-26-0051,INV-26-0051,2025-10,2404810
RCT-26-0052,INV-26-0052,2025-10,2404810
RCT-26-0053,INV-26-0053,2025-10,2404810
RCT-26-0054,INV-26-0054,2025-10,2404810
RCT-26-0055,INV-26-0055,2025-10,2404810
RCT-26-0056,INV-26-0056,2025-10,2404810
RCT-26-0057,INV-26-0057,2025-10,2404810
RCT-26-0058,INV-26-0058,2025-10,2404810
RCT-26-0059,INV-26-0059,2025-10,2404810
RCT-26-0060,INV-26-0060,2025-10,2404810
RCT-26-0061,INV-26-0061,2025-10,2404810
RCT-26-0062,INV-26-0062,2025-10,2404810
RCT-26-0063,INV-26-0063,2025-10,2404810
RCT-26-0064,INV-26-0064,2025-10,2404810
RCT-26-0065,INV-26-0065,2025-10,2404810
RCT-26-0066,INV-26-0066,2025-10,2404810
RCT-26-0067,INV-26-0067,2025-10,2404810
RCT-26-0068,INV-26-0068,2025-10,2404810
RCT-26-0069,INV-26-0069,2025-10,2404810
RCT-26-0070,INV-26-0070,2025-10,2404810
RCT-26-0071,INV-26-0071,2025-10,2404810
RCT-26-0072,INV-26-0072,2025-10,2404810
RCT-26-0073,INV-26-0073,2025-10,2404810
RCT-26-0074,INV-26-0074,2025-10,2404810
RCT-26-0075,INV-26-0075,2025-10,2404810
RCT-26-0076,INV-26-0076,2025-10,2404810
RCT-26-0077,INV-26-0077,2025-10,2404810
RCT-26-0078,INV-26-0078,2025-10,2404810
RCT-26-0079,INV-26-0079,2025-10,2404810
RCT-26-0080,INV-26-0080,2025-10,2404810
RCT-26-0081,INV-26-0081,2025-10,2404810
RCT-26-0082,INV-26-0082,2025-10,2404810
RCT-26-0083,INV-26-0083,2025-10,2404810
RCT-26-0084,INV-26-0084,2025-10,2404810
RCT-26-0085,INV-26-0085,2025-10,2404810
RCT-26-0086,INV-26-0086,2025-10,2404810
RCT-26-0087,INV-26-0087,2025-10,2404810
RCT-26-0088,INV-26-0088,2025-10,2404810
RCT-26-0089,INV-26-0089,2025-10,2404810
RCT-26-0090,INV-26-0090,2025-10,2404810
RCT-26-0091,INV-26-0091,2025-10,2404810
RCT-26-0092,INV-26-0092,2025-10,2404810
RCT-26-0093,INV-26-0093,2025-10,2404810
RCT-26-0094,INV-26-0094,2025-10,2404810
RCT-26-0095,INV-26-0095,2025-10,2404810
RCT-26-0096,INV-26-0096,2025-10,2404810
RCT-26-0097,INV-26-0097,2025-10,2404810
RCT-26-0098,INV-26-0098,2025-10,2404810
RCT-26-0099,INV-26-0099,2025-10,2404810
RCT-26-0100,INV-26-0100,2025-10,2404810
RCT-26-0101,INV-26-0101,2025-10,2404810
RCT-26-0102,INV-26-0102,2025-10,2404810
RCT-26-0103,INV-26-0103,2025-10,2404810
RCT-26-0104,INV-26-0104,2025-10,2404810
RCT-26-0105,INV-26-0105,2025-10,2404810
RCT-26-0106,INV-26-0106,2025-10,2404810
RCT-26-0107,INV-26-0107,2025-10,2404810
RCT-26-0108,INV-26-0108,2025-10,2404810
RCT-26-0109,INV-26-0109,2025-10,2404810
RCT-26-0110,INV-26-0110,2025-10,2404810
RCT-26-0111,INV-26-0111,2025-10,2404810
RCT-26-0112,INV-26-0112,2025-10,2404810
RCT-26-0113,INV-26-0113,2025-10,2404810
RCT-26-0114,INV-26-0114,2025-10,2404810
RCT-26-0115,INV-26-0115,2025-10,2404810
RCT-26-0116,INV-26-0116,2025-10,2404810
RCT-26-0117,INV-26-0117,2025-10,2404810
RCT-26-0118,INV-26-0118,2025-10,2404810
RCT-26-0119,INV-26-0119,2025-10,2404810
RCT-26-0120,INV-26-0120,2025-10,2404810
RCT-26-0121,INV-26-0121,2025-10,2404810
RCT-26-0122,INV-26-0122,2025-10,2404810
RCT-26-0123,INV-26-0123,2025-10,2404810
RCT-26-0124,INV-26-0124,2025-10,2404810
RCT-26-0125,INV-26-0125,2025-10,2404810
RCT-26-0126,INV-26-0126,2025-10,2404810
RCT-26-0127,INV-26-0127,2025-10,2404810
RCT-26-0128,INV-26-0128,2025-10,2404810
RCT-26-0129,INV-26-0129,2025-10,2404810
RCT-26-0130,INV-26-0130,2025-10,2404810
RCT-26-0131,INV-26-0131,2025-10,2404810
RCT-26-0132,INV-26-0132,2025-10,2404810
RCT-26-0133,INV-26-0133,2025-10,2404810
RCT-26-0134,INV-26-0134,2025-10,2404810
RCT-26-0135,INV-26-0135,2025-10,2404810
RCT-26-0136,INV-26-0136,2025-10,2404810
RCT-26-0137,INV-26-0137,2025-10,2404810
RCT-26-0138,INV-26-0138,2025-10,2404810
RCT-26-0139,INV-26-0139,2025-10,2404810
RCT-26-0140,INV-26-0140,2025-10,2404810
RCT-26-0141,INV-26-0141,2025-10,2404810
RCT-26-0142,INV-26-0142,2025-10,2404810
RCT-26-0143,INV-26-0143,2025-10,2404810
RCT-26-0144,INV-26-0144,2025-10,2404810
RCT-26-0145,INV-26-0145,2025-10,2404810
RCT-26-0146,INV-26-0146,2025-10,2404810
RCT-26-0147,INV-26-0147,2025-10,2404810
RCT-26-0148,INV-26-0148,2025-10,2404810
RCT-26-0149,INV-26-0149,2025-10,2404810
RCT-26-0150,INV-26-0150,2025-10,2404810
RCT-26-0151,INV-26-0151,2025-10,2404810
RCT-26-0152,INV-26-0152,2025-10,2404810
RCT-26-0153,INV-26-0153,2025-10,2404810
RCT-26-0154,INV-26-0154,2025-10,2404810
RCT-26-0155,INV-26-0155,2025-10,2404810
RCT-26-0156,INV-26-0156,2025-10,2404810
RCT-26-0157,INV-26-0157,2025-10,2404810
RCT-26-0158,INV-26-0158,2025-10,2404810
RCT-26-0159,INV-26-0159,2025-10,2404810
RCT-26-0160,INV-26-0160,2025-10,2404810
RCT-26-0161,INV-26-0161,2025-10,2404810
RCT-26-0162,INV-26-0162,2025-10,2404810
RCT-26-0163,INV-26-0163,2025-10,2404810
RCT-26-0164,INV-26-0164,2025-10,2404810
RCT-26-0165,INV-26-0165,2025-10,2404810
RCT-26-0166,INV-26-0166,2025-10,2404810
RCT-26-0167,INV-26-0167,2025-10,2404810
RCT-26-0168,INV-26-0168,2025-10,2404810
RCT-26-0169,INV-26-0169,2025-10,2404810
RCT-26-0170,INV-26-0170,2025-10,2404810
RCT-26-0171,INV-26-0171,2025-10,2404810
RCT-26-0172,INV-26-0172,2025-10,2404810
RCT-26-0173,INV-26-0173,2025-10,2404810
RCT-26-0174,INV-26-0174,2025-10,2404810
RCT-26-0175,INV-26-0175,2025-10,2404810
RCT-26-0176,INV-26-0176,2025-10,2404810
RCT-26-0177,INV-26-0177,2025-10,2404810
RCT-26-0178,INV-26-0178,2025-10,2404810
RCT-26-0179,INV-26-0179,2025-10,2404810
RCT-26-0180,INV-26-0180,2025-10,2404810
RCT-26-0181,INV-26-0181,2025-10,2404810
RCT-26-0182,INV-26-0182,2025-10,2404810
RCT-26-0183,INV-26-0183,2025-10,2404810
RCT-26-0184,INV-26-0184,2025-10,2404810
RCT-26-0185,INV-26-0185,2025-10,2404810
RCT-26-0186,INV-26-0186,2025-10,2404810
RCT-26-0187,INV-26-0187,2025-10,2404810
RCT-26-0188,INV-26-0188,2025-10,2404810
RCT-26-0189,INV-26-0189,2025-10,2404810
RCT-26-0190,INV-26-0190,2025-10,2404810
RCT-26-0191,INV-26-0191,2025-10,2404810
RCT-26-0192,INV-26-0192,2025-10,2404810
RCT-26-0193,INV-26-0193,2025-10,2404810
RCT-26-0194,INV-26-0194,2025-10,2404810
RCT-26-0195,INV-26-0195,2025-10,2404810
RCT-26-0196,INV-26-0196,2025-10,2404810
RCT-26-0197,INV-26-0197,2025-10,2404810
RCT-26-0198,INV-26-0198,2025-10,2404810
RCT-26-0199,INV-26-0199,2025-10,2404810
RCT-26-0200,INV-26-0200,2025-10,2404810
RCT-26-0201,INV-26-0201,2025-10,2404810
RCT-26-0202,INV-26-0202,2025-10,2404810
RCT-26-0203,INV-26-0203,2025-10,2404810
RCT-26-0204,INV-26-0204,2025-10,2404810
RCT-26-0205,INV-26-0205,2025-10,2404810
RCT-26-0206,INV-26-0206,2025-10,2404810
RCT-26-0207,INV-26-0207,2025-10,2404810
RCT-26-0208,INV-26-0208,2025-10,2404810
RCT-26-0209,INV-26-0209,2025-10,2404810
RCT-26-0210,INV-26-0210,2025-10,2404810
RCT-26-0211,INV-26-0211,2025-10,2404810
RCT-26-0212,INV-26-0212,2025-10,2404810
RCT-26-0213,INV-26-0213,2025-10,2404810
RCT-26-0214,INV-26-0214,2025-10,2404810
RCT-26-0215,INV-26-0215,2025-10,2404810
RCT-26-0216,INV-26-0216,2025-10,2404810
RCT-26-0217,INV-26-0217,2025-10,2404810
RCT-26-0218,INV-26-0218,2025-10,2404810
RCT-26-0219,INV-26-0219,2025-10,2404810
RCT-26-0220,INV-26-0220,2025-10,2404810
RCT-26-0221,INV-26-0221,2025-10,2404810
RCT-26-0222,INV-26-0222,2025-10,2404810
RCT-26-0223,INV-26-0223,2025-10,2404810
RCT-26-0224,INV-26-0224,2025-10,2404810
RCT-26-0225,INV-26-0225,2025-10,2404810
RCT-26-0226,INV-26-0226,2025-10,2404810
RCT-26-0227,INV-26-0227,2025-10,2404810
RCT-26-0228,INV-26-0228,2025-10,2404810
RCT-26-0229,INV-26-0229,2025-10,2404810
RCT-26-0230,INV-26-0230,2025-10,2404810
RCT-26-0231,INV-26-0231,2025-10,2404810
RCT-26-0232,INV-26-0232,2025-10,2404810
RCT-26-0233,INV-26-0233,2025-10,2404810
RCT-26-0234,INV-26-0234,2025-10,2404810
RCT-26-0235,INV-26-0235,2025-10,2404810
RCT-26-0236,INV-26-0236,2025-10,2404810
RCT-26-0237,INV-26-0237,2025-10,2404810
RCT-26-0238,INV-26-0238,2025-10,2404810
RCT-26-0239,INV-26-0239,2025-10,2404810
RCT-26-0240,INV-26-0240,2025-10,2404810
RCT-26-0241,INV-26-0241,2025-10,2404810
RCT-26-0242,INV-26-0242,2025-10,2404810
RCT-26-0243,INV-26-0243,2025-10,2404810
RCT-26-0244,INV-26-0244,2025-10,2404810
RCT-26-0245,INV-26-0245,2025-10,2404810
RCT-26-0246,INV-26-0246,2025-10,2404810
RCT-26-0247,INV-26-0247,2025-10,2404810
RCT-26-0248,INV-26-0248,2025-10,2404810
RCT-26-0249,INV-26-0249,2025-10,2404810
RCT-26-0250,INV-26-0250,2025-10,2404810
RCT-26-0251,INV-26-0251,2025-10,2404810
RCT-26-0252,INV-26-0252,2025-10,2404810
RCT-26-0253,INV-26-0253,2025-10,2404810
RCT-26-0254,INV-26-0254,2025-10,2404810
RCT-26-0255,INV-26-0255,2025-10,2404810
RCT-26-0256,INV-26-0256,2025-10,2404810
RCT-26-0257,INV-26-0257,2025-10,2404810
RCT-26-0258,INV-26-0258,2025-10,2404810
RCT-26-0259,INV-26-0259,2025-10,2404810
RCT-26-0260,INV-26-0260,2025-10,2404810
RCT-26-0261,INV-26-0261,2025-10,2404810
RCT-26-0262,INV-26-0262,2025-10,2404810
RCT-26-0263,INV-26-0263,2025-10,2404810
RCT-26-0264,INV-26-0264,2025-10,2404810
RCT-26-0265,INV-26-0265,2025-10,2404810
RCT-26-0266,INV-26-0266,2025-10,2404810
RCT-26-0267,INV-26-0267,2025-10,2404810
RCT-26-0268,INV-26-0268,2025-10,2404810
RCT-26-0269,INV-26-0269,2025-10,2404810
RCT-26-0270,INV-26-0270,2025-10,2404810
RCT-26-0271,INV-26-0271,2025-10,2404810
RCT-26-0272,INV-26-0272,2025-10,2404810
RCT-26-0273,INV-26-0273,2025-10,2404810
RCT-26-0274,INV-26-0274,2025-10,2404810
RCT-26-0275,INV-26-0275,2025-10,2404810
RCT-26-0276,INV-26-0276,2025-10,2404810
RCT-26-0277,INV-26-0277,2025-10,2404810
RCT-26-0278,INV-26-0278,2025-10,2404810
RCT-26-0279,INV-26-0279,2025-10,2404810
RCT-26-0280,INV-26-0280,2025-10,2404810
RCT-26-0281,INV-26-0281,2025-10,2404810
RCT-26-0282,INV-26-0282,2025-10,2404810
RCT-26-0283,INV-26-0283,2025-10,2404810
RCT-26-0284,INV-26-0284,2025-10,2404810
RCT-26-0285,INV-26-0285,2025-10,2404810
RCT-26-0286,INV-26-0286,2025-10,2404810
RCT-26-0287,INV-26-0287,2025-10,2404810
RCT-26-0288,INV-26-0288,2025-10,2404810
RCT-26-0289,INV-26-0289,2025-10,2404810
RCT-26-0290,INV-26-0290,2025-10,2404810
RCT-26-0291,INV-26-0291,2025-10,2404810
RCT-26-0292,INV-26-0292,2025-10,2404810
RCT-26-0293,INV-26-0293,2025-10,2404810
RCT-26-0294,INV-26-0294,2025-10,2404810
RCT-26-0295,INV-26-0295,2025-10,2404810
RCT-26-0296,INV-26-0296,2025-10,2404810
RCT-26-0297,INV-26-0297,2025-10,2404810
RCT-26-0298,INV-26-0298,2025-10,2404810
RCT-26-0299,INV-26-0299,2025-10,2404810
RCT-26-0300,INV-26-0300,2025-10,2404810
RCT-26-0301,INV-26-0301,2025-10,2404810
RCT-26-0302,INV-26-0302,2025-10,2404810
RCT-26-0303,INV-26-0303,2025-10,2404810
RCT-26-0304,INV-26-0304,2025-10,2404810
RCT-26-0305,INV-26-0305,2025-10,2404810
RCT-26-0306,INV-26-0306,2025-10,2404810
RCT-26-0307,INV-26-0307,2025-10,2404810
RCT-26-0308,INV-26-0308,2025-10,2404810
RCT-26-0309,INV-26-0309,2025-10,2404810
RCT-26-0310,INV-26-0310,2025-10,2404810
RCT-26-0311,INV-26-0311,2025-10,2404809
RCT-26-0312,INV-26-0312,2025-10,2404809
RCT-26-0313,INV-26-0313,2025-10,2404809
RCT-26-0314,INV-26-0314,2025-10,2404809
RCT-26-0315,INV-26-0315,2025-10,2404809
RCT-26-0316,INV-26-0316,2025-10,2404809
RCT-26-0317,INV-26-0317,2025-10,2404809
RCT-26-0318,INV-26-0318,2025-10,2404809
RCT-26-0319,INV-26-0319,2025-10,2404809
RCT-26-0320,INV-26-0320,2025-10,2404809
RCT-26-0321,INV-26-0321,2025-10,2404809
RCT-26-0322,INV-26-0322,2025-10,2404809
RCT-26-0323,INV-26-0323,2025-10,2404809
RCT-26-0324,INV-26-0324,2025-10,2404809
RCT-26-0325,INV-26-0325,2025-10,2404809
RCT-26-0326,INV-26-0326,2025-10,2404809
RCT-26-0327,INV-26-0327,2025-10,2404809
RCT-26-0328,INV-26-0328,2025-10,2404809
RCT-26-0329,INV-26-0329,2025-10,2404809
RCT-26-0330,INV-26-0330,2025-10,2404809
RCT-26-0331,INV-26-0331,2025-10,2404809
RCT-26-0332,INV-26-0332,2025-10,2404809
RCT-26-0333,INV-26-0333,2025-10,2404809
RCT-26-0334,INV-26-0334,2025-10,2404809
RCT-26-0335,INV-26-0335,2025-10,2404809
RCT-26-0336,INV-26-0336,2025-10,2404809
RCT-26-0337,INV-26-0337,2025-10,2404809
RCT-26-0338,INV-26-0338,2025-10,2404809
RCT-26-0339,INV-26-0339,2025-10,2404809
RCT-26-0340,INV-26-0340,2025-10,2404809
RCT-26-0341,INV-26-0341,2025-10,2404809
RCT-26-0342,INV-26-0342,2025-10,2404809
RCT-26-0343,INV-26-0343,2025-10,2404809
RCT-26-0344,INV-26-0344,2025-10,2404809
RCT-26-0345,INV-26-0345,2025-10,2404809
RCT-26-0346,INV-26-0346,2025-10,2404809
RCT-26-0347,INV-26-0347,2025-10,2404809
RCT-26-0348,INV-26-0348,2025-10,2404809
RCT-26-0349,INV-26-0349,2025-10,2404809
RCT-26-0350,INV-26-0350,2025-10,2404809
RCT-26-0351,INV-26-0351,2025-10,2404809
RCT-26-0352,INV-26-0352,2025-10,2404809
RCT-26-0353,INV-26-0353,2025-10,2404809
RCT-26-0354,INV-26-0354,2025-10,2404809
RCT-26-0355,INV-26-0355,2025-10,2404809
RCT-26-0356,INV-26-0356,2025-10,2404809
RCT-26-0357,INV-26-0357,2025-10,2404809
RCT-26-0358,INV-26-0358,2025-10,2404809
RCT-26-0359,INV-26-0359,2025-10,2404809
RCT-26-0360,INV-26-0360,2025-10,2404809
RCT-26-0361,INV-26-0361,2025-10,2404809
RCT-26-0362,INV-26-0362,2025-10,2404809
RCT-26-0363,INV-26-0363,2025-10,2404809
RCT-26-0364,INV-26-0364,2025-10,2404809
RCT-26-0365,INV-26-0365,2025-10,2404809
RCT-26-0366,INV-26-0366,2025-10,2404809
RCT-26-0367,INV-26-0367,2025-10,2404809
RCT-26-0368,INV-26-0368,2025-10,2404809
RCT-26-0369,INV-26-0369,2025-10,2404809
RCT-26-0370,INV-26-0370,2025-10,2404809
RCT-26-0371,INV-26-0371,2025-10,2404809
RCT-26-0372,INV-26-0372,2025-10,2404809
RCT-26-0373,INV-26-0373,2025-10,2404809
RCT-26-0374,INV-26-0374,2025-10,2404809
RCT-26-0375,INV-26-0375,2025-10,2404809
RCT-26-0376,INV-26-0376,2025-10,2404809
RCT-26-0377,INV-26-0377,2025-10,2404809
RCT-26-0378,INV-26-0378,2025-10,2404809
RCT-26-0379,INV-26-0379,2025-10,2404809
RCT-26-0380,INV-26-0380,2025-10,2404809
RCT-26-0381,INV-26-0381,2025-10,2404809
RCT-26-0382,INV-26-0382,2025-10,2404809
RCT-26-0383,INV-26-0383,2025-10,2404809
RCT-26-0384,INV-26-0384,2025-10,2404809
RCT-26-0385,INV-26-0385,2025-10,2404809
RCT-26-0386,INV-26-0386,2025-10,2404809
RCT-26-0387,INV-26-0387,2025-10,2404809
RCT-26-0388,INV-26-0388,2025-10,2404809
RCT-26-0389,INV-26-0389,2025-10,2404809
RCT-26-0390,INV-26-0390,2025-10,2404809
RCT-26-0391,INV-26-0391,2025-10,2404809
RCT-26-0392,INV-26-0392,2025-10,2404809
RCT-26-0393,INV-26-0393,2025-10,2404809
RCT-26-0394,INV-26-0394,2025-10,2404809
RCT-26-0395,INV-26-0395,2025-10,2404809
RCT-26-0396,INV-26-0396,2025-10,2404809
RCT-26-0397,INV-26-0397,2025-10,2404809
RCT-26-0398,INV-26-0398,2025-10,2404809
RCT-26-0399,INV-26-0399,2025-10,2404809
RCT-26-0400,INV-26-0400,2025-10,2404809
RCT-26-0401,INV-26-0401,2025-10,2404809
RCT-26-0402,INV-26-0402,2025-10,2404809
RCT-26-0403,INV-26-0403,2025-10,2404809
RCT-26-0404,INV-26-0404,2025-10,2404809
RCT-26-0405,INV-26-0405,2025-10,2404809
RCT-26-0406,INV-26-0406,2025-10,2404809
RCT-26-0407,INV-26-0407,2025-10,2404809
RCT-26-0408,INV-26-0408,2025-10,2404809
RCT-26-0409,INV-26-0409,2025-10,2404809
RCT-26-0410,INV-26-0410,2025-10,2404809
RCT-26-0411,INV-26-0411,2025-10,2404809
RCT-26-0412,INV-26-0412,2025-10,2404809
RCT-26-0413,INV-26-0413,2025-10,2404809
RCT-26-0414,INV-26-0414,2025-10,2404809
RCT-26-0415,INV-26-0415,2025-10,2404809
RCT-26-0416,INV-26-0416,2025-10,2404809
RCT-26-0417,INV-26-0417,2025-10,2404809
RCT-26-0418,INV-26-0418,2025-10,2404809
RCT-26-0419,INV-26-0419,2025-10,2404809
RCT-26-0420,INV-26-0420,2025-10,2404809
RCT-26-0421,INV-26-0421,2025-10,2404809
RCT-26-0422,INV-26-0422,2025-10,2404809
RCT-26-0423,INV-26-0423,2025-10,2404809
RCT-26-0424,INV-26-0424,2025-10,2404809
RCT-26-0425,INV-26-0425,2025-10,2404809
RCT-26-0426,INV-26-0426,2025-10,2404809
RCT-26-0427,INV-26-0427,2025-10,2404809
RCT-26-0428,INV-26-0428,2025-10,2404809
RCT-26-0429,INV-26-0429,2025-10,2404809
RCT-26-0430,INV-26-0430,2025-10,2404809
RCT-26-0431,INV-26-0431,2025-10,2404809
RCT-26-0432,INV-26-0432,2025-10,2404809
RCT-26-0433,INV-26-0433,2025-10,2404809
RCT-26-0434,INV-26-0434,2025-10,2404809
RCT-26-0435,INV-26-0435,2025-10,2404809
RCT-26-0436,INV-26-0436,2025-10,2404809
RCT-26-0437,INV-26-0437,2025-10,2404809
RCT-26-0438,INV-26-0438,2025-10,2404809
RCT-26-0439,INV-26-0439,2025-10,2404809
RCT-26-0440,INV-26-0440,2025-10,2404809
RCT-26-0441,INV-26-0441,2025-10,2404809
RCT-26-0442,INV-26-0442,2025-10,2404809
RCT-26-0443,INV-26-0443,2025-10,2404809
RCT-26-0444,INV-26-0444,2025-10,2404809
RCT-26-0445,INV-26-0445,2025-10,2404809
RCT-26-0446,INV-26-0446,2025-10,2404809
RCT-26-0447,INV-26-0447,2025-10,2404809
RCT-26-0448,INV-26-0448,2025-10,2404809
RCT-26-0449,INV-26-0449,2025-10,2404809
RCT-26-0450,INV-26-0450,2025-10,2404809
RCT-26-0451,INV-26-0451,2025-10,2404809
RCT-26-0452,INV-26-0452,2025-10,2404809
RCT-26-0453,INV-26-0453,2025-10,2404809
RCT-26-0454,INV-26-0454,2025-10,2404809
RCT-26-0455,INV-26-0455,2025-10,2404809
RCT-26-0456,INV-26-0456,2025-10,2404809
RCT-26-0457,INV-26-0457,2025-10,2404809
RCT-26-0458,INV-26-0458,2025-10,2404809
RCT-26-0459,INV-26-0459,2025-10,2404809
RCT-26-0460,INV-26-0460,2025-10,2404809
RCT-26-0461,INV-26-0461,2025-10,2404809
RCT-26-0462,INV-26-0462,2025-10,2404809
RCT-26-0463,INV-26-0463,2025-10,2404809
RCT-26-0464,INV-26-0464,2025-10,2404809
RCT-26-0465,INV-26-0465,2025-10,2404809
RCT-26-0466,INV-26-0466,2025-10,2404809
RCT-26-0467,INV-26-0467,2025-10,2404809
RCT-26-0468,INV-26-0468,2025-10,2404809
RCT-26-0469,INV-26-0469,2025-10,2404809
RCT-26-0470,INV-26-0470,2025-10,2404809
RCT-26-0471,INV-26-0471,2025-10,2404809
RCT-26-0472,INV-26-0472,2025-10,2404809
RCT-26-0473,INV-26-0473,2025-10,2404809
RCT-26-0474,INV-26-0474,2025-10,2404809
RCT-26-0475,INV-26-0475,2025-10,2404809
RCT-26-0476,INV-26-0476,2025-10,2404809
RCT-26-0477,INV-26-0477,2025-10,2404809
RCT-26-0478,INV-26-0478,2025-10,2404809
RCT-26-0479,INV-26-0479,2025-10,2404809
RCT-26-0480,INV-26-0480,2025-10,2404809
RCT-26-0481,INV-26-0481,2025-10,2404809
RCT-26-0482,INV-26-0482,2025-10,2404809
RCT-26-0483,INV-26-0483,2025-10,2404809
RCT-26-0484,INV-26-0484,2025-10,2404809
RCT-26-0485,INV-26-0485,2025-10,2404809
RCT-26-0486,INV-26-0486,2025-10,2404809
RCT-26-0487,INV-26-0487,2025-10,2404809
RCT-26-0488,INV-26-0488,2025-10,2404809
RCT-26-0489,INV-26-0489,2025-10,2404809
RCT-26-0490,INV-26-0490,2025-10,2404809
RCT-26-0491,INV-26-0491,2025-10,2404809
RCT-26-0492,INV-26-0492,2025-10,2404809
RCT-26-0493,INV-26-0493,2025-10,2404809
RCT-26-0494,INV-26-0494,2025-10,2404809
RCT-26-0495,INV-26-0495,2025-10,2404809
RCT-26-0496,INV-26-0496,2025-10,2404809
RCT-26-0497,INV-26-0497,2025-10,2404809
RCT-26-0498,INV-26-0498,2025-10,2404809
RCT-26-0499,INV-26-0499,2025-10,2404809
RCT-26-0500,INV-26-0500,2025-10,2404809
RCT-26-SVC,INV-26-SVC,2025-10,183333333
RCT-27-0001,INV-27-0001,2025-11,300000000
RCT-27-0002,INV-27-0002,2025-11,2404810
RCT-27-0003,INV-27-0003,2025-11,2404810
RCT-27-0004,INV-27-0004,2025-11,2404810
RCT-27-0005,INV-27-0005,2025-11,2404810
RCT-27-0006,INV-27-0006,2025-11,2404810
RCT-27-0007,INV-27-0007,2025-11,2404810
RCT-27-0008,INV-27-0008,2025-11,2404810
RCT-27-0009,INV-27-0009,2025-11,2404810
RCT-27-0010,INV-27-0010,2025-11,2404810
RCT-27-0011,INV-27-0011,2025-11,2404810
RCT-27-0012,INV-27-0012,2025-11,2404810
RCT-27-0013,INV-27-0013,2025-11,2404810
RCT-27-0014,INV-27-0014,2025-11,2404810
RCT-27-0015,INV-27-0015,2025-11,2404810
RCT-27-0016,INV-27-0016,2025-11,2404810
RCT-27-0017,INV-27-0017,2025-11,2404810
RCT-27-0018,INV-27-0018,2025-11,2404810
RCT-27-0019,INV-27-0019,2025-11,2404810
RCT-27-0020,INV-27-0020,2025-11,2404810
RCT-27-0021,INV-27-0021,2025-11,2404810
RCT-27-0022,INV-27-0022,2025-11,2404810
RCT-27-0023,INV-27-0023,2025-11,2404810
RCT-27-0024,INV-27-0024,2025-11,2404810
RCT-27-0025,INV-27-0025,2025-11,2404810
RCT-27-0026,INV-27-0026,2025-11,2404810
RCT-27-0027,INV-27-0027,2025-11,2404810
RCT-27-0028,INV-27-0028,2025-11,2404810
RCT-27-0029,INV-27-0029,2025-11,2404810
RCT-27-0030,INV-27-0030,2025-11,2404810
RCT-27-0031,INV-27-0031,2025-11,2404810
RCT-27-0032,INV-27-0032,2025-11,2404810
RCT-27-0033,INV-27-0033,2025-11,2404810
RCT-27-0034,INV-27-0034,2025-11,2404810
RCT-27-0035,INV-27-0035,2025-11,2404810
RCT-27-0036,INV-27-0036,2025-11,2404810
RCT-27-0037,INV-27-0037,2025-11,2404810
RCT-27-0038,INV-27-0038,2025-11,2404810
RCT-27-0039,INV-27-0039,2025-11,2404810
RCT-27-0040,INV-27-0040,2025-11,2404810
RCT-27-0041,INV-27-0041,2025-11,2404810
RCT-27-0042,INV-27-0042,2025-11,2404810
RCT-27-0043,INV-27-0043,2025-11,2404810
RCT-27-0044,INV-27-0044,2025-11,2404810
RCT-27-0045,INV-27-0045,2025-11,2404810
RCT-27-0046,INV-27-0046,2025-11,2404810
RCT-27-0047,INV-27-0047,2025-11,2404810
RCT-27-0048,INV-27-0048,2025-11,2404810
RCT-27-0049,INV-27-0049,2025-11,2404810
RCT-27-0050,INV-27-0050,2025-11,2404810
RCT-27-0051,INV-27-0051,2025-11,2404810
RCT-27-0052,INV-27-0052,2025-11,2404810
RCT-27-0053,INV-27-0053,2025-11,2404810
RCT-27-0054,INV-27-0054,2025-11,2404810
RCT-27-0055,INV-27-0055,2025-11,2404810
RCT-27-0056,INV-27-0056,2025-11,2404810
RCT-27-0057,INV-27-0057,2025-11,2404810
RCT-27-0058,INV-27-0058,2025-11,2404810
RCT-27-0059,INV-27-0059,2025-11,2404810
RCT-27-0060,INV-27-0060,2025-11,2404810
RCT-27-0061,INV-27-0061,2025-11,2404810
RCT-27-0062,INV-27-0062,2025-11,2404810
RCT-27-0063,INV-27-0063,2025-11,2404810
RCT-27-0064,INV-27-0064,2025-11,2404810
RCT-27-0065,INV-27-0065,2025-11,2404810
RCT-27-0066,INV-27-0066,2025-11,2404810
RCT-27-0067,INV-27-0067,2025-11,2404810
RCT-27-0068,INV-27-0068,2025-11,2404810
RCT-27-0069,INV-27-0069,2025-11,2404810
RCT-27-0070,INV-27-0070,2025-11,2404810
RCT-27-0071,INV-27-0071,2025-11,2404810
RCT-27-0072,INV-27-0072,2025-11,2404810
RCT-27-0073,INV-27-0073,2025-11,2404810
RCT-27-0074,INV-27-0074,2025-11,2404810
RCT-27-0075,INV-27-0075,2025-11,2404810
RCT-27-0076,INV-27-0076,2025-11,2404810
RCT-27-0077,INV-27-0077,2025-11,2404810
RCT-27-0078,INV-27-0078,2025-11,2404810
RCT-27-0079,INV-27-0079,2025-11,2404810
RCT-27-0080,INV-27-0080,2025-11,2404810
RCT-27-0081,INV-27-0081,2025-11,2404810
RCT-27-0082,INV-27-0082,2025-11,2404810
RCT-27-0083,INV-27-0083,2025-11,2404810
RCT-27-0084,INV-27-0084,2025-11,2404810
RCT-27-0085,INV-27-0085,2025-11,2404810
RCT-27-0086,INV-27-0086,2025-11,2404810
RCT-27-0087,INV-27-0087,2025-11,2404810
RCT-27-0088,INV-27-0088,2025-11,2404810
RCT-27-0089,INV-27-0089,2025-11,2404810
RCT-27-0090,INV-27-0090,2025-11,2404810
RCT-27-0091,INV-27-0091,2025-11,2404810
RCT-27-0092,INV-27-0092,2025-11,2404810
RCT-27-0093,INV-27-0093,2025-11,2404810
RCT-27-0094,INV-27-0094,2025-11,2404810
RCT-27-0095,INV-27-0095,2025-11,2404810
RCT-27-0096,INV-27-0096,2025-11,2404810
RCT-27-0097,INV-27-0097,2025-11,2404810
RCT-27-0098,INV-27-0098,2025-11,2404810
RCT-27-0099,INV-27-0099,2025-11,2404810
RCT-27-0100,INV-27-0100,2025-11,2404810
RCT-27-0101,INV-27-0101,2025-11,2404810
RCT-27-0102,INV-27-0102,2025-11,2404810
RCT-27-0103,INV-27-0103,2025-11,2404810
RCT-27-0104,INV-27-0104,2025-11,2404810
RCT-27-0105,INV-27-0105,2025-11,2404810
RCT-27-0106,INV-27-0106,2025-11,2404810
RCT-27-0107,INV-27-0107,2025-11,2404810
RCT-27-0108,INV-27-0108,2025-11,2404810
RCT-27-0109,INV-27-0109,2025-11,2404810
RCT-27-0110,INV-27-0110,2025-11,2404810
RCT-27-0111,INV-27-0111,2025-11,2404810
RCT-27-0112,INV-27-0112,2025-11,2404810
RCT-27-0113,INV-27-0113,2025-11,2404810
RCT-27-0114,INV-27-0114,2025-11,2404810
RCT-27-0115,INV-27-0115,2025-11,2404810
RCT-27-0116,INV-27-0116,2025-11,2404810
RCT-27-0117,INV-27-0117,2025-11,2404810
RCT-27-0118,INV-27-0118,2025-11,2404810
RCT-27-0119,INV-27-0119,2025-11,2404810
RCT-27-0120,INV-27-0120,2025-11,2404810
RCT-27-0121,INV-27-0121,2025-11,2404810
RCT-27-0122,INV-27-0122,2025-11,2404810
RCT-27-0123,INV-27-0123,2025-11,2404810
RCT-27-0124,INV-27-0124,2025-11,2404810
RCT-27-0125,INV-27-0125,2025-11,2404810
RCT-27-0126,INV-27-0126,2025-11,2404810
RCT-27-0127,INV-27-0127,2025-11,2404810
RCT-27-0128,INV-27-0128,2025-11,2404810
RCT-27-0129,INV-27-0129,2025-11,2404810
RCT-27-0130,INV-27-0130,2025-11,2404810
RCT-27-0131,INV-27-0131,2025-11,2404810
RCT-27-0132,INV-27-0132,2025-11,2404810
RCT-27-0133,INV-27-0133,2025-11,2404810
RCT-27-0134,INV-27-0134,2025-11,2404810
RCT-27-0135,INV-27-0135,2025-11,2404810
RCT-27-0136,INV-27-0136,2025-11,2404810
RCT-27-0137,INV-27-0137,2025-11,2404810
RCT-27-0138,INV-27-0138,2025-11,2404810
RCT-27-0139,INV-27-0139,2025-11,2404810
RCT-27-0140,INV-27-0140,2025-11,2404810
RCT-27-0141,INV-27-0141,2025-11,2404810
RCT-27-0142,INV-27-0142,2025-11,2404810
RCT-27-0143,INV-27-0143,2025-11,2404810
RCT-27-0144,INV-27-0144,2025-11,2404810
RCT-27-0145,INV-27-0145,2025-11,2404810
RCT-27-0146,INV-27-0146,2025-11,2404810
RCT-27-0147,INV-27-0147,2025-11,2404810
RCT-27-0148,INV-27-0148,2025-11,2404810
RCT-27-0149,INV-27-0149,2025-11,2404810
RCT-27-0150,INV-27-0150,2025-11,2404810
RCT-27-0151,INV-27-0151,2025-11,2404810
RCT-27-0152,INV-27-0152,2025-11,2404810
RCT-27-0153,INV-27-0153,2025-11,2404810
RCT-27-0154,INV-27-0154,2025-11,2404810
RCT-27-0155,INV-27-0155,2025-11,2404810
RCT-27-0156,INV-27-0156,2025-11,2404810
RCT-27-0157,INV-27-0157,2025-11,2404810
RCT-27-0158,INV-27-0158,2025-11,2404810
RCT-27-0159,INV-27-0159,2025-11,2404810
RCT-27-0160,INV-27-0160,2025-11,2404810
RCT-27-0161,INV-27-0161,2025-11,2404810
RCT-27-0162,INV-27-0162,2025-11,2404810
RCT-27-0163,INV-27-0163,2025-11,2404810
RCT-27-0164,INV-27-0164,2025-11,2404810
RCT-27-0165,INV-27-0165,2025-11,2404810
RCT-27-0166,INV-27-0166,2025-11,2404810
RCT-27-0167,INV-27-0167,2025-11,2404810
RCT-27-0168,INV-27-0168,2025-11,2404810
RCT-27-0169,INV-27-0169,2025-11,2404810
RCT-27-0170,INV-27-0170,2025-11,2404810
RCT-27-0171,INV-27-0171,2025-11,2404810
RCT-27-0172,INV-27-0172,2025-11,2404810
RCT-27-0173,INV-27-0173,2025-11,2404810
RCT-27-0174,INV-27-0174,2025-11,2404810
RCT-27-0175,INV-27-0175,2025-11,2404810
RCT-27-0176,INV-27-0176,2025-11,2404810
RCT-27-0177,INV-27-0177,2025-11,2404810
RCT-27-0178,INV-27-0178,2025-11,2404810
RCT-27-0179,INV-27-0179,2025-11,2404810
RCT-27-0180,INV-27-0180,2025-11,2404810
RCT-27-0181,INV-27-0181,2025-11,2404810
RCT-27-0182,INV-27-0182,2025-11,2404810
RCT-27-0183,INV-27-0183,2025-11,2404810
RCT-27-0184,INV-27-0184,2025-11,2404810
RCT-27-0185,INV-27-0185,2025-11,2404810
RCT-27-0186,INV-27-0186,2025-11,2404810
RCT-27-0187,INV-27-0187,2025-11,2404810
RCT-27-0188,INV-27-0188,2025-11,2404810
RCT-27-0189,INV-27-0189,2025-11,2404810
RCT-27-0190,INV-27-0190,2025-11,2404810
RCT-27-0191,INV-27-0191,2025-11,2404810
RCT-27-0192,INV-27-0192,2025-11,2404810
RCT-27-0193,INV-27-0193,2025-11,2404810
RCT-27-0194,INV-27-0194,2025-11,2404810
RCT-27-0195,INV-27-0195,2025-11,2404810
RCT-27-0196,INV-27-0196,2025-11,2404810
RCT-27-0197,INV-27-0197,2025-11,2404810
RCT-27-0198,INV-27-0198,2025-11,2404810
RCT-27-0199,INV-27-0199,2025-11,2404810
RCT-27-0200,INV-27-0200,2025-11,2404810
RCT-27-0201,INV-27-0201,2025-11,2404810
RCT-27-0202,INV-27-0202,2025-11,2404810
RCT-27-0203,INV-27-0203,2025-11,2404810
RCT-27-0204,INV-27-0204,2025-11,2404810
RCT-27-0205,INV-27-0205,2025-11,2404810
RCT-27-0206,INV-27-0206,2025-11,2404810
RCT-27-0207,INV-27-0207,2025-11,2404810
RCT-27-0208,INV-27-0208,2025-11,2404810
RCT-27-0209,INV-27-0209,2025-11,2404810
RCT-27-0210,INV-27-0210,2025-11,2404810
RCT-27-0211,INV-27-0211,2025-11,2404810
RCT-27-0212,INV-27-0212,2025-11,2404810
RCT-27-0213,INV-27-0213,2025-11,2404810
RCT-27-0214,INV-27-0214,2025-11,2404810
RCT-27-0215,INV-27-0215,2025-11,2404810
RCT-27-0216,INV-27-0216,2025-11,2404810
RCT-27-0217,INV-27-0217,2025-11,2404810
RCT-27-0218,INV-27-0218,2025-11,2404810
RCT-27-0219,INV-27-0219,2025-11,2404810
RCT-27-0220,INV-27-0220,2025-11,2404810
RCT-27-0221,INV-27-0221,2025-11,2404810
RCT-27-0222,INV-27-0222,2025-11,2404810
RCT-27-0223,INV-27-0223,2025-11,2404810
RCT-27-0224,INV-27-0224,2025-11,2404810
RCT-27-0225,INV-27-0225,2025-11,2404810
RCT-27-0226,INV-27-0226,2025-11,2404810
RCT-27-0227,INV-27-0227,2025-11,2404810
RCT-27-0228,INV-27-0228,2025-11,2404810
RCT-27-0229,INV-27-0229,2025-11,2404810
RCT-27-0230,INV-27-0230,2025-11,2404810
RCT-27-0231,INV-27-0231,2025-11,2404810
RCT-27-0232,INV-27-0232,2025-11,2404810
RCT-27-0233,INV-27-0233,2025-11,2404810
RCT-27-0234,INV-27-0234,2025-11,2404810
RCT-27-0235,INV-27-0235,2025-11,2404810
RCT-27-0236,INV-27-0236,2025-11,2404810
RCT-27-0237,INV-27-0237,2025-11,2404810
RCT-27-0238,INV-27-0238,2025-11,2404810
RCT-27-0239,INV-27-0239,2025-11,2404810
RCT-27-0240,INV-27-0240,2025-11,2404810
RCT-27-0241,INV-27-0241,2025-11,2404810
RCT-27-0242,INV-27-0242,2025-11,2404810
RCT-27-0243,INV-27-0243,2025-11,2404810
RCT-27-0244,INV-27-0244,2025-11,2404810
RCT-27-0245,INV-27-0245,2025-11,2404810
RCT-27-0246,INV-27-0246,2025-11,2404810
RCT-27-0247,INV-27-0247,2025-11,2404810
RCT-27-0248,INV-27-0248,2025-11,2404810
RCT-27-0249,INV-27-0249,2025-11,2404810
RCT-27-0250,INV-27-0250,2025-11,2404810
RCT-27-0251,INV-27-0251,2025-11,2404810
RCT-27-0252,INV-27-0252,2025-11,2404810
RCT-27-0253,INV-27-0253,2025-11,2404810
RCT-27-0254,INV-27-0254,2025-11,2404810
RCT-27-0255,INV-27-0255,2025-11,2404810
RCT-27-0256,INV-27-0256,2025-11,2404810
RCT-27-0257,INV-27-0257,2025-11,2404810
RCT-27-0258,INV-27-0258,2025-11,2404810
RCT-27-0259,INV-27-0259,2025-11,2404810
RCT-27-0260,INV-27-0260,2025-11,2404810
RCT-27-0261,INV-27-0261,2025-11,2404810
RCT-27-0262,INV-27-0262,2025-11,2404810
RCT-27-0263,INV-27-0263,2025-11,2404810
RCT-27-0264,INV-27-0264,2025-11,2404810
RCT-27-0265,INV-27-0265,2025-11,2404810
RCT-27-0266,INV-27-0266,2025-11,2404810
RCT-27-0267,INV-27-0267,2025-11,2404810
RCT-27-0268,INV-27-0268,2025-11,2404810
RCT-27-0269,INV-27-0269,2025-11,2404810
RCT-27-0270,INV-27-0270,2025-11,2404810
RCT-27-0271,INV-27-0271,2025-11,2404810
RCT-27-0272,INV-27-0272,2025-11,2404810
RCT-27-0273,INV-27-0273,2025-11,2404810
RCT-27-0274,INV-27-0274,2025-11,2404810
RCT-27-0275,INV-27-0275,2025-11,2404810
RCT-27-0276,INV-27-0276,2025-11,2404810
RCT-27-0277,INV-27-0277,2025-11,2404810
RCT-27-0278,INV-27-0278,2025-11,2404810
RCT-27-0279,INV-27-0279,2025-11,2404810
RCT-27-0280,INV-27-0280,2025-11,2404810
RCT-27-0281,INV-27-0281,2025-11,2404810
RCT-27-0282,INV-27-0282,2025-11,2404810
RCT-27-0283,INV-27-0283,2025-11,2404810
RCT-27-0284,INV-27-0284,2025-11,2404810
RCT-27-0285,INV-27-0285,2025-11,2404810
RCT-27-0286,INV-27-0286,2025-11,2404810
RCT-27-0287,INV-27-0287,2025-11,2404810
RCT-27-0288,INV-27-0288,2025-11,2404810
RCT-27-0289,INV-27-0289,2025-11,2404810
RCT-27-0290,INV-27-0290,2025-11,2404810
RCT-27-0291,INV-27-0291,2025-11,2404810
RCT-27-0292,INV-27-0292,2025-11,2404810
RCT-27-0293,INV-27-0293,2025-11,2404810
RCT-27-0294,INV-27-0294,2025-11,2404810
RCT-27-0295,INV-27-0295,2025-11,2404810
RCT-27-0296,INV-27-0296,2025-11,2404810
RCT-27-0297,INV-27-0297,2025-11,2404810
RCT-27-0298,INV-27-0298,2025-11,2404810
RCT-27-0299,INV-27-0299,2025-11,2404810
RCT-27-0300,INV-27-0300,2025-11,2404810
RCT-27-0301,INV-27-0301,2025-11,2404810
RCT-27-0302,INV-27-0302,2025-11,2404810
RCT-27-0303,INV-27-0303,2025-11,2404810
RCT-27-0304,INV-27-0304,2025-11,2404810
RCT-27-0305,INV-27-0305,2025-11,2404810
RCT-27-0306,INV-27-0306,2025-11,2404810
RCT-27-0307,INV-27-0307,2025-11,2404810
RCT-27-0308,INV-27-0308,2025-11,2404810
RCT-27-0309,INV-27-0309,2025-11,2404810
RCT-27-0310,INV-27-0310,2025-11,2404810
RCT-27-0311,INV-27-0311,2025-11,2404809
RCT-27-0312,INV-27-0312,2025-11,2404809
RCT-27-0313,INV-27-0313,2025-11,2404809
RCT-27-0314,INV-27-0314,2025-11,2404809
RCT-27-0315,INV-27-0315,2025-11,2404809
RCT-27-0316,INV-27-0316,2025-11,2404809
RCT-27-0317,INV-27-0317,2025-11,2404809
RCT-27-0318,INV-27-0318,2025-11,2404809
RCT-27-0319,INV-27-0319,2025-11,2404809
RCT-27-0320,INV-27-0320,2025-11,2404809
RCT-27-0321,INV-27-0321,2025-11,2404809
RCT-27-0322,INV-27-0322,2025-11,2404809
RCT-27-0323,INV-27-0323,2025-11,2404809
RCT-27-0324,INV-27-0324,2025-11,2404809
RCT-27-0325,INV-27-0325,2025-11,2404809
RCT-27-0326,INV-27-0326,2025-11,2404809
RCT-27-0327,INV-27-0327,2025-11,2404809
RCT-27-0328,INV-27-0328,2025-11,2404809
RCT-27-0329,INV-27-0329,2025-11,2404809
RCT-27-0330,INV-27-0330,2025-11,2404809
RCT-27-0331,INV-27-0331,2025-11,2404809
RCT-27-0332,INV-27-0332,2025-11,2404809
RCT-27-0333,INV-27-0333,2025-11,2404809
RCT-27-0334,INV-27-0334,2025-11,2404809
RCT-27-0335,INV-27-0335,2025-11,2404809
RCT-27-0336,INV-27-0336,2025-11,2404809
RCT-27-0337,INV-27-0337,2025-11,2404809
RCT-27-0338,INV-27-0338,2025-11,2404809
RCT-27-0339,INV-27-0339,2025-11,2404809
RCT-27-0340,INV-27-0340,2025-11,2404809
RCT-27-0341,INV-27-0341,2025-11,2404809
RCT-27-0342,INV-27-0342,2025-11,2404809
RCT-27-0343,INV-27-0343,2025-11,2404809
RCT-27-0344,INV-27-0344,2025-11,2404809
RCT-27-0345,INV-27-0345,2025-11,2404809
RCT-27-0346,INV-27-0346,2025-11,2404809
RCT-27-0347,INV-27-0347,2025-11,2404809
RCT-27-0348,INV-27-0348,2025-11,2404809
RCT-27-0349,INV-27-0349,2025-11,2404809
RCT-27-0350,INV-27-0350,2025-11,2404809
RCT-27-0351,INV-27-0351,2025-11,2404809
RCT-27-0352,INV-27-0352,2025-11,2404809
RCT-27-0353,INV-27-0353,2025-11,2404809
RCT-27-0354,INV-27-0354,2025-11,2404809
RCT-27-0355,INV-27-0355,2025-11,2404809
RCT-27-0356,INV-27-0356,2025-11,2404809
RCT-27-0357,INV-27-0357,2025-11,2404809
RCT-27-0358,INV-27-0358,2025-11,2404809
RCT-27-0359,INV-27-0359,2025-11,2404809
RCT-27-0360,INV-27-0360,2025-11,2404809
RCT-27-0361,INV-27-0361,2025-11,2404809
RCT-27-0362,INV-27-0362,2025-11,2404809
RCT-27-0363,INV-27-0363,2025-11,2404809
RCT-27-0364,INV-27-0364,2025-11,2404809
RCT-27-0365,INV-27-0365,2025-11,2404809
RCT-27-0366,INV-27-0366,2025-11,2404809
RCT-27-0367,INV-27-0367,2025-11,2404809
RCT-27-0368,INV-27-0368,2025-11,2404809
RCT-27-0369,INV-27-0369,2025-11,2404809
RCT-27-0370,INV-27-0370,2025-11,2404809
RCT-27-0371,INV-27-0371,2025-11,2404809
RCT-27-0372,INV-27-0372,2025-11,2404809
RCT-27-0373,INV-27-0373,2025-11,2404809
RCT-27-0374,INV-27-0374,2025-11,2404809
RCT-27-0375,INV-27-0375,2025-11,2404809
RCT-27-0376,INV-27-0376,2025-11,2404809
RCT-27-0377,INV-27-0377,2025-11,2404809
RCT-27-0378,INV-27-0378,2025-11,2404809
RCT-27-0379,INV-27-0379,2025-11,2404809
RCT-27-0380,INV-27-0380,2025-11,2404809
RCT-27-0381,INV-27-0381,2025-11,2404809
RCT-27-0382,INV-27-0382,2025-11,2404809
RCT-27-0383,INV-27-0383,2025-11,2404809
RCT-27-0384,INV-27-0384,2025-11,2404809
RCT-27-0385,INV-27-0385,2025-11,2404809
RCT-27-0386,INV-27-0386,2025-11,2404809
RCT-27-0387,INV-27-0387,2025-11,2404809
RCT-27-0388,INV-27-0388,2025-11,2404809
RCT-27-0389,INV-27-0389,2025-11,2404809
RCT-27-0390,INV-27-0390,2025-11,2404809
RCT-27-0391,INV-27-0391,2025-11,2404809
RCT-27-0392,INV-27-0392,2025-11,2404809
RCT-27-0393,INV-27-0393,2025-11,2404809
RCT-27-0394,INV-27-0394,2025-11,2404809
RCT-27-0395,INV-27-0395,2025-11,2404809
RCT-27-0396,INV-27-0396,2025-11,2404809
RCT-27-0397,INV-27-0397,2025-11,2404809
RCT-27-0398,INV-27-0398,2025-11,2404809
RCT-27-0399,INV-27-0399,2025-11,2404809
RCT-27-0400,INV-27-0400,2025-11,2404809
RCT-27-0401,INV-27-0401,2025-11,2404809
RCT-27-0402,INV-27-0402,2025-11,2404809
RCT-27-0403,INV-27-0403,2025-11,2404809
RCT-27-0404,INV-27-0404,2025-11,2404809
RCT-27-0405,INV-27-0405,2025-11,2404809
RCT-27-0406,INV-27-0406,2025-11,2404809
RCT-27-0407,INV-27-0407,2025-11,2404809
RCT-27-0408,INV-27-0408,2025-11,2404809
RCT-27-0409,INV-27-0409,2025-11,2404809
RCT-27-0410,INV-27-0410,2025-11,2404809
RCT-27-0411,INV-27-0411,2025-11,2404809
RCT-27-0412,INV-27-0412,2025-11,2404809
RCT-27-0413,INV-27-0413,2025-11,2404809
RCT-27-0414,INV-27-0414,2025-11,2404809
RCT-27-0415,INV-27-0415,2025-11,2404809
RCT-27-0416,INV-27-0416,2025-11,2404809
RCT-27-0417,INV-27-0417,2025-11,2404809
RCT-27-0418,INV-27-0418,2025-11,2404809
RCT-27-0419,INV-27-0419,2025-11,2404809
RCT-27-0420,INV-27-0420,2025-11,2404809
RCT-27-0421,INV-27-0421,2025-11,2404809
RCT-27-0422,INV-27-0422,2025-11,2404809
RCT-27-0423,INV-27-0423,2025-11,2404809
RCT-27-0424,INV-27-0424,2025-11,2404809
RCT-27-0425,INV-27-0425,2025-11,2404809
RCT-27-0426,INV-27-0426,2025-11,2404809
RCT-27-0427,INV-27-0427,2025-11,2404809
RCT-27-0428,INV-27-0428,2025-11,2404809
RCT-27-0429,INV-27-0429,2025-11,2404809
RCT-27-0430,INV-27-0430,2025-11,2404809
RCT-27-0431,INV-27-0431,2025-11,2404809
RCT-27-0432,INV-27-0432,2025-11,2404809
RCT-27-0433,INV-27-0433,2025-11,2404809
RCT-27-0434,INV-27-0434,2025-11,2404809
RCT-27-0435,INV-27-0435,2025-11,2404809
RCT-27-0436,INV-27-0436,2025-11,2404809
RCT-27-0437,INV-27-0437,2025-11,2404809
RCT-27-0438,INV-27-0438,2025-11,2404809
RCT-27-0439,INV-27-0439,2025-11,2404809
RCT-27-0440,INV-27-0440,2025-11,2404809
RCT-27-0441,INV-27-0441,2025-11,2404809
RCT-27-0442,INV-27-0442,2025-11,2404809
RCT-27-0443,INV-27-0443,2025-11,2404809
RCT-27-0444,INV-27-0444,2025-11,2404809
RCT-27-0445,INV-27-0445,2025-11,2404809
RCT-27-0446,INV-27-0446,2025-11,2404809
RCT-27-0447,INV-27-0447,2025-11,2404809
RCT-27-0448,INV-27-0448,2025-11,2404809
RCT-27-0449,INV-27-0449,2025-11,2404809
RCT-27-0450,INV-27-0450,2025-11,2404809
RCT-27-0451,INV-27-0451,2025-11,2404809
RCT-27-0452,INV-27-0452,2025-11,2404809
RCT-27-0453,INV-27-0453,2025-11,2404809
RCT-27-0454,INV-27-0454,2025-11,2404809
RCT-27-0455,INV-27-0455,2025-11,2404809
RCT-27-0456,INV-27-0456,2025-11,2404809
RCT-27-0457,INV-27-0457,2025-11,2404809
RCT-27-0458,INV-27-0458,2025-11,2404809
RCT-27-0459,INV-27-0459,2025-11,2404809
RCT-27-0460,INV-27-0460,2025-11,2404809
RCT-27-0461,INV-27-0461,2025-11,2404809
RCT-27-0462,INV-27-0462,2025-11,2404809
RCT-27-0463,INV-27-0463,2025-11,2404809
RCT-27-0464,INV-27-0464,2025-11,2404809
RCT-27-0465,INV-27-0465,2025-11,2404809
RCT-27-0466,INV-27-0466,2025-11,2404809
RCT-27-0467,INV-27-0467,2025-11,2404809
RCT-27-0468,INV-27-0468,2025-11,2404809
RCT-27-0469,INV-27-0469,2025-11,2404809
RCT-27-0470,INV-27-0470,2025-11,2404809
RCT-27-0471,INV-27-0471,2025-11,2404809
RCT-27-0472,INV-27-0472,2025-11,2404809
RCT-27-0473,INV-27-0473,2025-11,2404809
RCT-27-0474,INV-27-0474,2025-11,2404809
RCT-27-0475,INV-27-0475,2025-11,2404809
RCT-27-0476,INV-27-0476,2025-11,2404809
RCT-27-0477,INV-27-0477,2025-11,2404809
RCT-27-0478,INV-27-0478,2025-11,2404809
RCT-27-0479,INV-27-0479,2025-11,2404809
RCT-27-0480,INV-27-0480,2025-11,2404809
RCT-27-0481,INV-27-0481,2025-11,2404809
RCT-27-0482,INV-27-0482,2025-11,2404809
RCT-27-0483,INV-27-0483,2025-11,2404809
RCT-27-0484,INV-27-0484,2025-11,2404809
RCT-27-0485,INV-27-0485,2025-11,2404809
RCT-27-0486,INV-27-0486,2025-11,2404809
RCT-27-0487,INV-27-0487,2025-11,2404809
RCT-27-0488,INV-27-0488,2025-11,2404809
RCT-27-0489,INV-27-0489,2025-11,2404809
RCT-27-0490,INV-27-0490,2025-11,2404809
RCT-27-0491,INV-27-0491,2025-11,2404809
RCT-27-0492,INV-27-0492,2025-11,2404809
RCT-27-0493,INV-27-0493,2025-11,2404809
RCT-27-0494,INV-27-0494,2025-11,2404809
RCT-27-0495,INV-27-0495,2025-11,2404809
RCT-27-0496,INV-27-0496,2025-11,2404809
RCT-27-0497,INV-27-0497,2025-11,2404809
RCT-27-0498,INV-27-0498,2025-11,2404809
RCT-27-0499,INV-27-0499,2025-11,2404809
RCT-27-0500,INV-27-0500,2025-11,2404809
RCT-27-SVC,INV-27-SVC,2025-11,183333333
RCT-28-0001,INV-28-0001,2025-12,300000000
RCT-28-0002,INV-28-0002,2025-12,2404810
RCT-28-0003,INV-28-0003,2025-12,2404810
RCT-28-0004,INV-28-0004,2025-12,2404810
RCT-28-0005,INV-28-0005,2025-12,2404810
RCT-28-0006,INV-28-0006,2025-12,2404810
RCT-28-0007,INV-28-0007,2025-12,2404810
RCT-28-0008,INV-28-0008,2025-12,2404810
RCT-28-0009,INV-28-0009,2025-12,2404810
RCT-28-0010,INV-28-0010,2025-12,2404810
RCT-28-0011,INV-28-0011,2025-12,2404810
RCT-28-0012,INV-28-0012,2025-12,2404810
RCT-28-0013,INV-28-0013,2025-12,2404810
RCT-28-0014,INV-28-0014,2025-12,2404810
RCT-28-0015,INV-28-0015,2025-12,2404810
RCT-28-0016,INV-28-0016,2025-12,2404810
RCT-28-0017,INV-28-0017,2025-12,2404810
RCT-28-0018,INV-28-0018,2025-12,2404810
RCT-28-0019,INV-28-0019,2025-12,2404810
RCT-28-0020,INV-28-0020,2025-12,2404810
RCT-28-0021,INV-28-0021,2025-12,2404810
RCT-28-0022,INV-28-0022,2025-12,2404810
RCT-28-0023,INV-28-0023,2025-12,2404810
RCT-28-0024,INV-28-0024,2025-12,2404810
RCT-28-0025,INV-28-0025,2025-12,2404810
RCT-28-0026,INV-28-0026,2025-12,2404810
RCT-28-0027,INV-28-0027,2025-12,2404810
RCT-28-0028,INV-28-0028,2025-12,2404810
RCT-28-0029,INV-28-0029,2025-12,2404810
RCT-28-0030,INV-28-0030,2025-12,2404810
RCT-28-0031,INV-28-0031,2025-12,2404810
RCT-28-0032,INV-28-0032,2025-12,2404810
RCT-28-0033,INV-28-0033,2025-12,2404810
RCT-28-0034,INV-28-0034,2025-12,2404810
RCT-28-0035,INV-28-0035,2025-12,2404810
RCT-28-0036,INV-28-0036,2025-12,2404810
RCT-28-0037,INV-28-0037,2025-12,2404810
RCT-28-0038,INV-28-0038,2025-12,2404810
RCT-28-0039,INV-28-0039,2025-12,2404810
RCT-28-0040,INV-28-0040,2025-12,2404810
RCT-28-0041,INV-28-0041,2025-12,2404810
RCT-28-0042,INV-28-0042,2025-12,2404810
RCT-28-0043,INV-28-0043,2025-12,2404810
RCT-28-0044,INV-28-0044,2025-12,2404810
RCT-28-0045,INV-28-0045,2025-12,2404810
RCT-28-0046,INV-28-0046,2025-12,2404810
RCT-28-0047,INV-28-0047,2025-12,2404810
RCT-28-0048,INV-28-0048,2025-12,2404810
RCT-28-0049,INV-28-0049,2025-12,2404810
RCT-28-0050,INV-28-0050,2025-12,2404810
RCT-28-0051,INV-28-0051,2025-12,2404810
RCT-28-0052,INV-28-0052,2025-12,2404810
RCT-28-0053,INV-28-0053,2025-12,2404810
RCT-28-0054,INV-28-0054,2025-12,2404810
RCT-28-0055,INV-28-0055,2025-12,2404810
RCT-28-0056,INV-28-0056,2025-12,2404810
RCT-28-0057,INV-28-0057,2025-12,2404810
RCT-28-0058,INV-28-0058,2025-12,2404810
RCT-28-0059,INV-28-0059,2025-12,2404810
RCT-28-0060,INV-28-0060,2025-12,2404810
RCT-28-0061,INV-28-0061,2025-12,2404810
RCT-28-0062,INV-28-0062,2025-12,2404810
RCT-28-0063,INV-28-0063,2025-12,2404810
RCT-28-0064,INV-28-0064,2025-12,2404810
RCT-28-0065,INV-28-0065,2025-12,2404810
RCT-28-0066,INV-28-0066,2025-12,2404810
RCT-28-0067,INV-28-0067,2025-12,2404810
RCT-28-0068,INV-28-0068,2025-12,2404810
RCT-28-0069,INV-28-0069,2025-12,2404810
RCT-28-0070,INV-28-0070,2025-12,2404810
RCT-28-0071,INV-28-0071,2025-12,2404810
RCT-28-0072,INV-28-0072,2025-12,2404810
RCT-28-0073,INV-28-0073,2025-12,2404810
RCT-28-0074,INV-28-0074,2025-12,2404810
RCT-28-0075,INV-28-0075,2025-12,2404810
RCT-28-0076,INV-28-0076,2025-12,2404810
RCT-28-0077,INV-28-0077,2025-12,2404810
RCT-28-0078,INV-28-0078,2025-12,2404810
RCT-28-0079,INV-28-0079,2025-12,2404810
RCT-28-0080,INV-28-0080,2025-12,2404810
RCT-28-0081,INV-28-0081,2025-12,2404810
RCT-28-0082,INV-28-0082,2025-12,2404810
RCT-28-0083,INV-28-0083,2025-12,2404810
RCT-28-0084,INV-28-0084,2025-12,2404810
RCT-28-0085,INV-28-0085,2025-12,2404810
RCT-28-0086,INV-28-0086,2025-12,2404810
RCT-28-0087,INV-28-0087,2025-12,2404810
RCT-28-0088,INV-28-0088,2025-12,2404810
RCT-28-0089,INV-28-0089,2025-12,2404810
RCT-28-0090,INV-28-0090,2025-12,2404810
RCT-28-0091,INV-28-0091,2025-12,2404810
RCT-28-0092,INV-28-0092,2025-12,2404810
RCT-28-0093,INV-28-0093,2025-12,2404810
RCT-28-0094,INV-28-0094,2025-12,2404810
RCT-28-0095,INV-28-0095,2025-12,2404810
RCT-28-0096,INV-28-0096,2025-12,2404810
RCT-28-0097,INV-28-0097,2025-12,2404810
RCT-28-0098,INV-28-0098,2025-12,2404810
RCT-28-0099,INV-28-0099,2025-12,2404810
RCT-28-0100,INV-28-0100,2025-12,2404810
RCT-28-0101,INV-28-0101,2025-12,2404810
RCT-28-0102,INV-28-0102,2025-12,2404810
RCT-28-0103,INV-28-0103,2025-12,2404810
RCT-28-0104,INV-28-0104,2025-12,2404810
RCT-28-0105,INV-28-0105,2025-12,2404810
RCT-28-0106,INV-28-0106,2025-12,2404810
RCT-28-0107,INV-28-0107,2025-12,2404810
RCT-28-0108,INV-28-0108,2025-12,2404810
RCT-28-0109,INV-28-0109,2025-12,2404810
RCT-28-0110,INV-28-0110,2025-12,2404810
RCT-28-0111,INV-28-0111,2025-12,2404810
RCT-28-0112,INV-28-0112,2025-12,2404810
RCT-28-0113,INV-28-0113,2025-12,2404810
RCT-28-0114,INV-28-0114,2025-12,2404810
RCT-28-0115,INV-28-0115,2025-12,2404810
RCT-28-0116,INV-28-0116,2025-12,2404810
RCT-28-0117,INV-28-0117,2025-12,2404810
RCT-28-0118,INV-28-0118,2025-12,2404810
RCT-28-0119,INV-28-0119,2025-12,2404810
RCT-28-0120,INV-28-0120,2025-12,2404810
RCT-28-0121,INV-28-0121,2025-12,2404810
RCT-28-0122,INV-28-0122,2025-12,2404810
RCT-28-0123,INV-28-0123,2025-12,2404810
RCT-28-0124,INV-28-0124,2025-12,2404810
RCT-28-0125,INV-28-0125,2025-12,2404810
RCT-28-0126,INV-28-0126,2025-12,2404810
RCT-28-0127,INV-28-0127,2025-12,2404810
RCT-28-0128,INV-28-0128,2025-12,2404810
RCT-28-0129,INV-28-0129,2025-12,2404810
RCT-28-0130,INV-28-0130,2025-12,2404810
RCT-28-0131,INV-28-0131,2025-12,2404810
RCT-28-0132,INV-28-0132,2025-12,2404810
RCT-28-0133,INV-28-0133,2025-12,2404810
RCT-28-0134,INV-28-0134,2025-12,2404810
RCT-28-0135,INV-28-0135,2025-12,2404810
RCT-28-0136,INV-28-0136,2025-12,2404810
RCT-28-0137,INV-28-0137,2025-12,2404810
RCT-28-0138,INV-28-0138,2025-12,2404810
RCT-28-0139,INV-28-0139,2025-12,2404810
RCT-28-0140,INV-28-0140,2025-12,2404810
RCT-28-0141,INV-28-0141,2025-12,2404810
RCT-28-0142,INV-28-0142,2025-12,2404810
RCT-28-0143,INV-28-0143,2025-12,2404810
RCT-28-0144,INV-28-0144,2025-12,2404810
RCT-28-0145,INV-28-0145,2025-12,2404810
RCT-28-0146,INV-28-0146,2025-12,2404810
RCT-28-0147,INV-28-0147,2025-12,2404810
RCT-28-0148,INV-28-0148,2025-12,2404810
RCT-28-0149,INV-28-0149,2025-12,2404810
RCT-28-0150,INV-28-0150,2025-12,2404810
RCT-28-0151,INV-28-0151,2025-12,2404810
RCT-28-0152,INV-28-0152,2025-12,2404810
RCT-28-0153,INV-28-0153,2025-12,2404810
RCT-28-0154,INV-28-0154,2025-12,2404810
RCT-28-0155,INV-28-0155,2025-12,2404810
RCT-28-0156,INV-28-0156,2025-12,2404810
RCT-28-0157,INV-28-0157,2025-12,2404810
RCT-28-0158,INV-28-0158,2025-12,2404810
RCT-28-0159,INV-28-0159,2025-12,2404810
RCT-28-0160,INV-28-0160,2025-12,2404810
RCT-28-0161,INV-28-0161,2025-12,2404810
RCT-28-0162,INV-28-0162,2025-12,2404810
RCT-28-0163,INV-28-0163,2025-12,2404810
RCT-28-0164,INV-28-0164,2025-12,2404810
RCT-28-0165,INV-28-0165,2025-12,2404810
RCT-28-0166,INV-28-0166,2025-12,2404810
RCT-28-0167,INV-28-0167,2025-12,2404810
RCT-28-0168,INV-28-0168,2025-12,2404810
RCT-28-0169,INV-28-0169,2025-12,2404810
RCT-28-0170,INV-28-0170,2025-12,2404810
RCT-28-0171,INV-28-0171,2025-12,2404810
RCT-28-0172,INV-28-0172,2025-12,2404810
RCT-28-0173,INV-28-0173,2025-12,2404810
RCT-28-0174,INV-28-0174,2025-12,2404810
RCT-28-0175,INV-28-0175,2025-12,2404810
RCT-28-0176,INV-28-0176,2025-12,2404810
RCT-28-0177,INV-28-0177,2025-12,2404810
RCT-28-0178,INV-28-0178,2025-12,2404810
RCT-28-0179,INV-28-0179,2025-12,2404810
RCT-28-0180,INV-28-0180,2025-12,2404810
RCT-28-0181,INV-28-0181,2025-12,2404810
RCT-28-0182,INV-28-0182,2025-12,2404810
RCT-28-0183,INV-28-0183,2025-12,2404810
RCT-28-0184,INV-28-0184,2025-12,2404810
RCT-28-0185,INV-28-0185,2025-12,2404810
RCT-28-0186,INV-28-0186,2025-12,2404810
RCT-28-0187,INV-28-0187,2025-12,2404810
RCT-28-0188,INV-28-0188,2025-12,2404810
RCT-28-0189,INV-28-0189,2025-12,2404810
RCT-28-0190,INV-28-0190,2025-12,2404810
RCT-28-0191,INV-28-0191,2025-12,2404810
RCT-28-0192,INV-28-0192,2025-12,2404810
RCT-28-0193,INV-28-0193,2025-12,2404810
RCT-28-0194,INV-28-0194,2025-12,2404810
RCT-28-0195,INV-28-0195,2025-12,2404810
RCT-28-0196,INV-28-0196,2025-12,2404810
RCT-28-0197,INV-28-0197,2025-12,2404810
RCT-28-0198,INV-28-0198,2025-12,2404810
RCT-28-0199,INV-28-0199,2025-12,2404810
RCT-28-0200,INV-28-0200,2025-12,2404810
RCT-28-0201,INV-28-0201,2025-12,2404810
RCT-28-0202,INV-28-0202,2025-12,2404810
RCT-28-0203,INV-28-0203,2025-12,2404810
RCT-28-0204,INV-28-0204,2025-12,2404810
RCT-28-0205,INV-28-0205,2025-12,2404810
RCT-28-0206,INV-28-0206,2025-12,2404810
RCT-28-0207,INV-28-0207,2025-12,2404810
RCT-28-0208,INV-28-0208,2025-12,2404810
RCT-28-0209,INV-28-0209,2025-12,2404810
RCT-28-0210,INV-28-0210,2025-12,2404810
RCT-28-0211,INV-28-0211,2025-12,2404810
RCT-28-0212,INV-28-0212,2025-12,2404810
RCT-28-0213,INV-28-0213,2025-12,2404810
RCT-28-0214,INV-28-0214,2025-12,2404810
RCT-28-0215,INV-28-0215,2025-12,2404810
RCT-28-0216,INV-28-0216,2025-12,2404810
RCT-28-0217,INV-28-0217,2025-12,2404810
RCT-28-0218,INV-28-0218,2025-12,2404810
RCT-28-0219,INV-28-0219,2025-12,2404810
RCT-28-0220,INV-28-0220,2025-12,2404810
RCT-28-0221,INV-28-0221,2025-12,2404810
RCT-28-0222,INV-28-0222,2025-12,2404810
RCT-28-0223,INV-28-0223,2025-12,2404810
RCT-28-0224,INV-28-0224,2025-12,2404810
RCT-28-0225,INV-28-0225,2025-12,2404810
RCT-28-0226,INV-28-0226,2025-12,2404810
RCT-28-0227,INV-28-0227,2025-12,2404810
RCT-28-0228,INV-28-0228,2025-12,2404810
RCT-28-0229,INV-28-0229,2025-12,2404810
RCT-28-0230,INV-28-0230,2025-12,2404810
RCT-28-0231,INV-28-0231,2025-12,2404810
RCT-28-0232,INV-28-0232,2025-12,2404810
RCT-28-0233,INV-28-0233,2025-12,2404810
RCT-28-0234,INV-28-0234,2025-12,2404810
RCT-28-0235,INV-28-0235,2025-12,2404810
RCT-28-0236,INV-28-0236,2025-12,2404810
RCT-28-0237,INV-28-0237,2025-12,2404810
RCT-28-0238,INV-28-0238,2025-12,2404810
RCT-28-0239,INV-28-0239,2025-12,2404810
RCT-28-0240,INV-28-0240,2025-12,2404810
RCT-28-0241,INV-28-0241,2025-12,2404810
RCT-28-0242,INV-28-0242,2025-12,2404810
RCT-28-0243,INV-28-0243,2025-12,2404810
RCT-28-0244,INV-28-0244,2025-12,2404810
RCT-28-0245,INV-28-0245,2025-12,2404810
RCT-28-0246,INV-28-0246,2025-12,2404810
RCT-28-0247,INV-28-0247,2025-12,2404810
RCT-28-0248,INV-28-0248,2025-12,2404810
RCT-28-0249,INV-28-0249,2025-12,2404810
RCT-28-0250,INV-28-0250,2025-12,2404810
RCT-28-0251,INV-28-0251,2025-12,2404810
RCT-28-0252,INV-28-0252,2025-12,2404810
RCT-28-0253,INV-28-0253,2025-12,2404810
RCT-28-0254,INV-28-0254,2025-12,2404810
RCT-28-0255,INV-28-0255,2025-12,2404810
RCT-28-0256,INV-28-0256,2025-12,2404810
RCT-28-0257,INV-28-0257,2025-12,2404810
RCT-28-0258,INV-28-0258,2025-12,2404810
RCT-28-0259,INV-28-0259,2025-12,2404810
RCT-28-0260,INV-28-0260,2025-12,2404810
RCT-28-0261,INV-28-0261,2025-12,2404810
RCT-28-0262,INV-28-0262,2025-12,2404810
RCT-28-0263,INV-28-0263,2025-12,2404810
RCT-28-0264,INV-28-0264,2025-12,2404810
RCT-28-0265,INV-28-0265,2025-12,2404810
RCT-28-0266,INV-28-0266,2025-12,2404810
RCT-28-0267,INV-28-0267,2025-12,2404810
RCT-28-0268,INV-28-0268,2025-12,2404810
RCT-28-0269,INV-28-0269,2025-12,2404810
RCT-28-0270,INV-28-0270,2025-12,2404810
RCT-28-0271,INV-28-0271,2025-12,2404810
RCT-28-0272,INV-28-0272,2025-12,2404810
RCT-28-0273,INV-28-0273,2025-12,2404810
RCT-28-0274,INV-28-0274,2025-12,2404810
RCT-28-0275,INV-28-0275,2025-12,2404810
RCT-28-0276,INV-28-0276,2025-12,2404810
RCT-28-0277,INV-28-0277,2025-12,2404810
RCT-28-0278,INV-28-0278,2025-12,2404810
RCT-28-0279,INV-28-0279,2025-12,2404810
RCT-28-0280,INV-28-0280,2025-12,2404810
RCT-28-0281,INV-28-0281,2025-12,2404810
RCT-28-0282,INV-28-0282,2025-12,2404810
RCT-28-0283,INV-28-0283,2025-12,2404810
RCT-28-0284,INV-28-0284,2025-12,2404810
RCT-28-0285,INV-28-0285,2025-12,2404810
RCT-28-0286,INV-28-0286,2025-12,2404810
RCT-28-0287,INV-28-0287,2025-12,2404810
RCT-28-0288,INV-28-0288,2025-12,2404810
RCT-28-0289,INV-28-0289,2025-12,2404810
RCT-28-0290,INV-28-0290,2025-12,2404810
RCT-28-0291,INV-28-0291,2025-12,2404810
RCT-28-0292,INV-28-0292,2025-12,2404810
RCT-28-0293,INV-28-0293,2025-12,2404810
RCT-28-0294,INV-28-0294,2025-12,2404810
RCT-28-0295,INV-28-0295,2025-12,2404810
RCT-28-0296,INV-28-0296,2025-12,2404810
RCT-28-0297,INV-28-0297,2025-12,2404810
RCT-28-0298,INV-28-0298,2025-12,2404810
RCT-28-0299,INV-28-0299,2025-12,2404810
RCT-28-0300,INV-28-0300,2025-12,2404810
RCT-28-0301,INV-28-0301,2025-12,2404810
RCT-28-0302,INV-28-0302,2025-12,2404810
RCT-28-0303,INV-28-0303,2025-12,2404810
RCT-28-0304,INV-28-0304,2025-12,2404810
RCT-28-0305,INV-28-0305,2025-12,2404810
RCT-28-0306,INV-28-0306,2025-12,2404810
RCT-28-0307,INV-28-0307,2025-12,2404810
RCT-28-0308,INV-28-0308,2025-12,2404810
RCT-28-0309,INV-28-0309,2025-12,2404810
RCT-28-0310,INV-28-0310,2025-12,2404810
RCT-28-0311,INV-28-0311,2025-12,2404809
RCT-28-0312,INV-28-0312,2025-12,2404809
RCT-28-0313,INV-28-0313,2025-12,2404809
RCT-28-0314,INV-28-0314,2025-12,2404809
RCT-28-0315,INV-28-0315,2025-12,2404809
RCT-28-0316,INV-28-0316,2025-12,2404809
RCT-28-0317,INV-28-0317,2025-12,2404809
RCT-28-0318,INV-28-0318,2025-12,2404809
RCT-28-0319,INV-28-0319,2025-12,2404809
RCT-28-0320,INV-28-0320,2025-12,2404809
RCT-28-0321,INV-28-0321,2025-12,2404809
RCT-28-0322,INV-28-0322,2025-12,2404809
RCT-28-0323,INV-28-0323,2025-12,2404809
RCT-28-0324,INV-28-0324,2025-12,2404809
RCT-28-0325,INV-28-0325,2025-12,2404809
RCT-28-0326,INV-28-0326,2025-12,2404809
RCT-28-0327,INV-28-0327,2025-12,2404809
RCT-28-0328,INV-28-0328,2025-12,2404809
RCT-28-0329,INV-28-0329,2025-12,2404809
RCT-28-0330,INV-28-0330,2025-12,2404809
RCT-28-0331,INV-28-0331,2025-12,2404809
RCT-28-0332,INV-28-0332,2025-12,2404809
RCT-28-0333,INV-28-0333,2025-12,2404809
RCT-28-0334,INV-28-0334,2025-12,2404809
RCT-28-0335,INV-28-0335,2025-12,2404809
RCT-28-0336,INV-28-0336,2025-12,2404809
RCT-28-0337,INV-28-0337,2025-12,2404809
RCT-28-0338,INV-28-0338,2025-12,2404809
RCT-28-0339,INV-28-0339,2025-12,2404809
RCT-28-0340,INV-28-0340,2025-12,2404809
RCT-28-0341,INV-28-0341,2025-12,2404809
RCT-28-0342,INV-28-0342,2025-12,2404809
RCT-28-0343,INV-28-0343,2025-12,2404809
RCT-28-0344,INV-28-0344,2025-12,2404809
RCT-28-0345,INV-28-0345,2025-12,2404809
RCT-28-0346,INV-28-0346,2025-12,2404809
RCT-28-0347,INV-28-0347,2025-12,2404809
RCT-28-0348,INV-28-0348,2025-12,2404809
RCT-28-0349,INV-28-0349,2025-12,2404809
RCT-28-0350,INV-28-0350,2025-12,2404809
RCT-28-0351,INV-28-0351,2025-12,2404809
RCT-28-0352,INV-28-0352,2025-12,2404809
RCT-28-0353,INV-28-0353,2025-12,2404809
RCT-28-0354,INV-28-0354,2025-12,2404809
RCT-28-0355,INV-28-0355,2025-12,2404809
RCT-28-0356,INV-28-0356,2025-12,2404809
RCT-28-0357,INV-28-0357,2025-12,2404809
RCT-28-0358,INV-28-0358,2025-12,2404809
RCT-28-0359,INV-28-0359,2025-12,2404809
RCT-28-0360,INV-28-0360,2025-12,2404809
RCT-28-0361,INV-28-0361,2025-12,2404809
RCT-28-0362,INV-28-0362,2025-12,2404809
RCT-28-0363,INV-28-0363,2025-12,2404809
RCT-28-0364,INV-28-0364,2025-12,2404809
RCT-28-0365,INV-28-0365,2025-12,2404809
RCT-28-0366,INV-28-0366,2025-12,2404809
RCT-28-0367,INV-28-0367,2025-12,2404809
RCT-28-0368,INV-28-0368,2025-12,2404809
RCT-28-0369,INV-28-0369,2025-12,2404809
RCT-28-0370,INV-28-0370,2025-12,2404809
RCT-28-0371,INV-28-0371,2025-12,2404809
RCT-28-0372,INV-28-0372,2025-12,2404809
RCT-28-0373,INV-28-0373,2025-12,2404809
RCT-28-0374,INV-28-0374,2025-12,2404809
RCT-28-0375,INV-28-0375,2025-12,2404809
RCT-28-0376,INV-28-0376,2025-12,2404809
RCT-28-0377,INV-28-0377,2025-12,2404809
RCT-28-0378,INV-28-0378,2025-12,2404809
RCT-28-0379,INV-28-0379,2025-12,2404809
RCT-28-0380,INV-28-0380,2025-12,2404809
RCT-28-0381,INV-28-0381,2025-12,2404809
RCT-28-0382,INV-28-0382,2025-12,2404809
RCT-28-0383,INV-28-0383,2025-12,2404809
RCT-28-0384,INV-28-0384,2025-12,2404809
RCT-28-0385,INV-28-0385,2025-12,2404809
RCT-28-0386,INV-28-0386,2025-12,2404809
RCT-28-0387,INV-28-0387,2025-12,2404809
RCT-28-0388,INV-28-0388,2025-12,2404809
RCT-28-0389,INV-28-0389,2025-12,2404809
RCT-28-0390,INV-28-0390,2025-12,2404809
RCT-28-0391,INV-28-0391,2025-12,2404809
RCT-28-0392,INV-28-0392,2025-12,2404809
RCT-28-0393,INV-28-0393,2025-12,2404809
RCT-28-0394,INV-28-0394,2025-12,2404809
RCT-28-0395,INV-28-0395,2025-12,2404809
RCT-28-0396,INV-28-0396,2025-12,2404809
RCT-28-0397,INV-28-0397,2025-12,2404809
RCT-28-0398,INV-28-0398,2025-12,2404809
RCT-28-0399,INV-28-0399,2025-12,2404809
RCT-28-0400,INV-28-0400,2025-12,2404809
RCT-28-0401,INV-28-0401,2025-12,2404809
RCT-28-0402,INV-28-0402,2025-12,2404809
RCT-28-0403,INV-28-0403,2025-12,2404809
RCT-28-0404,INV-28-0404,2025-12,2404809
RCT-28-0405,INV-28-0405,2025-12,2404809
RCT-28-0406,INV-28-0406,2025-12,2404809
RCT-28-0407,INV-28-0407,2025-12,2404809
RCT-28-0408,INV-28-0408,2025-12,2404809
RCT-28-0409,INV-28-0409,2025-12,2404809
RCT-28-0410,INV-28-0410,2025-12,2404809
RCT-28-0411,INV-28-0411,2025-12,2404809
RCT-28-0412,INV-28-0412,2025-12,2404809
RCT-28-0413,INV-28-0413,2025-12,2404809
RCT-28-0414,INV-28-0414,2025-12,2404809
RCT-28-0415,INV-28-0415,2025-12,2404809
RCT-28-0416,INV-28-0416,2025-12,2404809
RCT-28-0417,INV-28-0417,2025-12,2404809
RCT-28-0418,INV-28-0418,2025-12,2404809
RCT-28-0419,INV-28-0419,2025-12,2404809
RCT-28-0420,INV-28-0420,2025-12,2404809
RCT-28-0421,INV-28-0421,2025-12,2404809
RCT-28-0422,INV-28-0422,2025-12,2404809
RCT-28-0423,INV-28-0423,2025-12,2404809
RCT-28-0424,INV-28-0424,2025-12,2404809
RCT-28-0425,INV-28-0425,2025-12,2404809
RCT-28-0426,INV-28-0426,2025-12,2404809
RCT-28-0427,INV-28-0427,2025-12,2404809
RCT-28-0428,INV-28-0428,2025-12,2404809
RCT-28-0429,INV-28-0429,2025-12,2404809
RCT-28-0430,INV-28-0430,2025-12,2404809
RCT-28-0431,INV-28-0431,2025-12,2404809
RCT-28-0432,INV-28-0432,2025-12,2404809
RCT-28-0433,INV-28-0433,2025-12,2404809
RCT-28-0434,INV-28-0434,2025-12,2404809
RCT-28-0435,INV-28-0435,2025-12,2404809
RCT-28-0436,INV-28-0436,2025-12,2404809
RCT-28-0437,INV-28-0437,2025-12,2404809
RCT-28-0438,INV-28-0438,2025-12,2404809
RCT-28-0439,INV-28-0439,2025-12,2404809
RCT-28-0440,INV-28-0440,2025-12,2404809
RCT-28-0441,INV-28-0441,2025-12,2404809
RCT-28-0442,INV-28-0442,2025-12,2404809
RCT-28-0443,INV-28-0443,2025-12,2404809
RCT-28-0444,INV-28-0444,2025-12,2404809
RCT-28-0445,INV-28-0445,2025-12,2404809
RCT-28-0446,INV-28-0446,2025-12,2404809
RCT-28-0447,INV-28-0447,2025-12,2404809
RCT-28-0448,INV-28-0448,2025-12,2404809
RCT-28-0449,INV-28-0449,2025-12,2404809
RCT-28-0450,INV-28-0450,2025-12,2404809
RCT-28-0451,INV-28-0451,2025-12,2404809
RCT-28-0452,INV-28-0452,2025-12,2404809
RCT-28-0453,INV-28-0453,2025-12,2404809
RCT-28-0454,INV-28-0454,2025-12,2404809
RCT-28-0455,INV-28-0455,2025-12,2404809
RCT-28-0456,INV-28-0456,2025-12,2404809
RCT-28-0457,INV-28-0457,2025-12,2404809
RCT-28-0458,INV-28-0458,2025-12,2404809
RCT-28-0459,INV-28-0459,2025-12,2404809
RCT-28-0460,INV-28-0460,2025-12,2404809
RCT-28-0461,INV-28-0461,2025-12,2404809
RCT-28-0462,INV-28-0462,2025-12,2404809
RCT-28-0463,INV-28-0463,2025-12,2404809
RCT-28-0464,INV-28-0464,2025-12,2404809
RCT-28-0465,INV-28-0465,2025-12,2404809
RCT-28-0466,INV-28-0466,2025-12,2404809
RCT-28-0467,INV-28-0467,2025-12,2404809
RCT-28-0468,INV-28-0468,2025-12,2404809
RCT-28-0469,INV-28-0469,2025-12,2404809
RCT-28-0470,INV-28-0470,2025-12,2404809
RCT-28-0471,INV-28-0471,2025-12,2404809
RCT-28-0472,INV-28-0472,2025-12,2404809
RCT-28-0473,INV-28-0473,2025-12,2404809
RCT-28-0474,INV-28-0474,2025-12,2404809
RCT-28-0475,INV-28-0475,2025-12,2404809
RCT-28-0476,INV-28-0476,2025-12,2404809
RCT-28-0477,INV-28-0477,2025-12,2404809
RCT-28-0478,INV-28-0478,2025-12,2404809
RCT-28-0479,INV-28-0479,2025-12,2404809
RCT-28-0480,INV-28-0480,2025-12,2404809
RCT-28-0481,INV-28-0481,2025-12,2404809
RCT-28-0482,INV-28-0482,2025-12,2404809
RCT-28-0483,INV-28-0483,2025-12,2404809
RCT-28-0484,INV-28-0484,2025-12,2404809
RCT-28-0485,INV-28-0485,2025-12,2404809
RCT-28-0486,INV-28-0486,2025-12,2404809
RCT-28-0487,INV-28-0487,2025-12,2404809
RCT-28-0488,INV-28-0488,2025-12,2404809
RCT-28-0489,INV-28-0489,2025-12,2404809
RCT-28-0490,INV-28-0490,2025-12,2404809
RCT-28-0491,INV-28-0491,2025-12,2404809
RCT-28-0492,INV-28-0492,2025-12,2404809
RCT-28-0493,INV-28-0493,2025-12,2404809
RCT-28-0494,INV-28-0494,2025-12,2404809
RCT-28-0495,INV-28-0495,2025-12,2404809
RCT-28-0496,INV-28-0496,2025-12,2404809
RCT-28-0497,INV-28-0497,2025-12,2404809
RCT-28-0498,INV-28-0498,2025-12,2404809
RCT-28-0499,INV-28-0499,2025-12,2404809
RCT-28-0500,INV-28-0500,2025-12,2404809
RCT-28-SVC,INV-28-SVC,2025-12,183333333
RCT-29-0001,INV-29-0001,2026-01,300000000
RCT-29-0002,INV-29-0002,2026-01,2404810
RCT-29-0003,INV-29-0003,2026-01,2404810
RCT-29-0004,INV-29-0004,2026-01,2404810
RCT-29-0005,INV-29-0005,2026-01,2404810
RCT-29-0006,INV-29-0006,2026-01,2404810
RCT-29-0007,INV-29-0007,2026-01,2404810
RCT-29-0008,INV-29-0008,2026-01,2404810
RCT-29-0009,INV-29-0009,2026-01,2404810
RCT-29-0010,INV-29-0010,2026-01,2404810
RCT-29-0011,INV-29-0011,2026-01,2404810
RCT-29-0012,INV-29-0012,2026-01,2404810
RCT-29-0013,INV-29-0013,2026-01,2404810
RCT-29-0014,INV-29-0014,2026-01,2404810
RCT-29-0015,INV-29-0015,2026-01,2404810
RCT-29-0016,INV-29-0016,2026-01,2404810
RCT-29-0017,INV-29-0017,2026-01,2404810
RCT-29-0018,INV-29-0018,2026-01,2404810
RCT-29-0019,INV-29-0019,2026-01,2404810
RCT-29-0020,INV-29-0020,2026-01,2404810
RCT-29-0021,INV-29-0021,2026-01,2404810
RCT-29-0022,INV-29-0022,2026-01,2404810
RCT-29-0023,INV-29-0023,2026-01,2404810
RCT-29-0024,INV-29-0024,2026-01,2404810
RCT-29-0025,INV-29-0025,2026-01,2404810
RCT-29-0026,INV-29-0026,2026-01,2404810
RCT-29-0027,INV-29-0027,2026-01,2404810
RCT-29-0028,INV-29-0028,2026-01,2404810
RCT-29-0029,INV-29-0029,2026-01,2404810
RCT-29-0030,INV-29-0030,2026-01,2404810
RCT-29-0031,INV-29-0031,2026-01,2404810
RCT-29-0032,INV-29-0032,2026-01,2404810
RCT-29-0033,INV-29-0033,2026-01,2404810
RCT-29-0034,INV-29-0034,2026-01,2404810
RCT-29-0035,INV-29-0035,2026-01,2404810
RCT-29-0036,INV-29-0036,2026-01,2404810
RCT-29-0037,INV-29-0037,2026-01,2404810
RCT-29-0038,INV-29-0038,2026-01,2404810
RCT-29-0039,INV-29-0039,2026-01,2404810
RCT-29-0040,INV-29-0040,2026-01,2404810
RCT-29-0041,INV-29-0041,2026-01,2404810
RCT-29-0042,INV-29-0042,2026-01,2404810
RCT-29-0043,INV-29-0043,2026-01,2404810
RCT-29-0044,INV-29-0044,2026-01,2404810
RCT-29-0045,INV-29-0045,2026-01,2404810
RCT-29-0046,INV-29-0046,2026-01,2404810
RCT-29-0047,INV-29-0047,2026-01,2404810
RCT-29-0048,INV-29-0048,2026-01,2404810
RCT-29-0049,INV-29-0049,2026-01,2404810
RCT-29-0050,INV-29-0050,2026-01,2404810
RCT-29-0051,INV-29-0051,2026-01,2404810
RCT-29-0052,INV-29-0052,2026-01,2404810
RCT-29-0053,INV-29-0053,2026-01,2404810
RCT-29-0054,INV-29-0054,2026-01,2404810
RCT-29-0055,INV-29-0055,2026-01,2404810
RCT-29-0056,INV-29-0056,2026-01,2404810
RCT-29-0057,INV-29-0057,2026-01,2404810
RCT-29-0058,INV-29-0058,2026-01,2404810
RCT-29-0059,INV-29-0059,2026-01,2404810
RCT-29-0060,INV-29-0060,2026-01,2404810
RCT-29-0061,INV-29-0061,2026-01,2404810
RCT-29-0062,INV-29-0062,2026-01,2404810
RCT-29-0063,INV-29-0063,2026-01,2404810
RCT-29-0064,INV-29-0064,2026-01,2404810
RCT-29-0065,INV-29-0065,2026-01,2404810
RCT-29-0066,INV-29-0066,2026-01,2404810
RCT-29-0067,INV-29-0067,2026-01,2404810
RCT-29-0068,INV-29-0068,2026-01,2404810
RCT-29-0069,INV-29-0069,2026-01,2404810
RCT-29-0070,INV-29-0070,2026-01,2404810
RCT-29-0071,INV-29-0071,2026-01,2404810
RCT-29-0072,INV-29-0072,2026-01,2404810
RCT-29-0073,INV-29-0073,2026-01,2404810
RCT-29-0074,INV-29-0074,2026-01,2404810
RCT-29-0075,INV-29-0075,2026-01,2404810
RCT-29-0076,INV-29-0076,2026-01,2404810
RCT-29-0077,INV-29-0077,2026-01,2404810
RCT-29-0078,INV-29-0078,2026-01,2404810
RCT-29-0079,INV-29-0079,2026-01,2404810
RCT-29-0080,INV-29-0080,2026-01,2404810
RCT-29-0081,INV-29-0081,2026-01,2404810
RCT-29-0082,INV-29-0082,2026-01,2404810
RCT-29-0083,INV-29-0083,2026-01,2404810
RCT-29-0084,INV-29-0084,2026-01,2404810
RCT-29-0085,INV-29-0085,2026-01,2404810
RCT-29-0086,INV-29-0086,2026-01,2404810
RCT-29-0087,INV-29-0087,2026-01,2404810
RCT-29-0088,INV-29-0088,2026-01,2404810
RCT-29-0089,INV-29-0089,2026-01,2404810
RCT-29-0090,INV-29-0090,2026-01,2404810
RCT-29-0091,INV-29-0091,2026-01,2404810
RCT-29-0092,INV-29-0092,2026-01,2404810
RCT-29-0093,INV-29-0093,2026-01,2404810
RCT-29-0094,INV-29-0094,2026-01,2404810
RCT-29-0095,INV-29-0095,2026-01,2404810
RCT-29-0096,INV-29-0096,2026-01,2404810
RCT-29-0097,INV-29-0097,2026-01,2404810
RCT-29-0098,INV-29-0098,2026-01,2404810
RCT-29-0099,INV-29-0099,2026-01,2404810
RCT-29-0100,INV-29-0100,2026-01,2404810
RCT-29-0101,INV-29-0101,2026-01,2404810
RCT-29-0102,INV-29-0102,2026-01,2404810
RCT-29-0103,INV-29-0103,2026-01,2404810
RCT-29-0104,INV-29-0104,2026-01,2404810
RCT-29-0105,INV-29-0105,2026-01,2404810
RCT-29-0106,INV-29-0106,2026-01,2404810
RCT-29-0107,INV-29-0107,2026-01,2404810
RCT-29-0108,INV-29-0108,2026-01,2404810
RCT-29-0109,INV-29-0109,2026-01,2404810
RCT-29-0110,INV-29-0110,2026-01,2404810
RCT-29-0111,INV-29-0111,2026-01,2404810
RCT-29-0112,INV-29-0112,2026-01,2404810
RCT-29-0113,INV-29-0113,2026-01,2404810
RCT-29-0114,INV-29-0114,2026-01,2404810
RCT-29-0115,INV-29-0115,2026-01,2404810
RCT-29-0116,INV-29-0116,2026-01,2404810
RCT-29-0117,INV-29-0117,2026-01,2404810
RCT-29-0118,INV-29-0118,2026-01,2404810
RCT-29-0119,INV-29-0119,2026-01,2404810
RCT-29-0120,INV-29-0120,2026-01,2404810
RCT-29-0121,INV-29-0121,2026-01,2404810
RCT-29-0122,INV-29-0122,2026-01,2404810
RCT-29-0123,INV-29-0123,2026-01,2404810
RCT-29-0124,INV-29-0124,2026-01,2404810
RCT-29-0125,INV-29-0125,2026-01,2404810
RCT-29-0126,INV-29-0126,2026-01,2404810
RCT-29-0127,INV-29-0127,2026-01,2404810
RCT-29-0128,INV-29-0128,2026-01,2404810
RCT-29-0129,INV-29-0129,2026-01,2404810
RCT-29-0130,INV-29-0130,2026-01,2404810
RCT-29-0131,INV-29-0131,2026-01,2404810
RCT-29-0132,INV-29-0132,2026-01,2404810
RCT-29-0133,INV-29-0133,2026-01,2404810
RCT-29-0134,INV-29-0134,2026-01,2404810
RCT-29-0135,INV-29-0135,2026-01,2404810
RCT-29-0136,INV-29-0136,2026-01,2404810
RCT-29-0137,INV-29-0137,2026-01,2404810
RCT-29-0138,INV-29-0138,2026-01,2404810
RCT-29-0139,INV-29-0139,2026-01,2404810
RCT-29-0140,INV-29-0140,2026-01,2404810
RCT-29-0141,INV-29-0141,2026-01,2404810
RCT-29-0142,INV-29-0142,2026-01,2404810
RCT-29-0143,INV-29-0143,2026-01,2404810
RCT-29-0144,INV-29-0144,2026-01,2404810
RCT-29-0145,INV-29-0145,2026-01,2404810
RCT-29-0146,INV-29-0146,2026-01,2404810
RCT-29-0147,INV-29-0147,2026-01,2404810
RCT-29-0148,INV-29-0148,2026-01,2404810
RCT-29-0149,INV-29-0149,2026-01,2404810
RCT-29-0150,INV-29-0150,2026-01,2404810
RCT-29-0151,INV-29-0151,2026-01,2404810
RCT-29-0152,INV-29-0152,2026-01,2404810
RCT-29-0153,INV-29-0153,2026-01,2404810
RCT-29-0154,INV-29-0154,2026-01,2404810
RCT-29-0155,INV-29-0155,2026-01,2404810
RCT-29-0156,INV-29-0156,2026-01,2404810
RCT-29-0157,INV-29-0157,2026-01,2404810
RCT-29-0158,INV-29-0158,2026-01,2404810
RCT-29-0159,INV-29-0159,2026-01,2404810
RCT-29-0160,INV-29-0160,2026-01,2404810
RCT-29-0161,INV-29-0161,2026-01,2404810
RCT-29-0162,INV-29-0162,2026-01,2404810
RCT-29-0163,INV-29-0163,2026-01,2404810
RCT-29-0164,INV-29-0164,2026-01,2404810
RCT-29-0165,INV-29-0165,2026-01,2404810
RCT-29-0166,INV-29-0166,2026-01,2404810
RCT-29-0167,INV-29-0167,2026-01,2404810
RCT-29-0168,INV-29-0168,2026-01,2404810
RCT-29-0169,INV-29-0169,2026-01,2404810
RCT-29-0170,INV-29-0170,2026-01,2404810
RCT-29-0171,INV-29-0171,2026-01,2404810
RCT-29-0172,INV-29-0172,2026-01,2404810
RCT-29-0173,INV-29-0173,2026-01,2404810
RCT-29-0174,INV-29-0174,2026-01,2404810
RCT-29-0175,INV-29-0175,2026-01,2404810
RCT-29-0176,INV-29-0176,2026-01,2404810
RCT-29-0177,INV-29-0177,2026-01,2404810
RCT-29-0178,INV-29-0178,2026-01,2404810
RCT-29-0179,INV-29-0179,2026-01,2404810
RCT-29-0180,INV-29-0180,2026-01,2404810
RCT-29-0181,INV-29-0181,2026-01,2404810
RCT-29-0182,INV-29-0182,2026-01,2404810
RCT-29-0183,INV-29-0183,2026-01,2404810
RCT-29-0184,INV-29-0184,2026-01,2404810
RCT-29-0185,INV-29-0185,2026-01,2404810
RCT-29-0186,INV-29-0186,2026-01,2404810
RCT-29-0187,INV-29-0187,2026-01,2404810
RCT-29-0188,INV-29-0188,2026-01,2404810
RCT-29-0189,INV-29-0189,2026-01,2404810
RCT-29-0190,INV-29-0190,2026-01,2404810
RCT-29-0191,INV-29-0191,2026-01,2404810
RCT-29-0192,INV-29-0192,2026-01,2404810
RCT-29-0193,INV-29-0193,2026-01,2404810
RCT-29-0194,INV-29-0194,2026-01,2404810
RCT-29-0195,INV-29-0195,2026-01,2404810
RCT-29-0196,INV-29-0196,2026-01,2404810
RCT-29-0197,INV-29-0197,2026-01,2404810
RCT-29-0198,INV-29-0198,2026-01,2404810
RCT-29-0199,INV-29-0199,2026-01,2404810
RCT-29-0200,INV-29-0200,2026-01,2404810
RCT-29-0201,INV-29-0201,2026-01,2404810
RCT-29-0202,INV-29-0202,2026-01,2404810
RCT-29-0203,INV-29-0203,2026-01,2404810
RCT-29-0204,INV-29-0204,2026-01,2404810
RCT-29-0205,INV-29-0205,2026-01,2404810
RCT-29-0206,INV-29-0206,2026-01,2404810
RCT-29-0207,INV-29-0207,2026-01,2404810
RCT-29-0208,INV-29-0208,2026-01,2404810
RCT-29-0209,INV-29-0209,2026-01,2404810
RCT-29-0210,INV-29-0210,2026-01,2404810
RCT-29-0211,INV-29-0211,2026-01,2404810
RCT-29-0212,INV-29-0212,2026-01,2404810
RCT-29-0213,INV-29-0213,2026-01,2404810
RCT-29-0214,INV-29-0214,2026-01,2404810
RCT-29-0215,INV-29-0215,2026-01,2404810
RCT-29-0216,INV-29-0216,2026-01,2404810
RCT-29-0217,INV-29-0217,2026-01,2404810
RCT-29-0218,INV-29-0218,2026-01,2404810
RCT-29-0219,INV-29-0219,2026-01,2404810
RCT-29-0220,INV-29-0220,2026-01,2404810
RCT-29-0221,INV-29-0221,2026-01,2404810
RCT-29-0222,INV-29-0222,2026-01,2404810
RCT-29-0223,INV-29-0223,2026-01,2404810
RCT-29-0224,INV-29-0224,2026-01,2404810
RCT-29-0225,INV-29-0225,2026-01,2404810
RCT-29-0226,INV-29-0226,2026-01,2404810
RCT-29-0227,INV-29-0227,2026-01,2404810
RCT-29-0228,INV-29-0228,2026-01,2404810
RCT-29-0229,INV-29-0229,2026-01,2404810
RCT-29-0230,INV-29-0230,2026-01,2404810
RCT-29-0231,INV-29-0231,2026-01,2404810
RCT-29-0232,INV-29-0232,2026-01,2404810
RCT-29-0233,INV-29-0233,2026-01,2404810
RCT-29-0234,INV-29-0234,2026-01,2404810
RCT-29-0235,INV-29-0235,2026-01,2404810
RCT-29-0236,INV-29-0236,2026-01,2404810
RCT-29-0237,INV-29-0237,2026-01,2404810
RCT-29-0238,INV-29-0238,2026-01,2404810
RCT-29-0239,INV-29-0239,2026-01,2404810
RCT-29-0240,INV-29-0240,2026-01,2404810
RCT-29-0241,INV-29-0241,2026-01,2404810
RCT-29-0242,INV-29-0242,2026-01,2404810
RCT-29-0243,INV-29-0243,2026-01,2404810
RCT-29-0244,INV-29-0244,2026-01,2404810
RCT-29-0245,INV-29-0245,2026-01,2404810
RCT-29-0246,INV-29-0246,2026-01,2404810
RCT-29-0247,INV-29-0247,2026-01,2404810
RCT-29-0248,INV-29-0248,2026-01,2404810
RCT-29-0249,INV-29-0249,2026-01,2404810
RCT-29-0250,INV-29-0250,2026-01,2404810
RCT-29-0251,INV-29-0251,2026-01,2404810
RCT-29-0252,INV-29-0252,2026-01,2404810
RCT-29-0253,INV-29-0253,2026-01,2404810
RCT-29-0254,INV-29-0254,2026-01,2404810
RCT-29-0255,INV-29-0255,2026-01,2404810
RCT-29-0256,INV-29-0256,2026-01,2404810
RCT-29-0257,INV-29-0257,2026-01,2404810
RCT-29-0258,INV-29-0258,2026-01,2404810
RCT-29-0259,INV-29-0259,2026-01,2404810
RCT-29-0260,INV-29-0260,2026-01,2404810
RCT-29-0261,INV-29-0261,2026-01,2404810
RCT-29-0262,INV-29-0262,2026-01,2404810
RCT-29-0263,INV-29-0263,2026-01,2404810
RCT-29-0264,INV-29-0264,2026-01,2404810
RCT-29-0265,INV-29-0265,2026-01,2404810
RCT-29-0266,INV-29-0266,2026-01,2404810
RCT-29-0267,INV-29-0267,2026-01,2404810
RCT-29-0268,INV-29-0268,2026-01,2404810
RCT-29-0269,INV-29-0269,2026-01,2404810
RCT-29-0270,INV-29-0270,2026-01,2404810
RCT-29-0271,INV-29-0271,2026-01,2404810
RCT-29-0272,INV-29-0272,2026-01,2404810
RCT-29-0273,INV-29-0273,2026-01,2404810
RCT-29-0274,INV-29-0274,2026-01,2404810
RCT-29-0275,INV-29-0275,2026-01,2404810
RCT-29-0276,INV-29-0276,2026-01,2404810
RCT-29-0277,INV-29-0277,2026-01,2404810
RCT-29-0278,INV-29-0278,2026-01,2404810
RCT-29-0279,INV-29-0279,2026-01,2404810
RCT-29-0280,INV-29-0280,2026-01,2404810
RCT-29-0281,INV-29-0281,2026-01,2404810
RCT-29-0282,INV-29-0282,2026-01,2404810
RCT-29-0283,INV-29-0283,2026-01,2404810
RCT-29-0284,INV-29-0284,2026-01,2404810
RCT-29-0285,INV-29-0285,2026-01,2404810
RCT-29-0286,INV-29-0286,2026-01,2404810
RCT-29-0287,INV-29-0287,2026-01,2404810
RCT-29-0288,INV-29-0288,2026-01,2404810
RCT-29-0289,INV-29-0289,2026-01,2404810
RCT-29-0290,INV-29-0290,2026-01,2404810
RCT-29-0291,INV-29-0291,2026-01,2404810
RCT-29-0292,INV-29-0292,2026-01,2404810
RCT-29-0293,INV-29-0293,2026-01,2404810
RCT-29-0294,INV-29-0294,2026-01,2404810
RCT-29-0295,INV-29-0295,2026-01,2404810
RCT-29-0296,INV-29-0296,2026-01,2404810
RCT-29-0297,INV-29-0297,2026-01,2404810
RCT-29-0298,INV-29-0298,2026-01,2404810
RCT-29-0299,INV-29-0299,2026-01,2404810
RCT-29-0300,INV-29-0300,2026-01,2404810
RCT-29-0301,INV-29-0301,2026-01,2404810
RCT-29-0302,INV-29-0302,2026-01,2404810
RCT-29-0303,INV-29-0303,2026-01,2404810
RCT-29-0304,INV-29-0304,2026-01,2404810
RCT-29-0305,INV-29-0305,2026-01,2404810
RCT-29-0306,INV-29-0306,2026-01,2404810
RCT-29-0307,INV-29-0307,2026-01,2404810
RCT-29-0308,INV-29-0308,2026-01,2404810
RCT-29-0309,INV-29-0309,2026-01,2404810
RCT-29-0310,INV-29-0310,2026-01,2404810
RCT-29-0311,INV-29-0311,2026-01,2404809
RCT-29-0312,INV-29-0312,2026-01,2404809
RCT-29-0313,INV-29-0313,2026-01,2404809
RCT-29-0314,INV-29-0314,2026-01,2404809
RCT-29-0315,INV-29-0315,2026-01,2404809
RCT-29-0316,INV-29-0316,2026-01,2404809
RCT-29-0317,INV-29-0317,2026-01,2404809
RCT-29-0318,INV-29-0318,2026-01,2404809
RCT-29-0319,INV-29-0319,2026-01,2404809
RCT-29-0320,INV-29-0320,2026-01,2404809
RCT-29-0321,INV-29-0321,2026-01,2404809
RCT-29-0322,INV-29-0322,2026-01,2404809
RCT-29-0323,INV-29-0323,2026-01,2404809
RCT-29-0324,INV-29-0324,2026-01,2404809
RCT-29-0325,INV-29-0325,2026-01,2404809
RCT-29-0326,INV-29-0326,2026-01,2404809
RCT-29-0327,INV-29-0327,2026-01,2404809
RCT-29-0328,INV-29-0328,2026-01,2404809
RCT-29-0329,INV-29-0329,2026-01,2404809
RCT-29-0330,INV-29-0330,2026-01,2404809
RCT-29-0331,INV-29-0331,2026-01,2404809
RCT-29-0332,INV-29-0332,2026-01,2404809
RCT-29-0333,INV-29-0333,2026-01,2404809
RCT-29-0334,INV-29-0334,2026-01,2404809
RCT-29-0335,INV-29-0335,2026-01,2404809
RCT-29-0336,INV-29-0336,2026-01,2404809
RCT-29-0337,INV-29-0337,2026-01,2404809
RCT-29-0338,INV-29-0338,2026-01,2404809
RCT-29-0339,INV-29-0339,2026-01,2404809
RCT-29-0340,INV-29-0340,2026-01,2404809
RCT-29-0341,INV-29-0341,2026-01,2404809
RCT-29-0342,INV-29-0342,2026-01,2404809
RCT-29-0343,INV-29-0343,2026-01,2404809
RCT-29-0344,INV-29-0344,2026-01,2404809
RCT-29-0345,INV-29-0345,2026-01,2404809
RCT-29-0346,INV-29-0346,2026-01,2404809
RCT-29-0347,INV-29-0347,2026-01,2404809
RCT-29-0348,INV-29-0348,2026-01,2404809
RCT-29-0349,INV-29-0349,2026-01,2404809
RCT-29-0350,INV-29-0350,2026-01,2404809
RCT-29-0351,INV-29-0351,2026-01,2404809
RCT-29-0352,INV-29-0352,2026-01,2404809
RCT-29-0353,INV-29-0353,2026-01,2404809
RCT-29-0354,INV-29-0354,2026-01,2404809
RCT-29-0355,INV-29-0355,2026-01,2404809
RCT-29-0356,INV-29-0356,2026-01,2404809
RCT-29-0357,INV-29-0357,2026-01,2404809
RCT-29-0358,INV-29-0358,2026-01,2404809
RCT-29-0359,INV-29-0359,2026-01,2404809
RCT-29-0360,INV-29-0360,2026-01,2404809
RCT-29-0361,INV-29-0361,2026-01,2404809
RCT-29-0362,INV-29-0362,2026-01,2404809
RCT-29-0363,INV-29-0363,2026-01,2404809
RCT-29-0364,INV-29-0364,2026-01,2404809
RCT-29-0365,INV-29-0365,2026-01,2404809
RCT-29-0366,INV-29-0366,2026-01,2404809
RCT-29-0367,INV-29-0367,2026-01,2404809
RCT-29-0368,INV-29-0368,2026-01,2404809
RCT-29-0369,INV-29-0369,2026-01,2404809
RCT-29-0370,INV-29-0370,2026-01,2404809
RCT-29-0371,INV-29-0371,2026-01,2404809
RCT-29-0372,INV-29-0372,2026-01,2404809
RCT-29-0373,INV-29-0373,2026-01,2404809
RCT-29-0374,INV-29-0374,2026-01,2404809
RCT-29-0375,INV-29-0375,2026-01,2404809
RCT-29-0376,INV-29-0376,2026-01,2404809
RCT-29-0377,INV-29-0377,2026-01,2404809
RCT-29-0378,INV-29-0378,2026-01,2404809
RCT-29-0379,INV-29-0379,2026-01,2404809
RCT-29-0380,INV-29-0380,2026-01,2404809
RCT-29-0381,INV-29-0381,2026-01,2404809
RCT-29-0382,INV-29-0382,2026-01,2404809
RCT-29-0383,INV-29-0383,2026-01,2404809
RCT-29-0384,INV-29-0384,2026-01,2404809
RCT-29-0385,INV-29-0385,2026-01,2404809
RCT-29-0386,INV-29-0386,2026-01,2404809
RCT-29-0387,INV-29-0387,2026-01,2404809
RCT-29-0388,INV-29-0388,2026-01,2404809
RCT-29-0389,INV-29-0389,2026-01,2404809
RCT-29-0390,INV-29-0390,2026-01,2404809
RCT-29-0391,INV-29-0391,2026-01,2404809
RCT-29-0392,INV-29-0392,2026-01,2404809
RCT-29-0393,INV-29-0393,2026-01,2404809
RCT-29-0394,INV-29-0394,2026-01,2404809
RCT-29-0395,INV-29-0395,2026-01,2404809
RCT-29-0396,INV-29-0396,2026-01,2404809
RCT-29-0397,INV-29-0397,2026-01,2404809
RCT-29-0398,INV-29-0398,2026-01,2404809
RCT-29-0399,INV-29-0399,2026-01,2404809
RCT-29-0400,INV-29-0400,2026-01,2404809
RCT-29-0401,INV-29-0401,2026-01,2404809
RCT-29-0402,INV-29-0402,2026-01,2404809
RCT-29-0403,INV-29-0403,2026-01,2404809
RCT-29-0404,INV-29-0404,2026-01,2404809
RCT-29-0405,INV-29-0405,2026-01,2404809
RCT-29-0406,INV-29-0406,2026-01,2404809
RCT-29-0407,INV-29-0407,2026-01,2404809
RCT-29-0408,INV-29-0408,2026-01,2404809
RCT-29-0409,INV-29-0409,2026-01,2404809
RCT-29-0410,INV-29-0410,2026-01,2404809
RCT-29-0411,INV-29-0411,2026-01,2404809
RCT-29-0412,INV-29-0412,2026-01,2404809
RCT-29-0413,INV-29-0413,2026-01,2404809
RCT-29-0414,INV-29-0414,2026-01,2404809
RCT-29-0415,INV-29-0415,2026-01,2404809
RCT-29-0416,INV-29-0416,2026-01,2404809
RCT-29-0417,INV-29-0417,2026-01,2404809
RCT-29-0418,INV-29-0418,2026-01,2404809
RCT-29-0419,INV-29-0419,2026-01,2404809
RCT-29-0420,INV-29-0420,2026-01,2404809
RCT-29-0421,INV-29-0421,2026-01,2404809
RCT-29-0422,INV-29-0422,2026-01,2404809
RCT-29-0423,INV-29-0423,2026-01,2404809
RCT-29-0424,INV-29-0424,2026-01,2404809
RCT-29-0425,INV-29-0425,2026-01,2404809
RCT-29-0426,INV-29-0426,2026-01,2404809
RCT-29-0427,INV-29-0427,2026-01,2404809
RCT-29-0428,INV-29-0428,2026-01,2404809
RCT-29-0429,INV-29-0429,2026-01,2404809
RCT-29-0430,INV-29-0430,2026-01,2404809
RCT-29-0431,INV-29-0431,2026-01,2404809
RCT-29-0432,INV-29-0432,2026-01,2404809
RCT-29-0433,INV-29-0433,2026-01,2404809
RCT-29-0434,INV-29-0434,2026-01,2404809
RCT-29-0435,INV-29-0435,2026-01,2404809
RCT-29-0436,INV-29-0436,2026-01,2404809
RCT-29-0437,INV-29-0437,2026-01,2404809
RCT-29-0438,INV-29-0438,2026-01,2404809
RCT-29-0439,INV-29-0439,2026-01,2404809
RCT-29-0440,INV-29-0440,2026-01,2404809
RCT-29-0441,INV-29-0441,2026-01,2404809
RCT-29-0442,INV-29-0442,2026-01,2404809
RCT-29-0443,INV-29-0443,2026-01,2404809
RCT-29-0444,INV-29-0444,2026-01,2404809
RCT-29-0445,INV-29-0445,2026-01,2404809
RCT-29-0446,INV-29-0446,2026-01,2404809
RCT-29-0447,INV-29-0447,2026-01,2404809
RCT-29-0448,INV-29-0448,2026-01,2404809
RCT-29-0449,INV-29-0449,2026-01,2404809
RCT-29-0450,INV-29-0450,2026-01,2404809
RCT-29-0451,INV-29-0451,2026-01,2404809
RCT-29-0452,INV-29-0452,2026-01,2404809
RCT-29-0453,INV-29-0453,2026-01,2404809
RCT-29-0454,INV-29-0454,2026-01,2404809
RCT-29-0455,INV-29-0455,2026-01,2404809
RCT-29-0456,INV-29-0456,2026-01,2404809
RCT-29-0457,INV-29-0457,2026-01,2404809
RCT-29-0458,INV-29-0458,2026-01,2404809
RCT-29-0459,INV-29-0459,2026-01,2404809
RCT-29-0460,INV-29-0460,2026-01,2404809
RCT-29-0461,INV-29-0461,2026-01,2404809
RCT-29-0462,INV-29-0462,2026-01,2404809
RCT-29-0463,INV-29-0463,2026-01,2404809
RCT-29-0464,INV-29-0464,2026-01,2404809
RCT-29-0465,INV-29-0465,2026-01,2404809
RCT-29-0466,INV-29-0466,2026-01,2404809
RCT-29-0467,INV-29-0467,2026-01,2404809
RCT-29-0468,INV-29-0468,2026-01,2404809
RCT-29-0469,INV-29-0469,2026-01,2404809
RCT-29-0470,INV-29-0470,2026-01,2404809
RCT-29-0471,INV-29-0471,2026-01,2404809
RCT-29-0472,INV-29-0472,2026-01,2404809
RCT-29-0473,INV-29-0473,2026-01,2404809
RCT-29-0474,INV-29-0474,2026-01,2404809
RCT-29-0475,INV-29-0475,2026-01,2404809
RCT-29-0476,INV-29-0476,2026-01,2404809
RCT-29-0477,INV-29-0477,2026-01,2404809
RCT-29-0478,INV-29-0478,2026-01,2404809
RCT-29-0479,INV-29-0479,2026-01,2404809
RCT-29-0480,INV-29-0480,2026-01,2404809
RCT-29-0481,INV-29-0481,2026-01,2404809
RCT-29-0482,INV-29-0482,2026-01,2404809
RCT-29-0483,INV-29-0483,2026-01,2404809
RCT-29-0484,INV-29-0484,2026-01,2404809
RCT-29-0485,INV-29-0485,2026-01,2404809
RCT-29-0486,INV-29-0486,2026-01,2404809
RCT-29-0487,INV-29-0487,2026-01,2404809
RCT-29-0488,INV-29-0488,2026-01,2404809
RCT-29-0489,INV-29-0489,2026-01,2404809
RCT-29-0490,INV-29-0490,2026-01,2404809
RCT-29-0491,INV-29-0491,2026-01,2404809
RCT-29-0492,INV-29-0492,2026-01,2404809
RCT-29-0493,INV-29-0493,2026-01,2404809
RCT-29-0494,INV-29-0494,2026-01,2404809
RCT-29-0495,INV-29-0495,2026-01,2404809
RCT-29-0496,INV-29-0496,2026-01,2404809
RCT-29-0497,INV-29-0497,2026-01,2404809
RCT-29-0498,INV-29-0498,2026-01,2404809
RCT-29-0499,INV-29-0499,2026-01,2404809
RCT-29-0500,INV-29-0500,2026-01,2404809
RCT-29-SVC,INV-29-SVC,2026-01,183333334
RCT-30-0001,INV-30-0001,2026-02,300000000
RCT-30-0002,INV-30-0002,2026-02,2404810
RCT-30-0003,INV-30-0003,2026-02,2404810
RCT-30-0004,INV-30-0004,2026-02,2404810
RCT-30-0005,INV-30-0005,2026-02,2404810
RCT-30-0006,INV-30-0006,2026-02,2404810
RCT-30-0007,INV-30-0007,2026-02,2404810
RCT-30-0008,INV-30-0008,2026-02,2404810
RCT-30-0009,INV-30-0009,2026-02,2404810
RCT-30-0010,INV-30-0010,2026-02,2404810
RCT-30-0011,INV-30-0011,2026-02,2404810
RCT-30-0012,INV-30-0012,2026-02,2404810
RCT-30-0013,INV-30-0013,2026-02,2404810
RCT-30-0014,INV-30-0014,2026-02,2404810
RCT-30-0015,INV-30-0015,2026-02,2404810
RCT-30-0016,INV-30-0016,2026-02,2404810
RCT-30-0017,INV-30-0017,2026-02,2404810
RCT-30-0018,INV-30-0018,2026-02,2404810
RCT-30-0019,INV-30-0019,2026-02,2404810
RCT-30-0020,INV-30-0020,2026-02,2404810
RCT-30-0021,INV-30-0021,2026-02,2404810
RCT-30-0022,INV-30-0022,2026-02,2404810
RCT-30-0023,INV-30-0023,2026-02,2404810
RCT-30-0024,INV-30-0024,2026-02,2404810
RCT-30-0025,INV-30-0025,2026-02,2404810
RCT-30-0026,INV-30-0026,2026-02,2404810
RCT-30-0027,INV-30-0027,2026-02,2404810
RCT-30-0028,INV-30-0028,2026-02,2404810
RCT-30-0029,INV-30-0029,2026-02,2404810
RCT-30-0030,INV-30-0030,2026-02,2404810
RCT-30-0031,INV-30-0031,2026-02,2404810
RCT-30-0032,INV-30-0032,2026-02,2404810
RCT-30-0033,INV-30-0033,2026-02,2404810
RCT-30-0034,INV-30-0034,2026-02,2404810
RCT-30-0035,INV-30-0035,2026-02,2404810
RCT-30-0036,INV-30-0036,2026-02,2404810
RCT-30-0037,INV-30-0037,2026-02,2404810
RCT-30-0038,INV-30-0038,2026-02,2404810
RCT-30-0039,INV-30-0039,2026-02,2404810
RCT-30-0040,INV-30-0040,2026-02,2404810
RCT-30-0041,INV-30-0041,2026-02,2404810
RCT-30-0042,INV-30-0042,2026-02,2404810
RCT-30-0043,INV-30-0043,2026-02,2404810
RCT-30-0044,INV-30-0044,2026-02,2404810
RCT-30-0045,INV-30-0045,2026-02,2404810
RCT-30-0046,INV-30-0046,2026-02,2404810
RCT-30-0047,INV-30-0047,2026-02,2404810
RCT-30-0048,INV-30-0048,2026-02,2404810
RCT-30-0049,INV-30-0049,2026-02,2404810
RCT-30-0050,INV-30-0050,2026-02,2404810
RCT-30-0051,INV-30-0051,2026-02,2404810
RCT-30-0052,INV-30-0052,2026-02,2404810
RCT-30-0053,INV-30-0053,2026-02,2404810
RCT-30-0054,INV-30-0054,2026-02,2404810
RCT-30-0055,INV-30-0055,2026-02,2404810
RCT-30-0056,INV-30-0056,2026-02,2404810
RCT-30-0057,INV-30-0057,2026-02,2404810
RCT-30-0058,INV-30-0058,2026-02,2404810
RCT-30-0059,INV-30-0059,2026-02,2404810
RCT-30-0060,INV-30-0060,2026-02,2404810
RCT-30-0061,INV-30-0061,2026-02,2404810
RCT-30-0062,INV-30-0062,2026-02,2404810
RCT-30-0063,INV-30-0063,2026-02,2404810
RCT-30-0064,INV-30-0064,2026-02,2404810
RCT-30-0065,INV-30-0065,2026-02,2404810
RCT-30-0066,INV-30-0066,2026-02,2404810
RCT-30-0067,INV-30-0067,2026-02,2404810
RCT-30-0068,INV-30-0068,2026-02,2404810
RCT-30-0069,INV-30-0069,2026-02,2404810
RCT-30-0070,INV-30-0070,2026-02,2404810
RCT-30-0071,INV-30-0071,2026-02,2404810
RCT-30-0072,INV-30-0072,2026-02,2404810
RCT-30-0073,INV-30-0073,2026-02,2404810
RCT-30-0074,INV-30-0074,2026-02,2404810
RCT-30-0075,INV-30-0075,2026-02,2404810
RCT-30-0076,INV-30-0076,2026-02,2404810
RCT-30-0077,INV-30-0077,2026-02,2404810
RCT-30-0078,INV-30-0078,2026-02,2404810
RCT-30-0079,INV-30-0079,2026-02,2404810
RCT-30-0080,INV-30-0080,2026-02,2404810
RCT-30-0081,INV-30-0081,2026-02,2404810
RCT-30-0082,INV-30-0082,2026-02,2404810
RCT-30-0083,INV-30-0083,2026-02,2404810
RCT-30-0084,INV-30-0084,2026-02,2404810
RCT-30-0085,INV-30-0085,2026-02,2404810
RCT-30-0086,INV-30-0086,2026-02,2404810
RCT-30-0087,INV-30-0087,2026-02,2404810
RCT-30-0088,INV-30-0088,2026-02,2404810
RCT-30-0089,INV-30-0089,2026-02,2404810
RCT-30-0090,INV-30-0090,2026-02,2404810
RCT-30-0091,INV-30-0091,2026-02,2404810
RCT-30-0092,INV-30-0092,2026-02,2404810
RCT-30-0093,INV-30-0093,2026-02,2404810
RCT-30-0094,INV-30-0094,2026-02,2404810
RCT-30-0095,INV-30-0095,2026-02,2404810
RCT-30-0096,INV-30-0096,2026-02,2404810
RCT-30-0097,INV-30-0097,2026-02,2404810
RCT-30-0098,INV-30-0098,2026-02,2404810
RCT-30-0099,INV-30-0099,2026-02,2404810
RCT-30-0100,INV-30-0100,2026-02,2404810
RCT-30-0101,INV-30-0101,2026-02,2404810
RCT-30-0102,INV-30-0102,2026-02,2404810
RCT-30-0103,INV-30-0103,2026-02,2404810
RCT-30-0104,INV-30-0104,2026-02,2404810
RCT-30-0105,INV-30-0105,2026-02,2404810
RCT-30-0106,INV-30-0106,2026-02,2404810
RCT-30-0107,INV-30-0107,2026-02,2404810
RCT-30-0108,INV-30-0108,2026-02,2404810
RCT-30-0109,INV-30-0109,2026-02,2404810
RCT-30-0110,INV-30-0110,2026-02,2404810
RCT-30-0111,INV-30-0111,2026-02,2404810
RCT-30-0112,INV-30-0112,2026-02,2404810
RCT-30-0113,INV-30-0113,2026-02,2404810
RCT-30-0114,INV-30-0114,2026-02,2404810
RCT-30-0115,INV-30-0115,2026-02,2404810
RCT-30-0116,INV-30-0116,2026-02,2404810
RCT-30-0117,INV-30-0117,2026-02,2404810
RCT-30-0118,INV-30-0118,2026-02,2404810
RCT-30-0119,INV-30-0119,2026-02,2404810
RCT-30-0120,INV-30-0120,2026-02,2404810
RCT-30-0121,INV-30-0121,2026-02,2404810
RCT-30-0122,INV-30-0122,2026-02,2404810
RCT-30-0123,INV-30-0123,2026-02,2404810
RCT-30-0124,INV-30-0124,2026-02,2404810
RCT-30-0125,INV-30-0125,2026-02,2404810
RCT-30-0126,INV-30-0126,2026-02,2404810
RCT-30-0127,INV-30-0127,2026-02,2404810
RCT-30-0128,INV-30-0128,2026-02,2404810
RCT-30-0129,INV-30-0129,2026-02,2404810
RCT-30-0130,INV-30-0130,2026-02,2404810
RCT-30-0131,INV-30-0131,2026-02,2404810
RCT-30-0132,INV-30-0132,2026-02,2404810
RCT-30-0133,INV-30-0133,2026-02,2404810
RCT-30-0134,INV-30-0134,2026-02,2404810
RCT-30-0135,INV-30-0135,2026-02,2404810
RCT-30-0136,INV-30-0136,2026-02,2404810
RCT-30-0137,INV-30-0137,2026-02,2404810
RCT-30-0138,INV-30-0138,2026-02,2404810
RCT-30-0139,INV-30-0139,2026-02,2404810
RCT-30-0140,INV-30-0140,2026-02,2404810
RCT-30-0141,INV-30-0141,2026-02,2404810
RCT-30-0142,INV-30-0142,2026-02,2404810
RCT-30-0143,INV-30-0143,2026-02,2404810
RCT-30-0144,INV-30-0144,2026-02,2404810
RCT-30-0145,INV-30-0145,2026-02,2404810
RCT-30-0146,INV-30-0146,2026-02,2404810
RCT-30-0147,INV-30-0147,2026-02,2404810
RCT-30-0148,INV-30-0148,2026-02,2404810
RCT-30-0149,INV-30-0149,2026-02,2404810
RCT-30-0150,INV-30-0150,2026-02,2404810
RCT-30-0151,INV-30-0151,2026-02,2404810
RCT-30-0152,INV-30-0152,2026-02,2404810
RCT-30-0153,INV-30-0153,2026-02,2404810
RCT-30-0154,INV-30-0154,2026-02,2404810
RCT-30-0155,INV-30-0155,2026-02,2404810
RCT-30-0156,INV-30-0156,2026-02,2404810
RCT-30-0157,INV-30-0157,2026-02,2404810
RCT-30-0158,INV-30-0158,2026-02,2404810
RCT-30-0159,INV-30-0159,2026-02,2404810
RCT-30-0160,INV-30-0160,2026-02,2404810
RCT-30-0161,INV-30-0161,2026-02,2404810
RCT-30-0162,INV-30-0162,2026-02,2404810
RCT-30-0163,INV-30-0163,2026-02,2404810
RCT-30-0164,INV-30-0164,2026-02,2404810
RCT-30-0165,INV-30-0165,2026-02,2404810
RCT-30-0166,INV-30-0166,2026-02,2404810
RCT-30-0167,INV-30-0167,2026-02,2404810
RCT-30-0168,INV-30-0168,2026-02,2404810
RCT-30-0169,INV-30-0169,2026-02,2404810
RCT-30-0170,INV-30-0170,2026-02,2404810
RCT-30-0171,INV-30-0171,2026-02,2404810
RCT-30-0172,INV-30-0172,2026-02,2404810
RCT-30-0173,INV-30-0173,2026-02,2404810
RCT-30-0174,INV-30-0174,2026-02,2404810
RCT-30-0175,INV-30-0175,2026-02,2404810
RCT-30-0176,INV-30-0176,2026-02,2404810
RCT-30-0177,INV-30-0177,2026-02,2404810
RCT-30-0178,INV-30-0178,2026-02,2404810
RCT-30-0179,INV-30-0179,2026-02,2404810
RCT-30-0180,INV-30-0180,2026-02,2404810
RCT-30-0181,INV-30-0181,2026-02,2404810
RCT-30-0182,INV-30-0182,2026-02,2404810
RCT-30-0183,INV-30-0183,2026-02,2404810
RCT-30-0184,INV-30-0184,2026-02,2404810
RCT-30-0185,INV-30-0185,2026-02,2404810
RCT-30-0186,INV-30-0186,2026-02,2404810
RCT-30-0187,INV-30-0187,2026-02,2404810
RCT-30-0188,INV-30-0188,2026-02,2404810
RCT-30-0189,INV-30-0189,2026-02,2404810
RCT-30-0190,INV-30-0190,2026-02,2404810
RCT-30-0191,INV-30-0191,2026-02,2404810
RCT-30-0192,INV-30-0192,2026-02,2404810
RCT-30-0193,INV-30-0193,2026-02,2404810
RCT-30-0194,INV-30-0194,2026-02,2404810
RCT-30-0195,INV-30-0195,2026-02,2404810
RCT-30-0196,INV-30-0196,2026-02,2404810
RCT-30-0197,INV-30-0197,2026-02,2404810
RCT-30-0198,INV-30-0198,2026-02,2404810
RCT-30-0199,INV-30-0199,2026-02,2404810
RCT-30-0200,INV-30-0200,2026-02,2404810
RCT-30-0201,INV-30-0201,2026-02,2404810
RCT-30-0202,INV-30-0202,2026-02,2404810
RCT-30-0203,INV-30-0203,2026-02,2404810
RCT-30-0204,INV-30-0204,2026-02,2404810
RCT-30-0205,INV-30-0205,2026-02,2404810
RCT-30-0206,INV-30-0206,2026-02,2404810
RCT-30-0207,INV-30-0207,2026-02,2404810
RCT-30-0208,INV-30-0208,2026-02,2404810
RCT-30-0209,INV-30-0209,2026-02,2404810
RCT-30-0210,INV-30-0210,2026-02,2404810
RCT-30-0211,INV-30-0211,2026-02,2404810
RCT-30-0212,INV-30-0212,2026-02,2404810
RCT-30-0213,INV-30-0213,2026-02,2404810
RCT-30-0214,INV-30-0214,2026-02,2404810
RCT-30-0215,INV-30-0215,2026-02,2404810
RCT-30-0216,INV-30-0216,2026-02,2404810
RCT-30-0217,INV-30-0217,2026-02,2404810
RCT-30-0218,INV-30-0218,2026-02,2404810
RCT-30-0219,INV-30-0219,2026-02,2404810
RCT-30-0220,INV-30-0220,2026-02,2404810
RCT-30-0221,INV-30-0221,2026-02,2404810
RCT-30-0222,INV-30-0222,2026-02,2404810
RCT-30-0223,INV-30-0223,2026-02,2404810
RCT-30-0224,INV-30-0224,2026-02,2404810
RCT-30-0225,INV-30-0225,2026-02,2404810
RCT-30-0226,INV-30-0226,2026-02,2404810
RCT-30-0227,INV-30-0227,2026-02,2404810
RCT-30-0228,INV-30-0228,2026-02,2404810
RCT-30-0229,INV-30-0229,2026-02,2404810
RCT-30-0230,INV-30-0230,2026-02,2404810
RCT-30-0231,INV-30-0231,2026-02,2404810
RCT-30-0232,INV-30-0232,2026-02,2404810
RCT-30-0233,INV-30-0233,2026-02,2404810
RCT-30-0234,INV-30-0234,2026-02,2404810
RCT-30-0235,INV-30-0235,2026-02,2404810
RCT-30-0236,INV-30-0236,2026-02,2404810
RCT-30-0237,INV-30-0237,2026-02,2404810
RCT-30-0238,INV-30-0238,2026-02,2404810
RCT-30-0239,INV-30-0239,2026-02,2404810
RCT-30-0240,INV-30-0240,2026-02,2404810
RCT-30-0241,INV-30-0241,2026-02,2404810
RCT-30-0242,INV-30-0242,2026-02,2404810
RCT-30-0243,INV-30-0243,2026-02,2404810
RCT-30-0244,INV-30-0244,2026-02,2404810
RCT-30-0245,INV-30-0245,2026-02,2404810
RCT-30-0246,INV-30-0246,2026-02,2404810
RCT-30-0247,INV-30-0247,2026-02,2404810
RCT-30-0248,INV-30-0248,2026-02,2404810
RCT-30-0249,INV-30-0249,2026-02,2404810
RCT-30-0250,INV-30-0250,2026-02,2404810
RCT-30-0251,INV-30-0251,2026-02,2404810
RCT-30-0252,INV-30-0252,2026-02,2404810
RCT-30-0253,INV-30-0253,2026-02,2404810
RCT-30-0254,INV-30-0254,2026-02,2404810
RCT-30-0255,INV-30-0255,2026-02,2404810
RCT-30-0256,INV-30-0256,2026-02,2404810
RCT-30-0257,INV-30-0257,2026-02,2404810
RCT-30-0258,INV-30-0258,2026-02,2404810
RCT-30-0259,INV-30-0259,2026-02,2404810
RCT-30-0260,INV-30-0260,2026-02,2404810
RCT-30-0261,INV-30-0261,2026-02,2404810
RCT-30-0262,INV-30-0262,2026-02,2404810
RCT-30-0263,INV-30-0263,2026-02,2404810
RCT-30-0264,INV-30-0264,2026-02,2404810
RCT-30-0265,INV-30-0265,2026-02,2404810
RCT-30-0266,INV-30-0266,2026-02,2404810
RCT-30-0267,INV-30-0267,2026-02,2404810
RCT-30-0268,INV-30-0268,2026-02,2404810
RCT-30-0269,INV-30-0269,2026-02,2404810
RCT-30-0270,INV-30-0270,2026-02,2404810
RCT-30-0271,INV-30-0271,2026-02,2404810
RCT-30-0272,INV-30-0272,2026-02,2404810
RCT-30-0273,INV-30-0273,2026-02,2404810
RCT-30-0274,INV-30-0274,2026-02,2404810
RCT-30-0275,INV-30-0275,2026-02,2404810
RCT-30-0276,INV-30-0276,2026-02,2404810
RCT-30-0277,INV-30-0277,2026-02,2404810
RCT-30-0278,INV-30-0278,2026-02,2404810
RCT-30-0279,INV-30-0279,2026-02,2404810
RCT-30-0280,INV-30-0280,2026-02,2404810
RCT-30-0281,INV-30-0281,2026-02,2404810
RCT-30-0282,INV-30-0282,2026-02,2404810
RCT-30-0283,INV-30-0283,2026-02,2404810
RCT-30-0284,INV-30-0284,2026-02,2404810
RCT-30-0285,INV-30-0285,2026-02,2404810
RCT-30-0286,INV-30-0286,2026-02,2404810
RCT-30-0287,INV-30-0287,2026-02,2404810
RCT-30-0288,INV-30-0288,2026-02,2404810
RCT-30-0289,INV-30-0289,2026-02,2404810
RCT-30-0290,INV-30-0290,2026-02,2404810
RCT-30-0291,INV-30-0291,2026-02,2404810
RCT-30-0292,INV-30-0292,2026-02,2404810
RCT-30-0293,INV-30-0293,2026-02,2404810
RCT-30-0294,INV-30-0294,2026-02,2404810
RCT-30-0295,INV-30-0295,2026-02,2404810
RCT-30-0296,INV-30-0296,2026-02,2404810
RCT-30-0297,INV-30-0297,2026-02,2404810
RCT-30-0298,INV-30-0298,2026-02,2404810
RCT-30-0299,INV-30-0299,2026-02,2404810
RCT-30-0300,INV-30-0300,2026-02,2404810
RCT-30-0301,INV-30-0301,2026-02,2404810
RCT-30-0302,INV-30-0302,2026-02,2404810
RCT-30-0303,INV-30-0303,2026-02,2404810
RCT-30-0304,INV-30-0304,2026-02,2404810
RCT-30-0305,INV-30-0305,2026-02,2404810
RCT-30-0306,INV-30-0306,2026-02,2404810
RCT-30-0307,INV-30-0307,2026-02,2404810
RCT-30-0308,INV-30-0308,2026-02,2404810
RCT-30-0309,INV-30-0309,2026-02,2404810
RCT-30-0310,INV-30-0310,2026-02,2404810
RCT-30-0311,INV-30-0311,2026-02,2404809
RCT-30-0312,INV-30-0312,2026-02,2404809
RCT-30-0313,INV-30-0313,2026-02,2404809
RCT-30-0314,INV-30-0314,2026-02,2404809
RCT-30-0315,INV-30-0315,2026-02,2404809
RCT-30-0316,INV-30-0316,2026-02,2404809
RCT-30-0317,INV-30-0317,2026-02,2404809
RCT-30-0318,INV-30-0318,2026-02,2404809
RCT-30-0319,INV-30-0319,2026-02,2404809
RCT-30-0320,INV-30-0320,2026-02,2404809
RCT-30-0321,INV-30-0321,2026-02,2404809
RCT-30-0322,INV-30-0322,2026-02,2404809
RCT-30-0323,INV-30-0323,2026-02,2404809
RCT-30-0324,INV-30-0324,2026-02,2404809
RCT-30-0325,INV-30-0325,2026-02,2404809
RCT-30-0326,INV-30-0326,2026-02,2404809
RCT-30-0327,INV-30-0327,2026-02,2404809
RCT-30-0328,INV-30-0328,2026-02,2404809
RCT-30-0329,INV-30-0329,2026-02,2404809
RCT-30-0330,INV-30-0330,2026-02,2404809
RCT-30-0331,INV-30-0331,2026-02,2404809
RCT-30-0332,INV-30-0332,2026-02,2404809
RCT-30-0333,INV-30-0333,2026-02,2404809
RCT-30-0334,INV-30-0334,2026-02,2404809
RCT-30-0335,INV-30-0335,2026-02,2404809
RCT-30-0336,INV-30-0336,2026-02,2404809
RCT-30-0337,INV-30-0337,2026-02,2404809
RCT-30-0338,INV-30-0338,2026-02,2404809
RCT-30-0339,INV-30-0339,2026-02,2404809
RCT-30-0340,INV-30-0340,2026-02,2404809
RCT-30-0341,INV-30-0341,2026-02,2404809
RCT-30-0342,INV-30-0342,2026-02,2404809
RCT-30-0343,INV-30-0343,2026-02,2404809
RCT-30-0344,INV-30-0344,2026-02,2404809
RCT-30-0345,INV-30-0345,2026-02,2404809
RCT-30-0346,INV-30-0346,2026-02,2404809
RCT-30-0347,INV-30-0347,2026-02,2404809
RCT-30-0348,INV-30-0348,2026-02,2404809
RCT-30-0349,INV-30-0349,2026-02,2404809
RCT-30-0350,INV-30-0350,2026-02,2404809
RCT-30-0351,INV-30-0351,2026-02,2404809
RCT-30-0352,INV-30-0352,2026-02,2404809
RCT-30-0353,INV-30-0353,2026-02,2404809
RCT-30-0354,INV-30-0354,2026-02,2404809
RCT-30-0355,INV-30-0355,2026-02,2404809
RCT-30-0356,INV-30-0356,2026-02,2404809
RCT-30-0357,INV-30-0357,2026-02,2404809
RCT-30-0358,INV-30-0358,2026-02,2404809
RCT-30-0359,INV-30-0359,2026-02,2404809
RCT-30-0360,INV-30-0360,2026-02,2404809
RCT-30-0361,INV-30-0361,2026-02,2404809
RCT-30-0362,INV-30-0362,2026-02,2404809
RCT-30-0363,INV-30-0363,2026-02,2404809
RCT-30-0364,INV-30-0364,2026-02,2404809
RCT-30-0365,INV-30-0365,2026-02,2404809
RCT-30-0366,INV-30-0366,2026-02,2404809
RCT-30-0367,INV-30-0367,2026-02,2404809
RCT-30-0368,INV-30-0368,2026-02,2404809
RCT-30-0369,INV-30-0369,2026-02,2404809
RCT-30-0370,INV-30-0370,2026-02,2404809
RCT-30-0371,INV-30-0371,2026-02,2404809
RCT-30-0372,INV-30-0372,2026-02,2404809
RCT-30-0373,INV-30-0373,2026-02,2404809
RCT-30-0374,INV-30-0374,2026-02,2404809
RCT-30-0375,INV-30-0375,2026-02,2404809
RCT-30-0376,INV-30-0376,2026-02,2404809
RCT-30-0377,INV-30-0377,2026-02,2404809
RCT-30-0378,INV-30-0378,2026-02,2404809
RCT-30-0379,INV-30-0379,2026-02,2404809
RCT-30-0380,INV-30-0380,2026-02,2404809
RCT-30-0381,INV-30-0381,2026-02,2404809
RCT-30-0382,INV-30-0382,2026-02,2404809
RCT-30-0383,INV-30-0383,2026-02,2404809
RCT-30-0384,INV-30-0384,2026-02,2404809
RCT-30-0385,INV-30-0385,2026-02,2404809
RCT-30-0386,INV-30-0386,2026-02,2404809
RCT-30-0387,INV-30-0387,2026-02,2404809
RCT-30-0388,INV-30-0388,2026-02,2404809
RCT-30-0389,INV-30-0389,2026-02,2404809
RCT-30-0390,INV-30-0390,2026-02,2404809
RCT-30-0391,INV-30-0391,2026-02,2404809
RCT-30-0392,INV-30-0392,2026-02,2404809
RCT-30-0393,INV-30-0393,2026-02,2404809
RCT-30-0394,INV-30-0394,2026-02,2404809
RCT-30-0395,INV-30-0395,2026-02,2404809
RCT-30-0396,INV-30-0396,2026-02,2404809
RCT-30-0397,INV-30-0397,2026-02,2404809
RCT-30-0398,INV-30-0398,2026-02,2404809
RCT-30-0399,INV-30-0399,2026-02,2404809
RCT-30-0400,INV-30-0400,2026-02,2404809
RCT-30-0401,INV-30-0401,2026-02,2404809
RCT-30-0402,INV-30-0402,2026-02,2404809
RCT-30-0403,INV-30-0403,2026-02,2404809
RCT-30-0404,INV-30-0404,2026-02,2404809
RCT-30-0405,INV-30-0405,2026-02,2404809
RCT-30-0406,INV-30-0406,2026-02,2404809
RCT-30-0407,INV-30-0407,2026-02,2404809
RCT-30-0408,INV-30-0408,2026-02,2404809
RCT-30-0409,INV-30-0409,2026-02,2404809
RCT-30-0410,INV-30-0410,2026-02,2404809
RCT-30-0411,INV-30-0411,2026-02,2404809
RCT-30-0412,INV-30-0412,2026-02,2404809
RCT-30-0413,INV-30-0413,2026-02,2404809
RCT-30-0414,INV-30-0414,2026-02,2404809
RCT-30-0415,INV-30-0415,2026-02,2404809
RCT-30-0416,INV-30-0416,2026-02,2404809
RCT-30-0417,INV-30-0417,2026-02,2404809
RCT-30-0418,INV-30-0418,2026-02,2404809
RCT-30-0419,INV-30-0419,2026-02,2404809
RCT-30-0420,INV-30-0420,2026-02,2404809
RCT-30-0421,INV-30-0421,2026-02,2404809
RCT-30-0422,INV-30-0422,2026-02,2404809
RCT-30-0423,INV-30-0423,2026-02,2404809
RCT-30-0424,INV-30-0424,2026-02,2404809
RCT-30-0425,INV-30-0425,2026-02,2404809
RCT-30-0426,INV-30-0426,2026-02,2404809
RCT-30-0427,INV-30-0427,2026-02,2404809
RCT-30-0428,INV-30-0428,2026-02,2404809
RCT-30-0429,INV-30-0429,2026-02,2404809
RCT-30-0430,INV-30-0430,2026-02,2404809
RCT-30-0431,INV-30-0431,2026-02,2404809
RCT-30-0432,INV-30-0432,2026-02,2404809
RCT-30-0433,INV-30-0433,2026-02,2404809
RCT-30-0434,INV-30-0434,2026-02,2404809
RCT-30-0435,INV-30-0435,2026-02,2404809
RCT-30-0436,INV-30-0436,2026-02,2404809
RCT-30-0437,INV-30-0437,2026-02,2404809
RCT-30-0438,INV-30-0438,2026-02,2404809
RCT-30-0439,INV-30-0439,2026-02,2404809
RCT-30-0440,INV-30-0440,2026-02,2404809
RCT-30-0441,INV-30-0441,2026-02,2404809
RCT-30-0442,INV-30-0442,2026-02,2404809
RCT-30-0443,INV-30-0443,2026-02,2404809
RCT-30-0444,INV-30-0444,2026-02,2404809
RCT-30-0445,INV-30-0445,2026-02,2404809
RCT-30-0446,INV-30-0446,2026-02,2404809
RCT-30-0447,INV-30-0447,2026-02,2404809
RCT-30-0448,INV-30-0448,2026-02,2404809
RCT-30-0449,INV-30-0449,2026-02,2404809
RCT-30-0450,INV-30-0450,2026-02,2404809
RCT-30-0451,INV-30-0451,2026-02,2404809
RCT-30-0452,INV-30-0452,2026-02,2404809
RCT-30-0453,INV-30-0453,2026-02,2404809
RCT-30-0454,INV-30-0454,2026-02,2404809
RCT-30-0455,INV-30-0455,2026-02,2404809
RCT-30-0456,INV-30-0456,2026-02,2404809
RCT-30-0457,INV-30-0457,2026-02,2404809
RCT-30-0458,INV-30-0458,2026-02,2404809
RCT-30-0459,INV-30-0459,2026-02,2404809
RCT-30-0460,INV-30-0460,2026-02,2404809
RCT-30-0461,INV-30-0461,2026-02,2404809
RCT-30-0462,INV-30-0462,2026-02,2404809
RCT-30-0463,INV-30-0463,2026-02,2404809
RCT-30-0464,INV-30-0464,2026-02,2404809
RCT-30-0465,INV-30-0465,2026-02,2404809
RCT-30-0466,INV-30-0466,2026-02,2404809
RCT-30-0467,INV-30-0467,2026-02,2404809
RCT-30-0468,INV-30-0468,2026-02,2404809
RCT-30-0469,INV-30-0469,2026-02,2404809
RCT-30-0470,INV-30-0470,2026-02,2404809
RCT-30-0471,INV-30-0471,2026-02,2404809
RCT-30-0472,INV-30-0472,2026-02,2404809
RCT-30-0473,INV-30-0473,2026-02,2404809
RCT-30-0474,INV-30-0474,2026-02,2404809
RCT-30-0475,INV-30-0475,2026-02,2404809
RCT-30-0476,INV-30-0476,2026-02,2404809
RCT-30-0477,INV-30-0477,2026-02,2404809
RCT-30-0478,INV-30-0478,2026-02,2404809
RCT-30-0479,INV-30-0479,2026-02,2404809
RCT-30-0480,INV-30-0480,2026-02,2404809
RCT-30-0481,INV-30-0481,2026-02,2404809
RCT-30-0482,INV-30-0482,2026-02,2404809
RCT-30-0483,INV-30-0483,2026-02,2404809
RCT-30-0484,INV-30-0484,2026-02,2404809
RCT-30-0485,INV-30-0485,2026-02,2404809
RCT-30-0486,INV-30-0486,2026-02,2404809
RCT-30-0487,INV-30-0487,2026-02,2404809
RCT-30-0488,INV-30-0488,2026-02,2404809
RCT-30-0489,INV-30-0489,2026-02,2404809
RCT-30-0490,INV-30-0490,2026-02,2404809
RCT-30-0491,INV-30-0491,2026-02,2404809
RCT-30-0492,INV-30-0492,2026-02,2404809
RCT-30-0493,INV-30-0493,2026-02,2404809
RCT-30-0494,INV-30-0494,2026-02,2404809
RCT-30-0495,INV-30-0495,2026-02,2404809
RCT-30-0496,INV-30-0496,2026-02,2404809
RCT-30-0497,INV-30-0497,2026-02,2404809
RCT-30-0498,INV-30-0498,2026-02,2404809
RCT-30-0499,INV-30-0499,2026-02,2404809
RCT-30-0500,INV-30-0500,2026-02,2404809
RCT-30-SVC,INV-30-SVC,2026-02,183333334
RCT-31-0001,INV-31-0001,2026-03,300000000
RCT-31-0002,INV-31-0002,2026-03,2404810
RCT-31-0003,INV-31-0003,2026-03,2404810
RCT-31-0004,INV-31-0004,2026-03,2404810
RCT-31-0005,INV-31-0005,2026-03,2404810
RCT-31-0006,INV-31-0006,2026-03,2404810
RCT-31-0007,INV-31-0007,2026-03,2404810
RCT-31-0008,INV-31-0008,2026-03,2404810
RCT-31-0009,INV-31-0009,2026-03,2404810
RCT-31-0010,INV-31-0010,2026-03,2404810
RCT-31-0011,INV-31-0011,2026-03,2404810
RCT-31-0012,INV-31-0012,2026-03,2404810
RCT-31-0013,INV-31-0013,2026-03,2404810
RCT-31-0014,INV-31-0014,2026-03,2404810
RCT-31-0015,INV-31-0015,2026-03,2404810
RCT-31-0016,INV-31-0016,2026-03,2404810
RCT-31-0017,INV-31-0017,2026-03,2404810
RCT-31-0018,INV-31-0018,2026-03,2404810
RCT-31-0019,INV-31-0019,2026-03,2404810
RCT-31-0020,INV-31-0020,2026-03,2404810
RCT-31-0021,INV-31-0021,2026-03,2404810
RCT-31-0022,INV-31-0022,2026-03,2404810
RCT-31-0023,INV-31-0023,2026-03,2404810
RCT-31-0024,INV-31-0024,2026-03,2404810
RCT-31-0025,INV-31-0025,2026-03,2404810
RCT-31-0026,INV-31-0026,2026-03,2404810
RCT-31-0027,INV-31-0027,2026-03,2404810
RCT-31-0028,INV-31-0028,2026-03,2404810
RCT-31-0029,INV-31-0029,2026-03,2404810
RCT-31-0030,INV-31-0030,2026-03,2404810
RCT-31-0031,INV-31-0031,2026-03,2404810
RCT-31-0032,INV-31-0032,2026-03,2404810
RCT-31-0033,INV-31-0033,2026-03,2404810
RCT-31-0034,INV-31-0034,2026-03,2404810
RCT-31-0035,INV-31-0035,2026-03,2404810
RCT-31-0036,INV-31-0036,2026-03,2404810
RCT-31-0037,INV-31-0037,2026-03,2404810
RCT-31-0038,INV-31-0038,2026-03,2404810
RCT-31-0039,INV-31-0039,2026-03,2404810
RCT-31-0040,INV-31-0040,2026-03,2404810
RCT-31-0041,INV-31-0041,2026-03,2404810
RCT-31-0042,INV-31-0042,2026-03,2404810
RCT-31-0043,INV-31-0043,2026-03,2404810
RCT-31-0044,INV-31-0044,2026-03,2404810
RCT-31-0045,INV-31-0045,2026-03,2404810
RCT-31-0046,INV-31-0046,2026-03,2404810
RCT-31-0047,INV-31-0047,2026-03,2404810
RCT-31-0048,INV-31-0048,2026-03,2404810
RCT-31-0049,INV-31-0049,2026-03,2404810
RCT-31-0050,INV-31-0050,2026-03,2404810
RCT-31-0051,INV-31-0051,2026-03,2404810
RCT-31-0052,INV-31-0052,2026-03,2404810
RCT-31-0053,INV-31-0053,2026-03,2404810
RCT-31-0054,INV-31-0054,2026-03,2404810
RCT-31-0055,INV-31-0055,2026-03,2404810
RCT-31-0056,INV-31-0056,2026-03,2404810
RCT-31-0057,INV-31-0057,2026-03,2404810
RCT-31-0058,INV-31-0058,2026-03,2404810
RCT-31-0059,INV-31-0059,2026-03,2404810
RCT-31-0060,INV-31-0060,2026-03,2404810
RCT-31-0061,INV-31-0061,2026-03,2404810
RCT-31-0062,INV-31-0062,2026-03,2404810
RCT-31-0063,INV-31-0063,2026-03,2404810
RCT-31-0064,INV-31-0064,2026-03,2404810
RCT-31-0065,INV-31-0065,2026-03,2404810
RCT-31-0066,INV-31-0066,2026-03,2404810
RCT-31-0067,INV-31-0067,2026-03,2404810
RCT-31-0068,INV-31-0068,2026-03,2404810
RCT-31-0069,INV-31-0069,2026-03,2404810
RCT-31-0070,INV-31-0070,2026-03,2404810
RCT-31-0071,INV-31-0071,2026-03,2404810
RCT-31-0072,INV-31-0072,2026-03,2404810
RCT-31-0073,INV-31-0073,2026-03,2404810
RCT-31-0074,INV-31-0074,2026-03,2404810
RCT-31-0075,INV-31-0075,2026-03,2404810
RCT-31-0076,INV-31-0076,2026-03,2404810
RCT-31-0077,INV-31-0077,2026-03,2404810
RCT-31-0078,INV-31-0078,2026-03,2404810
RCT-31-0079,INV-31-0079,2026-03,2404810
RCT-31-0080,INV-31-0080,2026-03,2404810
RCT-31-0081,INV-31-0081,2026-03,2404810
RCT-31-0082,INV-31-0082,2026-03,2404810
RCT-31-0083,INV-31-0083,2026-03,2404810
RCT-31-0084,INV-31-0084,2026-03,2404810
RCT-31-0085,INV-31-0085,2026-03,2404810
RCT-31-0086,INV-31-0086,2026-03,2404810
RCT-31-0087,INV-31-0087,2026-03,2404810
RCT-31-0088,INV-31-0088,2026-03,2404810
RCT-31-0089,INV-31-0089,2026-03,2404810
RCT-31-0090,INV-31-0090,2026-03,2404810
RCT-31-0091,INV-31-0091,2026-03,2404810
RCT-31-0092,INV-31-0092,2026-03,2404810
RCT-31-0093,INV-31-0093,2026-03,2404810
RCT-31-0094,INV-31-0094,2026-03,2404810
RCT-31-0095,INV-31-0095,2026-03,2404810
RCT-31-0096,INV-31-0096,2026-03,2404810
RCT-31-0097,INV-31-0097,2026-03,2404810
RCT-31-0098,INV-31-0098,2026-03,2404810
RCT-31-0099,INV-31-0099,2026-03,2404810
RCT-31-0100,INV-31-0100,2026-03,2404810
RCT-31-0101,INV-31-0101,2026-03,2404810
RCT-31-0102,INV-31-0102,2026-03,2404810
RCT-31-0103,INV-31-0103,2026-03,2404810
RCT-31-0104,INV-31-0104,2026-03,2404810
RCT-31-0105,INV-31-0105,2026-03,2404810
RCT-31-0106,INV-31-0106,2026-03,2404810
RCT-31-0107,INV-31-0107,2026-03,2404810
RCT-31-0108,INV-31-0108,2026-03,2404810
RCT-31-0109,INV-31-0109,2026-03,2404810
RCT-31-0110,INV-31-0110,2026-03,2404810
RCT-31-0111,INV-31-0111,2026-03,2404810
RCT-31-0112,INV-31-0112,2026-03,2404810
RCT-31-0113,INV-31-0113,2026-03,2404810
RCT-31-0114,INV-31-0114,2026-03,2404810
RCT-31-0115,INV-31-0115,2026-03,2404810
RCT-31-0116,INV-31-0116,2026-03,2404810
RCT-31-0117,INV-31-0117,2026-03,2404810
RCT-31-0118,INV-31-0118,2026-03,2404810
RCT-31-0119,INV-31-0119,2026-03,2404810
RCT-31-0120,INV-31-0120,2026-03,2404810
RCT-31-0121,INV-31-0121,2026-03,2404810
RCT-31-0122,INV-31-0122,2026-03,2404810
RCT-31-0123,INV-31-0123,2026-03,2404810
RCT-31-0124,INV-31-0124,2026-03,2404810
RCT-31-0125,INV-31-0125,2026-03,2404810
RCT-31-0126,INV-31-0126,2026-03,2404810
RCT-31-0127,INV-31-0127,2026-03,2404810
RCT-31-0128,INV-31-0128,2026-03,2404810
RCT-31-0129,INV-31-0129,2026-03,2404810
RCT-31-0130,INV-31-0130,2026-03,2404810
RCT-31-0131,INV-31-0131,2026-03,2404810
RCT-31-0132,INV-31-0132,2026-03,2404810
RCT-31-0133,INV-31-0133,2026-03,2404810
RCT-31-0134,INV-31-0134,2026-03,2404810
RCT-31-0135,INV-31-0135,2026-03,2404810
RCT-31-0136,INV-31-0136,2026-03,2404810
RCT-31-0137,INV-31-0137,2026-03,2404810
RCT-31-0138,INV-31-0138,2026-03,2404810
RCT-31-0139,INV-31-0139,2026-03,2404810
RCT-31-0140,INV-31-0140,2026-03,2404810
RCT-31-0141,INV-31-0141,2026-03,2404810
RCT-31-0142,INV-31-0142,2026-03,2404810
RCT-31-0143,INV-31-0143,2026-03,2404810
RCT-31-0144,INV-31-0144,2026-03,2404810
RCT-31-0145,INV-31-0145,2026-03,2404810
RCT-31-0146,INV-31-0146,2026-03,2404810
RCT-31-0147,INV-31-0147,2026-03,2404810
RCT-31-0148,INV-31-0148,2026-03,2404810
RCT-31-0149,INV-31-0149,2026-03,2404810
RCT-31-0150,INV-31-0150,2026-03,2404810
RCT-31-0151,INV-31-0151,2026-03,2404810
RCT-31-0152,INV-31-0152,2026-03,2404810
RCT-31-0153,INV-31-0153,2026-03,2404810
RCT-31-0154,INV-31-0154,2026-03,2404810
RCT-31-0155,INV-31-0155,2026-03,2404810
RCT-31-0156,INV-31-0156,2026-03,2404810
RCT-31-0157,INV-31-0157,2026-03,2404810
RCT-31-0158,INV-31-0158,2026-03,2404810
RCT-31-0159,INV-31-0159,2026-03,2404810
RCT-31-0160,INV-31-0160,2026-03,2404810
RCT-31-0161,INV-31-0161,2026-03,2404810
RCT-31-0162,INV-31-0162,2026-03,2404810
RCT-31-0163,INV-31-0163,2026-03,2404810
RCT-31-0164,INV-31-0164,2026-03,2404810
RCT-31-0165,INV-31-0165,2026-03,2404810
RCT-31-0166,INV-31-0166,2026-03,2404810
RCT-31-0167,INV-31-0167,2026-03,2404810
RCT-31-0168,INV-31-0168,2026-03,2404810
RCT-31-0169,INV-31-0169,2026-03,2404810
RCT-31-0170,INV-31-0170,2026-03,2404810
RCT-31-0171,INV-31-0171,2026-03,2404810
RCT-31-0172,INV-31-0172,2026-03,2404810
RCT-31-0173,INV-31-0173,2026-03,2404810
RCT-31-0174,INV-31-0174,2026-03,2404810
RCT-31-0175,INV-31-0175,2026-03,2404810
RCT-31-0176,INV-31-0176,2026-03,2404810
RCT-31-0177,INV-31-0177,2026-03,2404810
RCT-31-0178,INV-31-0178,2026-03,2404810
RCT-31-0179,INV-31-0179,2026-03,2404810
RCT-31-0180,INV-31-0180,2026-03,2404810
RCT-31-0181,INV-31-0181,2026-03,2404810
RCT-31-0182,INV-31-0182,2026-03,2404810
RCT-31-0183,INV-31-0183,2026-03,2404810
RCT-31-0184,INV-31-0184,2026-03,2404810
RCT-31-0185,INV-31-0185,2026-03,2404810
RCT-31-0186,INV-31-0186,2026-03,2404810
RCT-31-0187,INV-31-0187,2026-03,2404810
RCT-31-0188,INV-31-0188,2026-03,2404810
RCT-31-0189,INV-31-0189,2026-03,2404810
RCT-31-0190,INV-31-0190,2026-03,2404810
RCT-31-0191,INV-31-0191,2026-03,2404810
RCT-31-0192,INV-31-0192,2026-03,2404810
RCT-31-0193,INV-31-0193,2026-03,2404810
RCT-31-0194,INV-31-0194,2026-03,2404810
RCT-31-0195,INV-31-0195,2026-03,2404810
RCT-31-0196,INV-31-0196,2026-03,2404810
RCT-31-0197,INV-31-0197,2026-03,2404810
RCT-31-0198,INV-31-0198,2026-03,2404810
RCT-31-0199,INV-31-0199,2026-03,2404810
RCT-31-0200,INV-31-0200,2026-03,2404810
RCT-31-0201,INV-31-0201,2026-03,2404810
RCT-31-0202,INV-31-0202,2026-03,2404810
RCT-31-0203,INV-31-0203,2026-03,2404810
RCT-31-0204,INV-31-0204,2026-03,2404810
RCT-31-0205,INV-31-0205,2026-03,2404810
RCT-31-0206,INV-31-0206,2026-03,2404810
RCT-31-0207,INV-31-0207,2026-03,2404810
RCT-31-0208,INV-31-0208,2026-03,2404810
RCT-31-0209,INV-31-0209,2026-03,2404810
RCT-31-0210,INV-31-0210,2026-03,2404810
RCT-31-0211,INV-31-0211,2026-03,2404810
RCT-31-0212,INV-31-0212,2026-03,2404810
RCT-31-0213,INV-31-0213,2026-03,2404810
RCT-31-0214,INV-31-0214,2026-03,2404810
RCT-31-0215,INV-31-0215,2026-03,2404810
RCT-31-0216,INV-31-0216,2026-03,2404810
RCT-31-0217,INV-31-0217,2026-03,2404810
RCT-31-0218,INV-31-0218,2026-03,2404810
RCT-31-0219,INV-31-0219,2026-03,2404810
RCT-31-0220,INV-31-0220,2026-03,2404810
RCT-31-0221,INV-31-0221,2026-03,2404810
RCT-31-0222,INV-31-0222,2026-03,2404810
RCT-31-0223,INV-31-0223,2026-03,2404810
RCT-31-0224,INV-31-0224,2026-03,2404810
RCT-31-0225,INV-31-0225,2026-03,2404810
RCT-31-0226,INV-31-0226,2026-03,2404810
RCT-31-0227,INV-31-0227,2026-03,2404810
RCT-31-0228,INV-31-0228,2026-03,2404810
RCT-31-0229,INV-31-0229,2026-03,2404810
RCT-31-0230,INV-31-0230,2026-03,2404810
RCT-31-0231,INV-31-0231,2026-03,2404810
RCT-31-0232,INV-31-0232,2026-03,2404810
RCT-31-0233,INV-31-0233,2026-03,2404810
RCT-31-0234,INV-31-0234,2026-03,2404810
RCT-31-0235,INV-31-0235,2026-03,2404810
RCT-31-0236,INV-31-0236,2026-03,2404810
RCT-31-0237,INV-31-0237,2026-03,2404810
RCT-31-0238,INV-31-0238,2026-03,2404810
RCT-31-0239,INV-31-0239,2026-03,2404810
RCT-31-0240,INV-31-0240,2026-03,2404810
RCT-31-0241,INV-31-0241,2026-03,2404810
RCT-31-0242,INV-31-0242,2026-03,2404810
RCT-31-0243,INV-31-0243,2026-03,2404810
RCT-31-0244,INV-31-0244,2026-03,2404810
RCT-31-0245,INV-31-0245,2026-03,2404810
RCT-31-0246,INV-31-0246,2026-03,2404810
RCT-31-0247,INV-31-0247,2026-03,2404810
RCT-31-0248,INV-31-0248,2026-03,2404810
RCT-31-0249,INV-31-0249,2026-03,2404810
RCT-31-0250,INV-31-0250,2026-03,2404810
RCT-31-0251,INV-31-0251,2026-03,2404810
RCT-31-0252,INV-31-0252,2026-03,2404810
RCT-31-0253,INV-31-0253,2026-03,2404810
RCT-31-0254,INV-31-0254,2026-03,2404810
RCT-31-0255,INV-31-0255,2026-03,2404810
RCT-31-0256,INV-31-0256,2026-03,2404810
RCT-31-0257,INV-31-0257,2026-03,2404810
RCT-31-0258,INV-31-0258,2026-03,2404810
RCT-31-0259,INV-31-0259,2026-03,2404810
RCT-31-0260,INV-31-0260,2026-03,2404810
RCT-31-0261,INV-31-0261,2026-03,2404810
RCT-31-0262,INV-31-0262,2026-03,2404810
RCT-31-0263,INV-31-0263,2026-03,2404810
RCT-31-0264,INV-31-0264,2026-03,2404810
RCT-31-0265,INV-31-0265,2026-03,2404810
RCT-31-0266,INV-31-0266,2026-03,2404810
RCT-31-0267,INV-31-0267,2026-03,2404810
RCT-31-0268,INV-31-0268,2026-03,2404810
RCT-31-0269,INV-31-0269,2026-03,2404810
RCT-31-0270,INV-31-0270,2026-03,2404810
RCT-31-0271,INV-31-0271,2026-03,2404810
RCT-31-0272,INV-31-0272,2026-03,2404810
RCT-31-0273,INV-31-0273,2026-03,2404810
RCT-31-0274,INV-31-0274,2026-03,2404810
RCT-31-0275,INV-31-0275,2026-03,2404810
RCT-31-0276,INV-31-0276,2026-03,2404810
RCT-31-0277,INV-31-0277,2026-03,2404810
RCT-31-0278,INV-31-0278,2026-03,2404810
RCT-31-0279,INV-31-0279,2026-03,2404810
RCT-31-0280,INV-31-0280,2026-03,2404810
RCT-31-0281,INV-31-0281,2026-03,2404810
RCT-31-0282,INV-31-0282,2026-03,2404810
RCT-31-0283,INV-31-0283,2026-03,2404810
RCT-31-0284,INV-31-0284,2026-03,2404810
RCT-31-0285,INV-31-0285,2026-03,2404810
RCT-31-0286,INV-31-0286,2026-03,2404810
RCT-31-0287,INV-31-0287,2026-03,2404810
RCT-31-0288,INV-31-0288,2026-03,2404810
RCT-31-0289,INV-31-0289,2026-03,2404810
RCT-31-0290,INV-31-0290,2026-03,2404810
RCT-31-0291,INV-31-0291,2026-03,2404810
RCT-31-0292,INV-31-0292,2026-03,2404810
RCT-31-0293,INV-31-0293,2026-03,2404810
RCT-31-0294,INV-31-0294,2026-03,2404810
RCT-31-0295,INV-31-0295,2026-03,2404810
RCT-31-0296,INV-31-0296,2026-03,2404810
RCT-31-0297,INV-31-0297,2026-03,2404810
RCT-31-0298,INV-31-0298,2026-03,2404810
RCT-31-0299,INV-31-0299,2026-03,2404810
RCT-31-0300,INV-31-0300,2026-03,2404810
RCT-31-0301,INV-31-0301,2026-03,2404810
RCT-31-0302,INV-31-0302,2026-03,2404810
RCT-31-0303,INV-31-0303,2026-03,2404810
RCT-31-0304,INV-31-0304,2026-03,2404810
RCT-31-0305,INV-31-0305,2026-03,2404810
RCT-31-0306,INV-31-0306,2026-03,2404810
RCT-31-0307,INV-31-0307,2026-03,2404810
RCT-31-0308,INV-31-0308,2026-03,2404810
RCT-31-0309,INV-31-0309,2026-03,2404810
RCT-31-0310,INV-31-0310,2026-03,2404810
RCT-31-0311,INV-31-0311,2026-03,2404809
RCT-31-0312,INV-31-0312,2026-03,2404809
RCT-31-0313,INV-31-0313,2026-03,2404809
RCT-31-0314,INV-31-0314,2026-03,2404809
RCT-31-0315,INV-31-0315,2026-03,2404809
RCT-31-0316,INV-31-0316,2026-03,2404809
RCT-31-0317,INV-31-0317,2026-03,2404809
RCT-31-0318,INV-31-0318,2026-03,2404809
RCT-31-0319,INV-31-0319,2026-03,2404809
RCT-31-0320,INV-31-0320,2026-03,2404809
RCT-31-0321,INV-31-0321,2026-03,2404809
RCT-31-0322,INV-31-0322,2026-03,2404809
RCT-31-0323,INV-31-0323,2026-03,2404809
RCT-31-0324,INV-31-0324,2026-03,2404809
RCT-31-0325,INV-31-0325,2026-03,2404809
RCT-31-0326,INV-31-0326,2026-03,2404809
RCT-31-0327,INV-31-0327,2026-03,2404809
RCT-31-0328,INV-31-0328,2026-03,2404809
RCT-31-0329,INV-31-0329,2026-03,2404809
RCT-31-0330,INV-31-0330,2026-03,2404809
RCT-31-0331,INV-31-0331,2026-03,2404809
RCT-31-0332,INV-31-0332,2026-03,2404809
RCT-31-0333,INV-31-0333,2026-03,2404809
RCT-31-0334,INV-31-0334,2026-03,2404809
RCT-31-0335,INV-31-0335,2026-03,2404809
RCT-31-0336,INV-31-0336,2026-03,2404809
RCT-31-0337,INV-31-0337,2026-03,2404809
RCT-31-0338,INV-31-0338,2026-03,2404809
RCT-31-0339,INV-31-0339,2026-03,2404809
RCT-31-0340,INV-31-0340,2026-03,2404809
RCT-31-0341,INV-31-0341,2026-03,2404809
RCT-31-0342,INV-31-0342,2026-03,2404809
RCT-31-0343,INV-31-0343,2026-03,2404809
RCT-31-0344,INV-31-0344,2026-03,2404809
RCT-31-0345,INV-31-0345,2026-03,2404809
RCT-31-0346,INV-31-0346,2026-03,2404809
RCT-31-0347,INV-31-0347,2026-03,2404809
RCT-31-0348,INV-31-0348,2026-03,2404809
RCT-31-0349,INV-31-0349,2026-03,2404809
RCT-31-0350,INV-31-0350,2026-03,2404809
RCT-31-0351,INV-31-0351,2026-03,2404809
RCT-31-0352,INV-31-0352,2026-03,2404809
RCT-31-0353,INV-31-0353,2026-03,2404809
RCT-31-0354,INV-31-0354,2026-03,2404809
RCT-31-0355,INV-31-0355,2026-03,2404809
RCT-31-0356,INV-31-0356,2026-03,2404809
RCT-31-0357,INV-31-0357,2026-03,2404809
RCT-31-0358,INV-31-0358,2026-03,2404809
RCT-31-0359,INV-31-0359,2026-03,2404809
RCT-31-0360,INV-31-0360,2026-03,2404809
RCT-31-0361,INV-31-0361,2026-03,2404809
RCT-31-0362,INV-31-0362,2026-03,2404809
RCT-31-0363,INV-31-0363,2026-03,2404809
RCT-31-0364,INV-31-0364,2026-03,2404809
RCT-31-0365,INV-31-0365,2026-03,2404809
RCT-31-0366,INV-31-0366,2026-03,2404809
RCT-31-0367,INV-31-0367,2026-03,2404809
RCT-31-0368,INV-31-0368,2026-03,2404809
RCT-31-0369,INV-31-0369,2026-03,2404809
RCT-31-0370,INV-31-0370,2026-03,2404809
RCT-31-0371,INV-31-0371,2026-03,2404809
RCT-31-0372,INV-31-0372,2026-03,2404809
RCT-31-0373,INV-31-0373,2026-03,2404809
RCT-31-0374,INV-31-0374,2026-03,2404809
RCT-31-0375,INV-31-0375,2026-03,2404809
RCT-31-0376,INV-31-0376,2026-03,2404809
RCT-31-0377,INV-31-0377,2026-03,2404809
RCT-31-0378,INV-31-0378,2026-03,2404809
RCT-31-0379,INV-31-0379,2026-03,2404809
RCT-31-0380,INV-31-0380,2026-03,2404809
RCT-31-0381,INV-31-0381,2026-03,2404809
RCT-31-0382,INV-31-0382,2026-03,2404809
RCT-31-0383,INV-31-0383,2026-03,2404809
RCT-31-0384,INV-31-0384,2026-03,2404809
RCT-31-0385,INV-31-0385,2026-03,2404809
RCT-31-0386,INV-31-0386,2026-03,2404809
RCT-31-0387,INV-31-0387,2026-03,2404809
RCT-31-0388,INV-31-0388,2026-03,2404809
RCT-31-0389,INV-31-0389,2026-03,2404809
RCT-31-0390,INV-31-0390,2026-03,2404809
RCT-31-0391,INV-31-0391,2026-03,2404809
RCT-31-0392,INV-31-0392,2026-03,2404809
RCT-31-0393,INV-31-0393,2026-03,2404809
RCT-31-0394,INV-31-0394,2026-03,2404809
RCT-31-0395,INV-31-0395,2026-03,2404809
RCT-31-0396,INV-31-0396,2026-03,2404809
RCT-31-0397,INV-31-0397,2026-03,2404809
RCT-31-0398,INV-31-0398,2026-03,2404809
RCT-31-0399,INV-31-0399,2026-03,2404809
RCT-31-0400,INV-31-0400,2026-03,2404809
RCT-31-0401,INV-31-0401,2026-03,2404809
RCT-31-0402,INV-31-0402,2026-03,2404809
RCT-31-0403,INV-31-0403,2026-03,2404809
RCT-31-0404,INV-31-0404,2026-03,2404809
RCT-31-0405,INV-31-0405,2026-03,2404809
RCT-31-0406,INV-31-0406,2026-03,2404809
RCT-31-0407,INV-31-0407,2026-03,2404809
RCT-31-0408,INV-31-0408,2026-03,2404809
RCT-31-0409,INV-31-0409,2026-03,2404809
RCT-31-0410,INV-31-0410,2026-03,2404809
RCT-31-0411,INV-31-0411,2026-03,2404809
RCT-31-0412,INV-31-0412,2026-03,2404809
RCT-31-0413,INV-31-0413,2026-03,2404809
RCT-31-0414,INV-31-0414,2026-03,2404809
RCT-31-0415,INV-31-0415,2026-03,2404809
RCT-31-0416,INV-31-0416,2026-03,2404809
RCT-31-0417,INV-31-0417,2026-03,2404809
RCT-31-0418,INV-31-0418,2026-03,2404809
RCT-31-0419,INV-31-0419,2026-03,2404809
RCT-31-0420,INV-31-0420,2026-03,2404809
RCT-31-0421,INV-31-0421,2026-03,2404809
RCT-31-0422,INV-31-0422,2026-03,2404809
RCT-31-0423,INV-31-0423,2026-03,2404809
RCT-31-0424,INV-31-0424,2026-03,2404809
RCT-31-0425,INV-31-0425,2026-03,2404809
RCT-31-0426,INV-31-0426,2026-03,2404809
RCT-31-0427,INV-31-0427,2026-03,2404809
RCT-31-0428,INV-31-0428,2026-03,2404809
RCT-31-0429,INV-31-0429,2026-03,2404809
RCT-31-0430,INV-31-0430,2026-03,2404809
RCT-31-0431,INV-31-0431,2026-03,2404809
RCT-31-0432,INV-31-0432,2026-03,2404809
RCT-31-0433,INV-31-0433,2026-03,2404809
RCT-31-0434,INV-31-0434,2026-03,2404809
RCT-31-0435,INV-31-0435,2026-03,2404809
RCT-31-0436,INV-31-0436,2026-03,2404809
RCT-31-0437,INV-31-0437,2026-03,2404809
RCT-31-0438,INV-31-0438,2026-03,2404809
RCT-31-0439,INV-31-0439,2026-03,2404809
RCT-31-0440,INV-31-0440,2026-03,2404809
RCT-31-0441,INV-31-0441,2026-03,2404809
RCT-31-0442,INV-31-0442,2026-03,2404809
RCT-31-0443,INV-31-0443,2026-03,2404809
RCT-31-0444,INV-31-0444,2026-03,2404809
RCT-31-0445,INV-31-0445,2026-03,2404809
RCT-31-0446,INV-31-0446,2026-03,2404809
RCT-31-0447,INV-31-0447,2026-03,2404809
RCT-31-0448,INV-31-0448,2026-03,2404809
RCT-31-0449,INV-31-0449,2026-03,2404809
RCT-31-0450,INV-31-0450,2026-03,2404809
RCT-31-0451,INV-31-0451,2026-03,2404809
RCT-31-0452,INV-31-0452,2026-03,2404809
RCT-31-0453,INV-31-0453,2026-03,2404809
RCT-31-0454,INV-31-0454,2026-03,2404809
RCT-31-0455,INV-31-0455,2026-03,2404809
RCT-31-0456,INV-31-0456,2026-03,2404809
RCT-31-0457,INV-31-0457,2026-03,2404809
RCT-31-0458,INV-31-0458,2026-03,2404809
RCT-31-0459,INV-31-0459,2026-03,2404809
RCT-31-0460,INV-31-0460,2026-03,2404809
RCT-31-0461,INV-31-0461,2026-03,2404809
RCT-31-0462,INV-31-0462,2026-03,2404809
RCT-31-0463,INV-31-0463,2026-03,2404809
RCT-31-0464,INV-31-0464,2026-03,2404809
RCT-31-0465,INV-31-0465,2026-03,2404809
RCT-31-0466,INV-31-0466,2026-03,2404809
RCT-31-0467,INV-31-0467,2026-03,2404809
RCT-31-0468,INV-31-0468,2026-03,2404809
RCT-31-0469,INV-31-0469,2026-03,2404809
RCT-31-0470,INV-31-0470,2026-03,2404809
RCT-31-0471,INV-31-0471,2026-03,2404809
RCT-31-0472,INV-31-0472,2026-03,2404809
RCT-31-0473,INV-31-0473,2026-03,2404809
RCT-31-0474,INV-31-0474,2026-03,2404809
RCT-31-0475,INV-31-0475,2026-03,2404809
RCT-31-0476,INV-31-0476,2026-03,2404809
RCT-31-0477,INV-31-0477,2026-03,2404809
RCT-31-0478,INV-31-0478,2026-03,2404809
RCT-31-0479,INV-31-0479,2026-03,2404809
RCT-31-0480,INV-31-0480,2026-03,2404809
RCT-31-0481,INV-31-0481,2026-03,2404809
RCT-31-0482,INV-31-0482,2026-03,2404809
RCT-31-0483,INV-31-0483,2026-03,2404809
RCT-31-0484,INV-31-0484,2026-03,2404809
RCT-31-0485,INV-31-0485,2026-03,2404809
RCT-31-0486,INV-31-0486,2026-03,2404809
RCT-31-0487,INV-31-0487,2026-03,2404809
RCT-31-0488,INV-31-0488,2026-03,2404809
RCT-31-0489,INV-31-0489,2026-03,2404809
RCT-31-0490,INV-31-0490,2026-03,2404809
RCT-31-0491,INV-31-0491,2026-03,2404809
RCT-31-0492,INV-31-0492,2026-03,2404809
RCT-31-0493,INV-31-0493,2026-03,2404809
RCT-31-0494,INV-31-0494,2026-03,2404809
RCT-31-0495,INV-31-0495,2026-03,2404809
RCT-31-0496,INV-31-0496,2026-03,2404809
RCT-31-0497,INV-31-0497,2026-03,2404809
RCT-31-0498,INV-31-0498,2026-03,2404809
RCT-31-0499,INV-31-0499,2026-03,2404809
RCT-31-0500,INV-31-0500,2026-03,2404809
RCT-31-SVC,INV-31-SVC,2026-03,183333334
RCT-32-0001,INV-32-0001,2026-04,300000000
RCT-32-0002,INV-32-0002,2026-04,2404810
RCT-32-0003,INV-32-0003,2026-04,2404810
RCT-32-0004,INV-32-0004,2026-04,2404810
RCT-32-0005,INV-32-0005,2026-04,2404810
RCT-32-0006,INV-32-0006,2026-04,2404810
RCT-32-0007,INV-32-0007,2026-04,2404810
RCT-32-0008,INV-32-0008,2026-04,2404810
RCT-32-0009,INV-32-0009,2026-04,2404810
RCT-32-0010,INV-32-0010,2026-04,2404810
RCT-32-0011,INV-32-0011,2026-04,2404810
RCT-32-0012,INV-32-0012,2026-04,2404810
RCT-32-0013,INV-32-0013,2026-04,2404810
RCT-32-0014,INV-32-0014,2026-04,2404810
RCT-32-0015,INV-32-0015,2026-04,2404810
RCT-32-0016,INV-32-0016,2026-04,2404810
RCT-32-0017,INV-32-0017,2026-04,2404810
RCT-32-0018,INV-32-0018,2026-04,2404810
RCT-32-0019,INV-32-0019,2026-04,2404810
RCT-32-0020,INV-32-0020,2026-04,2404810
RCT-32-0021,INV-32-0021,2026-04,2404810
RCT-32-0022,INV-32-0022,2026-04,2404810
RCT-32-0023,INV-32-0023,2026-04,2404810
RCT-32-0024,INV-32-0024,2026-04,2404810
RCT-32-0025,INV-32-0025,2026-04,2404810
RCT-32-0026,INV-32-0026,2026-04,2404810
RCT-32-0027,INV-32-0027,2026-04,2404810
RCT-32-0028,INV-32-0028,2026-04,2404810
RCT-32-0029,INV-32-0029,2026-04,2404810
RCT-32-0030,INV-32-0030,2026-04,2404810
RCT-32-0031,INV-32-0031,2026-04,2404810
RCT-32-0032,INV-32-0032,2026-04,2404810
RCT-32-0033,INV-32-0033,2026-04,2404810
RCT-32-0034,INV-32-0034,2026-04,2404810
RCT-32-0035,INV-32-0035,2026-04,2404810
RCT-32-0036,INV-32-0036,2026-04,2404810
RCT-32-0037,INV-32-0037,2026-04,2404810
RCT-32-0038,INV-32-0038,2026-04,2404810
RCT-32-0039,INV-32-0039,2026-04,2404810
RCT-32-0040,INV-32-0040,2026-04,2404810
RCT-32-0041,INV-32-0041,2026-04,2404810
RCT-32-0042,INV-32-0042,2026-04,2404810
RCT-32-0043,INV-32-0043,2026-04,2404810
RCT-32-0044,INV-32-0044,2026-04,2404810
RCT-32-0045,INV-32-0045,2026-04,2404810
RCT-32-0046,INV-32-0046,2026-04,2404810
RCT-32-0047,INV-32-0047,2026-04,2404810
RCT-32-0048,INV-32-0048,2026-04,2404810
RCT-32-0049,INV-32-0049,2026-04,2404810
RCT-32-0050,INV-32-0050,2026-04,2404810
RCT-32-0051,INV-32-0051,2026-04,2404810
RCT-32-0052,INV-32-0052,2026-04,2404810
RCT-32-0053,INV-32-0053,2026-04,2404810
RCT-32-0054,INV-32-0054,2026-04,2404810
RCT-32-0055,INV-32-0055,2026-04,2404810
RCT-32-0056,INV-32-0056,2026-04,2404810
RCT-32-0057,INV-32-0057,2026-04,2404810
RCT-32-0058,INV-32-0058,2026-04,2404810
RCT-32-0059,INV-32-0059,2026-04,2404810
RCT-32-0060,INV-32-0060,2026-04,2404810
RCT-32-0061,INV-32-0061,2026-04,2404810
RCT-32-0062,INV-32-0062,2026-04,2404810
RCT-32-0063,INV-32-0063,2026-04,2404810
RCT-32-0064,INV-32-0064,2026-04,2404810
RCT-32-0065,INV-32-0065,2026-04,2404810
RCT-32-0066,INV-32-0066,2026-04,2404810
RCT-32-0067,INV-32-0067,2026-04,2404810
RCT-32-0068,INV-32-0068,2026-04,2404810
RCT-32-0069,INV-32-0069,2026-04,2404810
RCT-32-0070,INV-32-0070,2026-04,2404810
RCT-32-0071,INV-32-0071,2026-04,2404810
RCT-32-0072,INV-32-0072,2026-04,2404810
RCT-32-0073,INV-32-0073,2026-04,2404810
RCT-32-0074,INV-32-0074,2026-04,2404810
RCT-32-0075,INV-32-0075,2026-04,2404810
RCT-32-0076,INV-32-0076,2026-04,2404810
RCT-32-0077,INV-32-0077,2026-04,2404810
RCT-32-0078,INV-32-0078,2026-04,2404810
RCT-32-0079,INV-32-0079,2026-04,2404810
RCT-32-0080,INV-32-0080,2026-04,2404810
RCT-32-0081,INV-32-0081,2026-04,2404810
RCT-32-0082,INV-32-0082,2026-04,2404810
RCT-32-0083,INV-32-0083,2026-04,2404810
RCT-32-0084,INV-32-0084,2026-04,2404810
RCT-32-0085,INV-32-0085,2026-04,2404810
RCT-32-0086,INV-32-0086,2026-04,2404810
RCT-32-0087,INV-32-0087,2026-04,2404810
RCT-32-0088,INV-32-0088,2026-04,2404810
RCT-32-0089,INV-32-0089,2026-04,2404810
RCT-32-0090,INV-32-0090,2026-04,2404810
RCT-32-0091,INV-32-0091,2026-04,2404810
RCT-32-0092,INV-32-0092,2026-04,2404810
RCT-32-0093,INV-32-0093,2026-04,2404810
RCT-32-0094,INV-32-0094,2026-04,2404810
RCT-32-0095,INV-32-0095,2026-04,2404810
RCT-32-0096,INV-32-0096,2026-04,2404810
RCT-32-0097,INV-32-0097,2026-04,2404810
RCT-32-0098,INV-32-0098,2026-04,2404810
RCT-32-0099,INV-32-0099,2026-04,2404810
RCT-32-0100,INV-32-0100,2026-04,2404810
RCT-32-0101,INV-32-0101,2026-04,2404810
RCT-32-0102,INV-32-0102,2026-04,2404810
RCT-32-0103,INV-32-0103,2026-04,2404810
RCT-32-0104,INV-32-0104,2026-04,2404810
RCT-32-0105,INV-32-0105,2026-04,2404810
RCT-32-0106,INV-32-0106,2026-04,2404810
RCT-32-0107,INV-32-0107,2026-04,2404810
RCT-32-0108,INV-32-0108,2026-04,2404810
RCT-32-0109,INV-32-0109,2026-04,2404810
RCT-32-0110,INV-32-0110,2026-04,2404810
RCT-32-0111,INV-32-0111,2026-04,2404810
RCT-32-0112,INV-32-0112,2026-04,2404810
RCT-32-0113,INV-32-0113,2026-04,2404810
RCT-32-0114,INV-32-0114,2026-04,2404810
RCT-32-0115,INV-32-0115,2026-04,2404810
RCT-32-0116,INV-32-0116,2026-04,2404810
RCT-32-0117,INV-32-0117,2026-04,2404810
RCT-32-0118,INV-32-0118,2026-04,2404810
RCT-32-0119,INV-32-0119,2026-04,2404810
RCT-32-0120,INV-32-0120,2026-04,2404810
RCT-32-0121,INV-32-0121,2026-04,2404810
RCT-32-0122,INV-32-0122,2026-04,2404810
RCT-32-0123,INV-32-0123,2026-04,2404810
RCT-32-0124,INV-32-0124,2026-04,2404810
RCT-32-0125,INV-32-0125,2026-04,2404810
RCT-32-0126,INV-32-0126,2026-04,2404810
RCT-32-0127,INV-32-0127,2026-04,2404810
RCT-32-0128,INV-32-0128,2026-04,2404810
RCT-32-0129,INV-32-0129,2026-04,2404810
RCT-32-0130,INV-32-0130,2026-04,2404810
RCT-32-0131,INV-32-0131,2026-04,2404810
RCT-32-0132,INV-32-0132,2026-04,2404810
RCT-32-0133,INV-32-0133,2026-04,2404810
RCT-32-0134,INV-32-0134,2026-04,2404810
RCT-32-0135,INV-32-0135,2026-04,2404810
RCT-32-0136,INV-32-0136,2026-04,2404810
RCT-32-0137,INV-32-0137,2026-04,2404810
RCT-32-0138,INV-32-0138,2026-04,2404810
RCT-32-0139,INV-32-0139,2026-04,2404810
RCT-32-0140,INV-32-0140,2026-04,2404810
RCT-32-0141,INV-32-0141,2026-04,2404810
RCT-32-0142,INV-32-0142,2026-04,2404810
RCT-32-0143,INV-32-0143,2026-04,2404810
RCT-32-0144,INV-32-0144,2026-04,2404810
RCT-32-0145,INV-32-0145,2026-04,2404810
RCT-32-0146,INV-32-0146,2026-04,2404810
RCT-32-0147,INV-32-0147,2026-04,2404810
RCT-32-0148,INV-32-0148,2026-04,2404810
RCT-32-0149,INV-32-0149,2026-04,2404810
RCT-32-0150,INV-32-0150,2026-04,2404810
RCT-32-0151,INV-32-0151,2026-04,2404810
RCT-32-0152,INV-32-0152,2026-04,2404810
RCT-32-0153,INV-32-0153,2026-04,2404810
RCT-32-0154,INV-32-0154,2026-04,2404810
RCT-32-0155,INV-32-0155,2026-04,2404810
RCT-32-0156,INV-32-0156,2026-04,2404810
RCT-32-0157,INV-32-0157,2026-04,2404810
RCT-32-0158,INV-32-0158,2026-04,2404810
RCT-32-0159,INV-32-0159,2026-04,2404810
RCT-32-0160,INV-32-0160,2026-04,2404810
RCT-32-0161,INV-32-0161,2026-04,2404810
RCT-32-0162,INV-32-0162,2026-04,2404810
RCT-32-0163,INV-32-0163,2026-04,2404810
RCT-32-0164,INV-32-0164,2026-04,2404810
RCT-32-0165,INV-32-0165,2026-04,2404810
RCT-32-0166,INV-32-0166,2026-04,2404810
RCT-32-0167,INV-32-0167,2026-04,2404810
RCT-32-0168,INV-32-0168,2026-04,2404810
RCT-32-0169,INV-32-0169,2026-04,2404810
RCT-32-0170,INV-32-0170,2026-04,2404810
RCT-32-0171,INV-32-0171,2026-04,2404810
RCT-32-0172,INV-32-0172,2026-04,2404810
RCT-32-0173,INV-32-0173,2026-04,2404810
RCT-32-0174,INV-32-0174,2026-04,2404810
RCT-32-0175,INV-32-0175,2026-04,2404810
RCT-32-0176,INV-32-0176,2026-04,2404810
RCT-32-0177,INV-32-0177,2026-04,2404810
RCT-32-0178,INV-32-0178,2026-04,2404810
RCT-32-0179,INV-32-0179,2026-04,2404810
RCT-32-0180,INV-32-0180,2026-04,2404810
RCT-32-0181,INV-32-0181,2026-04,2404810
RCT-32-0182,INV-32-0182,2026-04,2404810
RCT-32-0183,INV-32-0183,2026-04,2404810
RCT-32-0184,INV-32-0184,2026-04,2404810
RCT-32-0185,INV-32-0185,2026-04,2404810
RCT-32-0186,INV-32-0186,2026-04,2404810
RCT-32-0187,INV-32-0187,2026-04,2404810
RCT-32-0188,INV-32-0188,2026-04,2404810
RCT-32-0189,INV-32-0189,2026-04,2404810
RCT-32-0190,INV-32-0190,2026-04,2404810
RCT-32-0191,INV-32-0191,2026-04,2404810
RCT-32-0192,INV-32-0192,2026-04,2404810
RCT-32-0193,INV-32-0193,2026-04,2404810
RCT-32-0194,INV-32-0194,2026-04,2404810
RCT-32-0195,INV-32-0195,2026-04,2404810
RCT-32-0196,INV-32-0196,2026-04,2404810
RCT-32-0197,INV-32-0197,2026-04,2404810
RCT-32-0198,INV-32-0198,2026-04,2404810
RCT-32-0199,INV-32-0199,2026-04,2404810
RCT-32-0200,INV-32-0200,2026-04,2404810
RCT-32-0201,INV-32-0201,2026-04,2404810
RCT-32-0202,INV-32-0202,2026-04,2404810
RCT-32-0203,INV-32-0203,2026-04,2404810
RCT-32-0204,INV-32-0204,2026-04,2404810
RCT-32-0205,INV-32-0205,2026-04,2404810
RCT-32-0206,INV-32-0206,2026-04,2404810
RCT-32-0207,INV-32-0207,2026-04,2404810
RCT-32-0208,INV-32-0208,2026-04,2404810
RCT-32-0209,INV-32-0209,2026-04,2404810
RCT-32-0210,INV-32-0210,2026-04,2404810
RCT-32-0211,INV-32-0211,2026-04,2404810
RCT-32-0212,INV-32-0212,2026-04,2404810
RCT-32-0213,INV-32-0213,2026-04,2404810
RCT-32-0214,INV-32-0214,2026-04,2404810
RCT-32-0215,INV-32-0215,2026-04,2404810
RCT-32-0216,INV-32-0216,2026-04,2404810
RCT-32-0217,INV-32-0217,2026-04,2404810
RCT-32-0218,INV-32-0218,2026-04,2404810
RCT-32-0219,INV-32-0219,2026-04,2404810
RCT-32-0220,INV-32-0220,2026-04,2404810
RCT-32-0221,INV-32-0221,2026-04,2404810
RCT-32-0222,INV-32-0222,2026-04,2404810
RCT-32-0223,INV-32-0223,2026-04,2404810
RCT-32-0224,INV-32-0224,2026-04,2404810
RCT-32-0225,INV-32-0225,2026-04,2404810
RCT-32-0226,INV-32-0226,2026-04,2404810
RCT-32-0227,INV-32-0227,2026-04,2404810
RCT-32-0228,INV-32-0228,2026-04,2404810
RCT-32-0229,INV-32-0229,2026-04,2404810
RCT-32-0230,INV-32-0230,2026-04,2404810
RCT-32-0231,INV-32-0231,2026-04,2404810
RCT-32-0232,INV-32-0232,2026-04,2404810
RCT-32-0233,INV-32-0233,2026-04,2404810
RCT-32-0234,INV-32-0234,2026-04,2404810
RCT-32-0235,INV-32-0235,2026-04,2404810
RCT-32-0236,INV-32-0236,2026-04,2404810
RCT-32-0237,INV-32-0237,2026-04,2404810
RCT-32-0238,INV-32-0238,2026-04,2404810
RCT-32-0239,INV-32-0239,2026-04,2404810
RCT-32-0240,INV-32-0240,2026-04,2404810
RCT-32-0241,INV-32-0241,2026-04,2404810
RCT-32-0242,INV-32-0242,2026-04,2404810
RCT-32-0243,INV-32-0243,2026-04,2404810
RCT-32-0244,INV-32-0244,2026-04,2404810
RCT-32-0245,INV-32-0245,2026-04,2404810
RCT-32-0246,INV-32-0246,2026-04,2404810
RCT-32-0247,INV-32-0247,2026-04,2404810
RCT-32-0248,INV-32-0248,2026-04,2404810
RCT-32-0249,INV-32-0249,2026-04,2404810
RCT-32-0250,INV-32-0250,2026-04,2404810
RCT-32-0251,INV-32-0251,2026-04,2404810
RCT-32-0252,INV-32-0252,2026-04,2404810
RCT-32-0253,INV-32-0253,2026-04,2404810
RCT-32-0254,INV-32-0254,2026-04,2404810
RCT-32-0255,INV-32-0255,2026-04,2404810
RCT-32-0256,INV-32-0256,2026-04,2404810
RCT-32-0257,INV-32-0257,2026-04,2404810
RCT-32-0258,INV-32-0258,2026-04,2404810
RCT-32-0259,INV-32-0259,2026-04,2404810
RCT-32-0260,INV-32-0260,2026-04,2404810
RCT-32-0261,INV-32-0261,2026-04,2404810
RCT-32-0262,INV-32-0262,2026-04,2404810
RCT-32-0263,INV-32-0263,2026-04,2404810
RCT-32-0264,INV-32-0264,2026-04,2404810
RCT-32-0265,INV-32-0265,2026-04,2404810
RCT-32-0266,INV-32-0266,2026-04,2404810
RCT-32-0267,INV-32-0267,2026-04,2404810
RCT-32-0268,INV-32-0268,2026-04,2404810
RCT-32-0269,INV-32-0269,2026-04,2404810
RCT-32-0270,INV-32-0270,2026-04,2404810
RCT-32-0271,INV-32-0271,2026-04,2404810
RCT-32-0272,INV-32-0272,2026-04,2404810
RCT-32-0273,INV-32-0273,2026-04,2404810
RCT-32-0274,INV-32-0274,2026-04,2404810
RCT-32-0275,INV-32-0275,2026-04,2404810
RCT-32-0276,INV-32-0276,2026-04,2404810
RCT-32-0277,INV-32-0277,2026-04,2404810
RCT-32-0278,INV-32-0278,2026-04,2404810
RCT-32-0279,INV-32-0279,2026-04,2404810
RCT-32-0280,INV-32-0280,2026-04,2404810
RCT-32-0281,INV-32-0281,2026-04,2404810
RCT-32-0282,INV-32-0282,2026-04,2404810
RCT-32-0283,INV-32-0283,2026-04,2404810
RCT-32-0284,INV-32-0284,2026-04,2404810
RCT-32-0285,INV-32-0285,2026-04,2404810
RCT-32-0286,INV-32-0286,2026-04,2404810
RCT-32-0287,INV-32-0287,2026-04,2404810
RCT-32-0288,INV-32-0288,2026-04,2404810
RCT-32-0289,INV-32-0289,2026-04,2404810
RCT-32-0290,INV-32-0290,2026-04,2404810
RCT-32-0291,INV-32-0291,2026-04,2404810
RCT-32-0292,INV-32-0292,2026-04,2404810
RCT-32-0293,INV-32-0293,2026-04,2404810
RCT-32-0294,INV-32-0294,2026-04,2404810
RCT-32-0295,INV-32-0295,2026-04,2404810
RCT-32-0296,INV-32-0296,2026-04,2404810
RCT-32-0297,INV-32-0297,2026-04,2404810
RCT-32-0298,INV-32-0298,2026-04,2404810
RCT-32-0299,INV-32-0299,2026-04,2404810
RCT-32-0300,INV-32-0300,2026-04,2404810
RCT-32-0301,INV-32-0301,2026-04,2404810
RCT-32-0302,INV-32-0302,2026-04,2404810
RCT-32-0303,INV-32-0303,2026-04,2404810
RCT-32-0304,INV-32-0304,2026-04,2404810
RCT-32-0305,INV-32-0305,2026-04,2404810
RCT-32-0306,INV-32-0306,2026-04,2404810
RCT-32-0307,INV-32-0307,2026-04,2404810
RCT-32-0308,INV-32-0308,2026-04,2404810
RCT-32-0309,INV-32-0309,2026-04,2404810
RCT-32-0310,INV-32-0310,2026-04,2404810
RCT-32-0311,INV-32-0311,2026-04,2404809
RCT-32-0312,INV-32-0312,2026-04,2404809
RCT-32-0313,INV-32-0313,2026-04,2404809
RCT-32-0314,INV-32-0314,2026-04,2404809
RCT-32-0315,INV-32-0315,2026-04,2404809
RCT-32-0316,INV-32-0316,2026-04,2404809
RCT-32-0317,INV-32-0317,2026-04,2404809
RCT-32-0318,INV-32-0318,2026-04,2404809
RCT-32-0319,INV-32-0319,2026-04,2404809
RCT-32-0320,INV-32-0320,2026-04,2404809
RCT-32-0321,INV-32-0321,2026-04,2404809
RCT-32-0322,INV-32-0322,2026-04,2404809
RCT-32-0323,INV-32-0323,2026-04,2404809
RCT-32-0324,INV-32-0324,2026-04,2404809
RCT-32-0325,INV-32-0325,2026-04,2404809
RCT-32-0326,INV-32-0326,2026-04,2404809
RCT-32-0327,INV-32-0327,2026-04,2404809
RCT-32-0328,INV-32-0328,2026-04,2404809
RCT-32-0329,INV-32-0329,2026-04,2404809
RCT-32-0330,INV-32-0330,2026-04,2404809
RCT-32-0331,INV-32-0331,2026-04,2404809
RCT-32-0332,INV-32-0332,2026-04,2404809
RCT-32-0333,INV-32-0333,2026-04,2404809
RCT-32-0334,INV-32-0334,2026-04,2404809
RCT-32-0335,INV-32-0335,2026-04,2404809
RCT-32-0336,INV-32-0336,2026-04,2404809
RCT-32-0337,INV-32-0337,2026-04,2404809
RCT-32-0338,INV-32-0338,2026-04,2404809
RCT-32-0339,INV-32-0339,2026-04,2404809
RCT-32-0340,INV-32-0340,2026-04,2404809
RCT-32-0341,INV-32-0341,2026-04,2404809
RCT-32-0342,INV-32-0342,2026-04,2404809
RCT-32-0343,INV-32-0343,2026-04,2404809
RCT-32-0344,INV-32-0344,2026-04,2404809
RCT-32-0345,INV-32-0345,2026-04,2404809
RCT-32-0346,INV-32-0346,2026-04,2404809
RCT-32-0347,INV-32-0347,2026-04,2404809
RCT-32-0348,INV-32-0348,2026-04,2404809
RCT-32-0349,INV-32-0349,2026-04,2404809
RCT-32-0350,INV-32-0350,2026-04,2404809
RCT-32-0351,INV-32-0351,2026-04,2404809
RCT-32-0352,INV-32-0352,2026-04,2404809
RCT-32-0353,INV-32-0353,2026-04,2404809
RCT-32-0354,INV-32-0354,2026-04,2404809
RCT-32-0355,INV-32-0355,2026-04,2404809
RCT-32-0356,INV-32-0356,2026-04,2404809
RCT-32-0357,INV-32-0357,2026-04,2404809
RCT-32-0358,INV-32-0358,2026-04,2404809
RCT-32-0359,INV-32-0359,2026-04,2404809
RCT-32-0360,INV-32-0360,2026-04,2404809
RCT-32-0361,INV-32-0361,2026-04,2404809
RCT-32-0362,INV-32-0362,2026-04,2404809
RCT-32-0363,INV-32-0363,2026-04,2404809
RCT-32-0364,INV-32-0364,2026-04,2404809
RCT-32-0365,INV-32-0365,2026-04,2404809
RCT-32-0366,INV-32-0366,2026-04,2404809
RCT-32-0367,INV-32-0367,2026-04,2404809
RCT-32-0368,INV-32-0368,2026-04,2404809
RCT-32-0369,INV-32-0369,2026-04,2404809
RCT-32-0370,INV-32-0370,2026-04,2404809
RCT-32-0371,INV-32-0371,2026-04,2404809
RCT-32-0372,INV-32-0372,2026-04,2404809
RCT-32-0373,INV-32-0373,2026-04,2404809
RCT-32-0374,INV-32-0374,2026-04,2404809
RCT-32-0375,INV-32-0375,2026-04,2404809
RCT-32-0376,INV-32-0376,2026-04,2404809
RCT-32-0377,INV-32-0377,2026-04,2404809
RCT-32-0378,INV-32-0378,2026-04,2404809
RCT-32-0379,INV-32-0379,2026-04,2404809
RCT-32-0380,INV-32-0380,2026-04,2404809
RCT-32-0381,INV-32-0381,2026-04,2404809
RCT-32-0382,INV-32-0382,2026-04,2404809
RCT-32-0383,INV-32-0383,2026-04,2404809
RCT-32-0384,INV-32-0384,2026-04,2404809
RCT-32-0385,INV-32-0385,2026-04,2404809
RCT-32-0386,INV-32-0386,2026-04,2404809
RCT-32-0387,INV-32-0387,2026-04,2404809
RCT-32-0388,INV-32-0388,2026-04,2404809
RCT-32-0389,INV-32-0389,2026-04,2404809
RCT-32-0390,INV-32-0390,2026-04,2404809
RCT-32-0391,INV-32-0391,2026-04,2404809
RCT-32-0392,INV-32-0392,2026-04,2404809
RCT-32-0393,INV-32-0393,2026-04,2404809
RCT-32-0394,INV-32-0394,2026-04,2404809
RCT-32-0395,INV-32-0395,2026-04,2404809
RCT-32-0396,INV-32-0396,2026-04,2404809
RCT-32-0397,INV-32-0397,2026-04,2404809
RCT-32-0398,INV-32-0398,2026-04,2404809
RCT-32-0399,INV-32-0399,2026-04,2404809
RCT-32-0400,INV-32-0400,2026-04,2404809
RCT-32-0401,INV-32-0401,2026-04,2404809
RCT-32-0402,INV-32-0402,2026-04,2404809
RCT-32-0403,INV-32-0403,2026-04,2404809
RCT-32-0404,INV-32-0404,2026-04,2404809
RCT-32-0405,INV-32-0405,2026-04,2404809
RCT-32-0406,INV-32-0406,2026-04,2404809
RCT-32-0407,INV-32-0407,2026-04,2404809
RCT-32-0408,INV-32-0408,2026-04,2404809
RCT-32-0409,INV-32-0409,2026-04,2404809
RCT-32-0410,INV-32-0410,2026-04,2404809
RCT-32-0411,INV-32-0411,2026-04,2404809
RCT-32-0412,INV-32-0412,2026-04,2404809
RCT-32-0413,INV-32-0413,2026-04,2404809
RCT-32-0414,INV-32-0414,2026-04,2404809
RCT-32-0415,INV-32-0415,2026-04,2404809
RCT-32-0416,INV-32-0416,2026-04,2404809
RCT-32-0417,INV-32-0417,2026-04,2404809
RCT-32-0418,INV-32-0418,2026-04,2404809
RCT-32-0419,INV-32-0419,2026-04,2404809
RCT-32-0420,INV-32-0420,2026-04,2404809
RCT-32-0421,INV-32-0421,2026-04,2404809
RCT-32-0422,INV-32-0422,2026-04,2404809
RCT-32-0423,INV-32-0423,2026-04,2404809
RCT-32-0424,INV-32-0424,2026-04,2404809
RCT-32-0425,INV-32-0425,2026-04,2404809
RCT-32-0426,INV-32-0426,2026-04,2404809
RCT-32-0427,INV-32-0427,2026-04,2404809
RCT-32-0428,INV-32-0428,2026-04,2404809
RCT-32-0429,INV-32-0429,2026-04,2404809
RCT-32-0430,INV-32-0430,2026-04,2404809
RCT-32-0431,INV-32-0431,2026-04,2404809
RCT-32-0432,INV-32-0432,2026-04,2404809
RCT-32-0433,INV-32-0433,2026-04,2404809
RCT-32-0434,INV-32-0434,2026-04,2404809
RCT-32-0435,INV-32-0435,2026-04,2404809
RCT-32-0436,INV-32-0436,2026-04,2404809
RCT-32-0437,INV-32-0437,2026-04,2404809
RCT-32-0438,INV-32-0438,2026-04,2404809
RCT-32-0439,INV-32-0439,2026-04,2404809
RCT-32-0440,INV-32-0440,2026-04,2404809
RCT-32-0441,INV-32-0441,2026-04,2404809
RCT-32-0442,INV-32-0442,2026-04,2404809
RCT-32-0443,INV-32-0443,2026-04,2404809
RCT-32-0444,INV-32-0444,2026-04,2404809
RCT-32-0445,INV-32-0445,2026-04,2404809
RCT-32-0446,INV-32-0446,2026-04,2404809
RCT-32-0447,INV-32-0447,2026-04,2404809
RCT-32-0448,INV-32-0448,2026-04,2404809
RCT-32-0449,INV-32-0449,2026-04,2404809
RCT-32-0450,INV-32-0450,2026-04,2404809
RCT-32-0451,INV-32-0451,2026-04,2404809
RCT-32-0452,INV-32-0452,2026-04,2404809
RCT-32-0453,INV-32-0453,2026-04,2404809
RCT-32-0454,INV-32-0454,2026-04,2404809
RCT-32-0455,INV-32-0455,2026-04,2404809
RCT-32-0456,INV-32-0456,2026-04,2404809
RCT-32-0457,INV-32-0457,2026-04,2404809
RCT-32-0458,INV-32-0458,2026-04,2404809
RCT-32-0459,INV-32-0459,2026-04,2404809
RCT-32-0460,INV-32-0460,2026-04,2404809
RCT-32-0461,INV-32-0461,2026-04,2404809
RCT-32-0462,INV-32-0462,2026-04,2404809
RCT-32-0463,INV-32-0463,2026-04,2404809
RCT-32-0464,INV-32-0464,2026-04,2404809
RCT-32-0465,INV-32-0465,2026-04,2404809
RCT-32-0466,INV-32-0466,2026-04,2404809
RCT-32-0467,INV-32-0467,2026-04,2404809
RCT-32-0468,INV-32-0468,2026-04,2404809
RCT-32-0469,INV-32-0469,2026-04,2404809
RCT-32-0470,INV-32-0470,2026-04,2404809
RCT-32-0471,INV-32-0471,2026-04,2404809
RCT-32-0472,INV-32-0472,2026-04,2404809
RCT-32-0473,INV-32-0473,2026-04,2404809
RCT-32-0474,INV-32-0474,2026-04,2404809
RCT-32-0475,INV-32-0475,2026-04,2404809
RCT-32-0476,INV-32-0476,2026-04,2404809
RCT-32-0477,INV-32-0477,2026-04,2404809
RCT-32-0478,INV-32-0478,2026-04,2404809
RCT-32-0479,INV-32-0479,2026-04,2404809
RCT-32-0480,INV-32-0480,2026-04,2404809
RCT-32-0481,INV-32-0481,2026-04,2404809
RCT-32-0482,INV-32-0482,2026-04,2404809
RCT-32-0483,INV-32-0483,2026-04,2404809
RCT-32-0484,INV-32-0484,2026-04,2404809
RCT-32-0485,INV-32-0485,2026-04,2404809
RCT-32-0486,INV-32-0486,2026-04,2404809
RCT-32-0487,INV-32-0487,2026-04,2404809
RCT-32-0488,INV-32-0488,2026-04,2404809
RCT-32-0489,INV-32-0489,2026-04,2404809
RCT-32-0490,INV-32-0490,2026-04,2404809
RCT-32-0491,INV-32-0491,2026-04,2404809
RCT-32-0492,INV-32-0492,2026-04,2404809
RCT-32-0493,INV-32-0493,2026-04,2404809
RCT-32-0494,INV-32-0494,2026-04,2404809
RCT-32-0495,INV-32-0495,2026-04,2404809
RCT-32-0496,INV-32-0496,2026-04,2404809
RCT-32-0497,INV-32-0497,2026-04,2404809
RCT-32-0498,INV-32-0498,2026-04,2404809
RCT-32-0499,INV-32-0499,2026-04,2404809
RCT-32-0500,INV-32-0500,2026-04,2404809
RCT-32-SVC,INV-32-SVC,2026-04,183333334
RCT-33-0001,INV-33-0001,2026-05,300000000
RCT-33-0002,INV-33-0002,2026-05,2404810
RCT-33-0003,INV-33-0003,2026-05,2404810
RCT-33-0004,INV-33-0004,2026-05,2404810
RCT-33-0005,INV-33-0005,2026-05,2404810
RCT-33-0006,INV-33-0006,2026-05,2404810
RCT-33-0007,INV-33-0007,2026-05,2404810
RCT-33-0008,INV-33-0008,2026-05,2404810
RCT-33-0009,INV-33-0009,2026-05,2404810
RCT-33-0010,INV-33-0010,2026-05,2404810
RCT-33-0011,INV-33-0011,2026-05,2404810
RCT-33-0012,INV-33-0012,2026-05,2404810
RCT-33-0013,INV-33-0013,2026-05,2404810
RCT-33-0014,INV-33-0014,2026-05,2404810
RCT-33-0015,INV-33-0015,2026-05,2404810
RCT-33-0016,INV-33-0016,2026-05,2404810
RCT-33-0017,INV-33-0017,2026-05,2404810
RCT-33-0018,INV-33-0018,2026-05,2404810
RCT-33-0019,INV-33-0019,2026-05,2404810
RCT-33-0020,INV-33-0020,2026-05,2404810
RCT-33-0021,INV-33-0021,2026-05,2404810
RCT-33-0022,INV-33-0022,2026-05,2404810
RCT-33-0023,INV-33-0023,2026-05,2404810
RCT-33-0024,INV-33-0024,2026-05,2404810
RCT-33-0025,INV-33-0025,2026-05,2404810
RCT-33-0026,INV-33-0026,2026-05,2404810
RCT-33-0027,INV-33-0027,2026-05,2404810
RCT-33-0028,INV-33-0028,2026-05,2404810
RCT-33-0029,INV-33-0029,2026-05,2404810
RCT-33-0030,INV-33-0030,2026-05,2404810
RCT-33-0031,INV-33-0031,2026-05,2404810
RCT-33-0032,INV-33-0032,2026-05,2404810
RCT-33-0033,INV-33-0033,2026-05,2404810
RCT-33-0034,INV-33-0034,2026-05,2404810
RCT-33-0035,INV-33-0035,2026-05,2404810
RCT-33-0036,INV-33-0036,2026-05,2404810
RCT-33-0037,INV-33-0037,2026-05,2404810
RCT-33-0038,INV-33-0038,2026-05,2404810
RCT-33-0039,INV-33-0039,2026-05,2404810
RCT-33-0040,INV-33-0040,2026-05,2404810
RCT-33-0041,INV-33-0041,2026-05,2404810
RCT-33-0042,INV-33-0042,2026-05,2404810
RCT-33-0043,INV-33-0043,2026-05,2404810
RCT-33-0044,INV-33-0044,2026-05,2404810
RCT-33-0045,INV-33-0045,2026-05,2404810
RCT-33-0046,INV-33-0046,2026-05,2404810
RCT-33-0047,INV-33-0047,2026-05,2404810
RCT-33-0048,INV-33-0048,2026-05,2404810
RCT-33-0049,INV-33-0049,2026-05,2404810
RCT-33-0050,INV-33-0050,2026-05,2404810
RCT-33-0051,INV-33-0051,2026-05,2404810
RCT-33-0052,INV-33-0052,2026-05,2404810
RCT-33-0053,INV-33-0053,2026-05,2404810
RCT-33-0054,INV-33-0054,2026-05,2404810
RCT-33-0055,INV-33-0055,2026-05,2404810
RCT-33-0056,INV-33-0056,2026-05,2404810
RCT-33-0057,INV-33-0057,2026-05,2404810
RCT-33-0058,INV-33-0058,2026-05,2404810
RCT-33-0059,INV-33-0059,2026-05,2404810
RCT-33-0060,INV-33-0060,2026-05,2404810
RCT-33-0061,INV-33-0061,2026-05,2404810
RCT-33-0062,INV-33-0062,2026-05,2404810
RCT-33-0063,INV-33-0063,2026-05,2404810
RCT-33-0064,INV-33-0064,2026-05,2404810
RCT-33-0065,INV-33-0065,2026-05,2404810
RCT-33-0066,INV-33-0066,2026-05,2404810
RCT-33-0067,INV-33-0067,2026-05,2404810
RCT-33-0068,INV-33-0068,2026-05,2404810
RCT-33-0069,INV-33-0069,2026-05,2404810
RCT-33-0070,INV-33-0070,2026-05,2404810
RCT-33-0071,INV-33-0071,2026-05,2404810
RCT-33-0072,INV-33-0072,2026-05,2404810
RCT-33-0073,INV-33-0073,2026-05,2404810
RCT-33-0074,INV-33-0074,2026-05,2404810
RCT-33-0075,INV-33-0075,2026-05,2404810
RCT-33-0076,INV-33-0076,2026-05,2404810
RCT-33-0077,INV-33-0077,2026-05,2404810
RCT-33-0078,INV-33-0078,2026-05,2404810
RCT-33-0079,INV-33-0079,2026-05,2404810
RCT-33-0080,INV-33-0080,2026-05,2404810
RCT-33-0081,INV-33-0081,2026-05,2404810
RCT-33-0082,INV-33-0082,2026-05,2404810
RCT-33-0083,INV-33-0083,2026-05,2404810
RCT-33-0084,INV-33-0084,2026-05,2404810
RCT-33-0085,INV-33-0085,2026-05,2404810
RCT-33-0086,INV-33-0086,2026-05,2404810
RCT-33-0087,INV-33-0087,2026-05,2404810
RCT-33-0088,INV-33-0088,2026-05,2404810
RCT-33-0089,INV-33-0089,2026-05,2404810
RCT-33-0090,INV-33-0090,2026-05,2404810
RCT-33-0091,INV-33-0091,2026-05,2404810
RCT-33-0092,INV-33-0092,2026-05,2404810
RCT-33-0093,INV-33-0093,2026-05,2404810
RCT-33-0094,INV-33-0094,2026-05,2404810
RCT-33-0095,INV-33-0095,2026-05,2404810
RCT-33-0096,INV-33-0096,2026-05,2404810
RCT-33-0097,INV-33-0097,2026-05,2404810
RCT-33-0098,INV-33-0098,2026-05,2404810
RCT-33-0099,INV-33-0099,2026-05,2404810
RCT-33-0100,INV-33-0100,2026-05,2404810
RCT-33-0101,INV-33-0101,2026-05,2404810
RCT-33-0102,INV-33-0102,2026-05,2404810
RCT-33-0103,INV-33-0103,2026-05,2404810
RCT-33-0104,INV-33-0104,2026-05,2404810
RCT-33-0105,INV-33-0105,2026-05,2404810
RCT-33-0106,INV-33-0106,2026-05,2404810
RCT-33-0107,INV-33-0107,2026-05,2404810
RCT-33-0108,INV-33-0108,2026-05,2404810
RCT-33-0109,INV-33-0109,2026-05,2404810
RCT-33-0110,INV-33-0110,2026-05,2404810
RCT-33-0111,INV-33-0111,2026-05,2404810
RCT-33-0112,INV-33-0112,2026-05,2404810
RCT-33-0113,INV-33-0113,2026-05,2404810
RCT-33-0114,INV-33-0114,2026-05,2404810
RCT-33-0115,INV-33-0115,2026-05,2404810
RCT-33-0116,INV-33-0116,2026-05,2404810
RCT-33-0117,INV-33-0117,2026-05,2404810
RCT-33-0118,INV-33-0118,2026-05,2404810
RCT-33-0119,INV-33-0119,2026-05,2404810
RCT-33-0120,INV-33-0120,2026-05,2404810
RCT-33-0121,INV-33-0121,2026-05,2404810
RCT-33-0122,INV-33-0122,2026-05,2404810
RCT-33-0123,INV-33-0123,2026-05,2404810
RCT-33-0124,INV-33-0124,2026-05,2404810
RCT-33-0125,INV-33-0125,2026-05,2404810
RCT-33-0126,INV-33-0126,2026-05,2404810
RCT-33-0127,INV-33-0127,2026-05,2404810
RCT-33-0128,INV-33-0128,2026-05,2404810
RCT-33-0129,INV-33-0129,2026-05,2404810
RCT-33-0130,INV-33-0130,2026-05,2404810
RCT-33-0131,INV-33-0131,2026-05,2404810
RCT-33-0132,INV-33-0132,2026-05,2404810
RCT-33-0133,INV-33-0133,2026-05,2404810
RCT-33-0134,INV-33-0134,2026-05,2404810
RCT-33-0135,INV-33-0135,2026-05,2404810
RCT-33-0136,INV-33-0136,2026-05,2404810
RCT-33-0137,INV-33-0137,2026-05,2404810
RCT-33-0138,INV-33-0138,2026-05,2404810
RCT-33-0139,INV-33-0139,2026-05,2404810
RCT-33-0140,INV-33-0140,2026-05,2404810
RCT-33-0141,INV-33-0141,2026-05,2404810
RCT-33-0142,INV-33-0142,2026-05,2404810
RCT-33-0143,INV-33-0143,2026-05,2404810
RCT-33-0144,INV-33-0144,2026-05,2404810
RCT-33-0145,INV-33-0145,2026-05,2404810
RCT-33-0146,INV-33-0146,2026-05,2404810
RCT-33-0147,INV-33-0147,2026-05,2404810
RCT-33-0148,INV-33-0148,2026-05,2404810
RCT-33-0149,INV-33-0149,2026-05,2404810
RCT-33-0150,INV-33-0150,2026-05,2404810
RCT-33-0151,INV-33-0151,2026-05,2404810
RCT-33-0152,INV-33-0152,2026-05,2404810
RCT-33-0153,INV-33-0153,2026-05,2404810
RCT-33-0154,INV-33-0154,2026-05,2404810
RCT-33-0155,INV-33-0155,2026-05,2404810
RCT-33-0156,INV-33-0156,2026-05,2404810
RCT-33-0157,INV-33-0157,2026-05,2404810
RCT-33-0158,INV-33-0158,2026-05,2404810
RCT-33-0159,INV-33-0159,2026-05,2404810
RCT-33-0160,INV-33-0160,2026-05,2404810
RCT-33-0161,INV-33-0161,2026-05,2404810
RCT-33-0162,INV-33-0162,2026-05,2404810
RCT-33-0163,INV-33-0163,2026-05,2404810
RCT-33-0164,INV-33-0164,2026-05,2404810
RCT-33-0165,INV-33-0165,2026-05,2404810
RCT-33-0166,INV-33-0166,2026-05,2404810
RCT-33-0167,INV-33-0167,2026-05,2404810
RCT-33-0168,INV-33-0168,2026-05,2404810
RCT-33-0169,INV-33-0169,2026-05,2404810
RCT-33-0170,INV-33-0170,2026-05,2404810
RCT-33-0171,INV-33-0171,2026-05,2404810
RCT-33-0172,INV-33-0172,2026-05,2404810
RCT-33-0173,INV-33-0173,2026-05,2404810
RCT-33-0174,INV-33-0174,2026-05,2404810
RCT-33-0175,INV-33-0175,2026-05,2404810
RCT-33-0176,INV-33-0176,2026-05,2404810
RCT-33-0177,INV-33-0177,2026-05,2404810
RCT-33-0178,INV-33-0178,2026-05,2404810
RCT-33-0179,INV-33-0179,2026-05,2404810
RCT-33-0180,INV-33-0180,2026-05,2404810
RCT-33-0181,INV-33-0181,2026-05,2404810
RCT-33-0182,INV-33-0182,2026-05,2404810
RCT-33-0183,INV-33-0183,2026-05,2404810
RCT-33-0184,INV-33-0184,2026-05,2404810
RCT-33-0185,INV-33-0185,2026-05,2404810
RCT-33-0186,INV-33-0186,2026-05,2404810
RCT-33-0187,INV-33-0187,2026-05,2404810
RCT-33-0188,INV-33-0188,2026-05,2404810
RCT-33-0189,INV-33-0189,2026-05,2404810
RCT-33-0190,INV-33-0190,2026-05,2404810
RCT-33-0191,INV-33-0191,2026-05,2404810
RCT-33-0192,INV-33-0192,2026-05,2404810
RCT-33-0193,INV-33-0193,2026-05,2404810
RCT-33-0194,INV-33-0194,2026-05,2404810
RCT-33-0195,INV-33-0195,2026-05,2404810
RCT-33-0196,INV-33-0196,2026-05,2404810
RCT-33-0197,INV-33-0197,2026-05,2404810
RCT-33-0198,INV-33-0198,2026-05,2404810
RCT-33-0199,INV-33-0199,2026-05,2404810
RCT-33-0200,INV-33-0200,2026-05,2404810
RCT-33-0201,INV-33-0201,2026-05,2404810
RCT-33-0202,INV-33-0202,2026-05,2404810
RCT-33-0203,INV-33-0203,2026-05,2404810
RCT-33-0204,INV-33-0204,2026-05,2404810
RCT-33-0205,INV-33-0205,2026-05,2404810
RCT-33-0206,INV-33-0206,2026-05,2404810
RCT-33-0207,INV-33-0207,2026-05,2404810
RCT-33-0208,INV-33-0208,2026-05,2404810
RCT-33-0209,INV-33-0209,2026-05,2404810
RCT-33-0210,INV-33-0210,2026-05,2404810
RCT-33-0211,INV-33-0211,2026-05,2404810
RCT-33-0212,INV-33-0212,2026-05,2404810
RCT-33-0213,INV-33-0213,2026-05,2404810
RCT-33-0214,INV-33-0214,2026-05,2404810
RCT-33-0215,INV-33-0215,2026-05,2404810
RCT-33-0216,INV-33-0216,2026-05,2404810
RCT-33-0217,INV-33-0217,2026-05,2404810
RCT-33-0218,INV-33-0218,2026-05,2404810
RCT-33-0219,INV-33-0219,2026-05,2404810
RCT-33-0220,INV-33-0220,2026-05,2404810
RCT-33-0221,INV-33-0221,2026-05,2404810
RCT-33-0222,INV-33-0222,2026-05,2404810
RCT-33-0223,INV-33-0223,2026-05,2404810
RCT-33-0224,INV-33-0224,2026-05,2404810
RCT-33-0225,INV-33-0225,2026-05,2404810
RCT-33-0226,INV-33-0226,2026-05,2404810
RCT-33-0227,INV-33-0227,2026-05,2404810
RCT-33-0228,INV-33-0228,2026-05,2404810
RCT-33-0229,INV-33-0229,2026-05,2404810
RCT-33-0230,INV-33-0230,2026-05,2404810
RCT-33-0231,INV-33-0231,2026-05,2404810
RCT-33-0232,INV-33-0232,2026-05,2404810
RCT-33-0233,INV-33-0233,2026-05,2404810
RCT-33-0234,INV-33-0234,2026-05,2404810
RCT-33-0235,INV-33-0235,2026-05,2404810
RCT-33-0236,INV-33-0236,2026-05,2404810
RCT-33-0237,INV-33-0237,2026-05,2404810
RCT-33-0238,INV-33-0238,2026-05,2404810
RCT-33-0239,INV-33-0239,2026-05,2404810
RCT-33-0240,INV-33-0240,2026-05,2404810
RCT-33-0241,INV-33-0241,2026-05,2404810
RCT-33-0242,INV-33-0242,2026-05,2404810
RCT-33-0243,INV-33-0243,2026-05,2404810
RCT-33-0244,INV-33-0244,2026-05,2404810
RCT-33-0245,INV-33-0245,2026-05,2404810
RCT-33-0246,INV-33-0246,2026-05,2404810
RCT-33-0247,INV-33-0247,2026-05,2404810
RCT-33-0248,INV-33-0248,2026-05,2404810
RCT-33-0249,INV-33-0249,2026-05,2404810
RCT-33-0250,INV-33-0250,2026-05,2404810
RCT-33-0251,INV-33-0251,2026-05,2404810
RCT-33-0252,INV-33-0252,2026-05,2404810
RCT-33-0253,INV-33-0253,2026-05,2404810
RCT-33-0254,INV-33-0254,2026-05,2404810
RCT-33-0255,INV-33-0255,2026-05,2404810
RCT-33-0256,INV-33-0256,2026-05,2404810
RCT-33-0257,INV-33-0257,2026-05,2404810
RCT-33-0258,INV-33-0258,2026-05,2404810
RCT-33-0259,INV-33-0259,2026-05,2404810
RCT-33-0260,INV-33-0260,2026-05,2404810
RCT-33-0261,INV-33-0261,2026-05,2404810
RCT-33-0262,INV-33-0262,2026-05,2404810
RCT-33-0263,INV-33-0263,2026-05,2404810
RCT-33-0264,INV-33-0264,2026-05,2404810
RCT-33-0265,INV-33-0265,2026-05,2404810
RCT-33-0266,INV-33-0266,2026-05,2404810
RCT-33-0267,INV-33-0267,2026-05,2404810
RCT-33-0268,INV-33-0268,2026-05,2404810
RCT-33-0269,INV-33-0269,2026-05,2404810
RCT-33-0270,INV-33-0270,2026-05,2404810
RCT-33-0271,INV-33-0271,2026-05,2404810
RCT-33-0272,INV-33-0272,2026-05,2404810
RCT-33-0273,INV-33-0273,2026-05,2404810
RCT-33-0274,INV-33-0274,2026-05,2404810
RCT-33-0275,INV-33-0275,2026-05,2404810
RCT-33-0276,INV-33-0276,2026-05,2404810
RCT-33-0277,INV-33-0277,2026-05,2404810
RCT-33-0278,INV-33-0278,2026-05,2404810
RCT-33-0279,INV-33-0279,2026-05,2404810
RCT-33-0280,INV-33-0280,2026-05,2404810
RCT-33-0281,INV-33-0281,2026-05,2404810
RCT-33-0282,INV-33-0282,2026-05,2404810
RCT-33-0283,INV-33-0283,2026-05,2404810
RCT-33-0284,INV-33-0284,2026-05,2404810
RCT-33-0285,INV-33-0285,2026-05,2404810
RCT-33-0286,INV-33-0286,2026-05,2404810
RCT-33-0287,INV-33-0287,2026-05,2404810
RCT-33-0288,INV-33-0288,2026-05,2404810
RCT-33-0289,INV-33-0289,2026-05,2404810
RCT-33-0290,INV-33-0290,2026-05,2404810
RCT-33-0291,INV-33-0291,2026-05,2404810
RCT-33-0292,INV-33-0292,2026-05,2404810
RCT-33-0293,INV-33-0293,2026-05,2404810
RCT-33-0294,INV-33-0294,2026-05,2404810
RCT-33-0295,INV-33-0295,2026-05,2404810
RCT-33-0296,INV-33-0296,2026-05,2404810
RCT-33-0297,INV-33-0297,2026-05,2404810
RCT-33-0298,INV-33-0298,2026-05,2404810
RCT-33-0299,INV-33-0299,2026-05,2404810
RCT-33-0300,INV-33-0300,2026-05,2404810
RCT-33-0301,INV-33-0301,2026-05,2404810
RCT-33-0302,INV-33-0302,2026-05,2404810
RCT-33-0303,INV-33-0303,2026-05,2404810
RCT-33-0304,INV-33-0304,2026-05,2404810
RCT-33-0305,INV-33-0305,2026-05,2404810
RCT-33-0306,INV-33-0306,2026-05,2404810
RCT-33-0307,INV-33-0307,2026-05,2404810
RCT-33-0308,INV-33-0308,2026-05,2404810
RCT-33-0309,INV-33-0309,2026-05,2404810
RCT-33-0310,INV-33-0310,2026-05,2404810
RCT-33-0311,INV-33-0311,2026-05,2404809
RCT-33-0312,INV-33-0312,2026-05,2404809
RCT-33-0313,INV-33-0313,2026-05,2404809
RCT-33-0314,INV-33-0314,2026-05,2404809
RCT-33-0315,INV-33-0315,2026-05,2404809
RCT-33-0316,INV-33-0316,2026-05,2404809
RCT-33-0317,INV-33-0317,2026-05,2404809
RCT-33-0318,INV-33-0318,2026-05,2404809
RCT-33-0319,INV-33-0319,2026-05,2404809
RCT-33-0320,INV-33-0320,2026-05,2404809
RCT-33-0321,INV-33-0321,2026-05,2404809
RCT-33-0322,INV-33-0322,2026-05,2404809
RCT-33-0323,INV-33-0323,2026-05,2404809
RCT-33-0324,INV-33-0324,2026-05,2404809
RCT-33-0325,INV-33-0325,2026-05,2404809
RCT-33-0326,INV-33-0326,2026-05,2404809
RCT-33-0327,INV-33-0327,2026-05,2404809
RCT-33-0328,INV-33-0328,2026-05,2404809
RCT-33-0329,INV-33-0329,2026-05,2404809
RCT-33-0330,INV-33-0330,2026-05,2404809
RCT-33-0331,INV-33-0331,2026-05,2404809
RCT-33-0332,INV-33-0332,2026-05,2404809
RCT-33-0333,INV-33-0333,2026-05,2404809
RCT-33-0334,INV-33-0334,2026-05,2404809
RCT-33-0335,INV-33-0335,2026-05,2404809
RCT-33-0336,INV-33-0336,2026-05,2404809
RCT-33-0337,INV-33-0337,2026-05,2404809
RCT-33-0338,INV-33-0338,2026-05,2404809
RCT-33-0339,INV-33-0339,2026-05,2404809
RCT-33-0340,INV-33-0340,2026-05,2404809
RCT-33-0341,INV-33-0341,2026-05,2404809
RCT-33-0342,INV-33-0342,2026-05,2404809
RCT-33-0343,INV-33-0343,2026-05,2404809
RCT-33-0344,INV-33-0344,2026-05,2404809
RCT-33-0345,INV-33-0345,2026-05,2404809
RCT-33-0346,INV-33-0346,2026-05,2404809
RCT-33-0347,INV-33-0347,2026-05,2404809
RCT-33-0348,INV-33-0348,2026-05,2404809
RCT-33-0349,INV-33-0349,2026-05,2404809
RCT-33-0350,INV-33-0350,2026-05,2404809
RCT-33-0351,INV-33-0351,2026-05,2404809
RCT-33-0352,INV-33-0352,2026-05,2404809
RCT-33-0353,INV-33-0353,2026-05,2404809
RCT-33-0354,INV-33-0354,2026-05,2404809
RCT-33-0355,INV-33-0355,2026-05,2404809
RCT-33-0356,INV-33-0356,2026-05,2404809
RCT-33-0357,INV-33-0357,2026-05,2404809
RCT-33-0358,INV-33-0358,2026-05,2404809
RCT-33-0359,INV-33-0359,2026-05,2404809
RCT-33-0360,INV-33-0360,2026-05,2404809
RCT-33-0361,INV-33-0361,2026-05,2404809
RCT-33-0362,INV-33-0362,2026-05,2404809
RCT-33-0363,INV-33-0363,2026-05,2404809
RCT-33-0364,INV-33-0364,2026-05,2404809
RCT-33-0365,INV-33-0365,2026-05,2404809
RCT-33-0366,INV-33-0366,2026-05,2404809
RCT-33-0367,INV-33-0367,2026-05,2404809
RCT-33-0368,INV-33-0368,2026-05,2404809
RCT-33-0369,INV-33-0369,2026-05,2404809
RCT-33-0370,INV-33-0370,2026-05,2404809
RCT-33-0371,INV-33-0371,2026-05,2404809
RCT-33-0372,INV-33-0372,2026-05,2404809
RCT-33-0373,INV-33-0373,2026-05,2404809
RCT-33-0374,INV-33-0374,2026-05,2404809
RCT-33-0375,INV-33-0375,2026-05,2404809
RCT-33-0376,INV-33-0376,2026-05,2404809
RCT-33-0377,INV-33-0377,2026-05,2404809
RCT-33-0378,INV-33-0378,2026-05,2404809
RCT-33-0379,INV-33-0379,2026-05,2404809
RCT-33-0380,INV-33-0380,2026-05,2404809
RCT-33-0381,INV-33-0381,2026-05,2404809
RCT-33-0382,INV-33-0382,2026-05,2404809
RCT-33-0383,INV-33-0383,2026-05,2404809
RCT-33-0384,INV-33-0384,2026-05,2404809
RCT-33-0385,INV-33-0385,2026-05,2404809
RCT-33-0386,INV-33-0386,2026-05,2404809
RCT-33-0387,INV-33-0387,2026-05,2404809
RCT-33-0388,INV-33-0388,2026-05,2404809
RCT-33-0389,INV-33-0389,2026-05,2404809
RCT-33-0390,INV-33-0390,2026-05,2404809
RCT-33-0391,INV-33-0391,2026-05,2404809
RCT-33-0392,INV-33-0392,2026-05,2404809
RCT-33-0393,INV-33-0393,2026-05,2404809
RCT-33-0394,INV-33-0394,2026-05,2404809
RCT-33-0395,INV-33-0395,2026-05,2404809
RCT-33-0396,INV-33-0396,2026-05,2404809
RCT-33-0397,INV-33-0397,2026-05,2404809
RCT-33-0398,INV-33-0398,2026-05,2404809
RCT-33-0399,INV-33-0399,2026-05,2404809
RCT-33-0400,INV-33-0400,2026-05,2404809
RCT-33-0401,INV-33-0401,2026-05,2404809
RCT-33-0402,INV-33-0402,2026-05,2404809
RCT-33-0403,INV-33-0403,2026-05,2404809
RCT-33-0404,INV-33-0404,2026-05,2404809
RCT-33-0405,INV-33-0405,2026-05,2404809
RCT-33-0406,INV-33-0406,2026-05,2404809
RCT-33-0407,INV-33-0407,2026-05,2404809
RCT-33-0408,INV-33-0408,2026-05,2404809
RCT-33-0409,INV-33-0409,2026-05,2404809
RCT-33-0410,INV-33-0410,2026-05,2404809
RCT-33-0411,INV-33-0411,2026-05,2404809
RCT-33-0412,INV-33-0412,2026-05,2404809
RCT-33-0413,INV-33-0413,2026-05,2404809
RCT-33-0414,INV-33-0414,2026-05,2404809
RCT-33-0415,INV-33-0415,2026-05,2404809
RCT-33-0416,INV-33-0416,2026-05,2404809
RCT-33-0417,INV-33-0417,2026-05,2404809
RCT-33-0418,INV-33-0418,2026-05,2404809
RCT-33-0419,INV-33-0419,2026-05,2404809
RCT-33-0420,INV-33-0420,2026-05,2404809
RCT-33-0421,INV-33-0421,2026-05,2404809
RCT-33-0422,INV-33-0422,2026-05,2404809
RCT-33-0423,INV-33-0423,2026-05,2404809
RCT-33-0424,INV-33-0424,2026-05,2404809
RCT-33-0425,INV-33-0425,2026-05,2404809
RCT-33-0426,INV-33-0426,2026-05,2404809
RCT-33-0427,INV-33-0427,2026-05,2404809
RCT-33-0428,INV-33-0428,2026-05,2404809
RCT-33-0429,INV-33-0429,2026-05,2404809
RCT-33-0430,INV-33-0430,2026-05,2404809
RCT-33-0431,INV-33-0431,2026-05,2404809
RCT-33-0432,INV-33-0432,2026-05,2404809
RCT-33-0433,INV-33-0433,2026-05,2404809
RCT-33-0434,INV-33-0434,2026-05,2404809
RCT-33-0435,INV-33-0435,2026-05,2404809
RCT-33-0436,INV-33-0436,2026-05,2404809
RCT-33-0437,INV-33-0437,2026-05,2404809
RCT-33-0438,INV-33-0438,2026-05,2404809
RCT-33-0439,INV-33-0439,2026-05,2404809
RCT-33-0440,INV-33-0440,2026-05,2404809
RCT-33-0441,INV-33-0441,2026-05,2404809
RCT-33-0442,INV-33-0442,2026-05,2404809
RCT-33-0443,INV-33-0443,2026-05,2404809
RCT-33-0444,INV-33-0444,2026-05,2404809
RCT-33-0445,INV-33-0445,2026-05,2404809
RCT-33-0446,INV-33-0446,2026-05,2404809
RCT-33-0447,INV-33-0447,2026-05,2404809
RCT-33-0448,INV-33-0448,2026-05,2404809
RCT-33-0449,INV-33-0449,2026-05,2404809
RCT-33-0450,INV-33-0450,2026-05,2404809
RCT-33-0451,INV-33-0451,2026-05,2404809
RCT-33-0452,INV-33-0452,2026-05,2404809
RCT-33-0453,INV-33-0453,2026-05,2404809
RCT-33-0454,INV-33-0454,2026-05,2404809
RCT-33-0455,INV-33-0455,2026-05,2404809
RCT-33-0456,INV-33-0456,2026-05,2404809
RCT-33-0457,INV-33-0457,2026-05,2404809
RCT-33-0458,INV-33-0458,2026-05,2404809
RCT-33-0459,INV-33-0459,2026-05,2404809
RCT-33-0460,INV-33-0460,2026-05,2404809
RCT-33-0461,INV-33-0461,2026-05,2404809
RCT-33-0462,INV-33-0462,2026-05,2404809
RCT-33-0463,INV-33-0463,2026-05,2404809
RCT-33-0464,INV-33-0464,2026-05,2404809
RCT-33-0465,INV-33-0465,2026-05,2404809
RCT-33-0466,INV-33-0466,2026-05,2404809
RCT-33-0467,INV-33-0467,2026-05,2404809
RCT-33-0468,INV-33-0468,2026-05,2404809
RCT-33-0469,INV-33-0469,2026-05,2404809
RCT-33-0470,INV-33-0470,2026-05,2404809
RCT-33-0471,INV-33-0471,2026-05,2404809
RCT-33-0472,INV-33-0472,2026-05,2404809
RCT-33-0473,INV-33-0473,2026-05,2404809
RCT-33-0474,INV-33-0474,2026-05,2404809
RCT-33-0475,INV-33-0475,2026-05,2404809
RCT-33-0476,INV-33-0476,2026-05,2404809
RCT-33-0477,INV-33-0477,2026-05,2404809
RCT-33-0478,INV-33-0478,2026-05,2404809
RCT-33-0479,INV-33-0479,2026-05,2404809
RCT-33-0480,INV-33-0480,2026-05,2404809
RCT-33-0481,INV-33-0481,2026-05,2404809
RCT-33-0482,INV-33-0482,2026-05,2404809
RCT-33-0483,INV-33-0483,2026-05,2404809
RCT-33-0484,INV-33-0484,2026-05,2404809
RCT-33-0485,INV-33-0485,2026-05,2404809
RCT-33-0486,INV-33-0486,2026-05,2404809
RCT-33-0487,INV-33-0487,2026-05,2404809
RCT-33-0488,INV-33-0488,2026-05,2404809
RCT-33-0489,INV-33-0489,2026-05,2404809
RCT-33-0490,INV-33-0490,2026-05,2404809
RCT-33-0491,INV-33-0491,2026-05,2404809
RCT-33-0492,INV-33-0492,2026-05,2404809
RCT-33-0493,INV-33-0493,2026-05,2404809
RCT-33-0494,INV-33-0494,2026-05,2404809
RCT-33-0495,INV-33-0495,2026-05,2404809
RCT-33-0496,INV-33-0496,2026-05,2404809
RCT-33-0497,INV-33-0497,2026-05,2404809
RCT-33-0498,INV-33-0498,2026-05,2404809
RCT-33-0499,INV-33-0499,2026-05,2404809
RCT-33-0500,INV-33-0500,2026-05,2404809
RCT-33-SVC,INV-33-SVC,2026-05,183333333
RCT-34-0001,INV-34-0001,2026-06,300000000
RCT-34-0002,INV-34-0002,2026-06,2404810
RCT-34-0003,INV-34-0003,2026-06,2404810
RCT-34-0004,INV-34-0004,2026-06,2404810
RCT-34-0005,INV-34-0005,2026-06,2404810
RCT-34-0006,INV-34-0006,2026-06,2404810
RCT-34-0007,INV-34-0007,2026-06,2404810
RCT-34-0008,INV-34-0008,2026-06,2404810
RCT-34-0009,INV-34-0009,2026-06,2404810
RCT-34-0010,INV-34-0010,2026-06,2404810
RCT-34-0011,INV-34-0011,2026-06,2404810
RCT-34-0012,INV-34-0012,2026-06,2404810
RCT-34-0013,INV-34-0013,2026-06,2404810
RCT-34-0014,INV-34-0014,2026-06,2404810
RCT-34-0015,INV-34-0015,2026-06,2404810
RCT-34-0016,INV-34-0016,2026-06,2404810
RCT-34-0017,INV-34-0017,2026-06,2404810
RCT-34-0018,INV-34-0018,2026-06,2404810
RCT-34-0019,INV-34-0019,2026-06,2404810
RCT-34-0020,INV-34-0020,2026-06,2404810
RCT-34-0021,INV-34-0021,2026-06,2404810
RCT-34-0022,INV-34-0022,2026-06,2404810
RCT-34-0023,INV-34-0023,2026-06,2404810
RCT-34-0024,INV-34-0024,2026-06,2404810
RCT-34-0025,INV-34-0025,2026-06,2404810
RCT-34-0026,INV-34-0026,2026-06,2404810
RCT-34-0027,INV-34-0027,2026-06,2404810
RCT-34-0028,INV-34-0028,2026-06,2404810
RCT-34-0029,INV-34-0029,2026-06,2404810
RCT-34-0030,INV-34-0030,2026-06,2404810
RCT-34-0031,INV-34-0031,2026-06,2404810
RCT-34-0032,INV-34-0032,2026-06,2404810
RCT-34-0033,INV-34-0033,2026-06,2404810
RCT-34-0034,INV-34-0034,2026-06,2404810
RCT-34-0035,INV-34-0035,2026-06,2404810
RCT-34-0036,INV-34-0036,2026-06,2404810
RCT-34-0037,INV-34-0037,2026-06,2404810
RCT-34-0038,INV-34-0038,2026-06,2404810
RCT-34-0039,INV-34-0039,2026-06,2404810
RCT-34-0040,INV-34-0040,2026-06,2404810
RCT-34-0041,INV-34-0041,2026-06,2404810
RCT-34-0042,INV-34-0042,2026-06,2404810
RCT-34-0043,INV-34-0043,2026-06,2404810
RCT-34-0044,INV-34-0044,2026-06,2404810
RCT-34-0045,INV-34-0045,2026-06,2404810
RCT-34-0046,INV-34-0046,2026-06,2404810
RCT-34-0047,INV-34-0047,2026-06,2404810
RCT-34-0048,INV-34-0048,2026-06,2404810
RCT-34-0049,INV-34-0049,2026-06,2404810
RCT-34-0050,INV-34-0050,2026-06,2404810
RCT-34-0051,INV-34-0051,2026-06,2404810
RCT-34-0052,INV-34-0052,2026-06,2404810
RCT-34-0053,INV-34-0053,2026-06,2404810
RCT-34-0054,INV-34-0054,2026-06,2404810
RCT-34-0055,INV-34-0055,2026-06,2404810
RCT-34-0056,INV-34-0056,2026-06,2404810
RCT-34-0057,INV-34-0057,2026-06,2404810
RCT-34-0058,INV-34-0058,2026-06,2404810
RCT-34-0059,INV-34-0059,2026-06,2404810
RCT-34-0060,INV-34-0060,2026-06,2404810
RCT-34-0061,INV-34-0061,2026-06,2404810
RCT-34-0062,INV-34-0062,2026-06,2404810
RCT-34-0063,INV-34-0063,2026-06,2404810
RCT-34-0064,INV-34-0064,2026-06,2404810
RCT-34-0065,INV-34-0065,2026-06,2404810
RCT-34-0066,INV-34-0066,2026-06,2404810
RCT-34-0067,INV-34-0067,2026-06,2404810
RCT-34-0068,INV-34-0068,2026-06,2404810
RCT-34-0069,INV-34-0069,2026-06,2404810
RCT-34-0070,INV-34-0070,2026-06,2404810
RCT-34-0071,INV-34-0071,2026-06,2404810
RCT-34-0072,INV-34-0072,2026-06,2404810
RCT-34-0073,INV-34-0073,2026-06,2404810
RCT-34-0074,INV-34-0074,2026-06,2404810
RCT-34-0075,INV-34-0075,2026-06,2404810
RCT-34-0076,INV-34-0076,2026-06,2404810
RCT-34-0077,INV-34-0077,2026-06,2404810
RCT-34-0078,INV-34-0078,2026-06,2404810
RCT-34-0079,INV-34-0079,2026-06,2404810
RCT-34-0080,INV-34-0080,2026-06,2404810
RCT-34-0081,INV-34-0081,2026-06,2404810
RCT-34-0082,INV-34-0082,2026-06,2404810
RCT-34-0083,INV-34-0083,2026-06,2404810
RCT-34-0084,INV-34-0084,2026-06,2404810
RCT-34-0085,INV-34-0085,2026-06,2404810
RCT-34-0086,INV-34-0086,2026-06,2404810
RCT-34-0087,INV-34-0087,2026-06,2404810
RCT-34-0088,INV-34-0088,2026-06,2404810
RCT-34-0089,INV-34-0089,2026-06,2404810
RCT-34-0090,INV-34-0090,2026-06,2404810
RCT-34-0091,INV-34-0091,2026-06,2404810
RCT-34-0092,INV-34-0092,2026-06,2404810
RCT-34-0093,INV-34-0093,2026-06,2404810
RCT-34-0094,INV-34-0094,2026-06,2404810
RCT-34-0095,INV-34-0095,2026-06,2404810
RCT-34-0096,INV-34-0096,2026-06,2404810
RCT-34-0097,INV-34-0097,2026-06,2404810
RCT-34-0098,INV-34-0098,2026-06,2404810
RCT-34-0099,INV-34-0099,2026-06,2404810
RCT-34-0100,INV-34-0100,2026-06,2404810
RCT-34-0101,INV-34-0101,2026-06,2404810
RCT-34-0102,INV-34-0102,2026-06,2404810
RCT-34-0103,INV-34-0103,2026-06,2404810
RCT-34-0104,INV-34-0104,2026-06,2404810
RCT-34-0105,INV-34-0105,2026-06,2404810
RCT-34-0106,INV-34-0106,2026-06,2404810
RCT-34-0107,INV-34-0107,2026-06,2404810
RCT-34-0108,INV-34-0108,2026-06,2404810
RCT-34-0109,INV-34-0109,2026-06,2404810
RCT-34-0110,INV-34-0110,2026-06,2404810
RCT-34-0111,INV-34-0111,2026-06,2404810
RCT-34-0112,INV-34-0112,2026-06,2404810
RCT-34-0113,INV-34-0113,2026-06,2404810
RCT-34-0114,INV-34-0114,2026-06,2404810
RCT-34-0115,INV-34-0115,2026-06,2404810
RCT-34-0116,INV-34-0116,2026-06,2404810
RCT-34-0117,INV-34-0117,2026-06,2404810
RCT-34-0118,INV-34-0118,2026-06,2404810
RCT-34-0119,INV-34-0119,2026-06,2404810
RCT-34-0120,INV-34-0120,2026-06,2404810
RCT-34-0121,INV-34-0121,2026-06,2404810
RCT-34-0122,INV-34-0122,2026-06,2404810
RCT-34-0123,INV-34-0123,2026-06,2404810
RCT-34-0124,INV-34-0124,2026-06,2404810
RCT-34-0125,INV-34-0125,2026-06,2404810
RCT-34-0126,INV-34-0126,2026-06,2404810
RCT-34-0127,INV-34-0127,2026-06,2404810
RCT-34-0128,INV-34-0128,2026-06,2404810
RCT-34-0129,INV-34-0129,2026-06,2404810
RCT-34-0130,INV-34-0130,2026-06,2404810
RCT-34-0131,INV-34-0131,2026-06,2404810
RCT-34-0132,INV-34-0132,2026-06,2404810
RCT-34-0133,INV-34-0133,2026-06,2404810
RCT-34-0134,INV-34-0134,2026-06,2404810
RCT-34-0135,INV-34-0135,2026-06,2404810
RCT-34-0136,INV-34-0136,2026-06,2404810
RCT-34-0137,INV-34-0137,2026-06,2404810
RCT-34-0138,INV-34-0138,2026-06,2404810
RCT-34-0139,INV-34-0139,2026-06,2404810
RCT-34-0140,INV-34-0140,2026-06,2404810
RCT-34-0141,INV-34-0141,2026-06,2404810
RCT-34-0142,INV-34-0142,2026-06,2404810
RCT-34-0143,INV-34-0143,2026-06,2404810
RCT-34-0144,INV-34-0144,2026-06,2404810
RCT-34-0145,INV-34-0145,2026-06,2404810
RCT-34-0146,INV-34-0146,2026-06,2404810
RCT-34-0147,INV-34-0147,2026-06,2404810
RCT-34-0148,INV-34-0148,2026-06,2404810
RCT-34-0149,INV-34-0149,2026-06,2404810
RCT-34-0150,INV-34-0150,2026-06,2404810
RCT-34-0151,INV-34-0151,2026-06,2404810
RCT-34-0152,INV-34-0152,2026-06,2404810
RCT-34-0153,INV-34-0153,2026-06,2404810
RCT-34-0154,INV-34-0154,2026-06,2404810
RCT-34-0155,INV-34-0155,2026-06,2404810
RCT-34-0156,INV-34-0156,2026-06,2404810
RCT-34-0157,INV-34-0157,2026-06,2404810
RCT-34-0158,INV-34-0158,2026-06,2404810
RCT-34-0159,INV-34-0159,2026-06,2404810
RCT-34-0160,INV-34-0160,2026-06,2404810
RCT-34-0161,INV-34-0161,2026-06,2404810
RCT-34-0162,INV-34-0162,2026-06,2404810
RCT-34-0163,INV-34-0163,2026-06,2404810
RCT-34-0164,INV-34-0164,2026-06,2404810
RCT-34-0165,INV-34-0165,2026-06,2404810
RCT-34-0166,INV-34-0166,2026-06,2404810
RCT-34-0167,INV-34-0167,2026-06,2404810
RCT-34-0168,INV-34-0168,2026-06,2404810
RCT-34-0169,INV-34-0169,2026-06,2404810
RCT-34-0170,INV-34-0170,2026-06,2404810
RCT-34-0171,INV-34-0171,2026-06,2404810
RCT-34-0172,INV-34-0172,2026-06,2404810
RCT-34-0173,INV-34-0173,2026-06,2404810
RCT-34-0174,INV-34-0174,2026-06,2404810
RCT-34-0175,INV-34-0175,2026-06,2404810
RCT-34-0176,INV-34-0176,2026-06,2404810
RCT-34-0177,INV-34-0177,2026-06,2404810
RCT-34-0178,INV-34-0178,2026-06,2404810
RCT-34-0179,INV-34-0179,2026-06,2404810
RCT-34-0180,INV-34-0180,2026-06,2404810
RCT-34-0181,INV-34-0181,2026-06,2404810
RCT-34-0182,INV-34-0182,2026-06,2404810
RCT-34-0183,INV-34-0183,2026-06,2404810
RCT-34-0184,INV-34-0184,2026-06,2404810
RCT-34-0185,INV-34-0185,2026-06,2404810
RCT-34-0186,INV-34-0186,2026-06,2404810
RCT-34-0187,INV-34-0187,2026-06,2404810
RCT-34-0188,INV-34-0188,2026-06,2404810
RCT-34-0189,INV-34-0189,2026-06,2404810
RCT-34-0190,INV-34-0190,2026-06,2404810
RCT-34-0191,INV-34-0191,2026-06,2404810
RCT-34-0192,INV-34-0192,2026-06,2404810
RCT-34-0193,INV-34-0193,2026-06,2404810
RCT-34-0194,INV-34-0194,2026-06,2404810
RCT-34-0195,INV-34-0195,2026-06,2404810
RCT-34-0196,INV-34-0196,2026-06,2404810
RCT-34-0197,INV-34-0197,2026-06,2404810
RCT-34-0198,INV-34-0198,2026-06,2404810
RCT-34-0199,INV-34-0199,2026-06,2404810
RCT-34-0200,INV-34-0200,2026-06,2404810
RCT-34-0201,INV-34-0201,2026-06,2404810
RCT-34-0202,INV-34-0202,2026-06,2404810
RCT-34-0203,INV-34-0203,2026-06,2404810
RCT-34-0204,INV-34-0204,2026-06,2404810
RCT-34-0205,INV-34-0205,2026-06,2404810
RCT-34-0206,INV-34-0206,2026-06,2404810
RCT-34-0207,INV-34-0207,2026-06,2404810
RCT-34-0208,INV-34-0208,2026-06,2404810
RCT-34-0209,INV-34-0209,2026-06,2404810
RCT-34-0210,INV-34-0210,2026-06,2404810
RCT-34-0211,INV-34-0211,2026-06,2404810
RCT-34-0212,INV-34-0212,2026-06,2404810
RCT-34-0213,INV-34-0213,2026-06,2404810
RCT-34-0214,INV-34-0214,2026-06,2404810
RCT-34-0215,INV-34-0215,2026-06,2404810
RCT-34-0216,INV-34-0216,2026-06,2404810
RCT-34-0217,INV-34-0217,2026-06,2404810
RCT-34-0218,INV-34-0218,2026-06,2404810
RCT-34-0219,INV-34-0219,2026-06,2404810
RCT-34-0220,INV-34-0220,2026-06,2404810
RCT-34-0221,INV-34-0221,2026-06,2404810
RCT-34-0222,INV-34-0222,2026-06,2404810
RCT-34-0223,INV-34-0223,2026-06,2404810
RCT-34-0224,INV-34-0224,2026-06,2404810
RCT-34-0225,INV-34-0225,2026-06,2404810
RCT-34-0226,INV-34-0226,2026-06,2404810
RCT-34-0227,INV-34-0227,2026-06,2404810
RCT-34-0228,INV-34-0228,2026-06,2404810
RCT-34-0229,INV-34-0229,2026-06,2404810
RCT-34-0230,INV-34-0230,2026-06,2404810
RCT-34-0231,INV-34-0231,2026-06,2404810
RCT-34-0232,INV-34-0232,2026-06,2404810
RCT-34-0233,INV-34-0233,2026-06,2404810
RCT-34-0234,INV-34-0234,2026-06,2404810
RCT-34-0235,INV-34-0235,2026-06,2404810
RCT-34-0236,INV-34-0236,2026-06,2404810
RCT-34-0237,INV-34-0237,2026-06,2404810
RCT-34-0238,INV-34-0238,2026-06,2404810
RCT-34-0239,INV-34-0239,2026-06,2404810
RCT-34-0240,INV-34-0240,2026-06,2404810
RCT-34-0241,INV-34-0241,2026-06,2404810
RCT-34-0242,INV-34-0242,2026-06,2404810
RCT-34-0243,INV-34-0243,2026-06,2404810
RCT-34-0244,INV-34-0244,2026-06,2404810
RCT-34-0245,INV-34-0245,2026-06,2404810
RCT-34-0246,INV-34-0246,2026-06,2404810
RCT-34-0247,INV-34-0247,2026-06,2404810
RCT-34-0248,INV-34-0248,2026-06,2404810
RCT-34-0249,INV-34-0249,2026-06,2404810
RCT-34-0250,INV-34-0250,2026-06,2404810
RCT-34-0251,INV-34-0251,2026-06,2404810
RCT-34-0252,INV-34-0252,2026-06,2404810
RCT-34-0253,INV-34-0253,2026-06,2404810
RCT-34-0254,INV-34-0254,2026-06,2404810
RCT-34-0255,INV-34-0255,2026-06,2404810
RCT-34-0256,INV-34-0256,2026-06,2404810
RCT-34-0257,INV-34-0257,2026-06,2404810
RCT-34-0258,INV-34-0258,2026-06,2404810
RCT-34-0259,INV-34-0259,2026-06,2404810
RCT-34-0260,INV-34-0260,2026-06,2404810
RCT-34-0261,INV-34-0261,2026-06,2404810
RCT-34-0262,INV-34-0262,2026-06,2404810
RCT-34-0263,INV-34-0263,2026-06,2404810
RCT-34-0264,INV-34-0264,2026-06,2404810
RCT-34-0265,INV-34-0265,2026-06,2404810
RCT-34-0266,INV-34-0266,2026-06,2404810
RCT-34-0267,INV-34-0267,2026-06,2404810
RCT-34-0268,INV-34-0268,2026-06,2404810
RCT-34-0269,INV-34-0269,2026-06,2404810
RCT-34-0270,INV-34-0270,2026-06,2404810
RCT-34-0271,INV-34-0271,2026-06,2404810
RCT-34-0272,INV-34-0272,2026-06,2404810
RCT-34-0273,INV-34-0273,2026-06,2404810
RCT-34-0274,INV-34-0274,2026-06,2404810
RCT-34-0275,INV-34-0275,2026-06,2404810
RCT-34-0276,INV-34-0276,2026-06,2404810
RCT-34-0277,INV-34-0277,2026-06,2404810
RCT-34-0278,INV-34-0278,2026-06,2404810
RCT-34-0279,INV-34-0279,2026-06,2404810
RCT-34-0280,INV-34-0280,2026-06,2404810
RCT-34-0281,INV-34-0281,2026-06,2404810
RCT-34-0282,INV-34-0282,2026-06,2404810
RCT-34-0283,INV-34-0283,2026-06,2404810
RCT-34-0284,INV-34-0284,2026-06,2404810
RCT-34-0285,INV-34-0285,2026-06,2404810
RCT-34-0286,INV-34-0286,2026-06,2404810
RCT-34-0287,INV-34-0287,2026-06,2404810
RCT-34-0288,INV-34-0288,2026-06,2404810
RCT-34-0289,INV-34-0289,2026-06,2404810
RCT-34-0290,INV-34-0290,2026-06,2404810
RCT-34-0291,INV-34-0291,2026-06,2404810
RCT-34-0292,INV-34-0292,2026-06,2404810
RCT-34-0293,INV-34-0293,2026-06,2404810
RCT-34-0294,INV-34-0294,2026-06,2404810
RCT-34-0295,INV-34-0295,2026-06,2404810
RCT-34-0296,INV-34-0296,2026-06,2404810
RCT-34-0297,INV-34-0297,2026-06,2404810
RCT-34-0298,INV-34-0298,2026-06,2404810
RCT-34-0299,INV-34-0299,2026-06,2404810
RCT-34-0300,INV-34-0300,2026-06,2404810
RCT-34-0301,INV-34-0301,2026-06,2404810
RCT-34-0302,INV-34-0302,2026-06,2404810
RCT-34-0303,INV-34-0303,2026-06,2404810
RCT-34-0304,INV-34-0304,2026-06,2404810
RCT-34-0305,INV-34-0305,2026-06,2404810
RCT-34-0306,INV-34-0306,2026-06,2404810
RCT-34-0307,INV-34-0307,2026-06,2404810
RCT-34-0308,INV-34-0308,2026-06,2404810
RCT-34-0309,INV-34-0309,2026-06,2404810
RCT-34-0310,INV-34-0310,2026-06,2404810
RCT-34-0311,INV-34-0311,2026-06,2404809
RCT-34-0312,INV-34-0312,2026-06,2404809
RCT-34-0313,INV-34-0313,2026-06,2404809
RCT-34-0314,INV-34-0314,2026-06,2404809
RCT-34-0315,INV-34-0315,2026-06,2404809
RCT-34-0316,INV-34-0316,2026-06,2404809
RCT-34-0317,INV-34-0317,2026-06,2404809
RCT-34-0318,INV-34-0318,2026-06,2404809
RCT-34-0319,INV-34-0319,2026-06,2404809
RCT-34-0320,INV-34-0320,2026-06,2404809
RCT-34-0321,INV-34-0321,2026-06,2404809
RCT-34-0322,INV-34-0322,2026-06,2404809
RCT-34-0323,INV-34-0323,2026-06,2404809
RCT-34-0324,INV-34-0324,2026-06,2404809
RCT-34-0325,INV-34-0325,2026-06,2404809
RCT-34-0326,INV-34-0326,2026-06,2404809
RCT-34-0327,INV-34-0327,2026-06,2404809
RCT-34-0328,INV-34-0328,2026-06,2404809
RCT-34-0329,INV-34-0329,2026-06,2404809
RCT-34-0330,INV-34-0330,2026-06,2404809
RCT-34-0331,INV-34-0331,2026-06,2404809
RCT-34-0332,INV-34-0332,2026-06,2404809
RCT-34-0333,INV-34-0333,2026-06,2404809
RCT-34-0334,INV-34-0334,2026-06,2404809
RCT-34-0335,INV-34-0335,2026-06,2404809
RCT-34-0336,INV-34-0336,2026-06,2404809
RCT-34-0337,INV-34-0337,2026-06,2404809
RCT-34-0338,INV-34-0338,2026-06,2404809
RCT-34-0339,INV-34-0339,2026-06,2404809
RCT-34-0340,INV-34-0340,2026-06,2404809
RCT-34-0341,INV-34-0341,2026-06,2404809
RCT-34-0342,INV-34-0342,2026-06,2404809
RCT-34-0343,INV-34-0343,2026-06,2404809
RCT-34-0344,INV-34-0344,2026-06,2404809
RCT-34-0345,INV-34-0345,2026-06,2404809
RCT-34-0346,INV-34-0346,2026-06,2404809
RCT-34-0347,INV-34-0347,2026-06,2404809
RCT-34-0348,INV-34-0348,2026-06,2404809
RCT-34-0349,INV-34-0349,2026-06,2404809
RCT-34-0350,INV-34-0350,2026-06,2404809
RCT-34-0351,INV-34-0351,2026-06,2404809
RCT-34-0352,INV-34-0352,2026-06,2404809
RCT-34-0353,INV-34-0353,2026-06,2404809
RCT-34-0354,INV-34-0354,2026-06,2404809
RCT-34-0355,INV-34-0355,2026-06,2404809
RCT-34-0356,INV-34-0356,2026-06,2404809
RCT-34-0357,INV-34-0357,2026-06,2404809
RCT-34-0358,INV-34-0358,2026-06,2404809
RCT-34-0359,INV-34-0359,2026-06,2404809
RCT-34-0360,INV-34-0360,2026-06,2404809
RCT-34-0361,INV-34-0361,2026-06,2404809
RCT-34-0362,INV-34-0362,2026-06,2404809
RCT-34-0363,INV-34-0363,2026-06,2404809
RCT-34-0364,INV-34-0364,2026-06,2404809
RCT-34-0365,INV-34-0365,2026-06,2404809
RCT-34-0366,INV-34-0366,2026-06,2404809
RCT-34-0367,INV-34-0367,2026-06,2404809
RCT-34-0368,INV-34-0368,2026-06,2404809
RCT-34-0369,INV-34-0369,2026-06,2404809
RCT-34-0370,INV-34-0370,2026-06,2404809
RCT-34-0371,INV-34-0371,2026-06,2404809
RCT-34-0372,INV-34-0372,2026-06,2404809
RCT-34-0373,INV-34-0373,2026-06,2404809
RCT-34-0374,INV-34-0374,2026-06,2404809
RCT-34-0375,INV-34-0375,2026-06,2404809
RCT-34-0376,INV-34-0376,2026-06,2404809
RCT-34-0377,INV-34-0377,2026-06,2404809
RCT-34-0378,INV-34-0378,2026-06,2404809
RCT-34-0379,INV-34-0379,2026-06,2404809
RCT-34-0380,INV-34-0380,2026-06,2404809
RCT-34-0381,INV-34-0381,2026-06,2404809
RCT-34-0382,INV-34-0382,2026-06,2404809
RCT-34-0383,INV-34-0383,2026-06,2404809
RCT-34-0384,INV-34-0384,2026-06,2404809
RCT-34-0385,INV-34-0385,2026-06,2404809
RCT-34-0386,INV-34-0386,2026-06,2404809
RCT-34-0387,INV-34-0387,2026-06,2404809
RCT-34-0388,INV-34-0388,2026-06,2404809
RCT-34-0389,INV-34-0389,2026-06,2404809
RCT-34-0390,INV-34-0390,2026-06,2404809
RCT-34-0391,INV-34-0391,2026-06,2404809
RCT-34-0392,INV-34-0392,2026-06,2404809
RCT-34-0393,INV-34-0393,2026-06,2404809
RCT-34-0394,INV-34-0394,2026-06,2404809
RCT-34-0395,INV-34-0395,2026-06,2404809
RCT-34-0396,INV-34-0396,2026-06,2404809
RCT-34-0397,INV-34-0397,2026-06,2404809
RCT-34-0398,INV-34-0398,2026-06,2404809
RCT-34-0399,INV-34-0399,2026-06,2404809
RCT-34-0400,INV-34-0400,2026-06,2404809
RCT-34-0401,INV-34-0401,2026-06,2404809
RCT-34-0402,INV-34-0402,2026-06,2404809
RCT-34-0403,INV-34-0403,2026-06,2404809
RCT-34-0404,INV-34-0404,2026-06,2404809
RCT-34-0405,INV-34-0405,2026-06,2404809
RCT-34-0406,INV-34-0406,2026-06,2404809
RCT-34-0407,INV-34-0407,2026-06,2404809
RCT-34-0408,INV-34-0408,2026-06,2404809
RCT-34-0409,INV-34-0409,2026-06,2404809
RCT-34-0410,INV-34-0410,2026-06,2404809
RCT-34-0411,INV-34-0411,2026-06,2404809
RCT-34-0412,INV-34-0412,2026-06,2404809
RCT-34-0413,INV-34-0413,2026-06,2404809
RCT-34-0414,INV-34-0414,2026-06,2404809
RCT-34-0415,INV-34-0415,2026-06,2404809
RCT-34-0416,INV-34-0416,2026-06,2404809
RCT-34-0417,INV-34-0417,2026-06,2404809
RCT-34-0418,INV-34-0418,2026-06,2404809
RCT-34-0419,INV-34-0419,2026-06,2404809
RCT-34-0420,INV-34-0420,2026-06,2404809
RCT-34-0421,INV-34-0421,2026-06,2404809
RCT-34-0422,INV-34-0422,2026-06,2404809
RCT-34-0423,INV-34-0423,2026-06,2404809
RCT-34-0424,INV-34-0424,2026-06,2404809
RCT-34-0425,INV-34-0425,2026-06,2404809
RCT-34-0426,INV-34-0426,2026-06,2404809
RCT-34-0427,INV-34-0427,2026-06,2404809
RCT-34-0428,INV-34-0428,2026-06,2404809
RCT-34-0429,INV-34-0429,2026-06,2404809
RCT-34-0430,INV-34-0430,2026-06,2404809
RCT-34-0431,INV-34-0431,2026-06,2404809
RCT-34-0432,INV-34-0432,2026-06,2404809
RCT-34-0433,INV-34-0433,2026-06,2404809
RCT-34-0434,INV-34-0434,2026-06,2404809
RCT-34-0435,INV-34-0435,2026-06,2404809
RCT-34-0436,INV-34-0436,2026-06,2404809
RCT-34-0437,INV-34-0437,2026-06,2404809
RCT-34-0438,INV-34-0438,2026-06,2404809
RCT-34-0439,INV-34-0439,2026-06,2404809
RCT-34-0440,INV-34-0440,2026-06,2404809
RCT-34-0441,INV-34-0441,2026-06,2404809
RCT-34-0442,INV-34-0442,2026-06,2404809
RCT-34-0443,INV-34-0443,2026-06,2404809
RCT-34-0444,INV-34-0444,2026-06,2404809
RCT-34-0445,INV-34-0445,2026-06,2404809
RCT-34-0446,INV-34-0446,2026-06,2404809
RCT-34-0447,INV-34-0447,2026-06,2404809
RCT-34-0448,INV-34-0448,2026-06,2404809
RCT-34-0449,INV-34-0449,2026-06,2404809
RCT-34-0450,INV-34-0450,2026-06,2404809
RCT-34-0451,INV-34-0451,2026-06,2404809
RCT-34-0452,INV-34-0452,2026-06,2404809
RCT-34-0453,INV-34-0453,2026-06,2404809
RCT-34-0454,INV-34-0454,2026-06,2404809
RCT-34-0455,INV-34-0455,2026-06,2404809
RCT-34-0456,INV-34-0456,2026-06,2404809
RCT-34-0457,INV-34-0457,2026-06,2404809
RCT-34-0458,INV-34-0458,2026-06,2404809
RCT-34-0459,INV-34-0459,2026-06,2404809
RCT-34-0460,INV-34-0460,2026-06,2404809
RCT-34-0461,INV-34-0461,2026-06,2404809
RCT-34-0462,INV-34-0462,2026-06,2404809
RCT-34-0463,INV-34-0463,2026-06,2404809
RCT-34-0464,INV-34-0464,2026-06,2404809
RCT-34-0465,INV-34-0465,2026-06,2404809
RCT-34-0466,INV-34-0466,2026-06,2404809
RCT-34-0467,INV-34-0467,2026-06,2404809
RCT-34-0468,INV-34-0468,2026-06,2404809
RCT-34-0469,INV-34-0469,2026-06,2404809
RCT-34-0470,INV-34-0470,2026-06,2404809
RCT-34-0471,INV-34-0471,2026-06,2404809
RCT-34-0472,INV-34-0472,2026-06,2404809
RCT-34-0473,INV-34-0473,2026-06,2404809
RCT-34-0474,INV-34-0474,2026-06,2404809
RCT-34-0475,INV-34-0475,2026-06,2404809
RCT-34-0476,INV-34-0476,2026-06,2404809
RCT-34-0477,INV-34-0477,2026-06,2404809
RCT-34-0478,INV-34-0478,2026-06,2404809
RCT-34-0479,INV-34-0479,2026-06,2404809
RCT-34-0480,INV-34-0480,2026-06,2404809
RCT-34-0481,INV-34-0481,2026-06,2404809
RCT-34-0482,INV-34-0482,2026-06,2404809
RCT-34-0483,INV-34-0483,2026-06,2404809
RCT-34-0484,INV-34-0484,2026-06,2404809
RCT-34-0485,INV-34-0485,2026-06,2404809
RCT-34-0486,INV-34-0486,2026-06,2404809
RCT-34-0487,INV-34-0487,2026-06,2404809
RCT-34-0488,INV-34-0488,2026-06,2404809
RCT-34-0489,INV-34-0489,2026-06,2404809
RCT-34-0490,INV-34-0490,2026-06,2404809
RCT-34-0491,INV-34-0491,2026-06,2404809
RCT-34-0492,INV-34-0492,2026-06,2404809
RCT-34-0493,INV-34-0493,2026-06,2404809
RCT-34-0494,INV-34-0494,2026-06,2404809
RCT-34-0495,INV-34-0495,2026-06,2404809
RCT-34-0496,INV-34-0496,2026-06,2404809
RCT-34-0497,INV-34-0497,2026-06,2404809
RCT-34-0498,INV-34-0498,2026-06,2404809
RCT-34-0499,INV-34-0499,2026-06,2404809
RCT-34-0500,INV-34-0500,2026-06,2404809
RCT-34-SVC,INV-34-SVC,2026-06,183333333
RCT-35-0001,INV-35-0001,2026-07,300000000
RCT-35-0002,INV-35-0002,2026-07,2404810
RCT-35-0003,INV-35-0003,2026-07,2404810
RCT-35-0004,INV-35-0004,2026-07,2404810
RCT-35-0005,INV-35-0005,2026-07,2404810
RCT-35-0006,INV-35-0006,2026-07,2404810
RCT-35-0007,INV-35-0007,2026-07,2404810
RCT-35-0008,INV-35-0008,2026-07,2404810
RCT-35-0009,INV-35-0009,2026-07,2404810
RCT-35-0010,INV-35-0010,2026-07,2404810
RCT-35-0011,INV-35-0011,2026-07,2404810
RCT-35-0012,INV-35-0012,2026-07,2404810
RCT-35-0013,INV-35-0013,2026-07,2404810
RCT-35-0014,INV-35-0014,2026-07,2404810
RCT-35-0015,INV-35-0015,2026-07,2404810
RCT-35-0016,INV-35-0016,2026-07,2404810
RCT-35-0017,INV-35-0017,2026-07,2404810
RCT-35-0018,INV-35-0018,2026-07,2404810
RCT-35-0019,INV-35-0019,2026-07,2404810
RCT-35-0020,INV-35-0020,2026-07,2404810
RCT-35-0021,INV-35-0021,2026-07,2404810
RCT-35-0022,INV-35-0022,2026-07,2404810
RCT-35-0023,INV-35-0023,2026-07,2404810
RCT-35-0024,INV-35-0024,2026-07,2404810
RCT-35-0025,INV-35-0025,2026-07,2404810
RCT-35-0026,INV-35-0026,2026-07,2404810
RCT-35-0027,INV-35-0027,2026-07,2404810
RCT-35-0028,INV-35-0028,2026-07,2404810
RCT-35-0029,INV-35-0029,2026-07,2404810
RCT-35-0030,INV-35-0030,2026-07,2404810
RCT-35-0031,INV-35-0031,2026-07,2404810
RCT-35-0032,INV-35-0032,2026-07,2404810
RCT-35-0033,INV-35-0033,2026-07,2404810
RCT-35-0034,INV-35-0034,2026-07,2404810
RCT-35-0035,INV-35-0035,2026-07,2404810
RCT-35-0036,INV-35-0036,2026-07,2404810
RCT-35-0037,INV-35-0037,2026-07,2404810
RCT-35-0038,INV-35-0038,2026-07,2404810
RCT-35-0039,INV-35-0039,2026-07,2404810
RCT-35-0040,INV-35-0040,2026-07,2404810
RCT-35-0041,INV-35-0041,2026-07,2404810
RCT-35-0042,INV-35-0042,2026-07,2404810
RCT-35-0043,INV-35-0043,2026-07,2404810
RCT-35-0044,INV-35-0044,2026-07,2404810
RCT-35-0045,INV-35-0045,2026-07,2404810
RCT-35-0046,INV-35-0046,2026-07,2404810
RCT-35-0047,INV-35-0047,2026-07,2404810
RCT-35-0048,INV-35-0048,2026-07,2404810
RCT-35-0049,INV-35-0049,2026-07,2404810
RCT-35-0050,INV-35-0050,2026-07,2404810
RCT-35-0051,INV-35-0051,2026-07,2404810
RCT-35-0052,INV-35-0052,2026-07,2404810
RCT-35-0053,INV-35-0053,2026-07,2404810
RCT-35-0054,INV-35-0054,2026-07,2404810
RCT-35-0055,INV-35-0055,2026-07,2404810
RCT-35-0056,INV-35-0056,2026-07,2404810
RCT-35-0057,INV-35-0057,2026-07,2404810
RCT-35-0058,INV-35-0058,2026-07,2404810
RCT-35-0059,INV-35-0059,2026-07,2404810
RCT-35-0060,INV-35-0060,2026-07,2404810
RCT-35-0061,INV-35-0061,2026-07,2404810
RCT-35-0062,INV-35-0062,2026-07,2404810
RCT-35-0063,INV-35-0063,2026-07,2404810
RCT-35-0064,INV-35-0064,2026-07,2404810
RCT-35-0065,INV-35-0065,2026-07,2404810
RCT-35-0066,INV-35-0066,2026-07,2404810
RCT-35-0067,INV-35-0067,2026-07,2404810
RCT-35-0068,INV-35-0068,2026-07,2404810
RCT-35-0069,INV-35-0069,2026-07,2404810
RCT-35-0070,INV-35-0070,2026-07,2404810
RCT-35-0071,INV-35-0071,2026-07,2404810
RCT-35-0072,INV-35-0072,2026-07,2404810
RCT-35-0073,INV-35-0073,2026-07,2404810
RCT-35-0074,INV-35-0074,2026-07,2404810
RCT-35-0075,INV-35-0075,2026-07,2404810
RCT-35-0076,INV-35-0076,2026-07,2404810
RCT-35-0077,INV-35-0077,2026-07,2404810
RCT-35-0078,INV-35-0078,2026-07,2404810
RCT-35-0079,INV-35-0079,2026-07,2404810
RCT-35-0080,INV-35-0080,2026-07,2404810
RCT-35-0081,INV-35-0081,2026-07,2404810
RCT-35-0082,INV-35-0082,2026-07,2404810
RCT-35-0083,INV-35-0083,2026-07,2404810
RCT-35-0084,INV-35-0084,2026-07,2404810
RCT-35-0085,INV-35-0085,2026-07,2404810
RCT-35-0086,INV-35-0086,2026-07,2404810
RCT-35-0087,INV-35-0087,2026-07,2404810
RCT-35-0088,INV-35-0088,2026-07,2404810
RCT-35-0089,INV-35-0089,2026-07,2404810
RCT-35-0090,INV-35-0090,2026-07,2404810
RCT-35-0091,INV-35-0091,2026-07,2404810
RCT-35-0092,INV-35-0092,2026-07,2404810
RCT-35-0093,INV-35-0093,2026-07,2404810
RCT-35-0094,INV-35-0094,2026-07,2404810
RCT-35-0095,INV-35-0095,2026-07,2404810
RCT-35-0096,INV-35-0096,2026-07,2404810
RCT-35-0097,INV-35-0097,2026-07,2404810
RCT-35-0098,INV-35-0098,2026-07,2404810
RCT-35-0099,INV-35-0099,2026-07,2404810
RCT-35-0100,INV-35-0100,2026-07,2404810
RCT-35-0101,INV-35-0101,2026-07,2404810
RCT-35-0102,INV-35-0102,2026-07,2404810
RCT-35-0103,INV-35-0103,2026-07,2404810
RCT-35-0104,INV-35-0104,2026-07,2404810
RCT-35-0105,INV-35-0105,2026-07,2404810
RCT-35-0106,INV-35-0106,2026-07,2404810
RCT-35-0107,INV-35-0107,2026-07,2404810
RCT-35-0108,INV-35-0108,2026-07,2404810
RCT-35-0109,INV-35-0109,2026-07,2404810
RCT-35-0110,INV-35-0110,2026-07,2404810
RCT-35-0111,INV-35-0111,2026-07,2404810
RCT-35-0112,INV-35-0112,2026-07,2404810
RCT-35-0113,INV-35-0113,2026-07,2404810
RCT-35-0114,INV-35-0114,2026-07,2404810
RCT-35-0115,INV-35-0115,2026-07,2404810
RCT-35-0116,INV-35-0116,2026-07,2404810
RCT-35-0117,INV-35-0117,2026-07,2404810
RCT-35-0118,INV-35-0118,2026-07,2404810
RCT-35-0119,INV-35-0119,2026-07,2404810
RCT-35-0120,INV-35-0120,2026-07,2404810
RCT-35-0121,INV-35-0121,2026-07,2404810
RCT-35-0122,INV-35-0122,2026-07,2404810
RCT-35-0123,INV-35-0123,2026-07,2404810
RCT-35-0124,INV-35-0124,2026-07,2404810
RCT-35-0125,INV-35-0125,2026-07,2404810
RCT-35-0126,INV-35-0126,2026-07,2404810
RCT-35-0127,INV-35-0127,2026-07,2404810
RCT-35-0128,INV-35-0128,2026-07,2404810
RCT-35-0129,INV-35-0129,2026-07,2404810
RCT-35-0130,INV-35-0130,2026-07,2404810
RCT-35-0131,INV-35-0131,2026-07,2404810
RCT-35-0132,INV-35-0132,2026-07,2404810
RCT-35-0133,INV-35-0133,2026-07,2404810
RCT-35-0134,INV-35-0134,2026-07,2404810
RCT-35-0135,INV-35-0135,2026-07,2404810
RCT-35-0136,INV-35-0136,2026-07,2404810
RCT-35-0137,INV-35-0137,2026-07,2404810
RCT-35-0138,INV-35-0138,2026-07,2404810
RCT-35-0139,INV-35-0139,2026-07,2404810
RCT-35-0140,INV-35-0140,2026-07,2404810
RCT-35-0141,INV-35-0141,2026-07,2404810
RCT-35-0142,INV-35-0142,2026-07,2404810
RCT-35-0143,INV-35-0143,2026-07,2404810
RCT-35-0144,INV-35-0144,2026-07,2404810
RCT-35-0145,INV-35-0145,2026-07,2404810
RCT-35-0146,INV-35-0146,2026-07,2404810
RCT-35-0147,INV-35-0147,2026-07,2404810
RCT-35-0148,INV-35-0148,2026-07,2404810
RCT-35-0149,INV-35-0149,2026-07,2404810
RCT-35-0150,INV-35-0150,2026-07,2404810
RCT-35-0151,INV-35-0151,2026-07,2404810
RCT-35-0152,INV-35-0152,2026-07,2404810
RCT-35-0153,INV-35-0153,2026-07,2404810
RCT-35-0154,INV-35-0154,2026-07,2404810
RCT-35-0155,INV-35-0155,2026-07,2404810
RCT-35-0156,INV-35-0156,2026-07,2404810
RCT-35-0157,INV-35-0157,2026-07,2404810
RCT-35-0158,INV-35-0158,2026-07,2404810
RCT-35-0159,INV-35-0159,2026-07,2404810
RCT-35-0160,INV-35-0160,2026-07,2404810
RCT-35-0161,INV-35-0161,2026-07,2404810
RCT-35-0162,INV-35-0162,2026-07,2404810
RCT-35-0163,INV-35-0163,2026-07,2404810
RCT-35-0164,INV-35-0164,2026-07,2404810
RCT-35-0165,INV-35-0165,2026-07,2404810
RCT-35-0166,INV-35-0166,2026-07,2404810
RCT-35-0167,INV-35-0167,2026-07,2404810
RCT-35-0168,INV-35-0168,2026-07,2404810
RCT-35-0169,INV-35-0169,2026-07,2404810
RCT-35-0170,INV-35-0170,2026-07,2404810
RCT-35-0171,INV-35-0171,2026-07,2404810
RCT-35-0172,INV-35-0172,2026-07,2404810
RCT-35-0173,INV-35-0173,2026-07,2404810
RCT-35-0174,INV-35-0174,2026-07,2404810
RCT-35-0175,INV-35-0175,2026-07,2404810
RCT-35-0176,INV-35-0176,2026-07,2404810
RCT-35-0177,INV-35-0177,2026-07,2404810
RCT-35-0178,INV-35-0178,2026-07,2404810
RCT-35-0179,INV-35-0179,2026-07,2404810
RCT-35-0180,INV-35-0180,2026-07,2404810
RCT-35-0181,INV-35-0181,2026-07,2404810
RCT-35-0182,INV-35-0182,2026-07,2404810
RCT-35-0183,INV-35-0183,2026-07,2404810
RCT-35-0184,INV-35-0184,2026-07,2404810
RCT-35-0185,INV-35-0185,2026-07,2404810
RCT-35-0186,INV-35-0186,2026-07,2404810
RCT-35-0187,INV-35-0187,2026-07,2404810
RCT-35-0188,INV-35-0188,2026-07,2404810
RCT-35-0189,INV-35-0189,2026-07,2404810
RCT-35-0190,INV-35-0190,2026-07,2404810
RCT-35-0191,INV-35-0191,2026-07,2404810
RCT-35-0192,INV-35-0192,2026-07,2404810
RCT-35-0193,INV-35-0193,2026-07,2404810
RCT-35-0194,INV-35-0194,2026-07,2404810
RCT-35-0195,INV-35-0195,2026-07,2404810
RCT-35-0196,INV-35-0196,2026-07,2404810
RCT-35-0197,INV-35-0197,2026-07,2404810
RCT-35-0198,INV-35-0198,2026-07,2404810
RCT-35-0199,INV-35-0199,2026-07,2404810
RCT-35-0200,INV-35-0200,2026-07,2404810
RCT-35-0201,INV-35-0201,2026-07,2404810
RCT-35-0202,INV-35-0202,2026-07,2404810
RCT-35-0203,INV-35-0203,2026-07,2404810
RCT-35-0204,INV-35-0204,2026-07,2404810
RCT-35-0205,INV-35-0205,2026-07,2404810
RCT-35-0206,INV-35-0206,2026-07,2404810
RCT-35-0207,INV-35-0207,2026-07,2404810
RCT-35-0208,INV-35-0208,2026-07,2404810
RCT-35-0209,INV-35-0209,2026-07,2404810
RCT-35-0210,INV-35-0210,2026-07,2404810
RCT-35-0211,INV-35-0211,2026-07,2404810
RCT-35-0212,INV-35-0212,2026-07,2404810
RCT-35-0213,INV-35-0213,2026-07,2404810
RCT-35-0214,INV-35-0214,2026-07,2404810
RCT-35-0215,INV-35-0215,2026-07,2404810
RCT-35-0216,INV-35-0216,2026-07,2404810
RCT-35-0217,INV-35-0217,2026-07,2404810
RCT-35-0218,INV-35-0218,2026-07,2404810
RCT-35-0219,INV-35-0219,2026-07,2404810
RCT-35-0220,INV-35-0220,2026-07,2404810
RCT-35-0221,INV-35-0221,2026-07,2404810
RCT-35-0222,INV-35-0222,2026-07,2404810
RCT-35-0223,INV-35-0223,2026-07,2404810
RCT-35-0224,INV-35-0224,2026-07,2404810
RCT-35-0225,INV-35-0225,2026-07,2404810
RCT-35-0226,INV-35-0226,2026-07,2404810
RCT-35-0227,INV-35-0227,2026-07,2404810
RCT-35-0228,INV-35-0228,2026-07,2404810
RCT-35-0229,INV-35-0229,2026-07,2404810
RCT-35-0230,INV-35-0230,2026-07,2404810
RCT-35-0231,INV-35-0231,2026-07,2404810
RCT-35-0232,INV-35-0232,2026-07,2404810
RCT-35-0233,INV-35-0233,2026-07,2404810
RCT-35-0234,INV-35-0234,2026-07,2404810
RCT-35-0235,INV-35-0235,2026-07,2404810
RCT-35-0236,INV-35-0236,2026-07,2404810
RCT-35-0237,INV-35-0237,2026-07,2404810
RCT-35-0238,INV-35-0238,2026-07,2404810
RCT-35-0239,INV-35-0239,2026-07,2404810
RCT-35-0240,INV-35-0240,2026-07,2404810
RCT-35-0241,INV-35-0241,2026-07,2404810
RCT-35-0242,INV-35-0242,2026-07,2404810
RCT-35-0243,INV-35-0243,2026-07,2404810
RCT-35-0244,INV-35-0244,2026-07,2404810
RCT-35-0245,INV-35-0245,2026-07,2404810
RCT-35-0246,INV-35-0246,2026-07,2404810
RCT-35-0247,INV-35-0247,2026-07,2404810
RCT-35-0248,INV-35-0248,2026-07,2404810
RCT-35-0249,INV-35-0249,2026-07,2404810
RCT-35-0250,INV-35-0250,2026-07,2404810
RCT-35-0251,INV-35-0251,2026-07,2404810
RCT-35-0252,INV-35-0252,2026-07,2404810
RCT-35-0253,INV-35-0253,2026-07,2404810
RCT-35-0254,INV-35-0254,2026-07,2404810
RCT-35-0255,INV-35-0255,2026-07,2404810
RCT-35-0256,INV-35-0256,2026-07,2404810
RCT-35-0257,INV-35-0257,2026-07,2404810
RCT-35-0258,INV-35-0258,2026-07,2404810
RCT-35-0259,INV-35-0259,2026-07,2404810
RCT-35-0260,INV-35-0260,2026-07,2404810
RCT-35-0261,INV-35-0261,2026-07,2404810
RCT-35-0262,INV-35-0262,2026-07,2404810
RCT-35-0263,INV-35-0263,2026-07,2404810
RCT-35-0264,INV-35-0264,2026-07,2404810
RCT-35-0265,INV-35-0265,2026-07,2404810
RCT-35-0266,INV-35-0266,2026-07,2404810
RCT-35-0267,INV-35-0267,2026-07,2404810
RCT-35-0268,INV-35-0268,2026-07,2404810
RCT-35-0269,INV-35-0269,2026-07,2404810
RCT-35-0270,INV-35-0270,2026-07,2404810
RCT-35-0271,INV-35-0271,2026-07,2404810
RCT-35-0272,INV-35-0272,2026-07,2404810
RCT-35-0273,INV-35-0273,2026-07,2404810
RCT-35-0274,INV-35-0274,2026-07,2404810
RCT-35-0275,INV-35-0275,2026-07,2404810
RCT-35-0276,INV-35-0276,2026-07,2404810
RCT-35-0277,INV-35-0277,2026-07,2404810
RCT-35-0278,INV-35-0278,2026-07,2404810
RCT-35-0279,INV-35-0279,2026-07,2404810
RCT-35-0280,INV-35-0280,2026-07,2404810
RCT-35-0281,INV-35-0281,2026-07,2404810
RCT-35-0282,INV-35-0282,2026-07,2404810
RCT-35-0283,INV-35-0283,2026-07,2404810
RCT-35-0284,INV-35-0284,2026-07,2404810
RCT-35-0285,INV-35-0285,2026-07,2404810
RCT-35-0286,INV-35-0286,2026-07,2404810
RCT-35-0287,INV-35-0287,2026-07,2404810
RCT-35-0288,INV-35-0288,2026-07,2404810
RCT-35-0289,INV-35-0289,2026-07,2404810
RCT-35-0290,INV-35-0290,2026-07,2404810
RCT-35-0291,INV-35-0291,2026-07,2404810
RCT-35-0292,INV-35-0292,2026-07,2404810
RCT-35-0293,INV-35-0293,2026-07,2404810
RCT-35-0294,INV-35-0294,2026-07,2404810
RCT-35-0295,INV-35-0295,2026-07,2404810
RCT-35-0296,INV-35-0296,2026-07,2404810
RCT-35-0297,INV-35-0297,2026-07,2404810
RCT-35-0298,INV-35-0298,2026-07,2404810
RCT-35-0299,INV-35-0299,2026-07,2404810
RCT-35-0300,INV-35-0300,2026-07,2404810
RCT-35-0301,INV-35-0301,2026-07,2404810
RCT-35-0302,INV-35-0302,2026-07,2404810
RCT-35-0303,INV-35-0303,2026-07,2404810
RCT-35-0304,INV-35-0304,2026-07,2404810
RCT-35-0305,INV-35-0305,2026-07,2404810
RCT-35-0306,INV-35-0306,2026-07,2404810
RCT-35-0307,INV-35-0307,2026-07,2404810
RCT-35-0308,INV-35-0308,2026-07,2404810
RCT-35-0309,INV-35-0309,2026-07,2404810
RCT-35-0310,INV-35-0310,2026-07,2404810
RCT-35-0311,INV-35-0311,2026-07,2404809
RCT-35-0312,INV-35-0312,2026-07,2404809
RCT-35-0313,INV-35-0313,2026-07,2404809
RCT-35-0314,INV-35-0314,2026-07,2404809
RCT-35-0315,INV-35-0315,2026-07,2404809
RCT-35-0316,INV-35-0316,2026-07,2404809
RCT-35-0317,INV-35-0317,2026-07,2404809
RCT-35-0318,INV-35-0318,2026-07,2404809
RCT-35-0319,INV-35-0319,2026-07,2404809
RCT-35-0320,INV-35-0320,2026-07,2404809
RCT-35-0321,INV-35-0321,2026-07,2404809
RCT-35-0322,INV-35-0322,2026-07,2404809
RCT-35-0323,INV-35-0323,2026-07,2404809
RCT-35-0324,INV-35-0324,2026-07,2404809
RCT-35-0325,INV-35-0325,2026-07,2404809
RCT-35-0326,INV-35-0326,2026-07,2404809
RCT-35-0327,INV-35-0327,2026-07,2404809
RCT-35-0328,INV-35-0328,2026-07,2404809
RCT-35-0329,INV-35-0329,2026-07,2404809
RCT-35-0330,INV-35-0330,2026-07,2404809
RCT-35-0331,INV-35-0331,2026-07,2404809
RCT-35-0332,INV-35-0332,2026-07,2404809
RCT-35-0333,INV-35-0333,2026-07,2404809
RCT-35-0334,INV-35-0334,2026-07,2404809
RCT-35-0335,INV-35-0335,2026-07,2404809
RCT-35-0336,INV-35-0336,2026-07,2404809
RCT-35-0337,INV-35-0337,2026-07,2404809
RCT-35-0338,INV-35-0338,2026-07,2404809
RCT-35-0339,INV-35-0339,2026-07,2404809
RCT-35-0340,INV-35-0340,2026-07,2404809
RCT-35-0341,INV-35-0341,2026-07,2404809
RCT-35-0342,INV-35-0342,2026-07,2404809
RCT-35-0343,INV-35-0343,2026-07,2404809
RCT-35-0344,INV-35-0344,2026-07,2404809
RCT-35-0345,INV-35-0345,2026-07,2404809
RCT-35-0346,INV-35-0346,2026-07,2404809
RCT-35-0347,INV-35-0347,2026-07,2404809
RCT-35-0348,INV-35-0348,2026-07,2404809
RCT-35-0349,INV-35-0349,2026-07,2404809
RCT-35-0350,INV-35-0350,2026-07,2404809
RCT-35-0351,INV-35-0351,2026-07,2404809
RCT-35-0352,INV-35-0352,2026-07,2404809
RCT-35-0353,INV-35-0353,2026-07,2404809
RCT-35-0354,INV-35-0354,2026-07,2404809
RCT-35-0355,INV-35-0355,2026-07,2404809
RCT-35-0356,INV-35-0356,2026-07,2404809
RCT-35-0357,INV-35-0357,2026-07,2404809
RCT-35-0358,INV-35-0358,2026-07,2404809
RCT-35-0359,INV-35-0359,2026-07,2404809
RCT-35-0360,INV-35-0360,2026-07,2404809
RCT-35-0361,INV-35-0361,2026-07,2404809
RCT-35-0362,INV-35-0362,2026-07,2404809
RCT-35-0363,INV-35-0363,2026-07,2404809
RCT-35-0364,INV-35-0364,2026-07,2404809
RCT-35-0365,INV-35-0365,2026-07,2404809
RCT-35-0366,INV-35-0366,2026-07,2404809
RCT-35-0367,INV-35-0367,2026-07,2404809
RCT-35-0368,INV-35-0368,2026-07,2404809
RCT-35-0369,INV-35-0369,2026-07,2404809
RCT-35-0370,INV-35-0370,2026-07,2404809
RCT-35-0371,INV-35-0371,2026-07,2404809
RCT-35-0372,INV-35-0372,2026-07,2404809
RCT-35-0373,INV-35-0373,2026-07,2404809
RCT-35-0374,INV-35-0374,2026-07,2404809
RCT-35-0375,INV-35-0375,2026-07,2404809
RCT-35-0376,INV-35-0376,2026-07,2404809
RCT-35-0377,INV-35-0377,2026-07,2404809
RCT-35-0378,INV-35-0378,2026-07,2404809
RCT-35-0379,INV-35-0379,2026-07,2404809
RCT-35-0380,INV-35-0380,2026-07,2404809
RCT-35-0381,INV-35-0381,2026-07,2404809
RCT-35-0382,INV-35-0382,2026-07,2404809
RCT-35-0383,INV-35-0383,2026-07,2404809
RCT-35-0384,INV-35-0384,2026-07,2404809
RCT-35-0385,INV-35-0385,2026-07,2404809
RCT-35-0386,INV-35-0386,2026-07,2404809
RCT-35-0387,INV-35-0387,2026-07,2404809
RCT-35-0388,INV-35-0388,2026-07,2404809
RCT-35-0389,INV-35-0389,2026-07,2404809
RCT-35-0390,INV-35-0390,2026-07,2404809
RCT-35-0391,INV-35-0391,2026-07,2404809
RCT-35-0392,INV-35-0392,2026-07,2404809
RCT-35-0393,INV-35-0393,2026-07,2404809
RCT-35-0394,INV-35-0394,2026-07,2404809
RCT-35-0395,INV-35-0395,2026-07,2404809
RCT-35-0396,INV-35-0396,2026-07,2404809
RCT-35-0397,INV-35-0397,2026-07,2404809
RCT-35-0398,INV-35-0398,2026-07,2404809
RCT-35-0399,INV-35-0399,2026-07,2404809
RCT-35-0400,INV-35-0400,2026-07,2404809
RCT-35-0401,INV-35-0401,2026-07,2404809
RCT-35-0402,INV-35-0402,2026-07,2404809
RCT-35-0403,INV-35-0403,2026-07,2404809
RCT-35-0404,INV-35-0404,2026-07,2404809
RCT-35-0405,INV-35-0405,2026-07,2404809
RCT-35-0406,INV-35-0406,2026-07,2404809
RCT-35-0407,INV-35-0407,2026-07,2404809
RCT-35-0408,INV-35-0408,2026-07,2404809
RCT-35-0409,INV-35-0409,2026-07,2404809
RCT-35-0410,INV-35-0410,2026-07,2404809
RCT-35-0411,INV-35-0411,2026-07,2404809
RCT-35-0412,INV-35-0412,2026-07,2404809
RCT-35-0413,INV-35-0413,2026-07,2404809
RCT-35-0414,INV-35-0414,2026-07,2404809
RCT-35-0415,INV-35-0415,2026-07,2404809
RCT-35-0416,INV-35-0416,2026-07,2404809
RCT-35-0417,INV-35-0417,2026-07,2404809
RCT-35-0418,INV-35-0418,2026-07,2404809
RCT-35-0419,INV-35-0419,2026-07,2404809
RCT-35-0420,INV-35-0420,2026-07,2404809
RCT-35-0421,INV-35-0421,2026-07,2404809
RCT-35-0422,INV-35-0422,2026-07,2404809
RCT-35-0423,INV-35-0423,2026-07,2404809
RCT-35-0424,INV-35-0424,2026-07,2404809
RCT-35-0425,INV-35-0425,2026-07,2404809
RCT-35-0426,INV-35-0426,2026-07,2404809
RCT-35-0427,INV-35-0427,2026-07,2404809
RCT-35-0428,INV-35-0428,2026-07,2404809
RCT-35-0429,INV-35-0429,2026-07,2404809
RCT-35-0430,INV-35-0430,2026-07,2404809
RCT-35-0431,INV-35-0431,2026-07,2404809
RCT-35-0432,INV-35-0432,2026-07,2404809
RCT-35-0433,INV-35-0433,2026-07,2404809
RCT-35-0434,INV-35-0434,2026-07,2404809
RCT-35-0435,INV-35-0435,2026-07,2404809
RCT-35-0436,INV-35-0436,2026-07,2404809
RCT-35-0437,INV-35-0437,2026-07,2404809
RCT-35-0438,INV-35-0438,2026-07,2404809
RCT-35-0439,INV-35-0439,2026-07,2404809
RCT-35-0440,INV-35-0440,2026-07,2404809
RCT-35-0441,INV-35-0441,2026-07,2404809
RCT-35-0442,INV-35-0442,2026-07,2404809
RCT-35-0443,INV-35-0443,2026-07,2404809
RCT-35-0444,INV-35-0444,2026-07,2404809
RCT-35-0445,INV-35-0445,2026-07,2404809
RCT-35-0446,INV-35-0446,2026-07,2404809
RCT-35-0447,INV-35-0447,2026-07,2404809
RCT-35-0448,INV-35-0448,2026-07,2404809
RCT-35-0449,INV-35-0449,2026-07,2404809
RCT-35-0450,INV-35-0450,2026-07,2404809
RCT-35-0451,INV-35-0451,2026-07,2404809
RCT-35-0452,INV-35-0452,2026-07,2404809
RCT-35-0453,INV-35-0453,2026-07,2404809
RCT-35-0454,INV-35-0454,2026-07,2404809
RCT-35-0455,INV-35-0455,2026-07,2404809
RCT-35-0456,INV-35-0456,2026-07,2404809
RCT-35-0457,INV-35-0457,2026-07,2404809
RCT-35-0458,INV-35-0458,2026-07,2404809
RCT-35-0459,INV-35-0459,2026-07,2404809
RCT-35-0460,INV-35-0460,2026-07,2404809
RCT-35-0461,INV-35-0461,2026-07,2404809
RCT-35-0462,INV-35-0462,2026-07,2404809
RCT-35-0463,INV-35-0463,2026-07,2404809
RCT-35-0464,INV-35-0464,2026-07,2404809
RCT-35-0465,INV-35-0465,2026-07,2404809
RCT-35-0466,INV-35-0466,2026-07,2404809
RCT-35-0467,INV-35-0467,2026-07,2404809
RCT-35-0468,INV-35-0468,2026-07,2404809
RCT-35-0469,INV-35-0469,2026-07,2404809
RCT-35-0470,INV-35-0470,2026-07,2404809
RCT-35-0471,INV-35-0471,2026-07,2404809
RCT-35-0472,INV-35-0472,2026-07,2404809
RCT-35-0473,INV-35-0473,2026-07,2404809
RCT-35-0474,INV-35-0474,2026-07,2404809
RCT-35-0475,INV-35-0475,2026-07,2404809
RCT-35-0476,INV-35-0476,2026-07,2404809
RCT-35-0477,INV-35-0477,2026-07,2404809
RCT-35-0478,INV-35-0478,2026-07,2404809
RCT-35-0479,INV-35-0479,2026-07,2404809
RCT-35-0480,INV-35-0480,2026-07,2404809
RCT-35-0481,INV-35-0481,2026-07,2404809
RCT-35-0482,INV-35-0482,2026-07,2404809
RCT-35-0483,INV-35-0483,2026-07,2404809
RCT-35-0484,INV-35-0484,2026-07,2404809
RCT-35-0485,INV-35-0485,2026-07,2404809
RCT-35-0486,INV-35-0486,2026-07,2404809
RCT-35-0487,INV-35-0487,2026-07,2404809
RCT-35-0488,INV-35-0488,2026-07,2404809
RCT-35-0489,INV-35-0489,2026-07,2404809
RCT-35-0490,INV-35-0490,2026-07,2404809
RCT-35-0491,INV-35-0491,2026-07,2404809
RCT-35-0492,INV-35-0492,2026-07,2404809
RCT-35-0493,INV-35-0493,2026-07,2404809
RCT-35-0494,INV-35-0494,2026-07,2404809
RCT-35-0495,INV-35-0495,2026-07,2404809
RCT-35-0496,INV-35-0496,2026-07,2404809
RCT-35-0497,INV-35-0497,2026-07,2404809
RCT-35-0498,INV-35-0498,2026-07,2404809
RCT-35-0499,INV-35-0499,2026-07,2404809
RCT-35-0500,INV-35-0500,2026-07,2404809
RCT-35-SVC,INV-35-SVC,2026-07,183333333
