period,customer_id,gpu_cents,power_cents,support_cents,retry_cents,total_cents
2023-09,CUS-0001,138600000,19800000,29700000,9900000,198000000
2023-09,CUS-0002,606011,86573,129859,43288,865731
2023-09,CUS-0003,606011,86573,129859,43288,865731
2023-09,CUS-0004,606011,86573,129859,43288,865731
2023-09,CUS-0005,606011,86573,129859,43288,865731
2023-09,CUS-0006,606011,86573,129859,43288,865731
2023-09,CUS-0007,606011,86573,129859,43288,865731
2023-09,CUS-0008,606011,86573,129859,43288,865731
2023-09,CUS-0009,606011,86573,129859,43288,865731
2023-09,CUS-0010,606011,86573,129859,43288,865731
2023-09,CUS-0011,606011,86573,129859,43288,865731
2023-09,CUS-0012,606011,86573,129859,43288,865731
2023-09,CUS-0013,606011,86573,129859,43288,865731
2023-09,CUS-0014,606011,86573,129859,43288,865731
2023-09,CUS-0015,606011,86573,129859,43288,865731
2023-09,CUS-0016,606011,86573,129859,43288,865731
2023-09,CUS-0017,606011,86573,129859,43288,865731
2023-09,CUS-0018,606011,86573,129859,43288,865731
2023-09,CUS-0019,606011,86573,129859,43288,865731
2023-09,CUS-0020,606011,86573,129859,43288,865731
2023-09,CUS-0021,606011,86573,129859,43288,865731
2023-09,CUS-0022,606011,86573,129859,43288,865731
2023-09,CUS-0023,606011,86573,129859,43288,865731
2023-09,CUS-0024,606011,86573,129859,43288,865731
2023-09,CUS-0025,606011,86573,129859,43288,865731
2023-09,CUS-0026,606011,86573,129859,43288,865731
2023-09,CUS-0027,606011,86573,129859,43288,865731
2023-09,CUS-0028,606011,86573,129859,43288,865731
2023-09,CUS-0029,606011,86573,129859,43288,865731
2023-09,CUS-0030,606011,86573,129859,43288,865731
2023-09,CUS-0031,606011,86573,129859,43288,865731
2023-09,CUS-0032,606011,86573,129859,43288,865731
2023-09,CUS-0033,606011,86573,129859,43288,865731
2023-09,CUS-0034,606011,86573,129859,43288,865731
2023-09,CUS-0035,606011,86573,129859,43288,865731
2023-09,CUS-0036,606011,86573,129859,43288,865731
2023-09,CUS-0037,606011,86573,129859,43288,865731
2023-09,CUS-0038,606011,86573,129859,43288,865731
2023-09,CUS-0039,606011,86573,129859,43288,865731
2023-09,CUS-0040,606011,86573,129859,43288,865731
2023-09,CUS-0041,606011,86573,129859,43288,865731
2023-09,CUS-0042,606011,86573,129859,43288,865731
2023-09,CUS-0043,606011,86573,129859,43288,865731
2023-09,CUS-0044,606011,86573,129859,43288,865731
2023-09,CUS-0045,606011,86573,129859,43288,865731
2023-09,CUS-0046,606011,86573,129859,43288,865731
2023-09,CUS-0047,606011,86573,129859,43288,865731
2023-09,CUS-0048,606011,86573,129859,43288,865731
2023-09,CUS-0049,606011,86573,129859,43288,865731
2023-09,CUS-0050,606011,86573,129859,43288,865731
2023-09,CUS-0051,606011,86573,129859,43288,865731
2023-09,CUS-0052,606011,86573,129859,43288,865731
2023-09,CUS-0053,606011,86573,129859,43288,865731
2023-09,CUS-0054,606011,86573,129859,43288,865731
2023-09,CUS-0055,606011,86573,129859,43288,865731
2023-09,CUS-0056,606011,86573,129859,43288,865731
2023-09,CUS-0057,606011,86573,129859,43288,865731
2023-09,CUS-0058,606011,86573,129859,43288,865731
2023-09,CUS-0059,606011,86573,129859,43288,865731
2023-09,CUS-0060,606011,86573,129859,43288,865731
2023-09,CUS-0061,606011,86573,129859,43288,865731
2023-09,CUS-0062,606011,86573,129859,43288,865731
2023-09,CUS-0063,606011,86573,129859,43288,865731
2023-09,CUS-0064,606011,86573,129859,43288,865731
2023-09,CUS-0065,606011,86573,129859,43288,865731
2023-09,CUS-0066,606011,86573,129859,43288,865731
2023-09,CUS-0067,606011,86573,129859,43288,865731
2023-09,CUS-0068,606011,86573,129859,43288,865731
2023-09,CUS-0069,606011,86573,129859,43288,865731
2023-09,CUS-0070,606011,86573,129859,43288,865731
2023-09,CUS-0071,606011,86573,129859,43288,865731
2023-09,CUS-0072,606011,86573,129859,43288,865731
2023-09,CUS-0073,606011,86573,129859,43288,865731
2023-09,CUS-0074,606011,86573,129859,43288,865731
2023-09,CUS-0075,606011,86573,129859,43288,865731
2023-09,CUS-0076,606011,86573,129859,43288,865731
2023-09,CUS-0077,606011,86573,129859,43288,865731
2023-09,CUS-0078,606011,86573,129859,43288,865731
2023-09,CUS-0079,606011,86573,129859,43288,865731
2023-09,CUS-0080,606011,86573,129859,43288,865731
2023-09,CUS-0081,606011,86573,129859,43288,865731
2023-09,CUS-0082,606011,86573,129859,43288,865731
2023-09,CUS-0083,606011,86573,129859,43288,865731
2023-09,CUS-0084,606011,86573,129859,43288,865731
2023-09,CUS-0085,606011,86573,129859,43288,865731
2023-09,CUS-0086,606011,86573,129859,43288,865731
2023-09,CUS-0087,606011,86573,129859,43288,865731
2023-09,CUS-0088,606011,86573,129859,43288,865731
2023-09,CUS-0089,606011,86573,129859,43288,865731
2023-09,CUS-0090,606011,86573,129859,43288,865731
2023-09,CUS-0091,606011,86573,129859,43288,865731
2023-09,CUS-0092,606011,86573,129859,43288,865731
2023-09,CUS-0093,606011,86573,129859,43288,865731
2023-09,CUS-0094,606011,86573,129859,43288,865731
2023-09,CUS-0095,606011,86573,129859,43288,865731
2023-09,CUS-0096,606011,86573,129859,43288,865731
2023-09,CUS-0097,606011,86573,129859,43288,865731
2023-09,CUS-0098,606011,86573,129859,43288,865731
2023-09,CUS-0099,606011,86573,129859,43288,865731
2023-09,CUS-0100,606011,86573,129859,43288,865731
2023-09,CUS-0101,606011,86573,129859,43288,865731
2023-09,CUS-0102,606011,86573,129859,43288,865731
2023-09,CUS-0103,606011,86573,129859,43288,865731
2023-09,CUS-0104,606011,86573,129859,43288,865731
2023-09,CUS-0105,606011,86573,129859,43288,865731
2023-09,CUS-0106,606011,86573,129859,43288,865731
2023-09,CUS-0107,606011,86573,129859,43288,865731
2023-09,CUS-0108,606011,86573,129859,43288,865731
2023-09,CUS-0109,606011,86573,129859,43288,865731
2023-09,CUS-0110,606011,86573,129859,43288,865731
2023-09,CUS-0111,606011,86573,129859,43288,865731
2023-09,CUS-0112,606011,86573,129859,43288,865731
2023-09,CUS-0113,606011,86573,129859,43288,865731
2023-09,CUS-0114,606011,86573,129859,43288,865731
2023-09,CUS-0115,606011,86573,129859,43288,865731
2023-09,CUS-0116,606011,86573,129859,43288,865731
2023-09,CUS-0117,606011,86573,129859,43288,865731
2023-09,CUS-0118,606011,86573,129859,43288,865731
2023-09,CUS-0119,606011,86573,129859,43288,865731
2023-09,CUS-0120,606011,86573,129859,43288,865731
2023-09,CUS-0121,606011,86573,129859,43288,865731
2023-09,CUS-0122,606011,86573,129859,43288,865731
2023-09,CUS-0123,606011,86573,129859,43288,865731
2023-09,CUS-0124,606011,86573,129859,43288,865731
2023-09,CUS-0125,606011,86573,129859,43288,865731
2023-09,CUS-0126,606011,86573,129859,43288,865731
2023-09,CUS-0127,606011,86573,129859,43288,865731
2023-09,CUS-0128,606011,86573,129859,43288,865731
2023-09,CUS-0129,606011,86573,129859,43288,865731
2023-09,CUS-0130,606011,86573,129859,43288,865731
2023-09,CUS-0131,606011,86573,129859,43288,865731
2023-09,CUS-0132,606011,86573,129859,43288,865731
2023-09,CUS-0133,606011,86573,129859,43288,865731
2023-09,CUS-0134,606011,86573,129859,43288,865731
2023-09,CUS-0135,606011,86573,129859,43288,865731
2023-09,CUS-0136,606011,86573,129859,43288,865731
2023-09,CUS-0137,606011,86573,129859,43288,865731
2023-09,CUS-0138,606011,86573,129859,43288,865731
2023-09,CUS-0139,606011,86573,129859,43288,865731
2023-09,CUS-0140,606011,86573,129859,43288,865731
2023-09,CUS-0141,606011,86573,129859,43288,865731
2023-09,CUS-0142,606011,86573,129859,43288,865731
2023-09,CUS-0143,606011,86573,129859,43288,865731
2023-09,CUS-0144,606011,86573,129859,43288,865731
2023-09,CUS-0145,606011,86573,129859,43288,865731
2023-09,CUS-0146,606011,86573,129859,43288,865731
2023-09,CUS-0147,606011,86573,129859,43288,865731
2023-09,CUS-0148,606011,86573,129859,43288,865731
2023-09,CUS-0149,606011,86573,129859,43288,865731
2023-09,CUS-0150,606011,86573,129859,43288,865731
2023-09,CUS-0151,606011,86573,129859,43288,865731
2023-09,CUS-0152,606011,86573,129859,43288,865731
2023-09,CUS-0153,606011,86573,129859,43288,865731
2023-09,CUS-0154,606011,86573,129859,43288,865731
2023-09,CUS-0155,606011,86573,129859,43288,865731
2023-09,CUS-0156,606011,86573,129859,43288,865731
2023-09,CUS-0157,606011,86573,129859,43288,865731
2023-09,CUS-0158,606011,86573,129859,43288,865731
2023-09,CUS-0159,606011,86573,129859,43288,865731
2023-09,CUS-0160,606011,86573,129859,43288,865731
2023-09,CUS-0161,606011,86573,129859,43288,865731
2023-09,CUS-0162,606011,86573,129859,43288,865731
2023-09,CUS-0163,606011,86573,129859,43288,865731
2023-09,CUS-0164,606011,86573,129859,43288,865731
2023-09,CUS-0165,606011,86573,129859,43288,865731
2023-09,CUS-0166,606011,86573,129859,43288,865731
2023-09,CUS-0167,606011,86573,129859,43288,865731
2023-09,CUS-0168,606011,86573,129859,43288,865731
2023-09,CUS-0169,606011,86573,129859,43288,865731
2023-09,CUS-0170,606011,86573,129859,43288,865731
2023-09,CUS-0171,606011,86573,129859,43288,865731
2023-09,CUS-0172,606011,86573,129859,43288,865731
2023-09,CUS-0173,606011,86573,129859,43288,865731
2023-09,CUS-0174,606011,86573,129859,43288,865731
2023-09,CUS-0175,606011,86573,129859,43288,865731
2023-09,CUS-0176,606011,86573,129859,43288,865731
2023-09,CUS-0177,606011,86573,129859,43288,865731
2023-09,CUS-0178,606011,86573,129859,43288,865731
2023-09,CUS-0179,606011,86573,129859,43288,865731
2023-09,CUS-0180,606011,86573,129859,43288,865731
2023-09,CUS-0181,606011,86573,129859,43288,865731
2023-09,CUS-0182,606011,86573,129859,43288,865731
2023-09,CUS-0183,606011,86573,129859,43288,865731
2023-09,CUS-0184,606011,86573,129859,43288,865731
2023-09,CUS-0185,606011,86573,129859,43288,865731
2023-09,CUS-0186,606011,86573,129859,43288,865731
2023-09,CUS-0187,606011,86573,129859,43288,865731
2023-09,CUS-0188,606011,86573,129859,43288,865731
2023-09,CUS-0189,606011,86573,129859,43288,865731
2023-09,CUS-0190,606011,86573,129859,43288,865731
2023-09,CUS-0191,606011,86573,129859,43288,865731
2023-09,CUS-0192,606011,86573,129859,43288,865731
2023-09,CUS-0193,606011,86573,129859,43288,865731
2023-09,CUS-0194,606011,86573,129859,43288,865731
2023-09,CUS-0195,606011,86573,129859,43288,865731
2023-09,CUS-0196,606011,86573,129859,43288,865731
2023-09,CUS-0197,606011,86573,129859,43288,865731
2023-09,CUS-0198,606011,86573,129859,43288,865731
2023-09,CUS-0199,606011,86573,129859,43288,865731
2023-09,CUS-0200,606011,86573,129859,43288,865731
2023-09,CUS-0201,606011,86573,129859,43288,865731
2023-09,CUS-0202,606011,86573,129859,43288,865731
2023-09,CUS-0203,606011,86573,129859,43288,865731
2023-09,CUS-0204,606011,86573,129859,43288,865731
2023-09,CUS-0205,606011,86573,129859,43288,865731
2023-09,CUS-0206,606011,86573,129859,43288,865731
2023-09,CUS-0207,606011,86573,129859,43288,865731
2023-09,CUS-0208,606011,86573,129859,43288,865731
2023-09,CUS-0209,606011,86573,129859,43288,865731
2023-09,CUS-0210,606011,86573,129859,43288,865731
2023-09,CUS-0211,606011,86573,129859,43288,865731
2023-09,CUS-0212,606011,86573,129859,43288,865731
2023-09,CUS-0213,606011,86573,129859,43288,865731
2023-09,CUS-0214,606011,86573,129859,43288,865731
2023-09,CUS-0215,606011,86573,129859,43288,865731
2023-09,CUS-0216,606011,86573,129859,43288,865731
2023-09,CUS-0217,606011,86573,129859,43288,865731
2023-09,CUS-0218,606011,86573,129859,43288,865731
2023-09,CUS-0219,606011,86573,129859,43288,865731
2023-09,CUS-0220,606011,86573,129859,43288,865731
2023-09,CUS-0221,606011,86573,129859,43288,865731
2023-09,CUS-0222,606011,86573,129859,43288,865731
2023-09,CUS-0223,606011,86573,129859,43288,865731
2023-09,CUS-0224,606011,86573,129859,43288,865731
2023-09,CUS-0225,606011,86573,129859,43288,865731
2023-09,CUS-0226,606011,86573,129859,43288,865731
2023-09,CUS-0227,606011,86573,129859,43288,865731
2023-09,CUS-0228,606011,86573,129859,43288,865731
2023-09,CUS-0229,606011,86573,129859,43288,865731
2023-09,CUS-0230,606011,86573,129859,43288,865731
2023-09,CUS-0231,606011,86573,129859,43288,865731
2023-09,CUS-0232,606011,86573,129859,43288,865731
2023-09,CUS-0233,606011,86573,129859,43288,865731
2023-09,CUS-0234,606011,86573,129859,43288,865731
2023-09,CUS-0235,606011,86573,129859,43288,865731
2023-09,CUS-0236,606011,86573,129859,43288,865731
2023-09,CUS-0237,606011,86573,129859,43288,865731
2023-09,CUS-0238,606011,86573,129859,43288,865731
2023-09,CUS-0239,606011,86573,129859,43288,865731
2023-09,CUS-0240,606011,86573,129859,43288,865731
2023-09,CUS-0241,606011,86573,129859,43288,865731
2023-09,CUS-0242,606011,86573,129859,43288,865731
2023-09,CUS-0243,606011,86573,129859,43288,865731
2023-09,CUS-0244,606011,86573,129859,43288,865731
2023-09,CUS-0245,606011,86573,129859,43288,865731
2023-09,CUS-0246,606011,86573,129859,43288,865731
2023-09,CUS-0247,606011,86573,129859,43288,865731
2023-09,CUS-0248,606011,86573,129859,43288,865731
2023-09,CUS-0249,606011,86573,129859,43288,865731
2023-09,CUS-0250,606011,86573,129859,43288,865731
2023-09,CUS-0251,606011,86573,129859,43288,865731
2023-09,CUS-0252,606011,86573,129859,43288,865731
2023-09,CUS-0253,606011,86573,129859,43288,865731
2023-09,CUS-0254,606011,86573,129859,43288,865731
2023-09,CUS-0255,606011,86573,129859,43288,865731
2023-09,CUS-0256,606011,86573,129859,43288,865731
2023-09,CUS-0257,606011,86573,129859,43288,865731
2023-09,CUS-0258,606011,86573,129859,43288,865731
2023-09,CUS-0259,606011,86573,129859,43288,865731
2023-09,CUS-0260,606011,86573,129859,43288,865731
2023-09,CUS-0261,606011,86573,129859,43288,865731
2023-09,CUS-0262,606011,86573,129859,43288,865731
2023-09,CUS-0263,606011,86573,129859,43288,865731
2023-09,CUS-0264,606011,86573,129859,43288,865731
2023-09,CUS-0265,606011,86573,129859,43288,865731
2023-09,CUS-0266,606011,86573,129859,43288,865731
2023-09,CUS-0267,606011,86573,129859,43288,865731
2023-09,CUS-0268,606011,86573,129859,43288,865731
2023-09,CUS-0269,606011,86573,129859,43288,865731
2023-09,CUS-0270,606011,86573,129859,43288,865731
2023-09,CUS-0271,606011,86573,129859,43288,865731
2023-09,CUS-0272,606011,86573,129859,43288,865731
2023-09,CUS-0273,606011,86573,129859,43288,865731
2023-09,CUS-0274,606011,86573,129859,43288,865731
2023-09,CUS-0275,606011,86573,129859,43288,865731
2023-09,CUS-0276,606011,86573,129859,43288,865731
2023-09,CUS-0277,606011,86573,129859,43288,865731
2023-09,CUS-0278,606011,86573,129859,43288,865731
2023-09,CUS-0279,606011,86573,129859,43288,865731
2023-09,CUS-0280,606011,86573,129859,43288,865731
2023-09,CUS-0281,606011,86573,129859,43288,865731
2023-09,CUS-0282,606011,86573,129859,43288,865731
2023-09,CUS-0283,606011,86573,129859,43288,865731
2023-09,CUS-0284,606011,86573,129859,43288,865731
2023-09,CUS-0285,606011,86573,129859,43288,865731
2023-09,CUS-0286,606011,86573,129859,43288,865731
2023-09,CUS-0287,606011,86573,129859,43288,865731
2023-09,CUS-0288,606011,86573,129859,43288,865731
2023-09,CUS-0289,606011,86573,129859,43288,865731
2023-09,CUS-0290,606011,86573,129859,43288,865731
2023-09,CUS-0291,606011,86573,129859,43288,865731
2023-09,CUS-0292,606011,86573,129859,43288,865731
2023-09,CUS-0293,606011,86573,129859,43288,865731
2023-09,CUS-0294,606011,86573,129859,43288,865731
2023-09,CUS-0295,606011,86573,129859,43288,865731
2023-09,CUS-0296,606011,86573,129859,43288,865731
2023-09,CUS-0297,606011,86573,129859,43288,865731
2023-09,CUS-0298,606011,86573,129859,43288,865731
2023-09,CUS-0299,606011,86573,129859,43288,865731
2023-09,CUS-0300,606011,86573,129859,43288,865731
2023-09,CUS-0301,606011,86573,129859,43288,865731
2023-09,CUS-0302,606011,86573,129859,43288,865731
2023-09,CUS-0303,606011,86573,129859,43288,865731
2023-09,CUS-0304,606011,86573,129859,43288,865731
2023-09,CUS-0305,606011,86573,129859,43288,865731
2023-09,CUS-0306,606011,86573,129859,43288,865731
2023-09,CUS-0307,606011,86573,129859,43288,865731
2023-09,CUS-0308,606011,86573,129859,43288,865731
2023-09,CUS-0309,606011,86573,129859,43288,865731
2023-09,CUS-0310,606011,86573,129859,43288,865731
2023-09,CUS-0311,606011,86573,129859,43288,865731
2023-09,CUS-0312,606011,86573,129859,43288,865731
2023-09,CUS-0313,606011,86573,129859,43288,865731
2023-09,CUS-0314,606011,86573,129859,43288,865731
2023-09,CUS-0315,606011,86573,129859,43288,865731
2023-09,CUS-0316,606011,86573,129859,43288,865731
2023-09,CUS-0317,606011,86573,129859,43288,865731
2023-09,CUS-0318,606011,86573,129859,43288,865731
2023-09,CUS-0319,606011,86573,129859,43288,865731
2023-09,CUS-0320,606011,86573,129859,43288,865731
2023-09,CUS-0321,606011,86573,129859,43288,865731
2023-09,CUS-0322,606011,86573,129859,43288,865731
2023-09,CUS-0323,606011,86573,129859,43288,865731
2023-09,CUS-0324,606011,86573,129859,43288,865731
2023-09,CUS-0325,606011,86573,129859,43288,865731
2023-09,CUS-0326,606011,86573,129859,43288,865731
2023-09,CUS-0327,606011,86573,129859,43288,865731
2023-09,CUS-0328,606011,86573,129859,43288,865731
2023-09,CUS-0329,606011,86573,129859,43288,865731
2023-09,CUS-0330,606011,86573,129859,43288,865731
2023-09,CUS-0331,606011,86573,129859,43288,865731
2023-09,CUS-0332,606011,86573,129859,43288,865731
2023-09,CUS-0333,606011,86573,129859,43288,865731
2023-09,CUS-0334,606011,86573,129859,43288,865731
2023-09,CUS-0335,606011,86573,129859,43288,865731
2023-09,CUS-0336,606011,86573,129859,43288,865731
2023-09,CUS-0337,606011,86573,129859,43288,865731
2023-09,CUS-0338,606011,86573,129859,43288,865731
2023-09,CUS-0339,606011,86573,129859,43288,865731
2023-09,CUS-0340,606011,86573,129859,43288,865731
2023-09,CUS-0341,606011,86573,129859,43288,865731
2023-09,CUS-0342,606011,86573,129859,43288,865731
2023-09,CUS-0343,606011,86573,129859,43288,865731
2023-09,CUS-0344,606011,86573,129859,43288,865731
2023-09,CUS-0345,606011,86573,129859,43288,865731
2023-09,CUS-0346,606011,86573,129859,43288,865731
2023-09,CUS-0347,606011,86573,129859,43288,865731
2023-09,CUS-0348,606011,86573,129859,43288,865731
2023-09,CUS-0349,606011,86573,129859,43288,865731
2023-09,CUS-0350,606011,86573,129859,43288,865731
2023-09,CUS-0351,606011,86573,129859,43288,865731
2023-09,CUS-0352,606011,86573,129859,43288,865731
2023-09,CUS-0353,606011,86573,129859,43288,865731
2023-09,CUS-0354,606011,86573,129859,43288,865731
2023-09,CUS-0355,606011,86573,129859,43288,865731
2023-09,CUS-0356,606011,86573,129859,43288,865731
2023-09,CUS-0357,606011,86573,129859,43288,865731
2023-09,CUS-0358,606011,86573,129859,43288,865731
2023-09,CUS-0359,606011,86573,129859,43288,865731
2023-09,CUS-0360,606011,86573,129859,43288,865731
2023-09,CUS-0361,606011,86573,129859,43288,865731
2023-09,CUS-0362,606011,86573,129859,43288,865731
2023-09,CUS-0363,606011,86573,129859,43288,865731
2023-09,CUS-0364,606011,86573,129859,43288,865731
2023-09,CUS-0365,606011,86573,129859,43288,865731
2023-09,CUS-0366,606011,86573,129859,43288,865731
2023-09,CUS-0367,606011,86573,129859,43288,865731
2023-09,CUS-0368,606011,86573,129859,43288,865731
2023-09,CUS-0369,606011,86573,129859,43288,865731
2023-09,CUS-0370,606011,86573,129859,43288,865731
2023-09,CUS-0371,606011,86573,129859,43288,865731
2023-09,CUS-0372,606011,86573,129859,43288,865731
2023-09,CUS-0373,606011,86573,129859,43288,865731
2023-09,CUS-0374,606011,86573,129859,43288,865731
2023-09,CUS-0375,606011,86573,129859,43288,865731
2023-09,CUS-0376,606011,86573,129859,43288,865731
2023-09,CUS-0377,606011,86573,129859,43288,865731
2023-09,CUS-0378,606011,86573,129859,43288,865731
2023-09,CUS-0379,606011,86573,129859,43288,865731
2023-09,CUS-0380,606011,86573,129859,43288,865731
2023-09,CUS-0381,606011,86573,129859,43288,865731
2023-09,CUS-0382,606011,86573,129859,43288,865731
2023-09,CUS-0383,606011,86573,129859,43288,865731
2023-09,CUS-0384,606011,86573,129859,43288,865731
2023-09,CUS-0385,606011,86573,129859,43288,865731
2023-09,CUS-0386,606011,86573,129859,43288,865731
2023-09,CUS-0387,606011,86573,129859,43288,865731
2023-09,CUS-0388,606011,86573,129859,43288,865731
2023-09,CUS-0389,606011,86573,129859,43288,865731
2023-09,CUS-0390,606011,86573,129859,43288,865731
2023-09,CUS-0391,606011,86573,129859,43288,865731
2023-09,CUS-0392,606011,86573,129859,43288,865731
2023-09,CUS-0393,606011,86573,129859,43288,865731
2023-09,CUS-0394,606011,86573,129859,43288,865731
2023-09,CUS-0395,606011,86573,129859,43288,865731
2023-09,CUS-0396,606011,86573,129859,43288,865731
2023-09,CUS-0397,606011,86573,129859,43288,865731
2023-09,CUS-0398,606011,86573,129859,43288,865731
2023-09,CUS-0399,606011,86573,129859,43288,865731
2023-09,CUS-0400,606011,86573,129859,43288,865731
2023-09,CUS-0401,606011,86573,129859,43288,865731
2023-09,CUS-0402,606011,86573,129859,43288,865731
2023-09,CUS-0403,606011,86573,129859,43288,865731
2023-09,CUS-0404,606011,86573,129859,43288,865731
2023-09,CUS-0405,606011,86573,129859,43288,865731
2023-09,CUS-0406,606011,86573,129859,43288,865731
2023-09,CUS-0407,606011,86573,129859,43288,865731
2023-09,CUS-0408,606011,86573,129859,43288,865731
2023-09,CUS-0409,606011,86573,129859,43288,865731
2023-09,CUS-0410,606011,86573,129859,43288,865731
2023-09,CUS-0411,606011,86573,129859,43288,865731
2023-09,CUS-0412,606011,86573,129859,43288,865731
2023-09,CUS-0413,606011,86573,129859,43288,865731
2023-09,CUS-0414,606011,86573,129859,43288,865731
2023-09,CUS-0415,606011,86573,129859,43288,865731
2023-09,CUS-0416,606011,86573,129859,43288,865731
2023-09,CUS-0417,606011,86573,129859,43288,865731
2023-09,CUS-0418,606011,86573,129859,43288,865731
2023-09,CUS-0419,606011,86573,129859,43288,865731
2023-09,CUS-0420,606011,86573,129859,43288,865731
2023-09,CUS-0421,606011,86573,129859,43288,865731
2023-09,CUS-0422,606011,86573,129859,43288,865731
2023-09,CUS-0423,606011,86573,129859,43288,865731
2023-09,CUS-0424,606011,86573,129859,43288,865731
2023-09,CUS-0425,606011,86573,129859,43288,865731
2023-09,CUS-0426,606011,86573,129859,43288,865731
2023-09,CUS-0427,606011,86573,129859,43288,865731
2023-09,CUS-0428,606011,86573,129859,43288,865731
2023-09,CUS-0429,606011,86573,129859,43288,865731
2023-09,CUS-0430,606011,86573,129859,43288,865731
2023-09,CUS-0431,606011,86573,129859,43288,865731
2023-09,CUS-0432,606011,86573,129859,43288,865731
2023-09,CUS-0433,606011,86573,129859,43288,865731
2023-09,CUS-0434,606011,86573,129859,43288,865731
2023-09,CUS-0435,606011,86573,129859,43288,865731
2023-09,CUS-0436,606011,86573,129859,43288,865731
2023-09,CUS-0437,606011,86573,129859,43288,865731
2023-09,CUS-0438,606011,86573,129859,43288,865731
2023-09,CUS-0439,606011,86573,129859,43288,865731
2023-09,CUS-0440,606011,86573,129859,43288,865731
2023-09,CUS-0441,606011,86573,129859,43288,865731
2023-09,CUS-0442,606011,86573,129859,43288,865731
2023-09,CUS-0443,606011,86573,129859,43288,865731
2023-09,CUS-0444,606011,86573,129859,43288,865731
2023-09,CUS-0445,606011,86573,129859,43288,865731
2023-09,CUS-0446,606011,86573,129859,43288,865731
2023-09,CUS-0447,606011,86573,129859,43288,865731
2023-09,CUS-0448,606011,86573,129859,43288,865731
2023-09,CUS-0449,606011,86573,129859,43288,865731
2023-09,CUS-0450,606011,86573,129859,43288,865731
2023-09,CUS-0451,606011,86573,129859,43288,865731
2023-09,CUS-0452,606011,86573,129859,43288,865731
2023-09,CUS-0453,606011,86573,129859,43288,865731
2023-09,CUS-0454,606011,86573,129859,43288,865731
2023-09,CUS-0455,606011,86573,129859,43288,865731
2023-09,CUS-0456,606011,86573,129859,43288,865731
2023-09,CUS-0457,606011,86573,129859,43288,865731
2023-09,CUS-0458,606011,86573,129859,43288,865731
2023-09,CUS-0459,606011,86573,129859,43288,865731
2023-09,CUS-0460,606011,86573,129859,43288,865731
2023-09,CUS-0461,606011,86573,129859,43288,865731
2023-09,CUS-0462,606011,86573,129859,43288,865731
2023-09,CUS-0463,606011,86573,129859,43288,865731
2023-09,CUS-0464,606011,86573,129859,43288,865731
2023-09,CUS-0465,606011,86573,129859,43288,865731
2023-09,CUS-0466,606011,86573,129859,43288,865731
2023-09,CUS-0467,606011,86573,129859,43288,865731
2023-09,CUS-0468,606011,86573,129859,43288,865731
2023-09,CUS-0469,606011,86573,129859,43288,865731
2023-09,CUS-0470,606011,86573,129859,43288,865731
2023-09,CUS-0471,606011,86573,129859,43288,865731
2023-09,CUS-0472,606011,86573,129859,43288,865731
2023-09,CUS-0473,606011,86573,129859,43288,865731
2023-09,CUS-0474,606011,86573,129859,43288,865731
2023-09,CUS-0475,606011,86573,129859,43288,865731
2023-09,CUS-0476,606011,86573,129859,43288,865731
2023-09,CUS-0477,606011,86573,129859,43288,865731
2023-09,CUS-0478,606011,86573,129859,43288,865731
2023-09,CUS-0479,606011,86573,129859,43288,865731
2023-09,CUS-0480,606011,86573,129859,43288,865731
2023-09,CUS-0481,606011,86573,129859,43288,865731
2023-09,CUS-0482,606011,86573,129859,43288,865731
2023-09,CUS-0483,606011,86573,129859,43288,865731
2023-09,CUS-0484,606011,86573,129859,43288,865731
2023-09,CUS-0485,606011,86573,129859,43288,865731
2023-09,CUS-0486,606011,86573,129859,43288,865731
2023-09,CUS-0487,606011,86573,129859,43288,865731
2023-09,CUS-0488,606011,86573,129859,43288,865731
2023-09,CUS-0489,606011,86573,129859,43288,865731
2023-09,CUS-0490,606011,86573,129859,43288,865731
2023-09,CUS-0491,606011,86573,129859,43288,865731
2023-09,CUS-0492,606011,86573,129859,43288,865731
2023-09,CUS-0493,606011,86573,129859,43288,865731
2023-09,CUS-0494,606011,86573,129859,43288,865731
2023-09,CUS-0495,606011,86573,129859,43288,865731
2023-09,CUS-0496,606011,86573,129859,43288,865731
2023-09,CUS-0497,606011,86573,129859,43288,865731
2023-09,CUS-0498,606011,86573,129859,43288,865731
2023-09,CUS-0499,606011,86573,129859,43288,865731
2023-09,CUS-0500,606011,86573,129859,43288,865731
2023-10,CUS-0001,140910000,20130000,30195000,10065000,201300000
2023-10,CUS-0002,616112,88016,132024,44008,880160
2023-10,CUS-0003,616112,88016,132024,44008,880160
2023-10,CUS-0004,616112,88016,132024,44008,880160
2023-10,CUS-0005,616112,88016,132024,44008,880160
2023-10,CUS-0006,616112,88016,132024,44008,880160
2023-10,CUS-0007,616112,88016,132024,44008,880160
2023-10,CUS-0008,616112,88016,132024,44008,880160
2023-10,CUS-0009,616112,88016,132024,44008,880160
2023-10,CUS-0010,616112,88016,132024,44008,880160
2023-10,CUS-0011,616112,88016,132024,44008,880160
2023-10,CUS-0012,616112,88016,132024,44008,880160
2023-10,CUS-0013,616112,88016,132024,44008,880160
2023-10,CUS-0014,616112,88016,132024,44008,880160
2023-10,CUS-0015,616112,88016,132024,44008,880160
2023-10,CUS-0016,616112,88016,132024,44008,880160
2023-10,CUS-0017,616112,88016,132024,44008,880160
2023-10,CUS-0018,616112,88016,132024,44008,880160
2023-10,CUS-0019,616112,88016,132024,44008,880160
2023-10,CUS-0020,616112,88016,132024,44008,880160
2023-10,CUS-0021,616112,88016,132024,44008,880160
2023-10,CUS-0022,616112,88016,132024,44008,880160
2023-10,CUS-0023,616112,88016,132024,44008,880160
2023-10,CUS-0024,616112,88016,132024,44008,880160
2023-10,CUS-0025,616112,88016,132024,44008,880160
2023-10,CUS-0026,616112,88016,132024,44008,880160
2023-10,CUS-0027,616112,88016,132024,44008,880160
2023-10,CUS-0028,616112,88016,132024,44008,880160
2023-10,CUS-0029,616112,88016,132024,44008,880160
2023-10,CUS-0030,616112,88016,132024,44008,880160
2023-10,CUS-0031,616112,88016,132024,44008,880160
2023-10,CUS-0032,616112,88016,132024,44008,880160
2023-10,CUS-0033,616112,88016,132024,44008,880160
2023-10,CUS-0034,616112,88016,132024,44008,880160
2023-10,CUS-0035,616112,88016,132024,44008,880160
2023-10,CUS-0036,616112,88016,132024,44008,880160
2023-10,CUS-0037,616112,88016,132024,44008,880160
2023-10,CUS-0038,616112,88016,132024,44008,880160
2023-10,CUS-0039,616112,88016,132024,44008,880160
2023-10,CUS-0040,616112,88016,132024,44008,880160
2023-10,CUS-0041,616112,88016,132024,44008,880160
2023-10,CUS-0042,616112,88016,132024,44008,880160
2023-10,CUS-0043,616112,88016,132024,44008,880160
2023-10,CUS-0044,616112,88016,132024,44008,880160
2023-10,CUS-0045,616112,88016,132024,44008,880160
2023-10,CUS-0046,616112,88016,132024,44008,880160
2023-10,CUS-0047,616112,88016,132024,44008,880160
2023-10,CUS-0048,616112,88016,132024,44008,880160
2023-10,CUS-0049,616112,88016,132024,44008,880160
2023-10,CUS-0050,616112,88016,132024,44008,880160
2023-10,CUS-0051,616112,88016,132024,44008,880160
2023-10,CUS-0052,616112,88016,132024,44008,880160
2023-10,CUS-0053,616112,88016,132024,44008,880160
2023-10,CUS-0054,616112,88016,132024,44008,880160
2023-10,CUS-0055,616112,88016,132024,44008,880160
2023-10,CUS-0056,616112,88016,132024,44008,880160
2023-10,CUS-0057,616112,88016,132024,44008,880160
2023-10,CUS-0058,616112,88016,132024,44008,880160
2023-10,CUS-0059,616112,88016,132024,44008,880160
2023-10,CUS-0060,616112,88016,132024,44008,880160
2023-10,CUS-0061,616112,88016,132024,44008,880160
2023-10,CUS-0062,616112,88016,132024,44008,880160
2023-10,CUS-0063,616112,88016,132024,44008,880160
2023-10,CUS-0064,616112,88016,132024,44008,880160
2023-10,CUS-0065,616112,88016,132024,44008,880160
2023-10,CUS-0066,616112,88016,132024,44008,880160
2023-10,CUS-0067,616112,88016,132024,44008,880160
2023-10,CUS-0068,616112,88016,132024,44008,880160
2023-10,CUS-0069,616112,88016,132024,44008,880160
2023-10,CUS-0070,616112,88016,132024,44008,880160
2023-10,CUS-0071,616112,88016,132024,44008,880160
2023-10,CUS-0072,616112,88016,132024,44008,880160
2023-10,CUS-0073,616112,88016,132024,44008,880160
2023-10,CUS-0074,616112,88016,132024,44008,880160
2023-10,CUS-0075,616112,88016,132024,44008,880160
2023-10,CUS-0076,616112,88016,132024,44008,880160
2023-10,CUS-0077,616112,88016,132024,44008,880160
2023-10,CUS-0078,616112,88016,132024,44008,880160
2023-10,CUS-0079,616112,88016,132024,44008,880160
2023-10,CUS-0080,616112,88016,132024,44008,880160
2023-10,CUS-0081,616112,88016,132024,44008,880160
2023-10,CUS-0082,616112,88016,132024,44008,880160
2023-10,CUS-0083,616112,88016,132024,44008,880160
2023-10,CUS-0084,616112,88016,132024,44008,880160
2023-10,CUS-0085,616112,88016,132024,44008,880160
2023-10,CUS-0086,616112,88016,132024,44008,880160
2023-10,CUS-0087,616112,88016,132024,44008,880160
2023-10,CUS-0088,616112,88016,132024,44008,880160
2023-10,CUS-0089,616112,88016,132024,44008,880160
2023-10,CUS-0090,616112,88016,132024,44008,880160
2023-10,CUS-0091,616112,88016,132024,44008,880160
2023-10,CUS-0092,616112,88016,132024,44008,880160
2023-10,CUS-0093,616112,88016,132024,44008,880160
2023-10,CUS-0094,616112,88016,132024,44008,880160
2023-10,CUS-0095,616112,88016,132024,44008,880160
2023-10,CUS-0096,616112,88016,132024,44008,880160
2023-10,CUS-0097,616112,88016,132024,44008,880160
2023-10,CUS-0098,616112,88016,132024,44008,880160
2023-10,CUS-0099,616112,88016,132024,44008,880160
2023-10,CUS-0100,616112,88016,132024,44008,880160
2023-10,CUS-0101,616112,88016,132024,44008,880160
2023-10,CUS-0102,616112,88016,132024,44008,880160
2023-10,CUS-0103,616112,88016,132024,44008,880160
2023-10,CUS-0104,616112,88016,132024,44008,880160
2023-10,CUS-0105,616112,88016,132024,44008,880160
2023-10,CUS-0106,616112,88016,132024,44008,880160
2023-10,CUS-0107,616112,88016,132024,44008,880160
2023-10,CUS-0108,616112,88016,132024,44008,880160
2023-10,CUS-0109,616112,88016,132024,44008,880160
2023-10,CUS-0110,616112,88016,132024,44008,880160
2023-10,CUS-0111,616112,88016,132024,44008,880160
2023-10,CUS-0112,616112,88016,132024,44008,880160
2023-10,CUS-0113,616112,88016,132024,44008,880160
2023-10,CUS-0114,616112,88016,132024,44008,880160
2023-10,CUS-0115,616112,88016,132024,44008,880160
2023-10,CUS-0116,616112,88016,132024,44008,880160
2023-10,CUS-0117,616112,88016,132024,44008,880160
2023-10,CUS-0118,616112,88016,132024,44008,880160
2023-10,CUS-0119,616112,88016,132024,44008,880160
2023-10,CUS-0120,616112,88016,132024,44008,880160
2023-10,CUS-0121,616112,88016,132024,44008,880160
2023-10,CUS-0122,616112,88016,132024,44008,880160
2023-10,CUS-0123,616112,88016,132024,44008,880160
2023-10,CUS-0124,616112,88016,132024,44008,880160
2023-10,CUS-0125,616112,88016,132024,44008,880160
2023-10,CUS-0126,616112,88016,132024,44008,880160
2023-10,CUS-0127,616112,88016,132024,44008,880160
2023-10,CUS-0128,616112,88016,132024,44008,880160
2023-10,CUS-0129,616112,88016,132024,44008,880160
2023-10,CUS-0130,616112,88016,132024,44008,880160
2023-10,CUS-0131,616112,88016,132024,44008,880160
2023-10,CUS-0132,616112,88016,132024,44008,880160
2023-10,CUS-0133,616112,88016,132024,44008,880160
2023-10,CUS-0134,616112,88016,132024,44008,880160
2023-10,CUS-0135,616112,88016,132024,44008,880160
2023-10,CUS-0136,616112,88016,132024,44008,880160
2023-10,CUS-0137,616112,88016,132024,44008,880160
2023-10,CUS-0138,616112,88016,132024,44008,880160
2023-10,CUS-0139,616112,88016,132024,44008,880160
2023-10,CUS-0140,616112,88016,132024,44008,880160
2023-10,CUS-0141,616112,88016,132024,44008,880160
2023-10,CUS-0142,616112,88016,132024,44008,880160
2023-10,CUS-0143,616112,88016,132024,44008,880160
2023-10,CUS-0144,616112,88016,132024,44008,880160
2023-10,CUS-0145,616112,88016,132024,44008,880160
2023-10,CUS-0146,616112,88016,132024,44008,880160
2023-10,CUS-0147,616112,88016,132024,44008,880160
2023-10,CUS-0148,616112,88016,132024,44008,880160
2023-10,CUS-0149,616112,88016,132024,44008,880160
2023-10,CUS-0150,616112,88016,132024,44008,880160
2023-10,CUS-0151,616112,88016,132024,44008,880160
2023-10,CUS-0152,616112,88016,132024,44008,880160
2023-10,CUS-0153,616112,88016,132024,44008,880160
2023-10,CUS-0154,616112,88016,132024,44008,880160
2023-10,CUS-0155,616112,88016,132024,44008,880160
2023-10,CUS-0156,616112,88016,132024,44008,880160
2023-10,CUS-0157,616112,88016,132024,44008,880160
2023-10,CUS-0158,616112,88016,132024,44008,880160
2023-10,CUS-0159,616112,88016,132024,44008,880160
2023-10,CUS-0160,616112,88016,132024,44008,880160
2023-10,CUS-0161,616112,88016,132024,44008,880160
2023-10,CUS-0162,616112,88016,132024,44008,880160
2023-10,CUS-0163,616112,88016,132024,44008,880160
2023-10,CUS-0164,616112,88016,132024,44008,880160
2023-10,CUS-0165,616112,88016,132024,44008,880160
2023-10,CUS-0166,616112,88016,132024,44008,880160
2023-10,CUS-0167,616112,88016,132024,44008,880160
2023-10,CUS-0168,616112,88016,132024,44008,880160
2023-10,CUS-0169,616112,88016,132024,44008,880160
2023-10,CUS-0170,616112,88016,132024,44008,880160
2023-10,CUS-0171,616112,88016,132024,44008,880160
2023-10,CUS-0172,616112,88016,132024,44008,880160
2023-10,CUS-0173,616112,88016,132024,44008,880160
2023-10,CUS-0174,616112,88016,132024,44008,880160
2023-10,CUS-0175,616112,88016,132024,44008,880160
2023-10,CUS-0176,616112,88016,132024,44008,880160
2023-10,CUS-0177,616112,88016,132024,44008,880160
2023-10,CUS-0178,616112,88016,132024,44008,880160
2023-10,CUS-0179,616112,88016,132024,44008,880160
2023-10,CUS-0180,616112,88016,132024,44008,880160
2023-10,CUS-0181,616112,88016,132024,44008,880160
2023-10,CUS-0182,616112,88016,132024,44008,880160
2023-10,CUS-0183,616112,88016,132024,44008,880160
2023-10,CUS-0184,616112,88016,132024,44008,880160
2023-10,CUS-0185,616112,88016,132024,44008,880160
2023-10,CUS-0186,616112,88016,132024,44008,880160
2023-10,CUS-0187,616112,88016,132024,44008,880160
2023-10,CUS-0188,616112,88016,132024,44008,880160
2023-10,CUS-0189,616112,88016,132024,44008,880160
2023-10,CUS-0190,616112,88016,132024,44008,880160
2023-10,CUS-0191,616112,88016,132024,44008,880160
2023-10,CUS-0192,616112,88016,132024,44008,880160
2023-10,CUS-0193,616112,88016,132024,44008,880160
2023-10,CUS-0194,616112,88016,132024,44008,880160
2023-10,CUS-0195,616112,88016,132024,44008,880160
2023-10,CUS-0196,616112,88016,132024,44008,880160
2023-10,CUS-0197,616112,88016,132024,44008,880160
2023-10,CUS-0198,616112,88016,132024,44008,880160
2023-10,CUS-0199,616112,88016,132024,44008,880160
2023-10,CUS-0200,616112,88016,132024,44008,880160
2023-10,CUS-0201,616112,88016,132024,44008,880160
2023-10,CUS-0202,616112,88016,132024,44008,880160
2023-10,CUS-0203,616112,88016,132024,44008,880160
2023-10,CUS-0204,616112,88016,132024,44008,880160
2023-10,CUS-0205,616112,88016,132024,44008,880160
2023-10,CUS-0206,616112,88016,132024,44008,880160
2023-10,CUS-0207,616112,88016,132024,44008,880160
2023-10,CUS-0208,616112,88016,132024,44008,880160
2023-10,CUS-0209,616112,88016,132024,44008,880160
2023-10,CUS-0210,616112,88016,132024,44008,880160
2023-10,CUS-0211,616112,88016,132024,44008,880160
2023-10,CUS-0212,616112,88016,132024,44008,880160
2023-10,CUS-0213,616112,88016,132024,44008,880160
2023-10,CUS-0214,616112,88016,132024,44008,880160
2023-10,CUS-0215,616112,88016,132024,44008,880160
2023-10,CUS-0216,616112,88016,132024,44008,880160
2023-10,CUS-0217,616112,88016,132024,44008,880160
2023-10,CUS-0218,616112,88016,132024,44008,880160
2023-10,CUS-0219,616112,88016,132024,44008,880160
2023-10,CUS-0220,616112,88016,132024,44008,880160
2023-10,CUS-0221,616112,88016,132024,44008,880160
2023-10,CUS-0222,616112,88016,132024,44008,880160
2023-10,CUS-0223,616112,88016,132024,44008,880160
2023-10,CUS-0224,616112,88016,132024,44008,880160
2023-10,CUS-0225,616112,88016,132024,44008,880160
2023-10,CUS-0226,616112,88016,132024,44008,880160
2023-10,CUS-0227,616112,88016,132024,44008,880160
2023-10,CUS-0228,616112,88016,132024,44008,880160
2023-10,CUS-0229,616112,88016,132024,44008,880160
2023-10,CUS-0230,616112,88016,132024,44008,880160
2023-10,CUS-0231,616112,88016,132024,44008,880160
2023-10,CUS-0232,616112,88016,132024,44008,880160
2023-10,CUS-0233,616112,88016,132024,44008,880160
2023-10,CUS-0234,616112,88016,132024,44008,880160
2023-10,CUS-0235,616112,88016,132024,44008,880160
2023-10,CUS-0236,616112,88016,132024,44008,880160
2023-10,CUS-0237,616112,88016,132024,44008,880160
2023-10,CUS-0238,616112,88016,132024,44008,880160
2023-10,CUS-0239,616112,88016,132024,44008,880160
2023-10,CUS-0240,616112,88016,132024,44008,880160
2023-10,CUS-0241,616112,88016,132024,44008,880160
2023-10,CUS-0242,616112,88016,132024,44008,880160
2023-10,CUS-0243,616112,88016,132024,44008,880160
2023-10,CUS-0244,616112,88016,132024,44008,880160
2023-10,CUS-0245,616112,88016,132024,44008,880160
2023-10,CUS-0246,616112,88016,132024,44008,880160
2023-10,CUS-0247,616112,88016,132024,44008,880160
2023-10,CUS-0248,616112,88016,132024,44008,880160
2023-10,CUS-0249,616112,88016,132024,44008,880160
2023-10,CUS-0250,616112,88016,132024,44008,880160
2023-10,CUS-0251,616112,88016,132024,44008,880160
2023-10,CUS-0252,616112,88016,132024,44008,880160
2023-10,CUS-0253,616112,88016,132024,44008,880160
2023-10,CUS-0254,616112,88016,132024,44008,880160
2023-10,CUS-0255,616112,88016,132024,44008,880160
2023-10,CUS-0256,616112,88016,132024,44008,880160
2023-10,CUS-0257,616112,88016,132024,44008,880160
2023-10,CUS-0258,616112,88016,132024,44008,880160
2023-10,CUS-0259,616112,88016,132024,44008,880160
2023-10,CUS-0260,616112,88016,132024,44008,880160
2023-10,CUS-0261,616112,88016,132024,44008,880160
2023-10,CUS-0262,616112,88016,132024,44008,880160
2023-10,CUS-0263,616112,88016,132024,44008,880160
2023-10,CUS-0264,616112,88016,132024,44008,880160
2023-10,CUS-0265,616112,88016,132024,44008,880160
2023-10,CUS-0266,616112,88016,132024,44008,880160
2023-10,CUS-0267,616112,88016,132024,44008,880160
2023-10,CUS-0268,616112,88016,132024,44008,880160
2023-10,CUS-0269,616112,88016,132024,44008,880160
2023-10,CUS-0270,616112,88016,132024,44008,880160
2023-10,CUS-0271,616112,88016,132024,44008,880160
2023-10,CUS-0272,616112,88016,132024,44008,880160
2023-10,CUS-0273,616112,88016,132024,44008,880160
2023-10,CUS-0274,616112,88016,132024,44008,880160
2023-10,CUS-0275,616112,88016,132024,44008,880160
2023-10,CUS-0276,616112,88016,132024,44008,880160
2023-10,CUS-0277,616112,88016,132024,44008,880160
2023-10,CUS-0278,616112,88016,132024,44008,880160
2023-10,CUS-0279,616112,88016,132024,44008,880160
2023-10,CUS-0280,616112,88016,132024,44008,880160
2023-10,CUS-0281,616112,88016,132024,44008,880160
2023-10,CUS-0282,616112,88016,132024,44008,880160
2023-10,CUS-0283,616112,88016,132024,44008,880160
2023-10,CUS-0284,616112,88016,132024,44008,880160
2023-10,CUS-0285,616112,88016,132024,44008,880160
2023-10,CUS-0286,616112,88016,132024,44008,880160
2023-10,CUS-0287,616112,88016,132024,44008,880160
2023-10,CUS-0288,616112,88016,132024,44008,880160
2023-10,CUS-0289,616112,88016,132024,44008,880160
2023-10,CUS-0290,616112,88016,132024,44008,880160
2023-10,CUS-0291,616112,88016,132024,44008,880160
2023-10,CUS-0292,616112,88016,132024,44008,880160
2023-10,CUS-0293,616112,88016,132024,44008,880160
2023-10,CUS-0294,616112,88016,132024,44008,880160
2023-10,CUS-0295,616112,88016,132024,44008,880160
2023-10,CUS-0296,616112,88016,132024,44008,880160
2023-10,CUS-0297,616112,88016,132024,44008,880160
2023-10,CUS-0298,616112,88016,132024,44008,880160
2023-10,CUS-0299,616112,88016,132024,44008,880160
2023-10,CUS-0300,616112,88016,132024,44008,880160
2023-10,CUS-0301,616112,88016,132024,44008,880160
2023-10,CUS-0302,616112,88016,132024,44008,880160
2023-10,CUS-0303,616112,88016,132024,44008,880160
2023-10,CUS-0304,616112,88016,132024,44008,880160
2023-10,CUS-0305,616112,88016,132024,44008,880160
2023-10,CUS-0306,616112,88016,132024,44008,880160
2023-10,CUS-0307,616112,88016,132024,44008,880160
2023-10,CUS-0308,616112,88016,132024,44008,880160
2023-10,CUS-0309,616112,88016,132024,44008,880160
2023-10,CUS-0310,616112,88016,132024,44008,880160
2023-10,CUS-0311,616111,88015,132023,44010,880159
2023-10,CUS-0312,616111,88015,132023,44010,880159
2023-10,CUS-0313,616111,88015,132023,44010,880159
2023-10,CUS-0314,616111,88015,132023,44010,880159
2023-10,CUS-0315,616111,88015,132023,44010,880159
2023-10,CUS-0316,616111,88015,132023,44010,880159
2023-10,CUS-0317,616111,88015,132023,44010,880159
2023-10,CUS-0318,616111,88015,132023,44010,880159
2023-10,CUS-0319,616111,88015,132023,44010,880159
2023-10,CUS-0320,616111,88015,132023,44010,880159
2023-10,CUS-0321,616111,88015,132023,44010,880159
2023-10,CUS-0322,616111,88015,132023,44010,880159
2023-10,CUS-0323,616111,88015,132023,44010,880159
2023-10,CUS-0324,616111,88015,132023,44010,880159
2023-10,CUS-0325,616111,88015,132023,44010,880159
2023-10,CUS-0326,616111,88015,132023,44010,880159
2023-10,CUS-0327,616111,88015,132023,44010,880159
2023-10,CUS-0328,616111,88015,132023,44010,880159
2023-10,CUS-0329,616111,88015,132023,44010,880159
2023-10,CUS-0330,616111,88015,132023,44010,880159
2023-10,CUS-0331,616111,88015,132023,44010,880159
2023-10,CUS-0332,616111,88015,132023,44010,880159
2023-10,CUS-0333,616111,88015,132023,44010,880159
2023-10,CUS-0334,616111,88015,132023,44010,880159
2023-10,CUS-0335,616111,88015,132023,44010,880159
2023-10,CUS-0336,616111,88015,132023,44010,880159
2023-10,CUS-0337,616111,88015,132023,44010,880159
2023-10,CUS-0338,616111,88015,132023,44010,880159
2023-10,CUS-0339,616111,88015,132023,44010,880159
2023-10,CUS-0340,616111,88015,132023,44010,880159
2023-10,CUS-0341,616111,88015,132023,44010,880159
2023-10,CUS-0342,616111,88015,132023,44010,880159
2023-10,CUS-0343,616111,88015,132023,44010,880159
2023-10,CUS-0344,616111,88015,132023,44010,880159
2023-10,CUS-0345,616111,88015,132023,44010,880159
2023-10,CUS-0346,616111,88015,132023,44010,880159
2023-10,CUS-0347,616111,88015,132023,44010,880159
2023-10,CUS-0348,616111,88015,132023,44010,880159
2023-10,CUS-0349,616111,88015,132023,44010,880159
2023-10,CUS-0350,616111,88015,132023,44010,880159
2023-10,CUS-0351,616111,88015,132023,44010,880159
2023-10,CUS-0352,616111,88015,132023,44010,880159
2023-10,CUS-0353,616111,88015,132023,44010,880159
2023-10,CUS-0354,616111,88015,132023,44010,880159
2023-10,CUS-0355,616111,88015,132023,44010,880159
2023-10,CUS-0356,616111,88015,132023,44010,880159
2023-10,CUS-0357,616111,88015,132023,44010,880159
2023-10,CUS-0358,616111,88015,132023,44010,880159
2023-10,CUS-0359,616111,88015,132023,44010,880159
2023-10,CUS-0360,616111,88015,132023,44010,880159
2023-10,CUS-0361,616111,88015,132023,44010,880159
2023-10,CUS-0362,616111,88015,132023,44010,880159
2023-10,CUS-0363,616111,88015,132023,44010,880159
2023-10,CUS-0364,616111,88015,132023,44010,880159
2023-10,CUS-0365,616111,88015,132023,44010,880159
2023-10,CUS-0366,616111,88015,132023,44010,880159
2023-10,CUS-0367,616111,88015,132023,44010,880159
2023-10,CUS-0368,616111,88015,132023,44010,880159
2023-10,CUS-0369,616111,88015,132023,44010,880159
2023-10,CUS-0370,616111,88015,132023,44010,880159
2023-10,CUS-0371,616111,88015,132023,44010,880159
2023-10,CUS-0372,616111,88015,132023,44010,880159
2023-10,CUS-0373,616111,88015,132023,44010,880159
2023-10,CUS-0374,616111,88015,132023,44010,880159
2023-10,CUS-0375,616111,88015,132023,44010,880159
2023-10,CUS-0376,616111,88015,132023,44010,880159
2023-10,CUS-0377,616111,88015,132023,44010,880159
2023-10,CUS-0378,616111,88015,132023,44010,880159
2023-10,CUS-0379,616111,88015,132023,44010,880159
2023-10,CUS-0380,616111,88015,132023,44010,880159
2023-10,CUS-0381,616111,88015,132023,44010,880159
2023-10,CUS-0382,616111,88015,132023,44010,880159
2023-10,CUS-0383,616111,88015,132023,44010,880159
2023-10,CUS-0384,616111,88015,132023,44010,880159
2023-10,CUS-0385,616111,88015,132023,44010,880159
2023-10,CUS-0386,616111,88015,132023,44010,880159
2023-10,CUS-0387,616111,88015,132023,44010,880159
2023-10,CUS-0388,616111,88015,132023,44010,880159
2023-10,CUS-0389,616111,88015,132023,44010,880159
2023-10,CUS-0390,616111,88015,132023,44010,880159
2023-10,CUS-0391,616111,88015,132023,44010,880159
2023-10,CUS-0392,616111,88015,132023,44010,880159
2023-10,CUS-0393,616111,88015,132023,44010,880159
2023-10,CUS-0394,616111,88015,132023,44010,880159
2023-10,CUS-0395,616111,88015,132023,44010,880159
2023-10,CUS-0396,616111,88015,132023,44010,880159
2023-10,CUS-0397,616111,88015,132023,44010,880159
2023-10,CUS-0398,616111,88015,132023,44010,880159
2023-10,CUS-0399,616111,88015,132023,44010,880159
2023-10,CUS-0400,616111,88015,132023,44010,880159
2023-10,CUS-0401,616111,88015,132023,44010,880159
2023-10,CUS-0402,616111,88015,132023,44010,880159
2023-10,CUS-0403,616111,88015,132023,44010,880159
2023-10,CUS-0404,616111,88015,132023,44010,880159
2023-10,CUS-0405,616111,88015,132023,44010,880159
2023-10,CUS-0406,616111,88015,132023,44010,880159
2023-10,CUS-0407,616111,88015,132023,44010,880159
2023-10,CUS-0408,616111,88015,132023,44010,880159
2023-10,CUS-0409,616111,88015,132023,44010,880159
2023-10,CUS-0410,616111,88015,132023,44010,880159
2023-10,CUS-0411,616111,88015,132023,44010,880159
2023-10,CUS-0412,616111,88015,132023,44010,880159
2023-10,CUS-0413,616111,88015,132023,44010,880159
2023-10,CUS-0414,616111,88015,132023,44010,880159
2023-10,CUS-0415,616111,88015,132023,44010,880159
2023-10,CUS-0416,616111,88015,132023,44010,880159
2023-10,CUS-0417,616111,88015,132023,44010,880159
2023-10,CUS-0418,616111,88015,132023,44010,880159
2023-10,CUS-0419,616111,88015,132023,44010,880159
2023-10,CUS-0420,616111,88015,132023,44010,880159
2023-10,CUS-0421,616111,88015,132023,44010,880159
2023-10,CUS-0422,616111,88015,132023,44010,880159
2023-10,CUS-0423,616111,88015,132023,44010,880159
2023-10,CUS-0424,616111,88015,132023,44010,880159
2023-10,CUS-0425,616111,88015,132023,44010,880159
2023-10,CUS-0426,616111,88015,132023,44010,880159
2023-10,CUS-0427,616111,88015,132023,44010,880159
2023-10,CUS-0428,616111,88015,132023,44010,880159
2023-10,CUS-0429,616111,88015,132023,44010,880159
2023-10,CUS-0430,616111,88015,132023,44010,880159
2023-10,CUS-0431,616111,88015,132023,44010,880159
2023-10,CUS-0432,616111,88015,132023,44010,880159
2023-10,CUS-0433,616111,88015,132023,44010,880159
2023-10,CUS-0434,616111,88015,132023,44010,880159
2023-10,CUS-0435,616111,88015,132023,44010,880159
2023-10,CUS-0436,616111,88015,132023,44010,880159
2023-10,CUS-0437,616111,88015,132023,44010,880159
2023-10,CUS-0438,616111,88015,132023,44010,880159
2023-10,CUS-0439,616111,88015,132023,44010,880159
2023-10,CUS-0440,616111,88015,132023,44010,880159
2023-10,CUS-0441,616111,88015,132023,44010,880159
2023-10,CUS-0442,616111,88015,132023,44010,880159
2023-10,CUS-0443,616111,88015,132023,44010,880159
2023-10,CUS-0444,616111,88015,132023,44010,880159
2023-10,CUS-0445,616111,88015,132023,44010,880159
2023-10,CUS-0446,616111,88015,132023,44010,880159
2023-10,CUS-0447,616111,88015,132023,44010,880159
2023-10,CUS-0448,616111,88015,132023,44010,880159
2023-10,CUS-0449,616111,88015,132023,44010,880159
2023-10,CUS-0450,616111,88015,132023,44010,880159
2023-10,CUS-0451,616111,88015,132023,44010,880159
2023-10,CUS-0452,616111,88015,132023,44010,880159
2023-10,CUS-0453,616111,88015,132023,44010,880159
2023-10,CUS-0454,616111,88015,132023,44010,880159
2023-10,CUS-0455,616111,88015,132023,44010,880159
2023-10,CUS-0456,616111,88015,132023,44010,880159
2023-10,CUS-0457,616111,88015,132023,44010,880159
2023-10,CUS-0458,616111,88015,132023,44010,880159
2023-10,CUS-0459,616111,88015,132023,44010,880159
2023-10,CUS-0460,616111,88015,132023,44010,880159
2023-10,CUS-0461,616111,88015,132023,44010,880159
2023-10,CUS-0462,616111,88015,132023,44010,880159
2023-10,CUS-0463,616111,88015,132023,44010,880159
2023-10,CUS-0464,616111,88015,132023,44010,880159
2023-10,CUS-0465,616111,88015,132023,44010,880159
2023-10,CUS-0466,616111,88015,132023,44010,880159
2023-10,CUS-0467,616111,88015,132023,44010,880159
2023-10,CUS-0468,616111,88015,132023,44010,880159
2023-10,CUS-0469,616111,88015,132023,44010,880159
2023-10,CUS-0470,616111,88015,132023,44010,880159
2023-10,CUS-0471,616111,88015,132023,44010,880159
2023-10,CUS-0472,616111,88015,132023,44010,880159
2023-10,CUS-0473,616111,88015,132023,44010,880159
2023-10,CUS-0474,616111,88015,132023,44010,880159
2023-10,CUS-0475,616111,88015,132023,44010,880159
2023-10,CUS-0476,616111,88015,132023,44010,880159
2023-10,CUS-0477,616111,88015,132023,44010,880159
2023-10,CUS-0478,616111,88015,132023,44010,880159
2023-10,CUS-0479,616111,88015,132023,44010,880159
2023-10,CUS-0480,616111,88015,132023,44010,880159
2023-10,CUS-0481,616111,88015,132023,44010,880159
2023-10,CUS-0482,616111,88015,132023,44010,880159
2023-10,CUS-0483,616111,88015,132023,44010,880159
2023-10,CUS-0484,616111,88015,132023,44010,880159
2023-10,CUS-0485,616111,88015,132023,44010,880159
2023-10,CUS-0486,616111,88015,132023,44010,880159
2023-10,CUS-0487,616111,88015,132023,44010,880159
2023-10,CUS-0488,616111,88015,132023,44010,880159
2023-10,CUS-0489,616111,88015,132023,44010,880159
2023-10,CUS-0490,616111,88015,132023,44010,880159
2023-10,CUS-0491,616111,88015,132023,44010,880159
2023-10,CUS-0492,616111,88015,132023,44010,880159
2023-10,CUS-0493,616111,88015,132023,44010,880159
2023-10,CUS-0494,616111,88015,132023,44010,880159
2023-10,CUS-0495,616111,88015,132023,44010,880159
2023-10,CUS-0496,616111,88015,132023,44010,880159
2023-10,CUS-0497,616111,88015,132023,44010,880159
2023-10,CUS-0498,616111,88015,132023,44010,880159
2023-10,CUS-0499,616111,88015,132023,44010,880159
2023-10,CUS-0500,616111,88015,132023,44010,880159
2023-11,CUS-0001,143220000,20460000,30690000,10230000,204600000
2023-11,CUS-0002,626212,89458,134188,44731,894589
2023-11,CUS-0003,626212,89458,134188,44731,894589
2023-11,CUS-0004,626212,89458,134188,44731,894589
2023-11,CUS-0005,626212,89458,134188,44731,894589
2023-11,CUS-0006,626212,89458,134188,44731,894589
2023-11,CUS-0007,626212,89458,134188,44731,894589
2023-11,CUS-0008,626212,89458,134188,44731,894589
2023-11,CUS-0009,626212,89458,134188,44731,894589
2023-11,CUS-0010,626212,89458,134188,44731,894589
2023-11,CUS-0011,626212,89458,134188,44731,894589
2023-11,CUS-0012,626212,89458,134188,44731,894589
2023-11,CUS-0013,626212,89458,134188,44731,894589
2023-11,CUS-0014,626212,89458,134188,44731,894589
2023-11,CUS-0015,626212,89458,134188,44731,894589
2023-11,CUS-0016,626212,89458,134188,44731,894589
2023-11,CUS-0017,626212,89458,134188,44731,894589
2023-11,CUS-0018,626212,89458,134188,44731,894589
2023-11,CUS-0019,626212,89458,134188,44731,894589
2023-11,CUS-0020,626212,89458,134188,44731,894589
2023-11,CUS-0021,626212,89458,134188,44731,894589
2023-11,CUS-0022,626212,89458,134188,44731,894589
2023-11,CUS-0023,626212,89458,134188,44731,894589
2023-11,CUS-0024,626212,89458,134188,44731,894589
2023-11,CUS-0025,626212,89458,134188,44731,894589
2023-11,CUS-0026,626212,89458,134188,44731,894589
2023-11,CUS-0027,626212,89458,134188,44731,894589
2023-11,CUS-0028,626212,89458,134188,44731,894589
2023-11,CUS-0029,626212,89458,134188,44731,894589
2023-11,CUS-0030,626212,89458,134188,44731,894589
2023-11,CUS-0031,626212,89458,134188,44731,894589
2023-11,CUS-0032,626212,89458,134188,44731,894589
2023-11,CUS-0033,626212,89458,134188,44731,894589
2023-11,CUS-0034,626212,89458,134188,44731,894589
2023-11,CUS-0035,626212,89458,134188,44731,894589
2023-11,CUS-0036,626212,89458,134188,44731,894589
2023-11,CUS-0037,626212,89458,134188,44731,894589
2023-11,CUS-0038,626212,89458,134188,44731,894589
2023-11,CUS-0039,626212,89458,134188,44731,894589
2023-11,CUS-0040,626212,89458,134188,44731,894589
2023-11,CUS-0041,626212,89458,134188,44731,894589
2023-11,CUS-0042,626212,89458,134188,44731,894589
2023-11,CUS-0043,626212,89458,134188,44731,894589
2023-11,CUS-0044,626212,89458,134188,44731,894589
2023-11,CUS-0045,626212,89458,134188,44731,894589
2023-11,CUS-0046,626212,89458,134188,44731,894589
2023-11,CUS-0047,626212,89458,134188,44731,894589
2023-11,CUS-0048,626212,89458,134188,44731,894589
2023-11,CUS-0049,626212,89458,134188,44731,894589
2023-11,CUS-0050,626212,89458,134188,44731,894589
2023-11,CUS-0051,626212,89458,134188,44731,894589
2023-11,CUS-0052,626212,89458,134188,44731,894589
2023-11,CUS-0053,626212,89458,134188,44731,894589
2023-11,CUS-0054,626212,89458,134188,44731,894589
2023-11,CUS-0055,626212,89458,134188,44731,894589
2023-11,CUS-0056,626212,89458,134188,44731,894589
2023-11,CUS-0057,626212,89458,134188,44731,894589
2023-11,CUS-0058,626212,89458,134188,44731,894589
2023-11,CUS-0059,626212,89458,134188,44731,894589
2023-11,CUS-0060,626212,89458,134188,44731,894589
2023-11,CUS-0061,626212,89458,134188,44731,894589
2023-11,CUS-0062,626212,89458,134188,44731,894589
2023-11,CUS-0063,626212,89458,134188,44731,894589
2023-11,CUS-0064,626212,89458,134188,44731,894589
2023-11,CUS-0065,626212,89458,134188,44731,894589
2023-11,CUS-0066,626212,89458,134188,44731,894589
2023-11,CUS-0067,626212,89458,134188,44731,894589
2023-11,CUS-0068,626212,89458,134188,44731,894589
2023-11,CUS-0069,626212,89458,134188,44731,894589
2023-11,CUS-0070,626212,89458,134188,44731,894589
2023-11,CUS-0071,626212,89458,134188,44731,894589
2023-11,CUS-0072,626212,89458,134188,44731,894589
2023-11,CUS-0073,626212,89458,134188,44731,894589
2023-11,CUS-0074,626212,89458,134188,44731,894589
2023-11,CUS-0075,626212,89458,134188,44731,894589
2023-11,CUS-0076,626212,89458,134188,44731,894589
2023-11,CUS-0077,626212,89458,134188,44731,894589
2023-11,CUS-0078,626212,89458,134188,44731,894589
2023-11,CUS-0079,626212,89458,134188,44731,894589
2023-11,CUS-0080,626212,89458,134188,44731,894589
2023-11,CUS-0081,626212,89458,134188,44731,894589
2023-11,CUS-0082,626212,89458,134188,44731,894589
2023-11,CUS-0083,626212,89458,134188,44731,894589
2023-11,CUS-0084,626212,89458,134188,44731,894589
2023-11,CUS-0085,626212,89458,134188,44731,894589
2023-11,CUS-0086,626212,89458,134188,44731,894589
2023-11,CUS-0087,626212,89458,134188,44731,894589
2023-11,CUS-0088,626212,89458,134188,44731,894589
2023-11,CUS-0089,626212,89458,134188,44731,894589
2023-11,CUS-0090,626212,89458,134188,44731,894589
2023-11,CUS-0091,626212,89458,134188,44731,894589
2023-11,CUS-0092,626212,89458,134188,44731,894589
2023-11,CUS-0093,626212,89458,134188,44731,894589
2023-11,CUS-0094,626212,89458,134188,44731,894589
2023-11,CUS-0095,626212,89458,134188,44731,894589
2023-11,CUS-0096,626212,89458,134188,44731,894589
2023-11,CUS-0097,626212,89458,134188,44731,894589
2023-11,CUS-0098,626212,89458,134188,44731,894589
2023-11,CUS-0099,626212,89458,134188,44731,894589
2023-11,CUS-0100,626212,89458,134188,44731,894589
2023-11,CUS-0101,626212,89458,134188,44731,894589
2023-11,CUS-0102,626212,89458,134188,44731,894589
2023-11,CUS-0103,626212,89458,134188,44731,894589
2023-11,CUS-0104,626212,89458,134188,44731,894589
2023-11,CUS-0105,626212,89458,134188,44731,894589
2023-11,CUS-0106,626212,89458,134188,44731,894589
2023-11,CUS-0107,626212,89458,134188,44731,894589
2023-11,CUS-0108,626212,89458,134188,44731,894589
2023-11,CUS-0109,626212,89458,134188,44731,894589
2023-11,CUS-0110,626212,89458,134188,44731,894589
2023-11,CUS-0111,626212,89458,134188,44731,894589
2023-11,CUS-0112,626212,89458,134188,44731,894589
2023-11,CUS-0113,626212,89458,134188,44731,894589
2023-11,CUS-0114,626212,89458,134188,44731,894589
2023-11,CUS-0115,626212,89458,134188,44731,894589
2023-11,CUS-0116,626212,89458,134188,44731,894589
2023-11,CUS-0117,626212,89458,134188,44731,894589
2023-11,CUS-0118,626212,89458,134188,44731,894589
2023-11,CUS-0119,626212,89458,134188,44731,894589
2023-11,CUS-0120,626212,89458,134188,44731,894589
2023-11,CUS-0121,626212,89458,134188,44731,894589
2023-11,CUS-0122,626212,89458,134188,44731,894589
2023-11,CUS-0123,626212,89458,134188,44731,894589
2023-11,CUS-0124,626212,89458,134188,44731,894589
2023-11,CUS-0125,626212,89458,134188,44731,894589
2023-11,CUS-0126,626212,89458,134188,44731,894589
2023-11,CUS-0127,626212,89458,134188,44731,894589
2023-11,CUS-0128,626212,89458,134188,44731,894589
2023-11,CUS-0129,626212,89458,134188,44731,894589
2023-11,CUS-0130,626212,89458,134188,44731,894589
2023-11,CUS-0131,626212,89458,134188,44731,894589
2023-11,CUS-0132,626212,89458,134188,44731,894589
2023-11,CUS-0133,626212,89458,134188,44731,894589
2023-11,CUS-0134,626212,89458,134188,44731,894589
2023-11,CUS-0135,626212,89458,134188,44731,894589
2023-11,CUS-0136,626212,89458,134188,44731,894589
2023-11,CUS-0137,626212,89458,134188,44731,894589
2023-11,CUS-0138,626212,89458,134188,44731,894589
2023-11,CUS-0139,626212,89458,134188,44731,894589
2023-11,CUS-0140,626212,89458,134188,44731,894589
2023-11,CUS-0141,626212,89458,134188,44731,894589
2023-11,CUS-0142,626212,89458,134188,44731,894589
2023-11,CUS-0143,626212,89458,134188,44731,894589
2023-11,CUS-0144,626212,89458,134188,44731,894589
2023-11,CUS-0145,626212,89458,134188,44731,894589
2023-11,CUS-0146,626212,89458,134188,44731,894589
2023-11,CUS-0147,626212,89458,134188,44731,894589
2023-11,CUS-0148,626212,89458,134188,44731,894589
2023-11,CUS-0149,626212,89458,134188,44731,894589
2023-11,CUS-0150,626212,89458,134188,44731,894589
2023-11,CUS-0151,626212,89458,134188,44731,894589
2023-11,CUS-0152,626212,89458,134188,44731,894589
2023-11,CUS-0153,626212,89458,134188,44731,894589
2023-11,CUS-0154,626212,89458,134188,44731,894589
2023-11,CUS-0155,626212,89458,134188,44731,894589
2023-11,CUS-0156,626212,89458,134188,44731,894589
2023-11,CUS-0157,626212,89458,134188,44731,894589
2023-11,CUS-0158,626212,89458,134188,44731,894589
2023-11,CUS-0159,626212,89458,134188,44731,894589
2023-11,CUS-0160,626212,89458,134188,44731,894589
2023-11,CUS-0161,626212,89458,134188,44731,894589
2023-11,CUS-0162,626212,89458,134188,44731,894589
2023-11,CUS-0163,626212,89458,134188,44731,894589
2023-11,CUS-0164,626212,89458,134188,44731,894589
2023-11,CUS-0165,626212,89458,134188,44731,894589
2023-11,CUS-0166,626212,89458,134188,44731,894589
2023-11,CUS-0167,626212,89458,134188,44731,894589
2023-11,CUS-0168,626212,89458,134188,44731,894589
2023-11,CUS-0169,626212,89458,134188,44731,894589
2023-11,CUS-0170,626212,89458,134188,44731,894589
2023-11,CUS-0171,626212,89458,134188,44731,894589
2023-11,CUS-0172,626212,89458,134188,44731,894589
2023-11,CUS-0173,626212,89458,134188,44731,894589
2023-11,CUS-0174,626212,89458,134188,44731,894589
2023-11,CUS-0175,626212,89458,134188,44731,894589
2023-11,CUS-0176,626212,89458,134188,44731,894589
2023-11,CUS-0177,626212,89458,134188,44731,894589
2023-11,CUS-0178,626212,89458,134188,44731,894589
2023-11,CUS-0179,626212,89458,134188,44731,894589
2023-11,CUS-0180,626212,89458,134188,44731,894589
2023-11,CUS-0181,626212,89458,134188,44731,894589
2023-11,CUS-0182,626212,89458,134188,44731,894589
2023-11,CUS-0183,626212,89458,134188,44731,894589
2023-11,CUS-0184,626212,89458,134188,44731,894589
2023-11,CUS-0185,626212,89458,134188,44731,894589
2023-11,CUS-0186,626212,89458,134188,44731,894589
2023-11,CUS-0187,626212,89458,134188,44731,894589
2023-11,CUS-0188,626212,89458,134188,44731,894589
2023-11,CUS-0189,626212,89458,134188,44731,894589
2023-11,CUS-0190,626212,89458,134188,44731,894589
2023-11,CUS-0191,626212,89458,134188,44731,894589
2023-11,CUS-0192,626212,89458,134188,44731,894589
2023-11,CUS-0193,626212,89458,134188,44731,894589
2023-11,CUS-0194,626212,89458,134188,44731,894589
2023-11,CUS-0195,626212,89458,134188,44731,894589
2023-11,CUS-0196,626212,89458,134188,44731,894589
2023-11,CUS-0197,626212,89458,134188,44731,894589
2023-11,CUS-0198,626212,89458,134188,44731,894589
2023-11,CUS-0199,626212,89458,134188,44731,894589
2023-11,CUS-0200,626212,89458,134188,44731,894589
2023-11,CUS-0201,626212,89458,134188,44731,894589
2023-11,CUS-0202,626212,89458,134188,44731,894589
2023-11,CUS-0203,626212,89458,134188,44731,894589
2023-11,CUS-0204,626212,89458,134188,44731,894589
2023-11,CUS-0205,626212,89458,134188,44731,894589
2023-11,CUS-0206,626212,89458,134188,44731,894589
2023-11,CUS-0207,626212,89458,134188,44731,894589
2023-11,CUS-0208,626212,89458,134188,44731,894589
2023-11,CUS-0209,626212,89458,134188,44731,894589
2023-11,CUS-0210,626212,89458,134188,44731,894589
2023-11,CUS-0211,626212,89458,134188,44731,894589
2023-11,CUS-0212,626212,89458,134188,44731,894589
2023-11,CUS-0213,626212,89458,134188,44731,894589
2023-11,CUS-0214,626212,89458,134188,44731,894589
2023-11,CUS-0215,626212,89458,134188,44731,894589
2023-11,CUS-0216,626212,89458,134188,44731,894589
2023-11,CUS-0217,626212,89458,134188,44731,894589
2023-11,CUS-0218,626212,89458,134188,44731,894589
2023-11,CUS-0219,626212,89458,134188,44731,894589
2023-11,CUS-0220,626212,89458,134188,44731,894589
2023-11,CUS-0221,626212,89458,134188,44731,894589
2023-11,CUS-0222,626212,89458,134188,44731,894589
2023-11,CUS-0223,626212,89458,134188,44731,894589
2023-11,CUS-0224,626212,89458,134188,44731,894589
2023-11,CUS-0225,626212,89458,134188,44731,894589
2023-11,CUS-0226,626212,89458,134188,44731,894589
2023-11,CUS-0227,626212,89458,134188,44731,894589
2023-11,CUS-0228,626212,89458,134188,44731,894589
2023-11,CUS-0229,626212,89458,134188,44731,894589
2023-11,CUS-0230,626212,89458,134188,44731,894589
2023-11,CUS-0231,626212,89458,134188,44731,894589
2023-11,CUS-0232,626212,89458,134188,44731,894589
2023-11,CUS-0233,626212,89458,134188,44731,894589
2023-11,CUS-0234,626212,89458,134188,44731,894589
2023-11,CUS-0235,626212,89458,134188,44731,894589
2023-11,CUS-0236,626212,89458,134188,44731,894589
2023-11,CUS-0237,626212,89458,134188,44731,894589
2023-11,CUS-0238,626212,89458,134188,44731,894589
2023-11,CUS-0239,626212,89458,134188,44731,894589
2023-11,CUS-0240,626212,89458,134188,44731,894589
2023-11,CUS-0241,626212,89458,134188,44731,894589
2023-11,CUS-0242,626212,89458,134188,44731,894589
2023-11,CUS-0243,626212,89458,134188,44731,894589
2023-11,CUS-0244,626212,89458,134188,44731,894589
2023-11,CUS-0245,626212,89458,134188,44731,894589
2023-11,CUS-0246,626212,89458,134188,44731,894589
2023-11,CUS-0247,626212,89458,134188,44731,894589
2023-11,CUS-0248,626212,89458,134188,44731,894589
2023-11,CUS-0249,626212,89458,134188,44731,894589
2023-11,CUS-0250,626212,89458,134188,44731,894589
2023-11,CUS-0251,626212,89458,134188,44731,894589
2023-11,CUS-0252,626212,89458,134188,44731,894589
2023-11,CUS-0253,626212,89458,134188,44731,894589
2023-11,CUS-0254,626212,89458,134188,44731,894589
2023-11,CUS-0255,626212,89458,134188,44731,894589
2023-11,CUS-0256,626212,89458,134188,44731,894589
2023-11,CUS-0257,626212,89458,134188,44731,894589
2023-11,CUS-0258,626212,89458,134188,44731,894589
2023-11,CUS-0259,626212,89458,134188,44731,894589
2023-11,CUS-0260,626212,89458,134188,44731,894589
2023-11,CUS-0261,626212,89458,134188,44731,894589
2023-11,CUS-0262,626212,89458,134188,44731,894589
2023-11,CUS-0263,626212,89458,134188,44731,894589
2023-11,CUS-0264,626212,89458,134188,44731,894589
2023-11,CUS-0265,626212,89458,134188,44731,894589
2023-11,CUS-0266,626212,89458,134188,44731,894589
2023-11,CUS-0267,626212,89458,134188,44731,894589
2023-11,CUS-0268,626212,89458,134188,44731,894589
2023-11,CUS-0269,626212,89458,134188,44731,894589
2023-11,CUS-0270,626212,89458,134188,44731,894589
2023-11,CUS-0271,626212,89458,134188,44731,894589
2023-11,CUS-0272,626212,89458,134188,44731,894589
2023-11,CUS-0273,626212,89458,134188,44731,894589
2023-11,CUS-0274,626212,89458,134188,44731,894589
2023-11,CUS-0275,626212,89458,134188,44731,894589
2023-11,CUS-0276,626212,89458,134188,44731,894589
2023-11,CUS-0277,626212,89458,134188,44731,894589
2023-11,CUS-0278,626212,89458,134188,44731,894589
2023-11,CUS-0279,626212,89458,134188,44731,894589
2023-11,CUS-0280,626212,89458,134188,44731,894589
2023-11,CUS-0281,626212,89458,134188,44731,894589
2023-11,CUS-0282,626212,89458,134188,44731,894589
2023-11,CUS-0283,626212,89458,134188,44731,894589
2023-11,CUS-0284,626212,89458,134188,44731,894589
2023-11,CUS-0285,626212,89458,134188,44731,894589
2023-11,CUS-0286,626212,89458,134188,44731,894589
2023-11,CUS-0287,626212,89458,134188,44731,894589
2023-11,CUS-0288,626212,89458,134188,44731,894589
2023-11,CUS-0289,626212,89458,134188,44731,894589
2023-11,CUS-0290,626212,89458,134188,44731,894589
2023-11,CUS-0291,626212,89458,134188,44731,894589
2023-11,CUS-0292,626212,89458,134188,44731,894589
2023-11,CUS-0293,626212,89458,134188,44731,894589
2023-11,CUS-0294,626212,89458,134188,44731,894589
2023-11,CUS-0295,626212,89458,134188,44731,894589
2023-11,CUS-0296,626212,89458,134188,44731,894589
2023-11,CUS-0297,626212,89458,134188,44731,894589
2023-11,CUS-0298,626212,89458,134188,44731,894589
2023-11,CUS-0299,626212,89458,134188,44731,894589
2023-11,CUS-0300,626212,89458,134188,44731,894589
2023-11,CUS-0301,626212,89458,134188,44731,894589
2023-11,CUS-0302,626212,89458,134188,44731,894589
2023-11,CUS-0303,626212,89458,134188,44731,894589
2023-11,CUS-0304,626212,89458,134188,44731,894589
2023-11,CUS-0305,626212,89458,134188,44731,894589
2023-11,CUS-0306,626212,89458,134188,44731,894589
2023-11,CUS-0307,626212,89458,134188,44731,894589
2023-11,CUS-0308,626212,89458,134188,44731,894589
2023-11,CUS-0309,626212,89458,134188,44731,894589
2023-11,CUS-0310,626212,89458,134188,44731,894589
2023-11,CUS-0311,626211,89458,134188,44731,894588
2023-11,CUS-0312,626211,89458,134188,44731,894588
2023-11,CUS-0313,626211,89458,134188,44731,894588
2023-11,CUS-0314,626211,89458,134188,44731,894588
2023-11,CUS-0315,626211,89458,134188,44731,894588
2023-11,CUS-0316,626211,89458,134188,44731,894588
2023-11,CUS-0317,626211,89458,134188,44731,894588
2023-11,CUS-0318,626211,89458,134188,44731,894588
2023-11,CUS-0319,626211,89458,134188,44731,894588
2023-11,CUS-0320,626211,89458,134188,44731,894588
2023-11,CUS-0321,626211,89458,134188,44731,894588
2023-11,CUS-0322,626211,89458,134188,44731,894588
2023-11,CUS-0323,626211,89458,134188,44731,894588
2023-11,CUS-0324,626211,89458,134188,44731,894588
2023-11,CUS-0325,626211,89458,134188,44731,894588
2023-11,CUS-0326,626211,89458,134188,44731,894588
2023-11,CUS-0327,626211,89458,134188,44731,894588
2023-11,CUS-0328,626211,89458,134188,44731,894588
2023-11,CUS-0329,626211,89458,134188,44731,894588
2023-11,CUS-0330,626211,89458,134188,44731,894588
2023-11,CUS-0331,626211,89458,134188,44731,894588
2023-11,CUS-0332,626211,89458,134188,44731,894588
2023-11,CUS-0333,626211,89458,134188,44731,894588
2023-11,CUS-0334,626211,89458,134188,44731,894588
2023-11,CUS-0335,626211,89458,134188,44731,894588
2023-11,CUS-0336,626211,89458,134188,44731,894588
2023-11,CUS-0337,626211,89458,134188,44731,894588
2023-11,CUS-0338,626211,89458,134188,44731,894588
2023-11,CUS-0339,626211,89458,134188,44731,894588
2023-11,CUS-0340,626211,89458,134188,44731,894588
2023-11,CUS-0341,626211,89458,134188,44731,894588
2023-11,CUS-0342,626211,89458,134188,44731,894588
2023-11,CUS-0343,626211,89458,134188,44731,894588
2023-11,CUS-0344,626211,89458,134188,44731,894588
2023-11,CUS-0345,626211,89458,134188,44731,894588
2023-11,CUS-0346,626211,89458,134188,44731,894588
2023-11,CUS-0347,626211,89458,134188,44731,894588
2023-11,CUS-0348,626211,89458,134188,44731,894588
2023-11,CUS-0349,626211,89458,134188,44731,894588
2023-11,CUS-0350,626211,89458,134188,44731,894588
2023-11,CUS-0351,626211,89458,134188,44731,894588
2023-11,CUS-0352,626211,89458,134188,44731,894588
2023-11,CUS-0353,626211,89458,134188,44731,894588
2023-11,CUS-0354,626211,89458,134188,44731,894588
2023-11,CUS-0355,626211,89458,134188,44731,894588
2023-11,CUS-0356,626211,89458,134188,44731,894588
2023-11,CUS-0357,626211,89458,134188,44731,894588
2023-11,CUS-0358,626211,89458,134188,44731,894588
2023-11,CUS-0359,626211,89458,134188,44731,894588
2023-11,CUS-0360,626211,89458,134188,44731,894588
2023-11,CUS-0361,626211,89458,134188,44731,894588
2023-11,CUS-0362,626211,89458,134188,44731,894588
2023-11,CUS-0363,626211,89458,134188,44731,894588
2023-11,CUS-0364,626211,89458,134188,44731,894588
2023-11,CUS-0365,626211,89458,134188,44731,894588
2023-11,CUS-0366,626211,89458,134188,44731,894588
2023-11,CUS-0367,626211,89458,134188,44731,894588
2023-11,CUS-0368,626211,89458,134188,44731,894588
2023-11,CUS-0369,626211,89458,134188,44731,894588
2023-11,CUS-0370,626211,89458,134188,44731,894588
2023-11,CUS-0371,626211,89458,134188,44731,894588
2023-11,CUS-0372,626211,89458,134188,44731,894588
2023-11,CUS-0373,626211,89458,134188,44731,894588
2023-11,CUS-0374,626211,89458,134188,44731,894588
2023-11,CUS-0375,626211,89458,134188,44731,894588
2023-11,CUS-0376,626211,89458,134188,44731,894588
2023-11,CUS-0377,626211,89458,134188,44731,894588
2023-11,CUS-0378,626211,89458,134188,44731,894588
2023-11,CUS-0379,626211,89458,134188,44731,894588
2023-11,CUS-0380,626211,89458,134188,44731,894588
2023-11,CUS-0381,626211,89458,134188,44731,894588
2023-11,CUS-0382,626211,89458,134188,44731,894588
2023-11,CUS-0383,626211,89458,134188,44731,894588
2023-11,CUS-0384,626211,89458,134188,44731,894588
2023-11,CUS-0385,626211,89458,134188,44731,894588
2023-11,CUS-0386,626211,89458,134188,44731,894588
2023-11,CUS-0387,626211,89458,134188,44731,894588
2023-11,CUS-0388,626211,89458,134188,44731,894588
2023-11,CUS-0389,626211,89458,134188,44731,894588
2023-11,CUS-0390,626211,89458,134188,44731,894588
2023-11,CUS-0391,626211,89458,134188,44731,894588
2023-11,CUS-0392,626211,89458,134188,44731,894588
2023-11,CUS-0393,626211,89458,134188,44731,894588
2023-11,CUS-0394,626211,89458,134188,44731,894588
2023-11,CUS-0395,626211,89458,134188,44731,894588
2023-11,CUS-0396,626211,89458,134188,44731,894588
2023-11,CUS-0397,626211,89458,134188,44731,894588
2023-11,CUS-0398,626211,89458,134188,44731,894588
2023-11,CUS-0399,626211,89458,134188,44731,894588
2023-11,CUS-0400,626211,89458,134188,44731,894588
2023-11,CUS-0401,626211,89458,134188,44731,894588
2023-11,CUS-0402,626211,89458,134188,44731,894588
2023-11,CUS-0403,626211,89458,134188,44731,894588
2023-11,CUS-0404,626211,89458,134188,44731,894588
2023-11,CUS-0405,626211,89458,134188,44731,894588
2023-11,CUS-0406,626211,89458,134188,44731,894588
2023-11,CUS-0407,626211,89458,134188,44731,894588
2023-11,CUS-0408,626211,89458,134188,44731,894588
2023-11,CUS-0409,626211,89458,134188,44731,894588
2023-11,CUS-0410,626211,89458,134188,44731,894588
2023-11,CUS-0411,626211,89458,134188,44731,894588
2023-11,CUS-0412,626211,89458,134188,44731,894588
2023-11,CUS-0413,626211,89458,134188,44731,894588
2023-11,CUS-0414,626211,89458,134188,44731,894588
2023-11,CUS-0415,626211,89458,134188,44731,894588
2023-11,CUS-0416,626211,89458,134188,44731,894588
2023-11,CUS-0417,626211,89458,134188,44731,894588
2023-11,CUS-0418,626211,89458,134188,44731,894588
2023-11,CUS-0419,626211,89458,134188,44731,894588
2023-11,CUS-0420,626211,89458,134188,44731,894588
2023-11,CUS-0421,626211,89458,134188,44731,894588
2023-11,CUS-0422,626211,89458,134188,44731,894588
2023-11,CUS-0423,626211,89458,134188,44731,894588
2023-11,CUS-0424,626211,89458,134188,44731,894588
2023-11,CUS-0425,626211,89458,134188,44731,894588
2023-11,CUS-0426,626211,89458,134188,44731,894588
2023-11,CUS-0427,626211,89458,134188,44731,894588
2023-11,CUS-0428,626211,89458,134188,44731,894588
2023-11,CUS-0429,626211,89458,134188,44731,894588
2023-11,CUS-0430,626211,89458,134188,44731,894588
2023-11,CUS-0431,626211,89458,134188,44731,894588
2023-11,CUS-0432,626211,89458,134188,44731,894588
2023-11,CUS-0433,626211,89458,134188,44731,894588
2023-11,CUS-0434,626211,89458,134188,44731,894588
2023-11,CUS-0435,626211,89458,134188,44731,894588
2023-11,CUS-0436,626211,89458,134188,44731,894588
2023-11,CUS-0437,626211,89458,134188,44731,894588
2023-11,CUS-0438,626211,89458,134188,44731,894588
2023-11,CUS-0439,626211,89458,134188,44731,894588
2023-11,CUS-0440,626211,89458,134188,44731,894588
2023-11,CUS-0441,626211,89458,134188,44731,894588
2023-11,CUS-0442,626211,89458,134188,44731,894588
2023-11,CUS-0443,626211,89458,134188,44731,894588
2023-11,CUS-0444,626211,89458,134188,44731,894588
2023-11,CUS-0445,626211,89458,134188,44731,894588
2023-11,CUS-0446,626211,89458,134188,44731,894588
2023-11,CUS-0447,626211,89458,134188,44731,894588
2023-11,CUS-0448,626211,89458,134188,44731,894588
2023-11,CUS-0449,626211,89458,134188,44731,894588
2023-11,CUS-0450,626211,89458,134188,44731,894588
2023-11,CUS-0451,626211,89458,134188,44731,894588
2023-11,CUS-0452,626211,89458,134188,44731,894588
2023-11,CUS-0453,626211,89458,134188,44731,894588
2023-11,CUS-0454,626211,89458,134188,44731,894588
2023-11,CUS-0455,626211,89458,134188,44731,894588
2023-11,CUS-0456,626211,89458,134188,44731,894588
2023-11,CUS-0457,626211,89458,134188,44731,894588
2023-11,CUS-0458,626211,89458,134188,44731,894588
2023-11,CUS-0459,626211,89458,134188,44731,894588
2023-11,CUS-0460,626211,89458,134188,44731,894588
2023-11,CUS-0461,626211,89458,134188,44731,894588
2023-11,CUS-0462,626211,89458,134188,44731,894588
2023-11,CUS-0463,626211,89458,134188,44731,894588
2023-11,CUS-0464,626211,89458,134188,44731,894588
2023-11,CUS-0465,626211,89458,134188,44731,894588
2023-11,CUS-0466,626211,89458,134188,44731,894588
2023-11,CUS-0467,626211,89458,134188,44731,894588
2023-11,CUS-0468,626211,89458,134188,44731,894588
2023-11,CUS-0469,626211,89458,134188,44731,894588
2023-11,CUS-0470,626211,89458,134188,44731,894588
2023-11,CUS-0471,626211,89458,134188,44731,894588
2023-11,CUS-0472,626211,89458,134188,44731,894588
2023-11,CUS-0473,626211,89458,134188,44731,894588
2023-11,CUS-0474,626211,89458,134188,44731,894588
2023-11,CUS-0475,626211,89458,134188,44731,894588
2023-11,CUS-0476,626211,89458,134188,44731,894588
2023-11,CUS-0477,626211,89458,134188,44731,894588
2023-11,CUS-0478,626211,89458,134188,44731,894588
2023-11,CUS-0479,626211,89458,134188,44731,894588
2023-11,CUS-0480,626211,89458,134188,44731,894588
2023-11,CUS-0481,626211,89458,134188,44731,894588
2023-11,CUS-0482,626211,89458,134188,44731,894588
2023-11,CUS-0483,626211,89458,134188,44731,894588
2023-11,CUS-0484,626211,89458,134188,44731,894588
2023-11,CUS-0485,626211,89458,134188,44731,894588
2023-11,CUS-0486,626211,89458,134188,44731,894588
2023-11,CUS-0487,626211,89458,134188,44731,894588
2023-11,CUS-0488,626211,89458,134188,44731,894588
2023-11,CUS-0489,626211,89458,134188,44731,894588
2023-11,CUS-0490,626211,89458,134188,44731,894588
2023-11,CUS-0491,626211,89458,134188,44731,894588
2023-11,CUS-0492,626211,89458,134188,44731,894588
2023-11,CUS-0493,626211,89458,134188,44731,894588
2023-11,CUS-0494,626211,89458,134188,44731,894588
2023-11,CUS-0495,626211,89458,134188,44731,894588
2023-11,CUS-0496,626211,89458,134188,44731,894588
2023-11,CUS-0497,626211,89458,134188,44731,894588
2023-11,CUS-0498,626211,89458,134188,44731,894588
2023-11,CUS-0499,626211,89458,134188,44731,894588
2023-11,CUS-0500,626211,89458,134188,44731,894588
2023-12,CUS-0001,145530000,20790000,31185000,10395000,207900000
2023-12,CUS-0002,636312,90901,136352,45453,909018
2023-12,CUS-0003,636312,90901,136352,45453,909018
2023-12,CUS-0004,636312,90901,136352,45453,909018
2023-12,CUS-0005,636312,90901,136352,45453,909018
2023-12,CUS-0006,636312,90901,136352,45453,909018
2023-12,CUS-0007,636312,90901,136352,45453,909018
2023-12,CUS-0008,636312,90901,136352,45453,909018
2023-12,CUS-0009,636312,90901,136352,45453,909018
2023-12,CUS-0010,636312,90901,136352,45453,909018
2023-12,CUS-0011,636312,90901,136352,45453,909018
2023-12,CUS-0012,636312,90901,136352,45453,909018
2023-12,CUS-0013,636312,90901,136352,45453,909018
2023-12,CUS-0014,636312,90901,136352,45453,909018
2023-12,CUS-0015,636312,90901,136352,45453,909018
2023-12,CUS-0016,636312,90901,136352,45453,909018
2023-12,CUS-0017,636312,90901,136352,45453,909018
2023-12,CUS-0018,636312,90901,136352,45453,909018
2023-12,CUS-0019,636312,90901,136352,45453,909018
2023-12,CUS-0020,636312,90901,136352,45453,909018
2023-12,CUS-0021,636312,90901,136352,45453,909018
2023-12,CUS-0022,636312,90901,136352,45453,909018
2023-12,CUS-0023,636312,90901,136352,45453,909018
2023-12,CUS-0024,636312,90901,136352,45453,909018
2023-12,CUS-0025,636312,90901,136352,45453,909018
2023-12,CUS-0026,636312,90901,136352,45453,909018
2023-12,CUS-0027,636312,90901,136352,45453,909018
2023-12,CUS-0028,636312,90901,136352,45453,909018
2023-12,CUS-0029,636312,90901,136352,45453,909018
2023-12,CUS-0030,636312,90901,136352,45453,909018
2023-12,CUS-0031,636312,90901,136352,45453,909018
2023-12,CUS-0032,636312,90901,136352,45453,909018
2023-12,CUS-0033,636312,90901,136352,45453,909018
2023-12,CUS-0034,636312,90901,136352,45453,909018
2023-12,CUS-0035,636312,90901,136352,45453,909018
2023-12,CUS-0036,636312,90901,136352,45453,909018
2023-12,CUS-0037,636312,90901,136352,45453,909018
2023-12,CUS-0038,636312,90901,136352,45453,909018
2023-12,CUS-0039,636312,90901,136352,45453,909018
2023-12,CUS-0040,636312,90901,136352,45453,909018
2023-12,CUS-0041,636312,90901,136352,45453,909018
2023-12,CUS-0042,636312,90901,136352,45453,909018
2023-12,CUS-0043,636312,90901,136352,45453,909018
2023-12,CUS-0044,636312,90901,136352,45453,909018
2023-12,CUS-0045,636312,90901,136352,45453,909018
2023-12,CUS-0046,636312,90901,136352,45453,909018
2023-12,CUS-0047,636312,90901,136352,45453,909018
2023-12,CUS-0048,636312,90901,136352,45453,909018
2023-12,CUS-0049,636312,90901,136352,45453,909018
2023-12,CUS-0050,636312,90901,136352,45453,909018
2023-12,CUS-0051,636312,90901,136352,45453,909018
2023-12,CUS-0052,636312,90901,136352,45453,909018
2023-12,CUS-0053,636312,90901,136352,45453,909018
2023-12,CUS-0054,636312,90901,136352,45453,909018
2023-12,CUS-0055,636312,90901,136352,45453,909018
2023-12,CUS-0056,636312,90901,136352,45453,909018
2023-12,CUS-0057,636312,90901,136352,45453,909018
2023-12,CUS-0058,636312,90901,136352,45453,909018
2023-12,CUS-0059,636312,90901,136352,45453,909018
2023-12,CUS-0060,636312,90901,136352,45453,909018
2023-12,CUS-0061,636312,90901,136352,45453,909018
2023-12,CUS-0062,636312,90901,136352,45453,909018
2023-12,CUS-0063,636312,90901,136352,45453,909018
2023-12,CUS-0064,636312,90901,136352,45453,909018
2023-12,CUS-0065,636312,90901,136352,45453,909018
2023-12,CUS-0066,636312,90901,136352,45453,909018
2023-12,CUS-0067,636312,90901,136352,45453,909018
2023-12,CUS-0068,636312,90901,136352,45453,909018
2023-12,CUS-0069,636312,90901,136352,45453,909018
2023-12,CUS-0070,636312,90901,136352,45453,909018
2023-12,CUS-0071,636312,90901,136352,45453,909018
2023-12,CUS-0072,636312,90901,136352,45453,909018
2023-12,CUS-0073,636312,90901,136352,45453,909018
2023-12,CUS-0074,636312,90901,136352,45453,909018
2023-12,CUS-0075,636312,90901,136352,45453,909018
2023-12,CUS-0076,636312,90901,136352,45453,909018
2023-12,CUS-0077,636312,90901,136352,45453,909018
2023-12,CUS-0078,636312,90901,136352,45453,909018
2023-12,CUS-0079,636312,90901,136352,45453,909018
2023-12,CUS-0080,636312,90901,136352,45453,909018
2023-12,CUS-0081,636312,90901,136352,45453,909018
2023-12,CUS-0082,636312,90901,136352,45453,909018
2023-12,CUS-0083,636312,90901,136352,45453,909018
2023-12,CUS-0084,636312,90901,136352,45453,909018
2023-12,CUS-0085,636312,90901,136352,45453,909018
2023-12,CUS-0086,636312,90901,136352,45453,909018
2023-12,CUS-0087,636312,90901,136352,45453,909018
2023-12,CUS-0088,636312,90901,136352,45453,909018
2023-12,CUS-0089,636312,90901,136352,45453,909018
2023-12,CUS-0090,636312,90901,136352,45453,909018
2023-12,CUS-0091,636312,90901,136352,45453,909018
2023-12,CUS-0092,636312,90901,136352,45453,909018
2023-12,CUS-0093,636312,90901,136352,45453,909018
2023-12,CUS-0094,636312,90901,136352,45453,909018
2023-12,CUS-0095,636312,90901,136352,45453,909018
2023-12,CUS-0096,636312,90901,136352,45453,909018
2023-12,CUS-0097,636312,90901,136352,45453,909018
2023-12,CUS-0098,636312,90901,136352,45453,909018
2023-12,CUS-0099,636312,90901,136352,45453,909018
2023-12,CUS-0100,636312,90901,136352,45453,909018
2023-12,CUS-0101,636312,90901,136352,45453,909018
2023-12,CUS-0102,636312,90901,136352,45453,909018
2023-12,CUS-0103,636312,90901,136352,45453,909018
2023-12,CUS-0104,636312,90901,136352,45453,909018
2023-12,CUS-0105,636312,90901,136352,45453,909018
2023-12,CUS-0106,636312,90901,136352,45453,909018
2023-12,CUS-0107,636312,90901,136352,45453,909018
2023-12,CUS-0108,636312,90901,136352,45453,909018
2023-12,CUS-0109,636312,90901,136352,45453,909018
2023-12,CUS-0110,636312,90901,136352,45453,909018
2023-12,CUS-0111,636312,90901,136352,45453,909018
2023-12,CUS-0112,636312,90901,136352,45453,909018
2023-12,CUS-0113,636312,90901,136352,45453,909018
2023-12,CUS-0114,636312,90901,136352,45453,909018
2023-12,CUS-0115,636312,90901,136352,45453,909018
2023-12,CUS-0116,636312,90901,136352,45453,909018
2023-12,CUS-0117,636312,90901,136352,45453,909018
2023-12,CUS-0118,636312,90901,136352,45453,909018
2023-12,CUS-0119,636312,90901,136352,45453,909018
2023-12,CUS-0120,636312,90901,136352,45453,909018
2023-12,CUS-0121,636312,90901,136352,45453,909018
2023-12,CUS-0122,636312,90901,136352,45453,909018
2023-12,CUS-0123,636312,90901,136352,45453,909018
2023-12,CUS-0124,636312,90901,136352,45453,909018
2023-12,CUS-0125,636312,90901,136352,45453,909018
2023-12,CUS-0126,636312,90901,136352,45453,909018
2023-12,CUS-0127,636312,90901,136352,45453,909018
2023-12,CUS-0128,636312,90901,136352,45453,909018
2023-12,CUS-0129,636312,90901,136352,45453,909018
2023-12,CUS-0130,636312,90901,136352,45453,909018
2023-12,CUS-0131,636312,90901,136352,45453,909018
2023-12,CUS-0132,636312,90901,136352,45453,909018
2023-12,CUS-0133,636312,90901,136352,45453,909018
2023-12,CUS-0134,636312,90901,136352,45453,909018
2023-12,CUS-0135,636312,90901,136352,45453,909018
2023-12,CUS-0136,636312,90901,136352,45453,909018
2023-12,CUS-0137,636312,90901,136352,45453,909018
2023-12,CUS-0138,636312,90901,136352,45453,909018
2023-12,CUS-0139,636312,90901,136352,45453,909018
2023-12,CUS-0140,636312,90901,136352,45453,909018
2023-12,CUS-0141,636312,90901,136352,45453,909018
2023-12,CUS-0142,636312,90901,136352,45453,909018
2023-12,CUS-0143,636312,90901,136352,45453,909018
2023-12,CUS-0144,636312,90901,136352,45453,909018
2023-12,CUS-0145,636312,90901,136352,45453,909018
2023-12,CUS-0146,636312,90901,136352,45453,909018
2023-12,CUS-0147,636312,90901,136352,45453,909018
2023-12,CUS-0148,636312,90901,136352,45453,909018
2023-12,CUS-0149,636312,90901,136352,45453,909018
2023-12,CUS-0150,636312,90901,136352,45453,909018
2023-12,CUS-0151,636312,90901,136352,45453,909018
2023-12,CUS-0152,636312,90901,136352,45453,909018
2023-12,CUS-0153,636312,90901,136352,45453,909018
2023-12,CUS-0154,636312,90901,136352,45453,909018
2023-12,CUS-0155,636312,90901,136352,45453,909018
2023-12,CUS-0156,636312,90901,136352,45453,909018
2023-12,CUS-0157,636312,90901,136352,45453,909018
2023-12,CUS-0158,636312,90901,136352,45453,909018
2023-12,CUS-0159,636312,90901,136352,45453,909018
2023-12,CUS-0160,636312,90901,136352,45453,909018
2023-12,CUS-0161,636312,90901,136352,45453,909018
2023-12,CUS-0162,636312,90901,136352,45453,909018
2023-12,CUS-0163,636312,90901,136352,45453,909018
2023-12,CUS-0164,636312,90901,136352,45453,909018
2023-12,CUS-0165,636312,90901,136352,45453,909018
2023-12,CUS-0166,636312,90901,136352,45453,909018
2023-12,CUS-0167,636312,90901,136352,45453,909018
2023-12,CUS-0168,636312,90901,136352,45453,909018
2023-12,CUS-0169,636312,90901,136352,45453,909018
2023-12,CUS-0170,636312,90901,136352,45453,909018
2023-12,CUS-0171,636312,90901,136352,45453,909018
2023-12,CUS-0172,636312,90901,136352,45453,909018
2023-12,CUS-0173,636312,90901,136352,45453,909018
2023-12,CUS-0174,636312,90901,136352,45453,909018
2023-12,CUS-0175,636312,90901,136352,45453,909018
2023-12,CUS-0176,636312,90901,136352,45453,909018
2023-12,CUS-0177,636312,90901,136352,45453,909018
2023-12,CUS-0178,636312,90901,136352,45453,909018
2023-12,CUS-0179,636312,90901,136352,45453,909018
2023-12,CUS-0180,636312,90901,136352,45453,909018
2023-12,CUS-0181,636312,90901,136352,45453,909018
2023-12,CUS-0182,636312,90901,136352,45453,909018
2023-12,CUS-0183,636312,90901,136352,45453,909018
2023-12,CUS-0184,636312,90901,136352,45453,909018
2023-12,CUS-0185,636312,90901,136352,45453,909018
2023-12,CUS-0186,636312,90901,136352,45453,909018
2023-12,CUS-0187,636312,90901,136352,45453,909018
2023-12,CUS-0188,636312,90901,136352,45453,909018
2023-12,CUS-0189,636312,90901,136352,45453,909018
2023-12,CUS-0190,636312,90901,136352,45453,909018
2023-12,CUS-0191,636312,90901,136352,45453,909018
2023-12,CUS-0192,636312,90901,136352,45453,909018
2023-12,CUS-0193,636312,90901,136352,45453,909018
2023-12,CUS-0194,636312,90901,136352,45453,909018
2023-12,CUS-0195,636312,90901,136352,45453,909018
2023-12,CUS-0196,636312,90901,136352,45453,909018
2023-12,CUS-0197,636312,90901,136352,45453,909018
2023-12,CUS-0198,636312,90901,136352,45453,909018
2023-12,CUS-0199,636312,90901,136352,45453,909018
2023-12,CUS-0200,636312,90901,136352,45453,909018
2023-12,CUS-0201,636312,90901,136352,45453,909018
2023-12,CUS-0202,636312,90901,136352,45453,909018
2023-12,CUS-0203,636312,90901,136352,45453,909018
2023-12,CUS-0204,636312,90901,136352,45453,909018
2023-12,CUS-0205,636312,90901,136352,45453,909018
2023-12,CUS-0206,636312,90901,136352,45453,909018
2023-12,CUS-0207,636312,90901,136352,45453,909018
2023-12,CUS-0208,636312,90901,136352,45453,909018
2023-12,CUS-0209,636312,90901,136352,45453,909018
2023-12,CUS-0210,636312,90901,136352,45453,909018
2023-12,CUS-0211,636312,90901,136352,45453,909018
2023-12,CUS-0212,636312,90901,136352,45453,909018
2023-12,CUS-0213,636312,90901,136352,45453,909018
2023-12,CUS-0214,636312,90901,136352,45453,909018
2023-12,CUS-0215,636312,90901,136352,45453,909018
2023-12,CUS-0216,636312,90901,136352,45453,909018
2023-12,CUS-0217,636312,90901,136352,45453,909018
2023-12,CUS-0218,636312,90901,136352,45453,909018
2023-12,CUS-0219,636312,90901,136352,45453,909018
2023-12,CUS-0220,636312,90901,136352,45453,909018
2023-12,CUS-0221,636312,90901,136352,45453,909018
2023-12,CUS-0222,636312,90901,136352,45453,909018
2023-12,CUS-0223,636312,90901,136352,45453,909018
2023-12,CUS-0224,636312,90901,136352,45453,909018
2023-12,CUS-0225,636312,90901,136352,45453,909018
2023-12,CUS-0226,636312,90901,136352,45453,909018
2023-12,CUS-0227,636312,90901,136352,45453,909018
2023-12,CUS-0228,636312,90901,136352,45453,909018
2023-12,CUS-0229,636312,90901,136352,45453,909018
2023-12,CUS-0230,636312,90901,136352,45453,909018
2023-12,CUS-0231,636312,90901,136352,45453,909018
2023-12,CUS-0232,636312,90901,136352,45453,909018
2023-12,CUS-0233,636312,90901,136352,45453,909018
2023-12,CUS-0234,636312,90901,136352,45453,909018
2023-12,CUS-0235,636312,90901,136352,45453,909018
2023-12,CUS-0236,636312,90901,136352,45453,909018
2023-12,CUS-0237,636312,90901,136352,45453,909018
2023-12,CUS-0238,636312,90901,136352,45453,909018
2023-12,CUS-0239,636312,90901,136352,45453,909018
2023-12,CUS-0240,636312,90901,136352,45453,909018
2023-12,CUS-0241,636312,90901,136352,45453,909018
2023-12,CUS-0242,636312,90901,136352,45453,909018
2023-12,CUS-0243,636312,90901,136352,45453,909018
2023-12,CUS-0244,636312,90901,136352,45453,909018
2023-12,CUS-0245,636312,90901,136352,45453,909018
2023-12,CUS-0246,636312,90901,136352,45453,909018
2023-12,CUS-0247,636312,90901,136352,45453,909018
2023-12,CUS-0248,636312,90901,136352,45453,909018
2023-12,CUS-0249,636312,90901,136352,45453,909018
2023-12,CUS-0250,636312,90901,136352,45453,909018
2023-12,CUS-0251,636312,90901,136352,45453,909018
2023-12,CUS-0252,636312,90901,136352,45453,909018
2023-12,CUS-0253,636312,90901,136352,45453,909018
2023-12,CUS-0254,636312,90901,136352,45453,909018
2023-12,CUS-0255,636312,90901,136352,45453,909018
2023-12,CUS-0256,636312,90901,136352,45453,909018
2023-12,CUS-0257,636312,90901,136352,45453,909018
2023-12,CUS-0258,636312,90901,136352,45453,909018
2023-12,CUS-0259,636312,90901,136352,45453,909018
2023-12,CUS-0260,636312,90901,136352,45453,909018
2023-12,CUS-0261,636312,90901,136352,45453,909018
2023-12,CUS-0262,636312,90901,136352,45453,909018
2023-12,CUS-0263,636312,90901,136352,45453,909018
2023-12,CUS-0264,636312,90901,136352,45453,909018
2023-12,CUS-0265,636312,90901,136352,45453,909018
2023-12,CUS-0266,636312,90901,136352,45453,909018
2023-12,CUS-0267,636312,90901,136352,45453,909018
2023-12,CUS-0268,636312,90901,136352,45453,909018
2023-12,CUS-0269,636312,90901,136352,45453,909018
2023-12,CUS-0270,636312,90901,136352,45453,909018
2023-12,CUS-0271,636312,90901,136352,45453,909018
2023-12,CUS-0272,636312,90901,136352,45453,909018
2023-12,CUS-0273,636312,90901,136352,45453,909018
2023-12,CUS-0274,636312,90901,136352,45453,909018
2023-12,CUS-0275,636312,90901,136352,45453,909018
2023-12,CUS-0276,636312,90901,136352,45453,909018
2023-12,CUS-0277,636312,90901,136352,45453,909018
2023-12,CUS-0278,636312,90901,136352,45453,909018
2023-12,CUS-0279,636312,90901,136352,45453,909018
2023-12,CUS-0280,636312,90901,136352,45453,909018
2023-12,CUS-0281,636312,90901,136352,45453,909018
2023-12,CUS-0282,636312,90901,136352,45453,909018
2023-12,CUS-0283,636312,90901,136352,45453,909018
2023-12,CUS-0284,636312,90901,136352,45453,909018
2023-12,CUS-0285,636312,90901,136352,45453,909018
2023-12,CUS-0286,636312,90901,136352,45453,909018
2023-12,CUS-0287,636312,90901,136352,45453,909018
2023-12,CUS-0288,636312,90901,136352,45453,909018
2023-12,CUS-0289,636312,90901,136352,45453,909018
2023-12,CUS-0290,636312,90901,136352,45453,909018
2023-12,CUS-0291,636312,90901,136352,45453,909018
2023-12,CUS-0292,636312,90901,136352,45453,909018
2023-12,CUS-0293,636312,90901,136352,45453,909018
2023-12,CUS-0294,636312,90901,136352,45453,909018
2023-12,CUS-0295,636312,90901,136352,45453,909018
2023-12,CUS-0296,636312,90901,136352,45453,909018
2023-12,CUS-0297,636312,90901,136352,45453,909018
2023-12,CUS-0298,636312,90901,136352,45453,909018
2023-12,CUS-0299,636312,90901,136352,45453,909018
2023-12,CUS-0300,636312,90901,136352,45453,909018
2023-12,CUS-0301,636312,90901,136352,45453,909018
2023-12,CUS-0302,636312,90901,136352,45453,909018
2023-12,CUS-0303,636312,90901,136352,45453,909018
2023-12,CUS-0304,636312,90901,136352,45453,909018
2023-12,CUS-0305,636312,90901,136352,45453,909018
2023-12,CUS-0306,636312,90901,136352,45453,909018
2023-12,CUS-0307,636312,90901,136352,45453,909018
2023-12,CUS-0308,636312,90901,136352,45453,909018
2023-12,CUS-0309,636312,90901,136352,45453,909018
2023-12,CUS-0310,636312,90901,136352,45453,909018
2023-12,CUS-0311,636311,90901,136352,45453,909017
2023-12,CUS-0312,636311,90901,136352,45453,909017
2023-12,CUS-0313,636311,90901,136352,45453,909017
2023-12,CUS-0314,636311,90901,136352,45453,909017
2023-12,CUS-0315,636311,90901,136352,45453,909017
2023-12,CUS-0316,636311,90901,136352,45453,909017
2023-12,CUS-0317,636311,90901,136352,45453,909017
2023-12,CUS-0318,636311,90901,136352,45453,909017
2023-12,CUS-0319,636311,90901,136352,45453,909017
2023-12,CUS-0320,636311,90901,136352,45453,909017
2023-12,CUS-0321,636311,90901,136352,45453,909017
2023-12,CUS-0322,636311,90901,136352,45453,909017
2023-12,CUS-0323,636311,90901,136352,45453,909017
2023-12,CUS-0324,636311,90901,136352,45453,909017
2023-12,CUS-0325,636311,90901,136352,45453,909017
2023-12,CUS-0326,636311,90901,136352,45453,909017
2023-12,CUS-0327,636311,90901,136352,45453,909017
2023-12,CUS-0328,636311,90901,136352,45453,909017
2023-12,CUS-0329,636311,90901,136352,45453,909017
2023-12,CUS-0330,636311,90901,136352,45453,909017
2023-12,CUS-0331,636311,90901,136352,45453,909017
2023-12,CUS-0332,636311,90901,136352,45453,909017
2023-12,CUS-0333,636311,90901,136352,45453,909017
2023-12,CUS-0334,636311,90901,136352,45453,909017
2023-12,CUS-0335,636311,90901,136352,45453,909017
2023-12,CUS-0336,636311,90901,136352,45453,909017
2023-12,CUS-0337,636311,90901,136352,45453,909017
2023-12,CUS-0338,636311,90901,136352,45453,909017
2023-12,CUS-0339,636311,90901,136352,45453,909017
2023-12,CUS-0340,636311,90901,136352,45453,909017
2023-12,CUS-0341,636311,90901,136352,45453,909017
2023-12,CUS-0342,636311,90901,136352,45453,909017
2023-12,CUS-0343,636311,90901,136352,45453,909017
2023-12,CUS-0344,636311,90901,136352,45453,909017
2023-12,CUS-0345,636311,90901,136352,45453,909017
2023-12,CUS-0346,636311,90901,136352,45453,909017
2023-12,CUS-0347,636311,90901,136352,45453,909017
2023-12,CUS-0348,636311,90901,136352,45453,909017
2023-12,CUS-0349,636311,90901,136352,45453,909017
2023-12,CUS-0350,636311,90901,136352,45453,909017
2023-12,CUS-0351,636311,90901,136352,45453,909017
2023-12,CUS-0352,636311,90901,136352,45453,909017
2023-12,CUS-0353,636311,90901,136352,45453,909017
2023-12,CUS-0354,636311,90901,136352,45453,909017
2023-12,CUS-0355,636311,90901,136352,45453,909017
2023-12,CUS-0356,636311,90901,136352,45453,909017
2023-12,CUS-0357,636311,90901,136352,45453,909017
2023-12,CUS-0358,636311,90901,136352,45453,909017
2023-12,CUS-0359,636311,90901,136352,45453,909017
2023-12,CUS-0360,636311,90901,136352,45453,909017
2023-12,CUS-0361,636311,90901,136352,45453,909017
2023-12,CUS-0362,636311,90901,136352,45453,909017
2023-12,CUS-0363,636311,90901,136352,45453,909017
2023-12,CUS-0364,636311,90901,136352,45453,909017
2023-12,CUS-0365,636311,90901,136352,45453,909017
2023-12,CUS-0366,636311,90901,136352,45453,909017
2023-12,CUS-0367,636311,90901,136352,45453,909017
2023-12,CUS-0368,636311,90901,136352,45453,909017
2023-12,CUS-0369,636311,90901,136352,45453,909017
2023-12,CUS-0370,636311,90901,136352,45453,909017
2023-12,CUS-0371,636311,90901,136352,45453,909017
2023-12,CUS-0372,636311,90901,136352,45453,909017
2023-12,CUS-0373,636311,90901,136352,45453,909017
2023-12,CUS-0374,636311,90901,136352,45453,909017
2023-12,CUS-0375,636311,90901,136352,45453,909017
2023-12,CUS-0376,636311,90901,136352,45453,909017
2023-12,CUS-0377,636311,90901,136352,45453,909017
2023-12,CUS-0378,636311,90901,136352,45453,909017
2023-12,CUS-0379,636311,90901,136352,45453,909017
2023-12,CUS-0380,636311,90901,136352,45453,909017
2023-12,CUS-0381,636311,90901,136352,45453,909017
2023-12,CUS-0382,636311,90901,136352,45453,909017
2023-12,CUS-0383,636311,90901,136352,45453,909017
2023-12,CUS-0384,636311,90901,136352,45453,909017
2023-12,CUS-0385,636311,90901,136352,45453,909017
2023-12,CUS-0386,636311,90901,136352,45453,909017
2023-12,CUS-0387,636311,90901,136352,45453,909017
2023-12,CUS-0388,636311,90901,136352,45453,909017
2023-12,CUS-0389,636311,90901,136352,45453,909017
2023-12,CUS-0390,636311,90901,136352,45453,909017
2023-12,CUS-0391,636311,90901,136352,45453,909017
2023-12,CUS-0392,636311,90901,136352,45453,909017
2023-12,CUS-0393,636311,90901,136352,45453,909017
2023-12,CUS-0394,636311,90901,136352,45453,909017
2023-12,CUS-0395,636311,90901,136352,45453,909017
2023-12,CUS-0396,636311,90901,136352,45453,909017
2023-12,CUS-0397,636311,90901,136352,45453,909017
2023-12,CUS-0398,636311,90901,136352,45453,909017
2023-12,CUS-0399,636311,90901,136352,45453,909017
2023-12,CUS-0400,636311,90901,136352,45453,909017
2023-12,CUS-0401,636311,90901,136352,45453,909017
2023-12,CUS-0402,636311,90901,136352,45453,909017
2023-12,CUS-0403,636311,90901,136352,45453,909017
2023-12,CUS-0404,636311,90901,136352,45453,909017
2023-12,CUS-0405,636311,90901,136352,45453,909017
2023-12,CUS-0406,636311,90901,136352,45453,909017
2023-12,CUS-0407,636311,90901,136352,45453,909017
2023-12,CUS-0408,636311,90901,136352,45453,909017
2023-12,CUS-0409,636311,90901,136352,45453,909017
2023-12,CUS-0410,636311,90901,136352,45453,909017
2023-12,CUS-0411,636311,90901,136352,45453,909017
2023-12,CUS-0412,636311,90901,136352,45453,909017
2023-12,CUS-0413,636311,90901,136352,45453,909017
2023-12,CUS-0414,636311,90901,136352,45453,909017
2023-12,CUS-0415,636311,90901,136352,45453,909017
2023-12,CUS-0416,636311,90901,136352,45453,909017
2023-12,CUS-0417,636311,90901,136352,45453,909017
2023-12,CUS-0418,636311,90901,136352,45453,909017
2023-12,CUS-0419,636311,90901,136352,45453,909017
2023-12,CUS-0420,636311,90901,136352,45453,909017
2023-12,CUS-0421,636311,90901,136352,45453,909017
2023-12,CUS-0422,636311,90901,136352,45453,909017
2023-12,CUS-0423,636311,90901,136352,45453,909017
2023-12,CUS-0424,636311,90901,136352,45453,909017
2023-12,CUS-0425,636311,90901,136352,45453,909017
2023-12,CUS-0426,636311,90901,136352,45453,909017
2023-12,CUS-0427,636311,90901,136352,45453,909017
2023-12,CUS-0428,636311,90901,136352,45453,909017
2023-12,CUS-0429,636311,90901,136352,45453,909017
2023-12,CUS-0430,636311,90901,136352,45453,909017
2023-12,CUS-0431,636311,90901,136352,45453,909017
2023-12,CUS-0432,636311,90901,136352,45453,909017
2023-12,CUS-0433,636311,90901,136352,45453,909017
2023-12,CUS-0434,636311,90901,136352,45453,909017
2023-12,CUS-0435,636311,90901,136352,45453,909017
2023-12,CUS-0436,636311,90901,136352,45453,909017
2023-12,CUS-0437,636311,90901,136352,45453,909017
2023-12,CUS-0438,636311,90901,136352,45453,909017
2023-12,CUS-0439,636311,90901,136352,45453,909017
2023-12,CUS-0440,636311,90901,136352,45453,909017
2023-12,CUS-0441,636311,90901,136352,45453,909017
2023-12,CUS-0442,636311,90901,136352,45453,909017
2023-12,CUS-0443,636311,90901,136352,45453,909017
2023-12,CUS-0444,636311,90901,136352,45453,909017
2023-12,CUS-0445,636311,90901,136352,45453,909017
2023-12,CUS-0446,636311,90901,136352,45453,909017
2023-12,CUS-0447,636311,90901,136352,45453,909017
2023-12,CUS-0448,636311,90901,136352,45453,909017
2023-12,CUS-0449,636311,90901,136352,45453,909017
2023-12,CUS-0450,636311,90901,136352,45453,909017
2023-12,CUS-0451,636311,90901,136352,45453,909017
2023-12,CUS-0452,636311,90901,136352,45453,909017
2023-12,CUS-0453,636311,90901,136352,45453,909017
2023-12,CUS-0454,636311,90901,136352,45453,909017
2023-12,CUS-0455,636311,90901,136352,45453,909017
2023-12,CUS-0456,636311,90901,136352,45453,909017
2023-12,CUS-0457,636311,90901,136352,45453,909017
2023-12,CUS-0458,636311,90901,136352,45453,909017
2023-12,CUS-0459,636311,90901,136352,45453,909017
2023-12,CUS-0460,636311,90901,136352,45453,909017
2023-12,CUS-0461,636311,90901,136352,45453,909017
2023-12,CUS-0462,636311,90901,136352,45453,909017
2023-12,CUS-0463,636311,90901,136352,45453,909017
2023-12,CUS-0464,636311,90901,136352,45453,909017
2023-12,CUS-0465,636311,90901,136352,45453,909017
2023-12,CUS-0466,636311,90901,136352,45453,909017
2023-12,CUS-0467,636311,90901,136352,45453,909017
2023-12,CUS-0468,636311,90901,136352,45453,909017
2023-12,CUS-0469,636311,90901,136352,45453,909017
2023-12,CUS-0470,636311,90901,136352,45453,909017
2023-12,CUS-0471,636311,90901,136352,45453,909017
2023-12,CUS-0472,636311,90901,136352,45453,909017
2023-12,CUS-0473,636311,90901,136352,45453,909017
2023-12,CUS-0474,636311,90901,136352,45453,909017
2023-12,CUS-0475,636311,90901,136352,45453,909017
2023-12,CUS-0476,636311,90901,136352,45453,909017
2023-12,CUS-0477,636311,90901,136352,45453,909017
2023-12,CUS-0478,636311,90901,136352,45453,909017
2023-12,CUS-0479,636311,90901,136352,45453,909017
2023-12,CUS-0480,636311,90901,136352,45453,909017
2023-12,CUS-0481,636311,90901,136352,45453,909017
2023-12,CUS-0482,636311,90901,136352,45453,909017
2023-12,CUS-0483,636311,90901,136352,45453,909017
2023-12,CUS-0484,636311,90901,136352,45453,909017
2023-12,CUS-0485,636311,90901,136352,45453,909017
2023-12,CUS-0486,636311,90901,136352,45453,909017
2023-12,CUS-0487,636311,90901,136352,45453,909017
2023-12,CUS-0488,636311,90901,136352,45453,909017
2023-12,CUS-0489,636311,90901,136352,45453,909017
2023-12,CUS-0490,636311,90901,136352,45453,909017
2023-12,CUS-0491,636311,90901,136352,45453,909017
2023-12,CUS-0492,636311,90901,136352,45453,909017
2023-12,CUS-0493,636311,90901,136352,45453,909017
2023-12,CUS-0494,636311,90901,136352,45453,909017
2023-12,CUS-0495,636311,90901,136352,45453,909017
2023-12,CUS-0496,636311,90901,136352,45453,909017
2023-12,CUS-0497,636311,90901,136352,45453,909017
2023-12,CUS-0498,636311,90901,136352,45453,909017
2023-12,CUS-0499,636311,90901,136352,45453,909017
2023-12,CUS-0500,636311,90901,136352,45453,909017
2024-01,CUS-0001,147840000,21120000,31680000,10560000,211200000
2024-01,CUS-0002,646412,92344,138516,46174,923446
2024-01,CUS-0003,646412,92344,138516,46174,923446
2024-01,CUS-0004,646412,92344,138516,46174,923446
2024-01,CUS-0005,646412,92344,138516,46174,923446
2024-01,CUS-0006,646412,92344,138516,46174,923446
2024-01,CUS-0007,646412,92344,138516,46174,923446
2024-01,CUS-0008,646412,92344,138516,46174,923446
2024-01,CUS-0009,646412,92344,138516,46174,923446
2024-01,CUS-0010,646412,92344,138516,46174,923446
2024-01,CUS-0011,646412,92344,138516,46174,923446
2024-01,CUS-0012,646412,92344,138516,46174,923446
2024-01,CUS-0013,646412,92344,138516,46174,923446
2024-01,CUS-0014,646412,92344,138516,46174,923446
2024-01,CUS-0015,646412,92344,138516,46174,923446
2024-01,CUS-0016,646412,92344,138516,46174,923446
2024-01,CUS-0017,646412,92344,138516,46174,923446
2024-01,CUS-0018,646412,92344,138516,46174,923446
2024-01,CUS-0019,646412,92344,138516,46174,923446
2024-01,CUS-0020,646412,92344,138516,46174,923446
2024-01,CUS-0021,646412,92344,138516,46174,923446
2024-01,CUS-0022,646412,92344,138516,46174,923446
2024-01,CUS-0023,646412,92344,138516,46174,923446
2024-01,CUS-0024,646412,92344,138516,46174,923446
2024-01,CUS-0025,646412,92344,138516,46174,923446
2024-01,CUS-0026,646412,92344,138516,46174,923446
2024-01,CUS-0027,646412,92344,138516,46174,923446
2024-01,CUS-0028,646412,92344,138516,46174,923446
2024-01,CUS-0029,646412,92344,138516,46174,923446
2024-01,CUS-0030,646412,92344,138516,46174,923446
2024-01,CUS-0031,646412,92344,138516,46174,923446
2024-01,CUS-0032,646412,92344,138516,46174,923446
2024-01,CUS-0033,646412,92344,138516,46174,923446
2024-01,CUS-0034,646412,92344,138516,46174,923446
2024-01,CUS-0035,646412,92344,138516,46174,923446
2024-01,CUS-0036,646412,92344,138516,46174,923446
2024-01,CUS-0037,646412,92344,138516,46174,923446
2024-01,CUS-0038,646412,92344,138516,46174,923446
2024-01,CUS-0039,646412,92344,138516,46174,923446
2024-01,CUS-0040,646412,92344,138516,46174,923446
2024-01,CUS-0041,646412,92344,138516,46174,923446
2024-01,CUS-0042,646412,92344,138516,46174,923446
2024-01,CUS-0043,646412,92344,138516,46174,923446
2024-01,CUS-0044,646412,92344,138516,46174,923446
2024-01,CUS-0045,646412,92344,138516,46174,923446
2024-01,CUS-0046,646412,92344,138516,46174,923446
2024-01,CUS-0047,646412,92344,138516,46174,923446
2024-01,CUS-0048,646412,92344,138516,46174,923446
2024-01,CUS-0049,646412,92344,138516,46174,923446
2024-01,CUS-0050,646412,92344,138516,46174,923446
2024-01,CUS-0051,646412,92344,138516,46174,923446
2024-01,CUS-0052,646412,92344,138516,46174,923446
2024-01,CUS-0053,646412,92344,138516,46174,923446
2024-01,CUS-0054,646412,92344,138516,46174,923446
2024-01,CUS-0055,646412,92344,138516,46174,923446
2024-01,CUS-0056,646412,92344,138516,46174,923446
2024-01,CUS-0057,646412,92344,138516,46174,923446
2024-01,CUS-0058,646412,92344,138516,46174,923446
2024-01,CUS-0059,646412,92344,138516,46174,923446
2024-01,CUS-0060,646412,92344,138516,46174,923446
2024-01,CUS-0061,646412,92344,138516,46174,923446
2024-01,CUS-0062,646412,92344,138516,46174,923446
2024-01,CUS-0063,646412,92344,138516,46174,923446
2024-01,CUS-0064,646412,92344,138516,46174,923446
2024-01,CUS-0065,646412,92344,138516,46174,923446
2024-01,CUS-0066,646412,92344,138516,46174,923446
2024-01,CUS-0067,646412,92344,138516,46174,923446
2024-01,CUS-0068,646412,92344,138516,46174,923446
2024-01,CUS-0069,646412,92344,138516,46174,923446
2024-01,CUS-0070,646412,92344,138516,46174,923446
2024-01,CUS-0071,646412,92344,138516,46174,923446
2024-01,CUS-0072,646412,92344,138516,46174,923446
2024-01,CUS-0073,646412,92344,138516,46174,923446
2024-01,CUS-0074,646412,92344,138516,46174,923446
2024-01,CUS-0075,646412,92344,138516,46174,923446
2024-01,CUS-0076,646412,92344,138516,46174,923446
2024-01,CUS-0077,646412,92344,138516,46174,923446
2024-01,CUS-0078,646412,92344,138516,46174,923446
2024-01,CUS-0079,646412,92344,138516,46174,923446
2024-01,CUS-0080,646412,92344,138516,46174,923446
2024-01,CUS-0081,646412,92344,138516,46174,923446
2024-01,CUS-0082,646412,92344,138516,46174,923446
2024-01,CUS-0083,646412,92344,138516,46174,923446
2024-01,CUS-0084,646412,92344,138516,46174,923446
2024-01,CUS-0085,646412,92344,138516,46174,923446
2024-01,CUS-0086,646412,92344,138516,46174,923446
2024-01,CUS-0087,646412,92344,138516,46174,923446
2024-01,CUS-0088,646412,92344,138516,46174,923446
2024-01,CUS-0089,646412,92344,138516,46174,923446
2024-01,CUS-0090,646412,92344,138516,46174,923446
2024-01,CUS-0091,646412,92344,138516,46174,923446
2024-01,CUS-0092,646412,92344,138516,46174,923446
2024-01,CUS-0093,646412,92344,138516,46174,923446
2024-01,CUS-0094,646412,92344,138516,46174,923446
2024-01,CUS-0095,646412,92344,138516,46174,923446
2024-01,CUS-0096,646412,92344,138516,46174,923446
2024-01,CUS-0097,646412,92344,138516,46174,923446
2024-01,CUS-0098,646412,92344,138516,46174,923446
2024-01,CUS-0099,646412,92344,138516,46174,923446
2024-01,CUS-0100,646412,92344,138516,46174,923446
2024-01,CUS-0101,646412,92344,138516,46174,923446
2024-01,CUS-0102,646412,92344,138516,46174,923446
2024-01,CUS-0103,646412,92344,138516,46174,923446
2024-01,CUS-0104,646412,92344,138516,46174,923446
2024-01,CUS-0105,646412,92344,138516,46174,923446
2024-01,CUS-0106,646412,92344,138516,46174,923446
2024-01,CUS-0107,646412,92344,138516,46174,923446
2024-01,CUS-0108,646412,92344,138516,46174,923446
2024-01,CUS-0109,646412,92344,138516,46174,923446
2024-01,CUS-0110,646412,92344,138516,46174,923446
2024-01,CUS-0111,646412,92344,138516,46174,923446
2024-01,CUS-0112,646412,92344,138516,46174,923446
2024-01,CUS-0113,646412,92344,138516,46174,923446
2024-01,CUS-0114,646412,92344,138516,46174,923446
2024-01,CUS-0115,646412,92344,138516,46174,923446
2024-01,CUS-0116,646412,92344,138516,46174,923446
2024-01,CUS-0117,646412,92344,138516,46174,923446
2024-01,CUS-0118,646412,92344,138516,46174,923446
2024-01,CUS-0119,646412,92344,138516,46174,923446
2024-01,CUS-0120,646412,92344,138516,46174,923446
2024-01,CUS-0121,646412,92344,138516,46174,923446
2024-01,CUS-0122,646412,92344,138516,46174,923446
2024-01,CUS-0123,646412,92344,138516,46174,923446
2024-01,CUS-0124,646412,92344,138516,46174,923446
2024-01,CUS-0125,646412,92344,138516,46174,923446
2024-01,CUS-0126,646412,92344,138516,46174,923446
2024-01,CUS-0127,646412,92344,138516,46174,923446
2024-01,CUS-0128,646412,92344,138516,46174,923446
2024-01,CUS-0129,646412,92344,138516,46174,923446
2024-01,CUS-0130,646412,92344,138516,46174,923446
2024-01,CUS-0131,646412,92344,138516,46174,923446
2024-01,CUS-0132,646412,92344,138516,46174,923446
2024-01,CUS-0133,646412,92344,138516,46174,923446
2024-01,CUS-0134,646412,92344,138516,46174,923446
2024-01,CUS-0135,646412,92344,138516,46174,923446
2024-01,CUS-0136,646412,92344,138516,46174,923446
2024-01,CUS-0137,646412,92344,138516,46174,923446
2024-01,CUS-0138,646412,92344,138516,46174,923446
2024-01,CUS-0139,646412,92344,138516,46174,923446
2024-01,CUS-0140,646412,92344,138516,46174,923446
2024-01,CUS-0141,646412,92344,138516,46174,923446
2024-01,CUS-0142,646412,92344,138516,46174,923446
2024-01,CUS-0143,646412,92344,138516,46174,923446
2024-01,CUS-0144,646412,92344,138516,46174,923446
2024-01,CUS-0145,646412,92344,138516,46174,923446
2024-01,CUS-0146,646412,92344,138516,46174,923446
2024-01,CUS-0147,646412,92344,138516,46174,923446
2024-01,CUS-0148,646412,92344,138516,46174,923446
2024-01,CUS-0149,646412,92344,138516,46174,923446
2024-01,CUS-0150,646412,92344,138516,46174,923446
2024-01,CUS-0151,646412,92344,138516,46174,923446
2024-01,CUS-0152,646412,92344,138516,46174,923446
2024-01,CUS-0153,646412,92344,138516,46174,923446
2024-01,CUS-0154,646412,92344,138516,46174,923446
2024-01,CUS-0155,646412,92344,138516,46174,923446
2024-01,CUS-0156,646412,92344,138516,46174,923446
2024-01,CUS-0157,646412,92344,138516,46174,923446
2024-01,CUS-0158,646412,92344,138516,46174,923446
2024-01,CUS-0159,646412,92344,138516,46174,923446
2024-01,CUS-0160,646412,92344,138516,46174,923446
2024-01,CUS-0161,646412,92344,138516,46174,923446
2024-01,CUS-0162,646412,92344,138516,46174,923446
2024-01,CUS-0163,646412,92344,138516,46174,923446
2024-01,CUS-0164,646412,92344,138516,46174,923446
2024-01,CUS-0165,646412,92344,138516,46174,923446
2024-01,CUS-0166,646412,92344,138516,46174,923446
2024-01,CUS-0167,646412,92344,138516,46174,923446
2024-01,CUS-0168,646412,92344,138516,46174,923446
2024-01,CUS-0169,646412,92344,138516,46174,923446
2024-01,CUS-0170,646412,92344,138516,46174,923446
2024-01,CUS-0171,646412,92344,138516,46174,923446
2024-01,CUS-0172,646412,92344,138516,46174,923446
2024-01,CUS-0173,646412,92344,138516,46174,923446
2024-01,CUS-0174,646412,92344,138516,46174,923446
2024-01,CUS-0175,646412,92344,138516,46174,923446
2024-01,CUS-0176,646412,92344,138516,46174,923446
2024-01,CUS-0177,646412,92344,138516,46174,923446
2024-01,CUS-0178,646412,92344,138516,46174,923446
2024-01,CUS-0179,646412,92344,138516,46174,923446
2024-01,CUS-0180,646412,92344,138516,46174,923446
2024-01,CUS-0181,646412,92344,138516,46174,923446
2024-01,CUS-0182,646412,92344,138516,46174,923446
2024-01,CUS-0183,646412,92344,138516,46174,923446
2024-01,CUS-0184,646412,92344,138516,46174,923446
2024-01,CUS-0185,646412,92344,138516,46174,923446
2024-01,CUS-0186,646412,92344,138516,46174,923446
2024-01,CUS-0187,646412,92344,138516,46174,923446
2024-01,CUS-0188,646412,92344,138516,46174,923446
2024-01,CUS-0189,646412,92344,138516,46174,923446
2024-01,CUS-0190,646412,92344,138516,46174,923446
2024-01,CUS-0191,646412,92344,138516,46174,923446
2024-01,CUS-0192,646412,92344,138516,46174,923446
2024-01,CUS-0193,646412,92344,138516,46174,923446
2024-01,CUS-0194,646412,92344,138516,46174,923446
2024-01,CUS-0195,646412,92344,138516,46174,923446
2024-01,CUS-0196,646412,92344,138516,46174,923446
2024-01,CUS-0197,646412,92344,138516,46174,923446
2024-01,CUS-0198,646412,92344,138516,46174,923446
2024-01,CUS-0199,646412,92344,138516,46174,923446
2024-01,CUS-0200,646412,92344,138516,46174,923446
2024-01,CUS-0201,646412,92344,138516,46174,923446
2024-01,CUS-0202,646412,92344,138516,46174,923446
2024-01,CUS-0203,646412,92344,138516,46174,923446
2024-01,CUS-0204,646412,92344,138516,46174,923446
2024-01,CUS-0205,646412,92344,138516,46174,923446
2024-01,CUS-0206,646412,92344,138516,46174,923446
2024-01,CUS-0207,646412,92344,138516,46174,923446
2024-01,CUS-0208,646412,92344,138516,46174,923446
2024-01,CUS-0209,646412,92344,138516,46174,923446
2024-01,CUS-0210,646412,92344,138516,46174,923446
2024-01,CUS-0211,646412,92344,138516,46174,923446
2024-01,CUS-0212,646412,92344,138516,46174,923446
2024-01,CUS-0213,646412,92344,138516,46174,923446
2024-01,CUS-0214,646412,92344,138516,46174,923446
2024-01,CUS-0215,646412,92344,138516,46174,923446
2024-01,CUS-0216,646412,92344,138516,46174,923446
2024-01,CUS-0217,646412,92344,138516,46174,923446
2024-01,CUS-0218,646412,92344,138516,46174,923446
2024-01,CUS-0219,646412,92344,138516,46174,923446
2024-01,CUS-0220,646412,92344,138516,46174,923446
2024-01,CUS-0221,646412,92344,138516,46174,923446
2024-01,CUS-0222,646412,92344,138516,46174,923446
2024-01,CUS-0223,646412,92344,138516,46174,923446
2024-01,CUS-0224,646412,92344,138516,46174,923446
2024-01,CUS-0225,646412,92344,138516,46174,923446
2024-01,CUS-0226,646412,92344,138516,46174,923446
2024-01,CUS-0227,646412,92344,138516,46174,923446
2024-01,CUS-0228,646412,92344,138516,46174,923446
2024-01,CUS-0229,646412,92344,138516,46174,923446
2024-01,CUS-0230,646412,92344,138516,46174,923446
2024-01,CUS-0231,646412,92344,138516,46174,923446
2024-01,CUS-0232,646412,92344,138516,46174,923446
2024-01,CUS-0233,646412,92344,138516,46174,923446
2024-01,CUS-0234,646412,92344,138516,46174,923446
2024-01,CUS-0235,646412,92344,138516,46174,923446
2024-01,CUS-0236,646412,92344,138516,46174,923446
2024-01,CUS-0237,646412,92344,138516,46174,923446
2024-01,CUS-0238,646412,92344,138516,46174,923446
2024-01,CUS-0239,646412,92344,138516,46174,923446
2024-01,CUS-0240,646412,92344,138516,46174,923446
2024-01,CUS-0241,646412,92344,138516,46174,923446
2024-01,CUS-0242,646412,92344,138516,46174,923446
2024-01,CUS-0243,646412,92344,138516,46174,923446
2024-01,CUS-0244,646412,92344,138516,46174,923446
2024-01,CUS-0245,646412,92344,138516,46174,923446
2024-01,CUS-0246,646412,92344,138516,46174,923446
2024-01,CUS-0247,646412,92344,138516,46174,923446
2024-01,CUS-0248,646412,92344,138516,46174,923446
2024-01,CUS-0249,646412,92344,138516,46174,923446
2024-01,CUS-0250,646412,92344,138516,46174,923446
2024-01,CUS-0251,646412,92344,138516,46174,923446
2024-01,CUS-0252,646412,92344,138516,46174,923446
2024-01,CUS-0253,646412,92344,138516,46174,923446
2024-01,CUS-0254,646412,92344,138516,46174,923446
2024-01,CUS-0255,646412,92344,138516,46174,923446
2024-01,CUS-0256,646412,92344,138516,46174,923446
2024-01,CUS-0257,646412,92344,138516,46174,923446
2024-01,CUS-0258,646412,92344,138516,46174,923446
2024-01,CUS-0259,646412,92344,138516,46174,923446
2024-01,CUS-0260,646412,92344,138516,46174,923446
2024-01,CUS-0261,646412,92344,138516,46174,923446
2024-01,CUS-0262,646412,92344,138516,46174,923446
2024-01,CUS-0263,646412,92344,138516,46174,923446
2024-01,CUS-0264,646412,92344,138516,46174,923446
2024-01,CUS-0265,646412,92344,138516,46174,923446
2024-01,CUS-0266,646412,92344,138516,46174,923446
2024-01,CUS-0267,646412,92344,138516,46174,923446
2024-01,CUS-0268,646412,92344,138516,46174,923446
2024-01,CUS-0269,646412,92344,138516,46174,923446
2024-01,CUS-0270,646412,92344,138516,46174,923446
2024-01,CUS-0271,646412,92344,138516,46174,923446
2024-01,CUS-0272,646412,92344,138516,46174,923446
2024-01,CUS-0273,646412,92344,138516,46174,923446
2024-01,CUS-0274,646412,92344,138516,46174,923446
2024-01,CUS-0275,646412,92344,138516,46174,923446
2024-01,CUS-0276,646412,92344,138516,46174,923446
2024-01,CUS-0277,646412,92344,138516,46174,923446
2024-01,CUS-0278,646412,92344,138516,46174,923446
2024-01,CUS-0279,646412,92344,138516,46174,923446
2024-01,CUS-0280,646412,92344,138516,46174,923446
2024-01,CUS-0281,646412,92344,138516,46174,923446
2024-01,CUS-0282,646412,92344,138516,46174,923446
2024-01,CUS-0283,646412,92344,138516,46174,923446
2024-01,CUS-0284,646412,92344,138516,46174,923446
2024-01,CUS-0285,646412,92344,138516,46174,923446
2024-01,CUS-0286,646412,92344,138516,46174,923446
2024-01,CUS-0287,646412,92344,138516,46174,923446
2024-01,CUS-0288,646412,92344,138516,46174,923446
2024-01,CUS-0289,646412,92344,138516,46174,923446
2024-01,CUS-0290,646412,92344,138516,46174,923446
2024-01,CUS-0291,646412,92344,138516,46174,923446
2024-01,CUS-0292,646412,92344,138516,46174,923446
2024-01,CUS-0293,646412,92344,138516,46174,923446
2024-01,CUS-0294,646412,92344,138516,46174,923446
2024-01,CUS-0295,646412,92344,138516,46174,923446
2024-01,CUS-0296,646412,92344,138516,46174,923446
2024-01,CUS-0297,646412,92344,138516,46174,923446
2024-01,CUS-0298,646412,92344,138516,46174,923446
2024-01,CUS-0299,646412,92344,138516,46174,923446
2024-01,CUS-0300,646412,92344,138516,46174,923446
2024-01,CUS-0301,646412,92344,138516,46174,923446
2024-01,CUS-0302,646412,92344,138516,46174,923446
2024-01,CUS-0303,646412,92344,138516,46174,923446
2024-01,CUS-0304,646412,92344,138516,46174,923446
2024-01,CUS-0305,646412,92344,138516,46174,923446
2024-01,CUS-0306,646412,92344,138516,46174,923446
2024-01,CUS-0307,646412,92344,138516,46174,923446
2024-01,CUS-0308,646412,92344,138516,46174,923446
2024-01,CUS-0309,646412,92344,138516,46174,923446
2024-01,CUS-0310,646412,92344,138516,46174,923446
2024-01,CUS-0311,646412,92344,138516,46174,923446
2024-01,CUS-0312,646412,92344,138516,46174,923446
2024-01,CUS-0313,646412,92344,138516,46174,923446
2024-01,CUS-0314,646412,92344,138516,46174,923446
2024-01,CUS-0315,646412,92344,138516,46174,923446
2024-01,CUS-0316,646412,92344,138516,46174,923446
2024-01,CUS-0317,646412,92344,138516,46174,923446
2024-01,CUS-0318,646412,92344,138516,46174,923446
2024-01,CUS-0319,646412,92344,138516,46174,923446
2024-01,CUS-0320,646412,92344,138516,46174,923446
2024-01,CUS-0321,646412,92344,138516,46174,923446
2024-01,CUS-0322,646412,92344,138516,46174,923446
2024-01,CUS-0323,646412,92344,138516,46174,923446
2024-01,CUS-0324,646412,92344,138516,46174,923446
2024-01,CUS-0325,646412,92344,138516,46174,923446
2024-01,CUS-0326,646412,92344,138516,46174,923446
2024-01,CUS-0327,646412,92344,138516,46174,923446
2024-01,CUS-0328,646412,92344,138516,46174,923446
2024-01,CUS-0329,646412,92344,138516,46174,923446
2024-01,CUS-0330,646412,92344,138516,46174,923446
2024-01,CUS-0331,646412,92344,138516,46174,923446
2024-01,CUS-0332,646412,92344,138516,46174,923446
2024-01,CUS-0333,646412,92344,138516,46174,923446
2024-01,CUS-0334,646412,92344,138516,46174,923446
2024-01,CUS-0335,646412,92344,138516,46174,923446
2024-01,CUS-0336,646412,92344,138516,46174,923446
2024-01,CUS-0337,646412,92344,138516,46174,923446
2024-01,CUS-0338,646412,92344,138516,46174,923446
2024-01,CUS-0339,646412,92344,138516,46174,923446
2024-01,CUS-0340,646412,92344,138516,46174,923446
2024-01,CUS-0341,646412,92344,138516,46174,923446
2024-01,CUS-0342,646412,92344,138516,46174,923446
2024-01,CUS-0343,646412,92344,138516,46174,923446
2024-01,CUS-0344,646412,92344,138516,46174,923446
2024-01,CUS-0345,646412,92344,138516,46174,923446
2024-01,CUS-0346,646412,92344,138516,46174,923446
2024-01,CUS-0347,646412,92344,138516,46174,923446
2024-01,CUS-0348,646412,92344,138516,46174,923446
2024-01,CUS-0349,646412,92344,138516,46174,923446
2024-01,CUS-0350,646412,92344,138516,46174,923446
2024-01,CUS-0351,646412,92344,138516,46174,923446
2024-01,CUS-0352,646412,92344,138516,46174,923446
2024-01,CUS-0353,646412,92344,138516,46174,923446
2024-01,CUS-0354,646412,92344,138516,46174,923446
2024-01,CUS-0355,646412,92344,138516,46174,923446
2024-01,CUS-0356,646412,92344,138516,46174,923446
2024-01,CUS-0357,646412,92344,138516,46174,923446
2024-01,CUS-0358,646412,92344,138516,46174,923446
2024-01,CUS-0359,646412,92344,138516,46174,923446
2024-01,CUS-0360,646412,92344,138516,46174,923446
2024-01,CUS-0361,646412,92344,138516,46174,923446
2024-01,CUS-0362,646412,92344,138516,46174,923446
2024-01,CUS-0363,646412,92344,138516,46174,923446
2024-01,CUS-0364,646412,92344,138516,46174,923446
2024-01,CUS-0365,646412,92344,138516,46174,923446
2024-01,CUS-0366,646412,92344,138516,46174,923446
2024-01,CUS-0367,646412,92344,138516,46174,923446
2024-01,CUS-0368,646412,92344,138516,46174,923446
2024-01,CUS-0369,646412,92344,138516,46174,923446
2024-01,CUS-0370,646412,92344,138516,46174,923446
2024-01,CUS-0371,646412,92344,138516,46174,923446
2024-01,CUS-0372,646412,92344,138516,46174,923446
2024-01,CUS-0373,646412,92344,138516,46174,923446
2024-01,CUS-0374,646412,92344,138516,46174,923446
2024-01,CUS-0375,646412,92344,138516,46174,923446
2024-01,CUS-0376,646412,92344,138516,46174,923446
2024-01,CUS-0377,646412,92344,138516,46174,923446
2024-01,CUS-0378,646412,92344,138516,46174,923446
2024-01,CUS-0379,646412,92344,138516,46174,923446
2024-01,CUS-0380,646412,92344,138516,46174,923446
2024-01,CUS-0381,646412,92344,138516,46174,923446
2024-01,CUS-0382,646412,92344,138516,46174,923446
2024-01,CUS-0383,646412,92344,138516,46174,923446
2024-01,CUS-0384,646412,92344,138516,46174,923446
2024-01,CUS-0385,646412,92344,138516,46174,923446
2024-01,CUS-0386,646412,92344,138516,46174,923446
2024-01,CUS-0387,646412,92344,138516,46174,923446
2024-01,CUS-0388,646412,92344,138516,46174,923446
2024-01,CUS-0389,646412,92344,138516,46174,923446
2024-01,CUS-0390,646412,92344,138516,46174,923446
2024-01,CUS-0391,646412,92344,138516,46174,923446
2024-01,CUS-0392,646412,92344,138516,46174,923446
2024-01,CUS-0393,646412,92344,138516,46174,923446
2024-01,CUS-0394,646412,92344,138516,46174,923446
2024-01,CUS-0395,646412,92344,138516,46174,923446
2024-01,CUS-0396,646412,92344,138516,46174,923446
2024-01,CUS-0397,646412,92344,138516,46174,923446
2024-01,CUS-0398,646412,92344,138516,46174,923446
2024-01,CUS-0399,646412,92344,138516,46174,923446
2024-01,CUS-0400,646412,92344,138516,46174,923446
2024-01,CUS-0401,646412,92344,138516,46174,923446
2024-01,CUS-0402,646412,92344,138516,46174,923446
2024-01,CUS-0403,646412,92344,138516,46174,923446
2024-01,CUS-0404,646412,92344,138516,46174,923446
2024-01,CUS-0405,646412,92344,138516,46174,923446
2024-01,CUS-0406,646412,92344,138516,46174,923446
2024-01,CUS-0407,646412,92344,138516,46174,923446
2024-01,CUS-0408,646412,92344,138516,46174,923446
2024-01,CUS-0409,646412,92344,138516,46174,923446
2024-01,CUS-0410,646412,92344,138516,46174,923446
2024-01,CUS-0411,646412,92344,138516,46174,923446
2024-01,CUS-0412,646412,92344,138516,46174,923446
2024-01,CUS-0413,646412,92344,138516,46174,923446
2024-01,CUS-0414,646412,92344,138516,46174,923446
2024-01,CUS-0415,646412,92344,138516,46174,923446
2024-01,CUS-0416,646412,92344,138516,46174,923446
2024-01,CUS-0417,646412,92344,138516,46174,923446
2024-01,CUS-0418,646412,92344,138516,46174,923446
2024-01,CUS-0419,646412,92344,138516,46174,923446
2024-01,CUS-0420,646412,92344,138516,46174,923446
2024-01,CUS-0421,646412,92344,138516,46174,923446
2024-01,CUS-0422,646412,92344,138516,46174,923446
2024-01,CUS-0423,646412,92344,138516,46174,923446
2024-01,CUS-0424,646412,92344,138516,46174,923446
2024-01,CUS-0425,646412,92344,138516,46174,923446
2024-01,CUS-0426,646412,92344,138516,46174,923446
2024-01,CUS-0427,646412,92344,138516,46174,923446
2024-01,CUS-0428,646412,92344,138516,46174,923446
2024-01,CUS-0429,646412,92344,138516,46174,923446
2024-01,CUS-0430,646412,92344,138516,46174,923446
2024-01,CUS-0431,646412,92344,138516,46174,923446
2024-01,CUS-0432,646412,92344,138516,46174,923446
2024-01,CUS-0433,646412,92344,138516,46174,923446
2024-01,CUS-0434,646412,92344,138516,46174,923446
2024-01,CUS-0435,646412,92344,138516,46174,923446
2024-01,CUS-0436,646412,92344,138516,46174,923446
2024-01,CUS-0437,646412,92344,138516,46174,923446
2024-01,CUS-0438,646412,92344,138516,46174,923446
2024-01,CUS-0439,646412,92344,138516,46174,923446
2024-01,CUS-0440,646412,92344,138516,46174,923446
2024-01,CUS-0441,646412,92344,138516,46174,923446
2024-01,CUS-0442,646412,92344,138516,46174,923446
2024-01,CUS-0443,646412,92344,138516,46174,923446
2024-01,CUS-0444,646412,92344,138516,46174,923446
2024-01,CUS-0445,646412,92344,138516,46174,923446
2024-01,CUS-0446,646412,92344,138516,46174,923446
2024-01,CUS-0447,646412,92344,138516,46174,923446
2024-01,CUS-0448,646412,92344,138516,46174,923446
2024-01,CUS-0449,646412,92344,138516,46174,923446
2024-01,CUS-0450,646412,92344,138516,46174,923446
2024-01,CUS-0451,646412,92344,138516,46174,923446
2024-01,CUS-0452,646412,92344,138516,46174,923446
2024-01,CUS-0453,646412,92344,138516,46174,923446
2024-01,CUS-0454,646412,92344,138516,46174,923446
2024-01,CUS-0455,646412,92344,138516,46174,923446
2024-01,CUS-0456,646412,92344,138516,46174,923446
2024-01,CUS-0457,646412,92344,138516,46174,923446
2024-01,CUS-0458,646412,92344,138516,46174,923446
2024-01,CUS-0459,646412,92344,138516,46174,923446
2024-01,CUS-0460,646412,92344,138516,46174,923446
2024-01,CUS-0461,646412,92344,138516,46174,923446
2024-01,CUS-0462,646412,92344,138516,46174,923446
2024-01,CUS-0463,646412,92344,138516,46174,923446
2024-01,CUS-0464,646412,92344,138516,46174,923446
2024-01,CUS-0465,646412,92344,138516,46174,923446
2024-01,CUS-0466,646412,92344,138516,46174,923446
2024-01,CUS-0467,646412,92344,138516,46174,923446
2024-01,CUS-0468,646412,92344,138516,46174,923446
2024-01,CUS-0469,646412,92344,138516,46174,923446
2024-01,CUS-0470,646412,92344,138516,46174,923446
2024-01,CUS-0471,646412,92344,138516,46174,923446
2024-01,CUS-0472,646412,92344,138516,46174,923446
2024-01,CUS-0473,646412,92344,138516,46174,923446
2024-01,CUS-0474,646412,92344,138516,46174,923446
2024-01,CUS-0475,646412,92344,138516,46174,923446
2024-01,CUS-0476,646412,92344,138516,46174,923446
2024-01,CUS-0477,646412,92344,138516,46174,923446
2024-01,CUS-0478,646412,92344,138516,46174,923446
2024-01,CUS-0479,646412,92344,138516,46174,923446
2024-01,CUS-0480,646412,92344,138516,46174,923446
2024-01,CUS-0481,646412,92344,138516,46174,923446
2024-01,CUS-0482,646412,92344,138516,46174,923446
2024-01,CUS-0483,646412,92344,138516,46174,923446
2024-01,CUS-0484,646412,92344,138516,46174,923446
2024-01,CUS-0485,646412,92344,138516,46174,923446
2024-01,CUS-0486,646412,92344,138516,46174,923446
2024-01,CUS-0487,646412,92344,138516,46174,923446
2024-01,CUS-0488,646412,92344,138516,46174,923446
2024-01,CUS-0489,646412,92344,138516,46174,923446
2024-01,CUS-0490,646412,92344,138516,46174,923446
2024-01,CUS-0491,646412,92344,138516,46174,923446
2024-01,CUS-0492,646412,92344,138516,46174,923446
2024-01,CUS-0493,646412,92344,138516,46174,923446
2024-01,CUS-0494,646412,92344,138516,46174,923446
2024-01,CUS-0495,646412,92344,138516,46174,923446
2024-01,CUS-0496,646412,92344,138516,46174,923446
2024-01,CUS-0497,646412,92344,138516,46174,923446
2024-01,CUS-0498,646412,92344,138516,46174,923446
2024-01,CUS-0499,646412,92344,138516,46174,923446
2024-01,CUS-0500,646412,92344,138516,46174,923446
2024-02,CUS-0001,150150000,21450000,32175000,10725000,214500000
2024-02,CUS-0002,656512,93787,140681,46895,937875
2024-02,CUS-0003,656512,93787,140681,46895,937875
2024-02,CUS-0004,656512,93787,140681,46895,937875
2024-02,CUS-0005,656512,93787,140681,46895,937875
2024-02,CUS-0006,656512,93787,140681,46895,937875
2024-02,CUS-0007,656512,93787,140681,46895,937875
2024-02,CUS-0008,656512,93787,140681,46895,937875
2024-02,CUS-0009,656512,93787,140681,46895,937875
2024-02,CUS-0010,656512,93787,140681,46895,937875
2024-02,CUS-0011,656512,93787,140681,46895,937875
2024-02,CUS-0012,656512,93787,140681,46895,937875
2024-02,CUS-0013,656512,93787,140681,46895,937875
2024-02,CUS-0014,656512,93787,140681,46895,937875
2024-02,CUS-0015,656512,93787,140681,46895,937875
2024-02,CUS-0016,656512,93787,140681,46895,937875
2024-02,CUS-0017,656512,93787,140681,46895,937875
2024-02,CUS-0018,656512,93787,140681,46895,937875
2024-02,CUS-0019,656512,93787,140681,46895,937875
2024-02,CUS-0020,656512,93787,140681,46895,937875
2024-02,CUS-0021,656512,93787,140681,46895,937875
2024-02,CUS-0022,656512,93787,140681,46895,937875
2024-02,CUS-0023,656512,93787,140681,46895,937875
2024-02,CUS-0024,656512,93787,140681,46895,937875
2024-02,CUS-0025,656512,93787,140681,46895,937875
2024-02,CUS-0026,656512,93787,140681,46895,937875
2024-02,CUS-0027,656512,93787,140681,46895,937875
2024-02,CUS-0028,656512,93787,140681,46895,937875
2024-02,CUS-0029,656512,93787,140681,46895,937875
2024-02,CUS-0030,656512,93787,140681,46895,937875
2024-02,CUS-0031,656512,93787,140681,46895,937875
2024-02,CUS-0032,656512,93787,140681,46895,937875
2024-02,CUS-0033,656512,93787,140681,46895,937875
2024-02,CUS-0034,656512,93787,140681,46895,937875
2024-02,CUS-0035,656512,93787,140681,46895,937875
2024-02,CUS-0036,656512,93787,140681,46895,937875
2024-02,CUS-0037,656512,93787,140681,46895,937875
2024-02,CUS-0038,656512,93787,140681,46895,937875
2024-02,CUS-0039,656512,93787,140681,46895,937875
2024-02,CUS-0040,656512,93787,140681,46895,937875
2024-02,CUS-0041,656512,93787,140681,46895,937875
2024-02,CUS-0042,656512,93787,140681,46895,937875
2024-02,CUS-0043,656512,93787,140681,46895,937875
2024-02,CUS-0044,656512,93787,140681,46895,937875
2024-02,CUS-0045,656512,93787,140681,46895,937875
2024-02,CUS-0046,656512,93787,140681,46895,937875
2024-02,CUS-0047,656512,93787,140681,46895,937875
2024-02,CUS-0048,656512,93787,140681,46895,937875
2024-02,CUS-0049,656512,93787,140681,46895,937875
2024-02,CUS-0050,656512,93787,140681,46895,937875
2024-02,CUS-0051,656512,93787,140681,46895,937875
2024-02,CUS-0052,656512,93787,140681,46895,937875
2024-02,CUS-0053,656512,93787,140681,46895,937875
2024-02,CUS-0054,656512,93787,140681,46895,937875
2024-02,CUS-0055,656512,93787,140681,46895,937875
2024-02,CUS-0056,656512,93787,140681,46895,937875
2024-02,CUS-0057,656512,93787,140681,46895,937875
2024-02,CUS-0058,656512,93787,140681,46895,937875
2024-02,CUS-0059,656512,93787,140681,46895,937875
2024-02,CUS-0060,656512,93787,140681,46895,937875
2024-02,CUS-0061,656512,93787,140681,46895,937875
2024-02,CUS-0062,656512,93787,140681,46895,937875
2024-02,CUS-0063,656512,93787,140681,46895,937875
2024-02,CUS-0064,656512,93787,140681,46895,937875
2024-02,CUS-0065,656512,93787,140681,46895,937875
2024-02,CUS-0066,656512,93787,140681,46895,937875
2024-02,CUS-0067,656512,93787,140681,46895,937875
2024-02,CUS-0068,656512,93787,140681,46895,937875
2024-02,CUS-0069,656512,93787,140681,46895,937875
2024-02,CUS-0070,656512,93787,140681,46895,937875
2024-02,CUS-0071,656512,93787,140681,46895,937875
2024-02,CUS-0072,656512,93787,140681,46895,937875
2024-02,CUS-0073,656512,93787,140681,46895,937875
2024-02,CUS-0074,656512,93787,140681,46895,937875
2024-02,CUS-0075,656512,93787,140681,46895,937875
2024-02,CUS-0076,656512,93787,140681,46895,937875
2024-02,CUS-0077,656512,93787,140681,46895,937875
2024-02,CUS-0078,656512,93787,140681,46895,937875
2024-02,CUS-0079,656512,93787,140681,46895,937875
2024-02,CUS-0080,656512,93787,140681,46895,937875
2024-02,CUS-0081,656512,93787,140681,46895,937875
2024-02,CUS-0082,656512,93787,140681,46895,937875
2024-02,CUS-0083,656512,93787,140681,46895,937875
2024-02,CUS-0084,656512,93787,140681,46895,937875
2024-02,CUS-0085,656512,93787,140681,46895,937875
2024-02,CUS-0086,656512,93787,140681,46895,937875
2024-02,CUS-0087,656512,93787,140681,46895,937875
2024-02,CUS-0088,656512,93787,140681,46895,937875
2024-02,CUS-0089,656512,93787,140681,46895,937875
2024-02,CUS-0090,656512,93787,140681,46895,937875
2024-02,CUS-0091,656512,93787,140681,46895,937875
2024-02,CUS-0092,656512,93787,140681,46895,937875
2024-02,CUS-0093,656512,93787,140681,46895,937875
2024-02,CUS-0094,656512,93787,140681,46895,937875
2024-02,CUS-0095,656512,93787,140681,46895,937875
2024-02,CUS-0096,656512,93787,140681,46895,937875
2024-02,CUS-0097,656512,93787,140681,46895,937875
2024-02,CUS-0098,656512,93787,140681,46895,937875
2024-02,CUS-0099,656512,93787,140681,46895,937875
2024-02,CUS-0100,656512,93787,140681,46895,937875
2024-02,CUS-0101,656512,93787,140681,46895,937875
2024-02,CUS-0102,656512,93787,140681,46895,937875
2024-02,CUS-0103,656512,93787,140681,46895,937875
2024-02,CUS-0104,656512,93787,140681,46895,937875
2024-02,CUS-0105,656512,93787,140681,46895,937875
2024-02,CUS-0106,656512,93787,140681,46895,937875
2024-02,CUS-0107,656512,93787,140681,46895,937875
2024-02,CUS-0108,656512,93787,140681,46895,937875
2024-02,CUS-0109,656512,93787,140681,46895,937875
2024-02,CUS-0110,656512,93787,140681,46895,937875
2024-02,CUS-0111,656512,93787,140681,46895,937875
2024-02,CUS-0112,656512,93787,140681,46895,937875
2024-02,CUS-0113,656512,93787,140681,46895,937875
2024-02,CUS-0114,656512,93787,140681,46895,937875
2024-02,CUS-0115,656512,93787,140681,46895,937875
2024-02,CUS-0116,656512,93787,140681,46895,937875
2024-02,CUS-0117,656512,93787,140681,46895,937875
2024-02,CUS-0118,656512,93787,140681,46895,937875
2024-02,CUS-0119,656512,93787,140681,46895,937875
2024-02,CUS-0120,656512,93787,140681,46895,937875
2024-02,CUS-0121,656512,93787,140681,46895,937875
2024-02,CUS-0122,656512,93787,140681,46895,937875
2024-02,CUS-0123,656512,93787,140681,46895,937875
2024-02,CUS-0124,656512,93787,140681,46895,937875
2024-02,CUS-0125,656512,93787,140681,46895,937875
2024-02,CUS-0126,656512,93787,140681,46895,937875
2024-02,CUS-0127,656512,93787,140681,46895,937875
2024-02,CUS-0128,656512,93787,140681,46895,937875
2024-02,CUS-0129,656512,93787,140681,46895,937875
2024-02,CUS-0130,656512,93787,140681,46895,937875
2024-02,CUS-0131,656512,93787,140681,46895,937875
2024-02,CUS-0132,656512,93787,140681,46895,937875
2024-02,CUS-0133,656512,93787,140681,46895,937875
2024-02,CUS-0134,656512,93787,140681,46895,937875
2024-02,CUS-0135,656512,93787,140681,46895,937875
2024-02,CUS-0136,656512,93787,140681,46895,937875
2024-02,CUS-0137,656512,93787,140681,46895,937875
2024-02,CUS-0138,656512,93787,140681,46895,937875
2024-02,CUS-0139,656512,93787,140681,46895,937875
2024-02,CUS-0140,656512,93787,140681,46895,937875
2024-02,CUS-0141,656512,93787,140681,46895,937875
2024-02,CUS-0142,656512,93787,140681,46895,937875
2024-02,CUS-0143,656512,93787,140681,46895,937875
2024-02,CUS-0144,656512,93787,140681,46895,937875
2024-02,CUS-0145,656512,93787,140681,46895,937875
2024-02,CUS-0146,656512,93787,140681,46895,937875
2024-02,CUS-0147,656512,93787,140681,46895,937875
2024-02,CUS-0148,656512,93787,140681,46895,937875
2024-02,CUS-0149,656512,93787,140681,46895,937875
2024-02,CUS-0150,656512,93787,140681,46895,937875
2024-02,CUS-0151,656512,93787,140681,46895,937875
2024-02,CUS-0152,656512,93787,140681,46895,937875
2024-02,CUS-0153,656512,93787,140681,46895,937875
2024-02,CUS-0154,656512,93787,140681,46895,937875
2024-02,CUS-0155,656512,93787,140681,46895,937875
2024-02,CUS-0156,656512,93787,140681,46895,937875
2024-02,CUS-0157,656512,93787,140681,46895,937875
2024-02,CUS-0158,656512,93787,140681,46895,937875
2024-02,CUS-0159,656512,93787,140681,46895,937875
2024-02,CUS-0160,656512,93787,140681,46895,937875
2024-02,CUS-0161,656512,93787,140681,46895,937875
2024-02,CUS-0162,656512,93787,140681,46895,937875
2024-02,CUS-0163,656512,93787,140681,46895,937875
2024-02,CUS-0164,656512,93787,140681,46895,937875
2024-02,CUS-0165,656512,93787,140681,46895,937875
2024-02,CUS-0166,656512,93787,140681,46895,937875
2024-02,CUS-0167,656512,93787,140681,46895,937875
2024-02,CUS-0168,656512,93787,140681,46895,937875
2024-02,CUS-0169,656512,93787,140681,46895,937875
2024-02,CUS-0170,656512,93787,140681,46895,937875
2024-02,CUS-0171,656512,93787,140681,46895,937875
2024-02,CUS-0172,656512,93787,140681,46895,937875
2024-02,CUS-0173,656512,93787,140681,46895,937875
2024-02,CUS-0174,656512,93787,140681,46895,937875
2024-02,CUS-0175,656512,93787,140681,46895,937875
2024-02,CUS-0176,656512,93787,140681,46895,937875
2024-02,CUS-0177,656512,93787,140681,46895,937875
2024-02,CUS-0178,656512,93787,140681,46895,937875
2024-02,CUS-0179,656512,93787,140681,46895,937875
2024-02,CUS-0180,656512,93787,140681,46895,937875
2024-02,CUS-0181,656512,93787,140681,46895,937875
2024-02,CUS-0182,656512,93787,140681,46895,937875
2024-02,CUS-0183,656512,93787,140681,46895,937875
2024-02,CUS-0184,656512,93787,140681,46895,937875
2024-02,CUS-0185,656512,93787,140681,46895,937875
2024-02,CUS-0186,656512,93787,140681,46895,937875
2024-02,CUS-0187,656512,93787,140681,46895,937875
2024-02,CUS-0188,656512,93787,140681,46895,937875
2024-02,CUS-0189,656512,93787,140681,46895,937875
2024-02,CUS-0190,656512,93787,140681,46895,937875
2024-02,CUS-0191,656512,93787,140681,46895,937875
2024-02,CUS-0192,656512,93787,140681,46895,937875
2024-02,CUS-0193,656512,93787,140681,46895,937875
2024-02,CUS-0194,656512,93787,140681,46895,937875
2024-02,CUS-0195,656512,93787,140681,46895,937875
2024-02,CUS-0196,656512,93787,140681,46895,937875
2024-02,CUS-0197,656512,93787,140681,46895,937875
2024-02,CUS-0198,656512,93787,140681,46895,937875
2024-02,CUS-0199,656512,93787,140681,46895,937875
2024-02,CUS-0200,656512,93787,140681,46895,937875
2024-02,CUS-0201,656512,93787,140681,46895,937875
2024-02,CUS-0202,656512,93787,140681,46895,937875
2024-02,CUS-0203,656512,93787,140681,46895,937875
2024-02,CUS-0204,656512,93787,140681,46895,937875
2024-02,CUS-0205,656512,93787,140681,46895,937875
2024-02,CUS-0206,656512,93787,140681,46895,937875
2024-02,CUS-0207,656512,93787,140681,46895,937875
2024-02,CUS-0208,656512,93787,140681,46895,937875
2024-02,CUS-0209,656512,93787,140681,46895,937875
2024-02,CUS-0210,656512,93787,140681,46895,937875
2024-02,CUS-0211,656512,93787,140681,46895,937875
2024-02,CUS-0212,656512,93787,140681,46895,937875
2024-02,CUS-0213,656512,93787,140681,46895,937875
2024-02,CUS-0214,656512,93787,140681,46895,937875
2024-02,CUS-0215,656512,93787,140681,46895,937875
2024-02,CUS-0216,656512,93787,140681,46895,937875
2024-02,CUS-0217,656512,93787,140681,46895,937875
2024-02,CUS-0218,656512,93787,140681,46895,937875
2024-02,CUS-0219,656512,93787,140681,46895,937875
2024-02,CUS-0220,656512,93787,140681,46895,937875
2024-02,CUS-0221,656512,93787,140681,46895,937875
2024-02,CUS-0222,656512,93787,140681,46895,937875
2024-02,CUS-0223,656512,93787,140681,46895,937875
2024-02,CUS-0224,656512,93787,140681,46895,937875
2024-02,CUS-0225,656512,93787,140681,46895,937875
2024-02,CUS-0226,656512,93787,140681,46895,937875
2024-02,CUS-0227,656512,93787,140681,46895,937875
2024-02,CUS-0228,656512,93787,140681,46895,937875
2024-02,CUS-0229,656512,93787,140681,46895,937875
2024-02,CUS-0230,656512,93787,140681,46895,937875
2024-02,CUS-0231,656512,93787,140681,46895,937875
2024-02,CUS-0232,656512,93787,140681,46895,937875
2024-02,CUS-0233,656512,93787,140681,46895,937875
2024-02,CUS-0234,656512,93787,140681,46895,937875
2024-02,CUS-0235,656512,93787,140681,46895,937875
2024-02,CUS-0236,656512,93787,140681,46895,937875
2024-02,CUS-0237,656512,93787,140681,46895,937875
2024-02,CUS-0238,656512,93787,140681,46895,937875
2024-02,CUS-0239,656512,93787,140681,46895,937875
2024-02,CUS-0240,656512,93787,140681,46895,937875
2024-02,CUS-0241,656512,93787,140681,46895,937875
2024-02,CUS-0242,656512,93787,140681,46895,937875
2024-02,CUS-0243,656512,93787,140681,46895,937875
2024-02,CUS-0244,656512,93787,140681,46895,937875
2024-02,CUS-0245,656512,93787,140681,46895,937875
2024-02,CUS-0246,656512,93787,140681,46895,937875
2024-02,CUS-0247,656512,93787,140681,46895,937875
2024-02,CUS-0248,656512,93787,140681,46895,937875
2024-02,CUS-0249,656512,93787,140681,46895,937875
2024-02,CUS-0250,656512,93787,140681,46895,937875
2024-02,CUS-0251,656512,93787,140681,46895,937875
2024-02,CUS-0252,656512,93787,140681,46895,937875
2024-02,CUS-0253,656512,93787,140681,46895,937875
2024-02,CUS-0254,656512,93787,140681,46895,937875
2024-02,CUS-0255,656512,93787,140681,46895,937875
2024-02,CUS-0256,656512,93787,140681,46895,937875
2024-02,CUS-0257,656512,93787,140681,46895,937875
2024-02,CUS-0258,656512,93787,140681,46895,937875
2024-02,CUS-0259,656512,93787,140681,46895,937875
2024-02,CUS-0260,656512,93787,140681,46895,937875
2024-02,CUS-0261,656512,93787,140681,46895,937875
2024-02,CUS-0262,656512,93787,140681,46895,937875
2024-02,CUS-0263,656512,93787,140681,46895,937875
2024-02,CUS-0264,656512,93787,140681,46895,937875
2024-02,CUS-0265,656512,93787,140681,46895,937875
2024-02,CUS-0266,656512,93787,140681,46895,937875
2024-02,CUS-0267,656512,93787,140681,46895,937875
2024-02,CUS-0268,656512,93787,140681,46895,937875
2024-02,CUS-0269,656512,93787,140681,46895,937875
2024-02,CUS-0270,656512,93787,140681,46895,937875
2024-02,CUS-0271,656512,93787,140681,46895,937875
2024-02,CUS-0272,656512,93787,140681,46895,937875
2024-02,CUS-0273,656512,93787,140681,46895,937875
2024-02,CUS-0274,656512,93787,140681,46895,937875
2024-02,CUS-0275,656512,93787,140681,46895,937875
2024-02,CUS-0276,656512,93787,140681,46895,937875
2024-02,CUS-0277,656512,93787,140681,46895,937875
2024-02,CUS-0278,656512,93787,140681,46895,937875
2024-02,CUS-0279,656512,93787,140681,46895,937875
2024-02,CUS-0280,656512,93787,140681,46895,937875
2024-02,CUS-0281,656512,93787,140681,46895,937875
2024-02,CUS-0282,656512,93787,140681,46895,937875
2024-02,CUS-0283,656512,93787,140681,46895,937875
2024-02,CUS-0284,656512,93787,140681,46895,937875
2024-02,CUS-0285,656512,93787,140681,46895,937875
2024-02,CUS-0286,656512,93787,140681,46895,937875
2024-02,CUS-0287,656512,93787,140681,46895,937875
2024-02,CUS-0288,656512,93787,140681,46895,937875
2024-02,CUS-0289,656512,93787,140681,46895,937875
2024-02,CUS-0290,656512,93787,140681,46895,937875
2024-02,CUS-0291,656512,93787,140681,46895,937875
2024-02,CUS-0292,656512,93787,140681,46895,937875
2024-02,CUS-0293,656512,93787,140681,46895,937875
2024-02,CUS-0294,656512,93787,140681,46895,937875
2024-02,CUS-0295,656512,93787,140681,46895,937875
2024-02,CUS-0296,656512,93787,140681,46895,937875
2024-02,CUS-0297,656512,93787,140681,46895,937875
2024-02,CUS-0298,656512,93787,140681,46895,937875
2024-02,CUS-0299,656512,93787,140681,46895,937875
2024-02,CUS-0300,656512,93787,140681,46895,937875
2024-02,CUS-0301,656512,93787,140681,46895,937875
2024-02,CUS-0302,656512,93787,140681,46895,937875
2024-02,CUS-0303,656512,93787,140681,46895,937875
2024-02,CUS-0304,656512,93787,140681,46895,937875
2024-02,CUS-0305,656512,93787,140681,46895,937875
2024-02,CUS-0306,656512,93787,140681,46895,937875
2024-02,CUS-0307,656512,93787,140681,46895,937875
2024-02,CUS-0308,656512,93787,140681,46895,937875
2024-02,CUS-0309,656512,93787,140681,46895,937875
2024-02,CUS-0310,656512,93787,140681,46895,937875
2024-02,CUS-0311,656512,93787,140681,46895,937875
2024-02,CUS-0312,656512,93787,140681,46895,937875
2024-02,CUS-0313,656512,93787,140681,46895,937875
2024-02,CUS-0314,656512,93787,140681,46895,937875
2024-02,CUS-0315,656512,93787,140681,46895,937875
2024-02,CUS-0316,656512,93787,140681,46895,937875
2024-02,CUS-0317,656512,93787,140681,46895,937875
2024-02,CUS-0318,656512,93787,140681,46895,937875
2024-02,CUS-0319,656512,93787,140681,46895,937875
2024-02,CUS-0320,656512,93787,140681,46895,937875
2024-02,CUS-0321,656512,93787,140681,46895,937875
2024-02,CUS-0322,656512,93787,140681,46895,937875
2024-02,CUS-0323,656512,93787,140681,46895,937875
2024-02,CUS-0324,656512,93787,140681,46895,937875
2024-02,CUS-0325,656512,93787,140681,46895,937875
2024-02,CUS-0326,656512,93787,140681,46895,937875
2024-02,CUS-0327,656512,93787,140681,46895,937875
2024-02,CUS-0328,656512,93787,140681,46895,937875
2024-02,CUS-0329,656512,93787,140681,46895,937875
2024-02,CUS-0330,656512,93787,140681,46895,937875
2024-02,CUS-0331,656512,93787,140681,46895,937875
2024-02,CUS-0332,656512,93787,140681,46895,937875
2024-02,CUS-0333,656512,93787,140681,46895,937875
2024-02,CUS-0334,656512,93787,140681,46895,937875
2024-02,CUS-0335,656512,93787,140681,46895,937875
2024-02,CUS-0336,656512,93787,140681,46895,937875
2024-02,CUS-0337,656512,93787,140681,46895,937875
2024-02,CUS-0338,656512,93787,140681,46895,937875
2024-02,CUS-0339,656512,93787,140681,46895,937875
2024-02,CUS-0340,656512,93787,140681,46895,937875
2024-02,CUS-0341,656512,93787,140681,46895,937875
2024-02,CUS-0342,656512,93787,140681,46895,937875
2024-02,CUS-0343,656512,93787,140681,46895,937875
2024-02,CUS-0344,656512,93787,140681,46895,937875
2024-02,CUS-0345,656512,93787,140681,46895,937875
2024-02,CUS-0346,656512,93787,140681,46895,937875
2024-02,CUS-0347,656512,93787,140681,46895,937875
2024-02,CUS-0348,656512,93787,140681,46895,937875
2024-02,CUS-0349,656512,93787,140681,46895,937875
2024-02,CUS-0350,656512,93787,140681,46895,937875
2024-02,CUS-0351,656512,93787,140681,46895,937875
2024-02,CUS-0352,656512,93787,140681,46895,937875
2024-02,CUS-0353,656512,93787,140681,46895,937875
2024-02,CUS-0354,656512,93787,140681,46895,937875
2024-02,CUS-0355,656512,93787,140681,46895,937875
2024-02,CUS-0356,656512,93787,140681,46895,937875
2024-02,CUS-0357,656512,93787,140681,46895,937875
2024-02,CUS-0358,656512,93787,140681,46895,937875
2024-02,CUS-0359,656512,93787,140681,46895,937875
2024-02,CUS-0360,656512,93787,140681,46895,937875
2024-02,CUS-0361,656512,93787,140681,46895,937875
2024-02,CUS-0362,656512,93787,140681,46895,937875
2024-02,CUS-0363,656512,93787,140681,46895,937875
2024-02,CUS-0364,656512,93787,140681,46895,937875
2024-02,CUS-0365,656512,93787,140681,46895,937875
2024-02,CUS-0366,656512,93787,140681,46895,937875
2024-02,CUS-0367,656512,93787,140681,46895,937875
2024-02,CUS-0368,656512,93787,140681,46895,937875
2024-02,CUS-0369,656512,93787,140681,46895,937875
2024-02,CUS-0370,656512,93787,140681,46895,937875
2024-02,CUS-0371,656512,93787,140681,46895,937875
2024-02,CUS-0372,656512,93787,140681,46895,937875
2024-02,CUS-0373,656512,93787,140681,46895,937875
2024-02,CUS-0374,656512,93787,140681,46895,937875
2024-02,CUS-0375,656512,93787,140681,46895,937875
2024-02,CUS-0376,656512,93787,140681,46895,937875
2024-02,CUS-0377,656512,93787,140681,46895,937875
2024-02,CUS-0378,656512,93787,140681,46895,937875
2024-02,CUS-0379,656512,93787,140681,46895,937875
2024-02,CUS-0380,656512,93787,140681,46895,937875
2024-02,CUS-0381,656512,93787,140681,46895,937875
2024-02,CUS-0382,656512,93787,140681,46895,937875
2024-02,CUS-0383,656512,93787,140681,46895,937875
2024-02,CUS-0384,656512,93787,140681,46895,937875
2024-02,CUS-0385,656512,93787,140681,46895,937875
2024-02,CUS-0386,656512,93787,140681,46895,937875
2024-02,CUS-0387,656512,93787,140681,46895,937875
2024-02,CUS-0388,656512,93787,140681,46895,937875
2024-02,CUS-0389,656512,93787,140681,46895,937875
2024-02,CUS-0390,656512,93787,140681,46895,937875
2024-02,CUS-0391,656512,93787,140681,46895,937875
2024-02,CUS-0392,656512,93787,140681,46895,937875
2024-02,CUS-0393,656512,93787,140681,46895,937875
2024-02,CUS-0394,656512,93787,140681,46895,937875
2024-02,CUS-0395,656512,93787,140681,46895,937875
2024-02,CUS-0396,656512,93787,140681,46895,937875
2024-02,CUS-0397,656512,93787,140681,46895,937875
2024-02,CUS-0398,656512,93787,140681,46895,937875
2024-02,CUS-0399,656512,93787,140681,46895,937875
2024-02,CUS-0400,656512,93787,140681,46895,937875
2024-02,CUS-0401,656512,93787,140681,46895,937875
2024-02,CUS-0402,656512,93787,140681,46895,937875
2024-02,CUS-0403,656512,93787,140681,46895,937875
2024-02,CUS-0404,656512,93787,140681,46895,937875
2024-02,CUS-0405,656512,93787,140681,46895,937875
2024-02,CUS-0406,656512,93787,140681,46895,937875
2024-02,CUS-0407,656512,93787,140681,46895,937875
2024-02,CUS-0408,656512,93787,140681,46895,937875
2024-02,CUS-0409,656512,93787,140681,46895,937875
2024-02,CUS-0410,656512,93787,140681,46895,937875
2024-02,CUS-0411,656512,93787,140681,46895,937875
2024-02,CUS-0412,656512,93787,140681,46895,937875
2024-02,CUS-0413,656512,93787,140681,46895,937875
2024-02,CUS-0414,656512,93787,140681,46895,937875
2024-02,CUS-0415,656512,93787,140681,46895,937875
2024-02,CUS-0416,656512,93787,140681,46895,937875
2024-02,CUS-0417,656512,93787,140681,46895,937875
2024-02,CUS-0418,656512,93787,140681,46895,937875
2024-02,CUS-0419,656512,93787,140681,46895,937875
2024-02,CUS-0420,656512,93787,140681,46895,937875
2024-02,CUS-0421,656512,93787,140681,46895,937875
2024-02,CUS-0422,656512,93787,140681,46895,937875
2024-02,CUS-0423,656512,93787,140681,46895,937875
2024-02,CUS-0424,656512,93787,140681,46895,937875
2024-02,CUS-0425,656512,93787,140681,46895,937875
2024-02,CUS-0426,656512,93787,140681,46895,937875
2024-02,CUS-0427,656512,93787,140681,46895,937875
2024-02,CUS-0428,656512,93787,140681,46895,937875
2024-02,CUS-0429,656512,93787,140681,46895,937875
2024-02,CUS-0430,656512,93787,140681,46895,937875
2024-02,CUS-0431,656512,93787,140681,46895,937875
2024-02,CUS-0432,656512,93787,140681,46895,937875
2024-02,CUS-0433,656512,93787,140681,46895,937875
2024-02,CUS-0434,656512,93787,140681,46895,937875
2024-02,CUS-0435,656512,93787,140681,46895,937875
2024-02,CUS-0436,656512,93787,140681,46895,937875
2024-02,CUS-0437,656512,93787,140681,46895,937875
2024-02,CUS-0438,656512,93787,140681,46895,937875
2024-02,CUS-0439,656512,93787,140681,46895,937875
2024-02,CUS-0440,656512,93787,140681,46895,937875
2024-02,CUS-0441,656512,93787,140681,46895,937875
2024-02,CUS-0442,656512,93787,140681,46895,937875
2024-02,CUS-0443,656512,93787,140681,46895,937875
2024-02,CUS-0444,656512,93787,140681,46895,937875
2024-02,CUS-0445,656512,93787,140681,46895,937875
2024-02,CUS-0446,656512,93787,140681,46895,937875
2024-02,CUS-0447,656512,93787,140681,46895,937875
2024-02,CUS-0448,656512,93787,140681,46895,937875
2024-02,CUS-0449,656512,93787,140681,46895,937875
2024-02,CUS-0450,656512,93787,140681,46895,937875
2024-02,CUS-0451,656512,93787,140681,46895,937875
2024-02,CUS-0452,656512,93787,140681,46895,937875
2024-02,CUS-0453,656512,93787,140681,46895,937875
2024-02,CUS-0454,656512,93787,140681,46895,937875
2024-02,CUS-0455,656512,93787,140681,46895,937875
2024-02,CUS-0456,656512,93787,140681,46895,937875
2024-02,CUS-0457,656512,93787,140681,46895,937875
2024-02,CUS-0458,656512,93787,140681,46895,937875
2024-02,CUS-0459,656512,93787,140681,46895,937875
2024-02,CUS-0460,656512,93787,140681,46895,937875
2024-02,CUS-0461,656512,93787,140681,46895,937875
2024-02,CUS-0462,656512,93787,140681,46895,937875
2024-02,CUS-0463,656512,93787,140681,46895,937875
2024-02,CUS-0464,656512,93787,140681,46895,937875
2024-02,CUS-0465,656512,93787,140681,46895,937875
2024-02,CUS-0466,656512,93787,140681,46895,937875
2024-02,CUS-0467,656512,93787,140681,46895,937875
2024-02,CUS-0468,656512,93787,140681,46895,937875
2024-02,CUS-0469,656512,93787,140681,46895,937875
2024-02,CUS-0470,656512,93787,140681,46895,937875
2024-02,CUS-0471,656512,93787,140681,46895,937875
2024-02,CUS-0472,656512,93787,140681,46895,937875
2024-02,CUS-0473,656512,93787,140681,46895,937875
2024-02,CUS-0474,656512,93787,140681,46895,937875
2024-02,CUS-0475,656512,93787,140681,46895,937875
2024-02,CUS-0476,656512,93787,140681,46895,937875
2024-02,CUS-0477,656512,93787,140681,46895,937875
2024-02,CUS-0478,656512,93787,140681,46895,937875
2024-02,CUS-0479,656512,93787,140681,46895,937875
2024-02,CUS-0480,656512,93787,140681,46895,937875
2024-02,CUS-0481,656512,93787,140681,46895,937875
2024-02,CUS-0482,656512,93787,140681,46895,937875
2024-02,CUS-0483,656512,93787,140681,46895,937875
2024-02,CUS-0484,656512,93787,140681,46895,937875
2024-02,CUS-0485,656512,93787,140681,46895,937875
2024-02,CUS-0486,656512,93787,140681,46895,937875
2024-02,CUS-0487,656512,93787,140681,46895,937875
2024-02,CUS-0488,656512,93787,140681,46895,937875
2024-02,CUS-0489,656512,93787,140681,46895,937875
2024-02,CUS-0490,656512,93787,140681,46895,937875
2024-02,CUS-0491,656512,93787,140681,46895,937875
2024-02,CUS-0492,656512,93787,140681,46895,937875
2024-02,CUS-0493,656512,93787,140681,46895,937875
2024-02,CUS-0494,656512,93787,140681,46895,937875
2024-02,CUS-0495,656512,93787,140681,46895,937875
2024-02,CUS-0496,656512,93787,140681,46895,937875
2024-02,CUS-0497,656512,93787,140681,46895,937875
2024-02,CUS-0498,656512,93787,140681,46895,937875
2024-02,CUS-0499,656512,93787,140681,46895,937875
2024-02,CUS-0500,656512,93787,140681,46895,937875
2024-03,CUS-0001,152460000,21780000,32670000,10890000,217800000
2024-03,CUS-0002,666612,95230,142845,47617,952304
2024-03,CUS-0003,666612,95230,142845,47617,952304
2024-03,CUS-0004,666612,95230,142845,47617,952304
2024-03,CUS-0005,666612,95230,142845,47617,952304
2024-03,CUS-0006,666612,95230,142845,47617,952304
2024-03,CUS-0007,666612,95230,142845,47617,952304
2024-03,CUS-0008,666612,95230,142845,47617,952304
2024-03,CUS-0009,666612,95230,142845,47617,952304
2024-03,CUS-0010,666612,95230,142845,47617,952304
2024-03,CUS-0011,666612,95230,142845,47617,952304
2024-03,CUS-0012,666612,95230,142845,47617,952304
2024-03,CUS-0013,666612,95230,142845,47617,952304
2024-03,CUS-0014,666612,95230,142845,47617,952304
2024-03,CUS-0015,666612,95230,142845,47617,952304
2024-03,CUS-0016,666612,95230,142845,47617,952304
2024-03,CUS-0017,666612,95230,142845,47617,952304
2024-03,CUS-0018,666612,95230,142845,47617,952304
2024-03,CUS-0019,666612,95230,142845,47617,952304
2024-03,CUS-0020,666612,95230,142845,47617,952304
2024-03,CUS-0021,666612,95230,142845,47617,952304
2024-03,CUS-0022,666612,95230,142845,47617,952304
2024-03,CUS-0023,666612,95230,142845,47617,952304
2024-03,CUS-0024,666612,95230,142845,47617,952304
2024-03,CUS-0025,666612,95230,142845,47617,952304
2024-03,CUS-0026,666612,95230,142845,47617,952304
2024-03,CUS-0027,666612,95230,142845,47617,952304
2024-03,CUS-0028,666612,95230,142845,47617,952304
2024-03,CUS-0029,666612,95230,142845,47617,952304
2024-03,CUS-0030,666612,95230,142845,47617,952304
2024-03,CUS-0031,666612,95230,142845,47617,952304
2024-03,CUS-0032,666612,95230,142845,47617,952304
2024-03,CUS-0033,666612,95230,142845,47617,952304
2024-03,CUS-0034,666612,95230,142845,47617,952304
2024-03,CUS-0035,666612,95230,142845,47617,952304
2024-03,CUS-0036,666612,95230,142845,47617,952304
2024-03,CUS-0037,666612,95230,142845,47617,952304
2024-03,CUS-0038,666612,95230,142845,47617,952304
2024-03,CUS-0039,666612,95230,142845,47617,952304
2024-03,CUS-0040,666612,95230,142845,47617,952304
2024-03,CUS-0041,666612,95230,142845,47617,952304
2024-03,CUS-0042,666612,95230,142845,47617,952304
2024-03,CUS-0043,666612,95230,142845,47617,952304
2024-03,CUS-0044,666612,95230,142845,47617,952304
2024-03,CUS-0045,666612,95230,142845,47617,952304
2024-03,CUS-0046,666612,95230,142845,47617,952304
2024-03,CUS-0047,666612,95230,142845,47617,952304
2024-03,CUS-0048,666612,95230,142845,47617,952304
2024-03,CUS-0049,666612,95230,142845,47617,952304
2024-03,CUS-0050,666612,95230,142845,47617,952304
2024-03,CUS-0051,666612,95230,142845,47617,952304
2024-03,CUS-0052,666612,95230,142845,47617,952304
2024-03,CUS-0053,666612,95230,142845,47617,952304
2024-03,CUS-0054,666612,95230,142845,47617,952304
2024-03,CUS-0055,666612,95230,142845,47617,952304
2024-03,CUS-0056,666612,95230,142845,47617,952304
2024-03,CUS-0057,666612,95230,142845,47617,952304
2024-03,CUS-0058,666612,95230,142845,47617,952304
2024-03,CUS-0059,666612,95230,142845,47617,952304
2024-03,CUS-0060,666612,95230,142845,47617,952304
2024-03,CUS-0061,666612,95230,142845,47617,952304
2024-03,CUS-0062,666612,95230,142845,47617,952304
2024-03,CUS-0063,666612,95230,142845,47617,952304
2024-03,CUS-0064,666612,95230,142845,47617,952304
2024-03,CUS-0065,666612,95230,142845,47617,952304
2024-03,CUS-0066,666612,95230,142845,47617,952304
2024-03,CUS-0067,666612,95230,142845,47617,952304
2024-03,CUS-0068,666612,95230,142845,47617,952304
2024-03,CUS-0069,666612,95230,142845,47617,952304
2024-03,CUS-0070,666612,95230,142845,47617,952304
2024-03,CUS-0071,666612,95230,142845,47617,952304
2024-03,CUS-0072,666612,95230,142845,47617,952304
2024-03,CUS-0073,666612,95230,142845,47617,952304
2024-03,CUS-0074,666612,95230,142845,47617,952304
2024-03,CUS-0075,666612,95230,142845,47617,952304
2024-03,CUS-0076,666612,95230,142845,47617,952304
2024-03,CUS-0077,666612,95230,142845,47617,952304
2024-03,CUS-0078,666612,95230,142845,47617,952304
2024-03,CUS-0079,666612,95230,142845,47617,952304
2024-03,CUS-0080,666612,95230,142845,47617,952304
2024-03,CUS-0081,666612,95230,142845,47617,952304
2024-03,CUS-0082,666612,95230,142845,47617,952304
2024-03,CUS-0083,666612,95230,142845,47617,952304
2024-03,CUS-0084,666612,95230,142845,47617,952304
2024-03,CUS-0085,666612,95230,142845,47617,952304
2024-03,CUS-0086,666612,95230,142845,47617,952304
2024-03,CUS-0087,666612,95230,142845,47617,952304
2024-03,CUS-0088,666612,95230,142845,47617,952304
2024-03,CUS-0089,666612,95230,142845,47617,952304
2024-03,CUS-0090,666612,95230,142845,47617,952304
2024-03,CUS-0091,666612,95230,142845,47617,952304
2024-03,CUS-0092,666612,95230,142845,47617,952304
2024-03,CUS-0093,666612,95230,142845,47617,952304
2024-03,CUS-0094,666612,95230,142845,47617,952304
2024-03,CUS-0095,666612,95230,142845,47617,952304
2024-03,CUS-0096,666612,95230,142845,47617,952304
2024-03,CUS-0097,666612,95230,142845,47617,952304
2024-03,CUS-0098,666612,95230,142845,47617,952304
2024-03,CUS-0099,666612,95230,142845,47617,952304
2024-03,CUS-0100,666612,95230,142845,47617,952304
2024-03,CUS-0101,666612,95230,142845,47617,952304
2024-03,CUS-0102,666612,95230,142845,47617,952304
2024-03,CUS-0103,666612,95230,142845,47617,952304
2024-03,CUS-0104,666612,95230,142845,47617,952304
2024-03,CUS-0105,666612,95230,142845,47617,952304
2024-03,CUS-0106,666612,95230,142845,47617,952304
2024-03,CUS-0107,666612,95230,142845,47617,952304
2024-03,CUS-0108,666612,95230,142845,47617,952304
2024-03,CUS-0109,666612,95230,142845,47617,952304
2024-03,CUS-0110,666612,95230,142845,47617,952304
2024-03,CUS-0111,666612,95230,142845,47617,952304
2024-03,CUS-0112,666612,95230,142845,47617,952304
2024-03,CUS-0113,666612,95230,142845,47617,952304
2024-03,CUS-0114,666612,95230,142845,47617,952304
2024-03,CUS-0115,666612,95230,142845,47617,952304
2024-03,CUS-0116,666612,95230,142845,47617,952304
2024-03,CUS-0117,666612,95230,142845,47617,952304
2024-03,CUS-0118,666612,95230,142845,47617,952304
2024-03,CUS-0119,666612,95230,142845,47617,952304
2024-03,CUS-0120,666612,95230,142845,47617,952304
2024-03,CUS-0121,666612,95230,142845,47617,952304
2024-03,CUS-0122,666612,95230,142845,47617,952304
2024-03,CUS-0123,666612,95230,142845,47617,952304
2024-03,CUS-0124,666612,95230,142845,47617,952304
2024-03,CUS-0125,666612,95230,142845,47617,952304
2024-03,CUS-0126,666612,95230,142845,47617,952304
2024-03,CUS-0127,666612,95230,142845,47617,952304
2024-03,CUS-0128,666612,95230,142845,47617,952304
2024-03,CUS-0129,666612,95230,142845,47617,952304
2024-03,CUS-0130,666612,95230,142845,47617,952304
2024-03,CUS-0131,666612,95230,142845,47617,952304
2024-03,CUS-0132,666612,95230,142845,47617,952304
2024-03,CUS-0133,666612,95230,142845,47617,952304
2024-03,CUS-0134,666612,95230,142845,47617,952304
2024-03,CUS-0135,666612,95230,142845,47617,952304
2024-03,CUS-0136,666612,95230,142845,47617,952304
2024-03,CUS-0137,666612,95230,142845,47617,952304
2024-03,CUS-0138,666612,95230,142845,47617,952304
2024-03,CUS-0139,666612,95230,142845,47617,952304
2024-03,CUS-0140,666612,95230,142845,47617,952304
2024-03,CUS-0141,666612,95230,142845,47617,952304
2024-03,CUS-0142,666612,95230,142845,47617,952304
2024-03,CUS-0143,666612,95230,142845,47617,952304
2024-03,CUS-0144,666612,95230,142845,47617,952304
2024-03,CUS-0145,666612,95230,142845,47617,952304
2024-03,CUS-0146,666612,95230,142845,47617,952304
2024-03,CUS-0147,666612,95230,142845,47617,952304
2024-03,CUS-0148,666612,95230,142845,47617,952304
2024-03,CUS-0149,666612,95230,142845,47617,952304
2024-03,CUS-0150,666612,95230,142845,47617,952304
2024-03,CUS-0151,666612,95230,142845,47617,952304
2024-03,CUS-0152,666612,95230,142845,47617,952304
2024-03,CUS-0153,666612,95230,142845,47617,952304
2024-03,CUS-0154,666612,95230,142845,47617,952304
2024-03,CUS-0155,666612,95230,142845,47617,952304
2024-03,CUS-0156,666612,95230,142845,47617,952304
2024-03,CUS-0157,666612,95230,142845,47617,952304
2024-03,CUS-0158,666612,95230,142845,47617,952304
2024-03,CUS-0159,666612,95230,142845,47617,952304
2024-03,CUS-0160,666612,95230,142845,47617,952304
2024-03,CUS-0161,666612,95230,142845,47617,952304
2024-03,CUS-0162,666612,95230,142845,47617,952304
2024-03,CUS-0163,666612,95230,142845,47617,952304
2024-03,CUS-0164,666612,95230,142845,47617,952304
2024-03,CUS-0165,666612,95230,142845,47617,952304
2024-03,CUS-0166,666612,95230,142845,47617,952304
2024-03,CUS-0167,666612,95230,142845,47617,952304
2024-03,CUS-0168,666612,95230,142845,47617,952304
2024-03,CUS-0169,666612,95230,142845,47617,952304
2024-03,CUS-0170,666612,95230,142845,47617,952304
2024-03,CUS-0171,666612,95230,142845,47617,952304
2024-03,CUS-0172,666612,95230,142845,47617,952304
2024-03,CUS-0173,666612,95230,142845,47617,952304
2024-03,CUS-0174,666612,95230,142845,47617,952304
2024-03,CUS-0175,666612,95230,142845,47617,952304
2024-03,CUS-0176,666612,95230,142845,47617,952304
2024-03,CUS-0177,666612,95230,142845,47617,952304
2024-03,CUS-0178,666612,95230,142845,47617,952304
2024-03,CUS-0179,666612,95230,142845,47617,952304
2024-03,CUS-0180,666612,95230,142845,47617,952304
2024-03,CUS-0181,666612,95230,142845,47617,952304
2024-03,CUS-0182,666612,95230,142845,47617,952304
2024-03,CUS-0183,666612,95230,142845,47617,952304
2024-03,CUS-0184,666612,95230,142845,47617,952304
2024-03,CUS-0185,666612,95230,142845,47617,952304
2024-03,CUS-0186,666612,95230,142845,47617,952304
2024-03,CUS-0187,666612,95230,142845,47617,952304
2024-03,CUS-0188,666612,95230,142845,47617,952304
2024-03,CUS-0189,666612,95230,142845,47617,952304
2024-03,CUS-0190,666612,95230,142845,47617,952304
2024-03,CUS-0191,666612,95230,142845,47617,952304
2024-03,CUS-0192,666612,95230,142845,47617,952304
2024-03,CUS-0193,666612,95230,142845,47617,952304
2024-03,CUS-0194,666612,95230,142845,47617,952304
2024-03,CUS-0195,666612,95230,142845,47617,952304
2024-03,CUS-0196,666612,95230,142845,47617,952304
2024-03,CUS-0197,666612,95230,142845,47617,952304
2024-03,CUS-0198,666612,95230,142845,47617,952304
2024-03,CUS-0199,666612,95230,142845,47617,952304
2024-03,CUS-0200,666612,95230,142845,47617,952304
2024-03,CUS-0201,666612,95230,142845,47617,952304
2024-03,CUS-0202,666612,95230,142845,47617,952304
2024-03,CUS-0203,666612,95230,142845,47617,952304
2024-03,CUS-0204,666612,95230,142845,47617,952304
2024-03,CUS-0205,666612,95230,142845,47617,952304
2024-03,CUS-0206,666612,95230,142845,47617,952304
2024-03,CUS-0207,666612,95230,142845,47617,952304
2024-03,CUS-0208,666612,95230,142845,47617,952304
2024-03,CUS-0209,666612,95230,142845,47617,952304
2024-03,CUS-0210,666612,95230,142845,47617,952304
2024-03,CUS-0211,666612,95230,142845,47617,952304
2024-03,CUS-0212,666612,95230,142845,47617,952304
2024-03,CUS-0213,666612,95230,142845,47617,952304
2024-03,CUS-0214,666612,95230,142845,47617,952304
2024-03,CUS-0215,666612,95230,142845,47617,952304
2024-03,CUS-0216,666612,95230,142845,47617,952304
2024-03,CUS-0217,666612,95230,142845,47617,952304
2024-03,CUS-0218,666612,95230,142845,47617,952304
2024-03,CUS-0219,666612,95230,142845,47617,952304
2024-03,CUS-0220,666612,95230,142845,47617,952304
2024-03,CUS-0221,666612,95230,142845,47617,952304
2024-03,CUS-0222,666612,95230,142845,47617,952304
2024-03,CUS-0223,666612,95230,142845,47617,952304
2024-03,CUS-0224,666612,95230,142845,47617,952304
2024-03,CUS-0225,666612,95230,142845,47617,952304
2024-03,CUS-0226,666612,95230,142845,47617,952304
2024-03,CUS-0227,666612,95230,142845,47617,952304
2024-03,CUS-0228,666612,95230,142845,47617,952304
2024-03,CUS-0229,666612,95230,142845,47617,952304
2024-03,CUS-0230,666612,95230,142845,47617,952304
2024-03,CUS-0231,666612,95230,142845,47617,952304
2024-03,CUS-0232,666612,95230,142845,47617,952304
2024-03,CUS-0233,666612,95230,142845,47617,952304
2024-03,CUS-0234,666612,95230,142845,47617,952304
2024-03,CUS-0235,666612,95230,142845,47617,952304
2024-03,CUS-0236,666612,95230,142845,47617,952304
2024-03,CUS-0237,666612,95230,142845,47617,952304
2024-03,CUS-0238,666612,95230,142845,47617,952304
2024-03,CUS-0239,666612,95230,142845,47617,952304
2024-03,CUS-0240,666612,95230,142845,47617,952304
2024-03,CUS-0241,666612,95230,142845,47617,952304
2024-03,CUS-0242,666612,95230,142845,47617,952304
2024-03,CUS-0243,666612,95230,142845,47617,952304
2024-03,CUS-0244,666612,95230,142845,47617,952304
2024-03,CUS-0245,666612,95230,142845,47617,952304
2024-03,CUS-0246,666612,95230,142845,47617,952304
2024-03,CUS-0247,666612,95230,142845,47617,952304
2024-03,CUS-0248,666612,95230,142845,47617,952304
2024-03,CUS-0249,666612,95230,142845,47617,952304
2024-03,CUS-0250,666612,95230,142845,47617,952304
2024-03,CUS-0251,666612,95230,142845,47617,952304
2024-03,CUS-0252,666612,95230,142845,47617,952304
2024-03,CUS-0253,666612,95230,142845,47617,952304
2024-03,CUS-0254,666612,95230,142845,47617,952304
2024-03,CUS-0255,666612,95230,142845,47617,952304
2024-03,CUS-0256,666612,95230,142845,47617,952304
2024-03,CUS-0257,666612,95230,142845,47617,952304
2024-03,CUS-0258,666612,95230,142845,47617,952304
2024-03,CUS-0259,666612,95230,142845,47617,952304
2024-03,CUS-0260,666612,95230,142845,47617,952304
2024-03,CUS-0261,666612,95230,142845,47617,952304
2024-03,CUS-0262,666612,95230,142845,47617,952304
2024-03,CUS-0263,666612,95230,142845,47617,952304
2024-03,CUS-0264,666612,95230,142845,47617,952304
2024-03,CUS-0265,666612,95230,142845,47617,952304
2024-03,CUS-0266,666612,95230,142845,47617,952304
2024-03,CUS-0267,666612,95230,142845,47617,952304
2024-03,CUS-0268,666612,95230,142845,47617,952304
2024-03,CUS-0269,666612,95230,142845,47617,952304
2024-03,CUS-0270,666612,95230,142845,47617,952304
2024-03,CUS-0271,666612,95230,142845,47617,952304
2024-03,CUS-0272,666612,95230,142845,47617,952304
2024-03,CUS-0273,666612,95230,142845,47617,952304
2024-03,CUS-0274,666612,95230,142845,47617,952304
2024-03,CUS-0275,666612,95230,142845,47617,952304
2024-03,CUS-0276,666612,95230,142845,47617,952304
2024-03,CUS-0277,666612,95230,142845,47617,952304
2024-03,CUS-0278,666612,95230,142845,47617,952304
2024-03,CUS-0279,666612,95230,142845,47617,952304
2024-03,CUS-0280,666612,95230,142845,47617,952304
2024-03,CUS-0281,666612,95230,142845,47617,952304
2024-03,CUS-0282,666612,95230,142845,47617,952304
2024-03,CUS-0283,666612,95230,142845,47617,952304
2024-03,CUS-0284,666612,95230,142845,47617,952304
2024-03,CUS-0285,666612,95230,142845,47617,952304
2024-03,CUS-0286,666612,95230,142845,47617,952304
2024-03,CUS-0287,666612,95230,142845,47617,952304
2024-03,CUS-0288,666612,95230,142845,47617,952304
2024-03,CUS-0289,666612,95230,142845,47617,952304
2024-03,CUS-0290,666612,95230,142845,47617,952304
2024-03,CUS-0291,666612,95230,142845,47617,952304
2024-03,CUS-0292,666612,95230,142845,47617,952304
2024-03,CUS-0293,666612,95230,142845,47617,952304
2024-03,CUS-0294,666612,95230,142845,47617,952304
2024-03,CUS-0295,666612,95230,142845,47617,952304
2024-03,CUS-0296,666612,95230,142845,47617,952304
2024-03,CUS-0297,666612,95230,142845,47617,952304
2024-03,CUS-0298,666612,95230,142845,47617,952304
2024-03,CUS-0299,666612,95230,142845,47617,952304
2024-03,CUS-0300,666612,95230,142845,47617,952304
2024-03,CUS-0301,666612,95230,142845,47617,952304
2024-03,CUS-0302,666612,95230,142845,47617,952304
2024-03,CUS-0303,666612,95230,142845,47617,952304
2024-03,CUS-0304,666612,95230,142845,47617,952304
2024-03,CUS-0305,666612,95230,142845,47617,952304
2024-03,CUS-0306,666612,95230,142845,47617,952304
2024-03,CUS-0307,666612,95230,142845,47617,952304
2024-03,CUS-0308,666612,95230,142845,47617,952304
2024-03,CUS-0309,666612,95230,142845,47617,952304
2024-03,CUS-0310,666612,95230,142845,47617,952304
2024-03,CUS-0311,666612,95230,142845,47616,952303
2024-03,CUS-0312,666612,95230,142845,47616,952303
2024-03,CUS-0313,666612,95230,142845,47616,952303
2024-03,CUS-0314,666612,95230,142845,47616,952303
2024-03,CUS-0315,666612,95230,142845,47616,952303
2024-03,CUS-0316,666612,95230,142845,47616,952303
2024-03,CUS-0317,666612,95230,142845,47616,952303
2024-03,CUS-0318,666612,95230,142845,47616,952303
2024-03,CUS-0319,666612,95230,142845,47616,952303
2024-03,CUS-0320,666612,95230,142845,47616,952303
2024-03,CUS-0321,666612,95230,142845,47616,952303
2024-03,CUS-0322,666612,95230,142845,47616,952303
2024-03,CUS-0323,666612,95230,142845,47616,952303
2024-03,CUS-0324,666612,95230,142845,47616,952303
2024-03,CUS-0325,666612,95230,142845,47616,952303
2024-03,CUS-0326,666612,95230,142845,47616,952303
2024-03,CUS-0327,666612,95230,142845,47616,952303
2024-03,CUS-0328,666612,95230,142845,47616,952303
2024-03,CUS-0329,666612,95230,142845,47616,952303
2024-03,CUS-0330,666612,95230,142845,47616,952303
2024-03,CUS-0331,666612,95230,142845,47616,952303
2024-03,CUS-0332,666612,95230,142845,47616,952303
2024-03,CUS-0333,666612,95230,142845,47616,952303
2024-03,CUS-0334,666612,95230,142845,47616,952303
2024-03,CUS-0335,666612,95230,142845,47616,952303
2024-03,CUS-0336,666612,95230,142845,47616,952303
2024-03,CUS-0337,666612,95230,142845,47616,952303
2024-03,CUS-0338,666612,95230,142845,47616,952303
2024-03,CUS-0339,666612,95230,142845,47616,952303
2024-03,CUS-0340,666612,95230,142845,47616,952303
2024-03,CUS-0341,666612,95230,142845,47616,952303
2024-03,CUS-0342,666612,95230,142845,47616,952303
2024-03,CUS-0343,666612,95230,142845,47616,952303
2024-03,CUS-0344,666612,95230,142845,47616,952303
2024-03,CUS-0345,666612,95230,142845,47616,952303
2024-03,CUS-0346,666612,95230,142845,47616,952303
2024-03,CUS-0347,666612,95230,142845,47616,952303
2024-03,CUS-0348,666612,95230,142845,47616,952303
2024-03,CUS-0349,666612,95230,142845,47616,952303
2024-03,CUS-0350,666612,95230,142845,47616,952303
2024-03,CUS-0351,666612,95230,142845,47616,952303
2024-03,CUS-0352,666612,95230,142845,47616,952303
2024-03,CUS-0353,666612,95230,142845,47616,952303
2024-03,CUS-0354,666612,95230,142845,47616,952303
2024-03,CUS-0355,666612,95230,142845,47616,952303
2024-03,CUS-0356,666612,95230,142845,47616,952303
2024-03,CUS-0357,666612,95230,142845,47616,952303
2024-03,CUS-0358,666612,95230,142845,47616,952303
2024-03,CUS-0359,666612,95230,142845,47616,952303
2024-03,CUS-0360,666612,95230,142845,47616,952303
2024-03,CUS-0361,666612,95230,142845,47616,952303
2024-03,CUS-0362,666612,95230,142845,47616,952303
2024-03,CUS-0363,666612,95230,142845,47616,952303
2024-03,CUS-0364,666612,95230,142845,47616,952303
2024-03,CUS-0365,666612,95230,142845,47616,952303
2024-03,CUS-0366,666612,95230,142845,47616,952303
2024-03,CUS-0367,666612,95230,142845,47616,952303
2024-03,CUS-0368,666612,95230,142845,47616,952303
2024-03,CUS-0369,666612,95230,142845,47616,952303
2024-03,CUS-0370,666612,95230,142845,47616,952303
2024-03,CUS-0371,666612,95230,142845,47616,952303
2024-03,CUS-0372,666612,95230,142845,47616,952303
2024-03,CUS-0373,666612,95230,142845,47616,952303
2024-03,CUS-0374,666612,95230,142845,47616,952303
2024-03,CUS-0375,666612,95230,142845,47616,952303
2024-03,CUS-0376,666612,95230,142845,47616,952303
2024-03,CUS-0377,666612,95230,142845,47616,952303
2024-03,CUS-0378,666612,95230,142845,47616,952303
2024-03,CUS-0379,666612,95230,142845,47616,952303
2024-03,CUS-0380,666612,95230,142845,47616,952303
2024-03,CUS-0381,666612,95230,142845,47616,952303
2024-03,CUS-0382,666612,95230,142845,47616,952303
2024-03,CUS-0383,666612,95230,142845,47616,952303
2024-03,CUS-0384,666612,95230,142845,47616,952303
2024-03,CUS-0385,666612,95230,142845,47616,952303
2024-03,CUS-0386,666612,95230,142845,47616,952303
2024-03,CUS-0387,666612,95230,142845,47616,952303
2024-03,CUS-0388,666612,95230,142845,47616,952303
2024-03,CUS-0389,666612,95230,142845,47616,952303
2024-03,CUS-0390,666612,95230,142845,47616,952303
2024-03,CUS-0391,666612,95230,142845,47616,952303
2024-03,CUS-0392,666612,95230,142845,47616,952303
2024-03,CUS-0393,666612,95230,142845,47616,952303
2024-03,CUS-0394,666612,95230,142845,47616,952303
2024-03,CUS-0395,666612,95230,142845,47616,952303
2024-03,CUS-0396,666612,95230,142845,47616,952303
2024-03,CUS-0397,666612,95230,142845,47616,952303
2024-03,CUS-0398,666612,95230,142845,47616,952303
2024-03,CUS-0399,666612,95230,142845,47616,952303
2024-03,CUS-0400,666612,95230,142845,47616,952303
2024-03,CUS-0401,666612,95230,142845,47616,952303
2024-03,CUS-0402,666612,95230,142845,47616,952303
2024-03,CUS-0403,666612,95230,142845,47616,952303
2024-03,CUS-0404,666612,95230,142845,47616,952303
2024-03,CUS-0405,666612,95230,142845,47616,952303
2024-03,CUS-0406,666612,95230,142845,47616,952303
2024-03,CUS-0407,666612,95230,142845,47616,952303
2024-03,CUS-0408,666612,95230,142845,47616,952303
2024-03,CUS-0409,666612,95230,142845,47616,952303
2024-03,CUS-0410,666612,95230,142845,47616,952303
2024-03,CUS-0411,666612,95230,142845,47616,952303
2024-03,CUS-0412,666612,95230,142845,47616,952303
2024-03,CUS-0413,666612,95230,142845,47616,952303
2024-03,CUS-0414,666612,95230,142845,47616,952303
2024-03,CUS-0415,666612,95230,142845,47616,952303
2024-03,CUS-0416,666612,95230,142845,47616,952303
2024-03,CUS-0417,666612,95230,142845,47616,952303
2024-03,CUS-0418,666612,95230,142845,47616,952303
2024-03,CUS-0419,666612,95230,142845,47616,952303
2024-03,CUS-0420,666612,95230,142845,47616,952303
2024-03,CUS-0421,666612,95230,142845,47616,952303
2024-03,CUS-0422,666612,95230,142845,47616,952303
2024-03,CUS-0423,666612,95230,142845,47616,952303
2024-03,CUS-0424,666612,95230,142845,47616,952303
2024-03,CUS-0425,666612,95230,142845,47616,952303
2024-03,CUS-0426,666612,95230,142845,47616,952303
2024-03,CUS-0427,666612,95230,142845,47616,952303
2024-03,CUS-0428,666612,95230,142845,47616,952303
2024-03,CUS-0429,666612,95230,142845,47616,952303
2024-03,CUS-0430,666612,95230,142845,47616,952303
2024-03,CUS-0431,666612,95230,142845,47616,952303
2024-03,CUS-0432,666612,95230,142845,47616,952303
2024-03,CUS-0433,666612,95230,142845,47616,952303
2024-03,CUS-0434,666612,95230,142845,47616,952303
2024-03,CUS-0435,666612,95230,142845,47616,952303
2024-03,CUS-0436,666612,95230,142845,47616,952303
2024-03,CUS-0437,666612,95230,142845,47616,952303
2024-03,CUS-0438,666612,95230,142845,47616,952303
2024-03,CUS-0439,666612,95230,142845,47616,952303
2024-03,CUS-0440,666612,95230,142845,47616,952303
2024-03,CUS-0441,666612,95230,142845,47616,952303
2024-03,CUS-0442,666612,95230,142845,47616,952303
2024-03,CUS-0443,666612,95230,142845,47616,952303
2024-03,CUS-0444,666612,95230,142845,47616,952303
2024-03,CUS-0445,666612,95230,142845,47616,952303
2024-03,CUS-0446,666612,95230,142845,47616,952303
2024-03,CUS-0447,666612,95230,142845,47616,952303
2024-03,CUS-0448,666612,95230,142845,47616,952303
2024-03,CUS-0449,666612,95230,142845,47616,952303
2024-03,CUS-0450,666612,95230,142845,47616,952303
2024-03,CUS-0451,666612,95230,142845,47616,952303
2024-03,CUS-0452,666612,95230,142845,47616,952303
2024-03,CUS-0453,666612,95230,142845,47616,952303
2024-03,CUS-0454,666612,95230,142845,47616,952303
2024-03,CUS-0455,666612,95230,142845,47616,952303
2024-03,CUS-0456,666612,95230,142845,47616,952303
2024-03,CUS-0457,666612,95230,142845,47616,952303
2024-03,CUS-0458,666612,95230,142845,47616,952303
2024-03,CUS-0459,666612,95230,142845,47616,952303
2024-03,CUS-0460,666612,95230,142845,47616,952303
2024-03,CUS-0461,666612,95230,142845,47616,952303
2024-03,CUS-0462,666612,95230,142845,47616,952303
2024-03,CUS-0463,666612,95230,142845,47616,952303
2024-03,CUS-0464,666612,95230,142845,47616,952303
2024-03,CUS-0465,666612,95230,142845,47616,952303
2024-03,CUS-0466,666612,95230,142845,47616,952303
2024-03,CUS-0467,666612,95230,142845,47616,952303
2024-03,CUS-0468,666612,95230,142845,47616,952303
2024-03,CUS-0469,666612,95230,142845,47616,952303
2024-03,CUS-0470,666612,95230,142845,47616,952303
2024-03,CUS-0471,666612,95230,142845,47616,952303
2024-03,CUS-0472,666612,95230,142845,47616,952303
2024-03,CUS-0473,666612,95230,142845,47616,952303
2024-03,CUS-0474,666612,95230,142845,47616,952303
2024-03,CUS-0475,666612,95230,142845,47616,952303
2024-03,CUS-0476,666612,95230,142845,47616,952303
2024-03,CUS-0477,666612,95230,142845,47616,952303
2024-03,CUS-0478,666612,95230,142845,47616,952303
2024-03,CUS-0479,666612,95230,142845,47616,952303
2024-03,CUS-0480,666612,95230,142845,47616,952303
2024-03,CUS-0481,666612,95230,142845,47616,952303
2024-03,CUS-0482,666612,95230,142845,47616,952303
2024-03,CUS-0483,666612,95230,142845,47616,952303
2024-03,CUS-0484,666612,95230,142845,47616,952303
2024-03,CUS-0485,666612,95230,142845,47616,952303
2024-03,CUS-0486,666612,95230,142845,47616,952303
2024-03,CUS-0487,666612,95230,142845,47616,952303
2024-03,CUS-0488,666612,95230,142845,47616,952303
2024-03,CUS-0489,666612,95230,142845,47616,952303
2024-03,CUS-0490,666612,95230,142845,47616,952303
2024-03,CUS-0491,666612,95230,142845,47616,952303
2024-03,CUS-0492,666612,95230,142845,47616,952303
2024-03,CUS-0493,666612,95230,142845,47616,952303
2024-03,CUS-0494,666612,95230,142845,47616,952303
2024-03,CUS-0495,666612,95230,142845,47616,952303
2024-03,CUS-0496,666612,95230,142845,47616,952303
2024-03,CUS-0497,666612,95230,142845,47616,952303
2024-03,CUS-0498,666612,95230,142845,47616,952303
2024-03,CUS-0499,666612,95230,142845,47616,952303
2024-03,CUS-0500,666612,95230,142845,47616,952303
2024-04,CUS-0001,154770000,22110000,33165000,11055000,221100000
2024-04,CUS-0002,676713,96673,145009,48338,966733
2024-04,CUS-0003,676713,96673,145009,48338,966733
2024-04,CUS-0004,676713,96673,145009,48338,966733
2024-04,CUS-0005,676713,96673,145009,48338,966733
2024-04,CUS-0006,676713,96673,145009,48338,966733
2024-04,CUS-0007,676713,96673,145009,48338,966733
2024-04,CUS-0008,676713,96673,145009,48338,966733
2024-04,CUS-0009,676713,96673,145009,48338,966733
2024-04,CUS-0010,676713,96673,145009,48338,966733
2024-04,CUS-0011,676713,96673,145009,48338,966733
2024-04,CUS-0012,676713,96673,145009,48338,966733
2024-04,CUS-0013,676713,96673,145009,48338,966733
2024-04,CUS-0014,676713,96673,145009,48338,966733
2024-04,CUS-0015,676713,96673,145009,48338,966733
2024-04,CUS-0016,676713,96673,145009,48338,966733
2024-04,CUS-0017,676713,96673,145009,48338,966733
2024-04,CUS-0018,676713,96673,145009,48338,966733
2024-04,CUS-0019,676713,96673,145009,48338,966733
2024-04,CUS-0020,676713,96673,145009,48338,966733
2024-04,CUS-0021,676713,96673,145009,48338,966733
2024-04,CUS-0022,676713,96673,145009,48338,966733
2024-04,CUS-0023,676713,96673,145009,48338,966733
2024-04,CUS-0024,676713,96673,145009,48338,966733
2024-04,CUS-0025,676713,96673,145009,48338,966733
2024-04,CUS-0026,676713,96673,145009,48338,966733
2024-04,CUS-0027,676713,96673,145009,48338,966733
2024-04,CUS-0028,676713,96673,145009,48338,966733
2024-04,CUS-0029,676713,96673,145009,48338,966733
2024-04,CUS-0030,676713,96673,145009,48338,966733
2024-04,CUS-0031,676713,96673,145009,48338,966733
2024-04,CUS-0032,676713,96673,145009,48338,966733
2024-04,CUS-0033,676713,96673,145009,48338,966733
2024-04,CUS-0034,676713,96673,145009,48338,966733
2024-04,CUS-0035,676713,96673,145009,48338,966733
2024-04,CUS-0036,676713,96673,145009,48338,966733
2024-04,CUS-0037,676713,96673,145009,48338,966733
2024-04,CUS-0038,676713,96673,145009,48338,966733
2024-04,CUS-0039,676713,96673,145009,48338,966733
2024-04,CUS-0040,676713,96673,145009,48338,966733
2024-04,CUS-0041,676713,96673,145009,48338,966733
2024-04,CUS-0042,676713,96673,145009,48338,966733
2024-04,CUS-0043,676713,96673,145009,48338,966733
2024-04,CUS-0044,676713,96673,145009,48338,966733
2024-04,CUS-0045,676713,96673,145009,48338,966733
2024-04,CUS-0046,676713,96673,145009,48338,966733
2024-04,CUS-0047,676713,96673,145009,48338,966733
2024-04,CUS-0048,676713,96673,145009,48338,966733
2024-04,CUS-0049,676713,96673,145009,48338,966733
2024-04,CUS-0050,676713,96673,145009,48338,966733
2024-04,CUS-0051,676713,96673,145009,48338,966733
2024-04,CUS-0052,676713,96673,145009,48338,966733
2024-04,CUS-0053,676713,96673,145009,48338,966733
2024-04,CUS-0054,676713,96673,145009,48338,966733
2024-04,CUS-0055,676713,96673,145009,48338,966733
2024-04,CUS-0056,676713,96673,145009,48338,966733
2024-04,CUS-0057,676713,96673,145009,48338,966733
2024-04,CUS-0058,676713,96673,145009,48338,966733
2024-04,CUS-0059,676713,96673,145009,48338,966733
2024-04,CUS-0060,676713,96673,145009,48338,966733
2024-04,CUS-0061,676713,96673,145009,48338,966733
2024-04,CUS-0062,676713,96673,145009,48338,966733
2024-04,CUS-0063,676713,96673,145009,48338,966733
2024-04,CUS-0064,676713,96673,145009,48338,966733
2024-04,CUS-0065,676713,96673,145009,48338,966733
2024-04,CUS-0066,676713,96673,145009,48338,966733
2024-04,CUS-0067,676713,96673,145009,48338,966733
2024-04,CUS-0068,676713,96673,145009,48338,966733
2024-04,CUS-0069,676713,96673,145009,48338,966733
2024-04,CUS-0070,676713,96673,145009,48338,966733
2024-04,CUS-0071,676713,96673,145009,48338,966733
2024-04,CUS-0072,676713,96673,145009,48338,966733
2024-04,CUS-0073,676713,96673,145009,48338,966733
2024-04,CUS-0074,676713,96673,145009,48338,966733
2024-04,CUS-0075,676713,96673,145009,48338,966733
2024-04,CUS-0076,676713,96673,145009,48338,966733
2024-04,CUS-0077,676713,96673,145009,48338,966733
2024-04,CUS-0078,676713,96673,145009,48338,966733
2024-04,CUS-0079,676713,96673,145009,48338,966733
2024-04,CUS-0080,676713,96673,145009,48338,966733
2024-04,CUS-0081,676713,96673,145009,48338,966733
2024-04,CUS-0082,676713,96673,145009,48338,966733
2024-04,CUS-0083,676713,96673,145009,48338,966733
2024-04,CUS-0084,676713,96673,145009,48338,966733
2024-04,CUS-0085,676713,96673,145009,48338,966733
2024-04,CUS-0086,676713,96673,145009,48338,966733
2024-04,CUS-0087,676713,96673,145009,48338,966733
2024-04,CUS-0088,676713,96673,145009,48338,966733
2024-04,CUS-0089,676713,96673,145009,48338,966733
2024-04,CUS-0090,676713,96673,145009,48338,966733
2024-04,CUS-0091,676713,96673,145009,48338,966733
2024-04,CUS-0092,676713,96673,145009,48338,966733
2024-04,CUS-0093,676713,96673,145009,48338,966733
2024-04,CUS-0094,676713,96673,145009,48338,966733
2024-04,CUS-0095,676713,96673,145009,48338,966733
2024-04,CUS-0096,676713,96673,145009,48338,966733
2024-04,CUS-0097,676713,96673,145009,48338,966733
2024-04,CUS-0098,676713,96673,145009,48338,966733
2024-04,CUS-0099,676713,96673,145009,48338,966733
2024-04,CUS-0100,676713,96673,145009,48338,966733
2024-04,CUS-0101,676713,96673,145009,48338,966733
2024-04,CUS-0102,676713,96673,145009,48338,966733
2024-04,CUS-0103,676713,96673,145009,48338,966733
2024-04,CUS-0104,676713,96673,145009,48338,966733
2024-04,CUS-0105,676713,96673,145009,48338,966733
2024-04,CUS-0106,676713,96673,145009,48338,966733
2024-04,CUS-0107,676713,96673,145009,48338,966733
2024-04,CUS-0108,676713,96673,145009,48338,966733
2024-04,CUS-0109,676713,96673,145009,48338,966733
2024-04,CUS-0110,676713,96673,145009,48338,966733
2024-04,CUS-0111,676713,96673,145009,48338,966733
2024-04,CUS-0112,676713,96673,145009,48338,966733
2024-04,CUS-0113,676713,96673,145009,48338,966733
2024-04,CUS-0114,676713,96673,145009,48338,966733
2024-04,CUS-0115,676713,96673,145009,48338,966733
2024-04,CUS-0116,676713,96673,145009,48338,966733
2024-04,CUS-0117,676713,96673,145009,48338,966733
2024-04,CUS-0118,676713,96673,145009,48338,966733
2024-04,CUS-0119,676713,96673,145009,48338,966733
2024-04,CUS-0120,676713,96673,145009,48338,966733
2024-04,CUS-0121,676713,96673,145009,48338,966733
2024-04,CUS-0122,676713,96673,145009,48338,966733
2024-04,CUS-0123,676713,96673,145009,48338,966733
2024-04,CUS-0124,676713,96673,145009,48338,966733
2024-04,CUS-0125,676713,96673,145009,48338,966733
2024-04,CUS-0126,676713,96673,145009,48338,966733
2024-04,CUS-0127,676713,96673,145009,48338,966733
2024-04,CUS-0128,676713,96673,145009,48338,966733
2024-04,CUS-0129,676713,96673,145009,48338,966733
2024-04,CUS-0130,676713,96673,145009,48338,966733
2024-04,CUS-0131,676713,96673,145009,48338,966733
2024-04,CUS-0132,676713,96673,145009,48338,966733
2024-04,CUS-0133,676713,96673,145009,48338,966733
2024-04,CUS-0134,676713,96673,145009,48338,966733
2024-04,CUS-0135,676713,96673,145009,48338,966733
2024-04,CUS-0136,676713,96673,145009,48338,966733
2024-04,CUS-0137,676713,96673,145009,48338,966733
2024-04,CUS-0138,676713,96673,145009,48338,966733
2024-04,CUS-0139,676713,96673,145009,48338,966733
2024-04,CUS-0140,676713,96673,145009,48338,966733
2024-04,CUS-0141,676713,96673,145009,48338,966733
2024-04,CUS-0142,676713,96673,145009,48338,966733
2024-04,CUS-0143,676713,96673,145009,48338,966733
2024-04,CUS-0144,676713,96673,145009,48338,966733
2024-04,CUS-0145,676713,96673,145009,48338,966733
2024-04,CUS-0146,676713,96673,145009,48338,966733
2024-04,CUS-0147,676713,96673,145009,48338,966733
2024-04,CUS-0148,676713,96673,145009,48338,966733
2024-04,CUS-0149,676713,96673,145009,48338,966733
2024-04,CUS-0150,676713,96673,145009,48338,966733
2024-04,CUS-0151,676713,96673,145009,48338,966733
2024-04,CUS-0152,676713,96673,145009,48338,966733
2024-04,CUS-0153,676713,96673,145009,48338,966733
2024-04,CUS-0154,676713,96673,145009,48338,966733
2024-04,CUS-0155,676713,96673,145009,48338,966733
2024-04,CUS-0156,676713,96673,145009,48338,966733
2024-04,CUS-0157,676713,96673,145009,48338,966733
2024-04,CUS-0158,676713,96673,145009,48338,966733
2024-04,CUS-0159,676713,96673,145009,48338,966733
2024-04,CUS-0160,676713,96673,145009,48338,966733
2024-04,CUS-0161,676713,96673,145009,48338,966733
2024-04,CUS-0162,676713,96673,145009,48338,966733
2024-04,CUS-0163,676713,96673,145009,48338,966733
2024-04,CUS-0164,676713,96673,145009,48338,966733
2024-04,CUS-0165,676713,96673,145009,48338,966733
2024-04,CUS-0166,676713,96673,145009,48338,966733
2024-04,CUS-0167,676713,96673,145009,48338,966733
2024-04,CUS-0168,676713,96673,145009,48338,966733
2024-04,CUS-0169,676713,96673,145009,48338,966733
2024-04,CUS-0170,676713,96673,145009,48338,966733
2024-04,CUS-0171,676713,96673,145009,48338,966733
2024-04,CUS-0172,676713,96673,145009,48338,966733
2024-04,CUS-0173,676713,96673,145009,48338,966733
2024-04,CUS-0174,676713,96673,145009,48338,966733
2024-04,CUS-0175,676713,96673,145009,48338,966733
2024-04,CUS-0176,676713,96673,145009,48338,966733
2024-04,CUS-0177,676713,96673,145009,48338,966733
2024-04,CUS-0178,676713,96673,145009,48338,966733
2024-04,CUS-0179,676713,96673,145009,48338,966733
2024-04,CUS-0180,676713,96673,145009,48338,966733
2024-04,CUS-0181,676713,96673,145009,48338,966733
2024-04,CUS-0182,676713,96673,145009,48338,966733
2024-04,CUS-0183,676713,96673,145009,48338,966733
2024-04,CUS-0184,676713,96673,145009,48338,966733
2024-04,CUS-0185,676713,96673,145009,48338,966733
2024-04,CUS-0186,676713,96673,145009,48338,966733
2024-04,CUS-0187,676713,96673,145009,48338,966733
2024-04,CUS-0188,676713,96673,145009,48338,966733
2024-04,CUS-0189,676713,96673,145009,48338,966733
2024-04,CUS-0190,676713,96673,145009,48338,966733
2024-04,CUS-0191,676713,96673,145009,48338,966733
2024-04,CUS-0192,676713,96673,145009,48338,966733
2024-04,CUS-0193,676713,96673,145009,48338,966733
2024-04,CUS-0194,676713,96673,145009,48338,966733
2024-04,CUS-0195,676713,96673,145009,48338,966733
2024-04,CUS-0196,676713,96673,145009,48338,966733
2024-04,CUS-0197,676713,96673,145009,48338,966733
2024-04,CUS-0198,676713,96673,145009,48338,966733
2024-04,CUS-0199,676713,96673,145009,48338,966733
2024-04,CUS-0200,676713,96673,145009,48338,966733
2024-04,CUS-0201,676713,96673,145009,48338,966733
2024-04,CUS-0202,676713,96673,145009,48338,966733
2024-04,CUS-0203,676713,96673,145009,48338,966733
2024-04,CUS-0204,676713,96673,145009,48338,966733
2024-04,CUS-0205,676713,96673,145009,48338,966733
2024-04,CUS-0206,676713,96673,145009,48338,966733
2024-04,CUS-0207,676713,96673,145009,48338,966733
2024-04,CUS-0208,676713,96673,145009,48338,966733
2024-04,CUS-0209,676713,96673,145009,48338,966733
2024-04,CUS-0210,676713,96673,145009,48338,966733
2024-04,CUS-0211,676713,96673,145009,48338,966733
2024-04,CUS-0212,676713,96673,145009,48338,966733
2024-04,CUS-0213,676713,96673,145009,48338,966733
2024-04,CUS-0214,676713,96673,145009,48338,966733
2024-04,CUS-0215,676713,96673,145009,48338,966733
2024-04,CUS-0216,676713,96673,145009,48338,966733
2024-04,CUS-0217,676713,96673,145009,48338,966733
2024-04,CUS-0218,676713,96673,145009,48338,966733
2024-04,CUS-0219,676713,96673,145009,48338,966733
2024-04,CUS-0220,676713,96673,145009,48338,966733
2024-04,CUS-0221,676713,96673,145009,48338,966733
2024-04,CUS-0222,676713,96673,145009,48338,966733
2024-04,CUS-0223,676713,96673,145009,48338,966733
2024-04,CUS-0224,676713,96673,145009,48338,966733
2024-04,CUS-0225,676713,96673,145009,48338,966733
2024-04,CUS-0226,676713,96673,145009,48338,966733
2024-04,CUS-0227,676713,96673,145009,48338,966733
2024-04,CUS-0228,676713,96673,145009,48338,966733
2024-04,CUS-0229,676713,96673,145009,48338,966733
2024-04,CUS-0230,676713,96673,145009,48338,966733
2024-04,CUS-0231,676713,96673,145009,48338,966733
2024-04,CUS-0232,676713,96673,145009,48338,966733
2024-04,CUS-0233,676713,96673,145009,48338,966733
2024-04,CUS-0234,676713,96673,145009,48338,966733
2024-04,CUS-0235,676713,96673,145009,48338,966733
2024-04,CUS-0236,676713,96673,145009,48338,966733
2024-04,CUS-0237,676713,96673,145009,48338,966733
2024-04,CUS-0238,676713,96673,145009,48338,966733
2024-04,CUS-0239,676713,96673,145009,48338,966733
2024-04,CUS-0240,676713,96673,145009,48338,966733
2024-04,CUS-0241,676713,96673,145009,48338,966733
2024-04,CUS-0242,676713,96673,145009,48338,966733
2024-04,CUS-0243,676713,96673,145009,48338,966733
2024-04,CUS-0244,676713,96673,145009,48338,966733
2024-04,CUS-0245,676713,96673,145009,48338,966733
2024-04,CUS-0246,676713,96673,145009,48338,966733
2024-04,CUS-0247,676713,96673,145009,48338,966733
2024-04,CUS-0248,676713,96673,145009,48338,966733
2024-04,CUS-0249,676713,96673,145009,48338,966733
2024-04,CUS-0250,676713,96673,145009,48338,966733
2024-04,CUS-0251,676713,96673,145009,48338,966733
2024-04,CUS-0252,676713,96673,145009,48338,966733
2024-04,CUS-0253,676713,96673,145009,48338,966733
2024-04,CUS-0254,676713,96673,145009,48338,966733
2024-04,CUS-0255,676713,96673,145009,48338,966733
2024-04,CUS-0256,676713,96673,145009,48338,966733
2024-04,CUS-0257,676713,96673,145009,48338,966733
2024-04,CUS-0258,676713,96673,145009,48338,966733
2024-04,CUS-0259,676713,96673,145009,48338,966733
2024-04,CUS-0260,676713,96673,145009,48338,966733
2024-04,CUS-0261,676713,96673,145009,48338,966733
2024-04,CUS-0262,676713,96673,145009,48338,966733
2024-04,CUS-0263,676713,96673,145009,48338,966733
2024-04,CUS-0264,676713,96673,145009,48338,966733
2024-04,CUS-0265,676713,96673,145009,48338,966733
2024-04,CUS-0266,676713,96673,145009,48338,966733
2024-04,CUS-0267,676713,96673,145009,48338,966733
2024-04,CUS-0268,676713,96673,145009,48338,966733
2024-04,CUS-0269,676713,96673,145009,48338,966733
2024-04,CUS-0270,676713,96673,145009,48338,966733
2024-04,CUS-0271,676713,96673,145009,48338,966733
2024-04,CUS-0272,676713,96673,145009,48338,966733
2024-04,CUS-0273,676713,96673,145009,48338,966733
2024-04,CUS-0274,676713,96673,145009,48338,966733
2024-04,CUS-0275,676713,96673,145009,48338,966733
2024-04,CUS-0276,676713,96673,145009,48338,966733
2024-04,CUS-0277,676713,96673,145009,48338,966733
2024-04,CUS-0278,676713,96673,145009,48338,966733
2024-04,CUS-0279,676713,96673,145009,48338,966733
2024-04,CUS-0280,676713,96673,145009,48338,966733
2024-04,CUS-0281,676713,96673,145009,48338,966733
2024-04,CUS-0282,676713,96673,145009,48338,966733
2024-04,CUS-0283,676713,96673,145009,48338,966733
2024-04,CUS-0284,676713,96673,145009,48338,966733
2024-04,CUS-0285,676713,96673,145009,48338,966733
2024-04,CUS-0286,676713,96673,145009,48338,966733
2024-04,CUS-0287,676713,96673,145009,48338,966733
2024-04,CUS-0288,676713,96673,145009,48338,966733
2024-04,CUS-0289,676713,96673,145009,48338,966733
2024-04,CUS-0290,676713,96673,145009,48338,966733
2024-04,CUS-0291,676713,96673,145009,48338,966733
2024-04,CUS-0292,676713,96673,145009,48338,966733
2024-04,CUS-0293,676713,96673,145009,48338,966733
2024-04,CUS-0294,676713,96673,145009,48338,966733
2024-04,CUS-0295,676713,96673,145009,48338,966733
2024-04,CUS-0296,676713,96673,145009,48338,966733
2024-04,CUS-0297,676713,96673,145009,48338,966733
2024-04,CUS-0298,676713,96673,145009,48338,966733
2024-04,CUS-0299,676713,96673,145009,48338,966733
2024-04,CUS-0300,676713,96673,145009,48338,966733
2024-04,CUS-0301,676713,96673,145009,48338,966733
2024-04,CUS-0302,676713,96673,145009,48338,966733
2024-04,CUS-0303,676713,96673,145009,48338,966733
2024-04,CUS-0304,676713,96673,145009,48338,966733
2024-04,CUS-0305,676713,96673,145009,48338,966733
2024-04,CUS-0306,676713,96673,145009,48338,966733
2024-04,CUS-0307,676713,96673,145009,48338,966733
2024-04,CUS-0308,676713,96673,145009,48338,966733
2024-04,CUS-0309,676713,96673,145009,48338,966733
2024-04,CUS-0310,676713,96673,145009,48338,966733
2024-04,CUS-0311,676713,96673,145009,48338,966733
2024-04,CUS-0312,676713,96673,145009,48338,966733
2024-04,CUS-0313,676713,96673,145009,48338,966733
2024-04,CUS-0314,676713,96673,145009,48338,966733
2024-04,CUS-0315,676713,96673,145009,48338,966733
2024-04,CUS-0316,676713,96673,145009,48338,966733
2024-04,CUS-0317,676713,96673,145009,48338,966733
2024-04,CUS-0318,676713,96673,145009,48338,966733
2024-04,CUS-0319,676713,96673,145009,48338,966733
2024-04,CUS-0320,676713,96673,145009,48338,966733
2024-04,CUS-0321,676713,96673,145009,48338,966733
2024-04,CUS-0322,676713,96673,145009,48338,966733
2024-04,CUS-0323,676713,96673,145009,48338,966733
2024-04,CUS-0324,676713,96673,145009,48338,966733
2024-04,CUS-0325,676713,96673,145009,48338,966733
2024-04,CUS-0326,676713,96673,145009,48338,966733
2024-04,CUS-0327,676713,96673,145009,48338,966733
2024-04,CUS-0328,676713,96673,145009,48338,966733
2024-04,CUS-0329,676713,96673,145009,48338,966733
2024-04,CUS-0330,676713,96673,145009,48338,966733
2024-04,CUS-0331,676713,96673,145009,48338,966733
2024-04,CUS-0332,676713,96673,145009,48338,966733
2024-04,CUS-0333,676713,96673,145009,48338,966733
2024-04,CUS-0334,676713,96673,145009,48338,966733
2024-04,CUS-0335,676713,96673,145009,48338,966733
2024-04,CUS-0336,676713,96673,145009,48338,966733
2024-04,CUS-0337,676713,96673,145009,48338,966733
2024-04,CUS-0338,676713,96673,145009,48338,966733
2024-04,CUS-0339,676713,96673,145009,48338,966733
2024-04,CUS-0340,676713,96673,145009,48338,966733
2024-04,CUS-0341,676713,96673,145009,48338,966733
2024-04,CUS-0342,676713,96673,145009,48338,966733
2024-04,CUS-0343,676713,96673,145009,48338,966733
2024-04,CUS-0344,676713,96673,145009,48338,966733
2024-04,CUS-0345,676713,96673,145009,48338,966733
2024-04,CUS-0346,676713,96673,145009,48338,966733
2024-04,CUS-0347,676713,96673,145009,48338,966733
2024-04,CUS-0348,676713,96673,145009,48338,966733
2024-04,CUS-0349,676713,96673,145009,48338,966733
2024-04,CUS-0350,676713,96673,145009,48338,966733
2024-04,CUS-0351,676713,96673,145009,48338,966733
2024-04,CUS-0352,676713,96673,145009,48338,966733
2024-04,CUS-0353,676713,96673,145009,48338,966733
2024-04,CUS-0354,676713,96673,145009,48338,966733
2024-04,CUS-0355,676713,96673,145009,48338,966733
2024-04,CUS-0356,676713,96673,145009,48338,966733
2024-04,CUS-0357,676713,96673,145009,48338,966733
2024-04,CUS-0358,676713,96673,145009,48338,966733
2024-04,CUS-0359,676713,96673,145009,48338,966733
2024-04,CUS-0360,676713,96673,145009,48338,966733
2024-04,CUS-0361,676713,96673,145009,48338,966733
2024-04,CUS-0362,676713,96673,145009,48338,966733
2024-04,CUS-0363,676713,96673,145009,48338,966733
2024-04,CUS-0364,676713,96673,145009,48338,966733
2024-04,CUS-0365,676713,96673,145009,48338,966733
2024-04,CUS-0366,676713,96673,145009,48338,966733
2024-04,CUS-0367,676713,96673,145009,48338,966733
2024-04,CUS-0368,676713,96673,145009,48338,966733
2024-04,CUS-0369,676713,96673,145009,48338,966733
2024-04,CUS-0370,676713,96673,145009,48338,966733
2024-04,CUS-0371,676713,96673,145009,48338,966733
2024-04,CUS-0372,676713,96673,145009,48338,966733
2024-04,CUS-0373,676713,96673,145009,48338,966733
2024-04,CUS-0374,676713,96673,145009,48338,966733
2024-04,CUS-0375,676713,96673,145009,48338,966733
2024-04,CUS-0376,676713,96673,145009,48338,966733
2024-04,CUS-0377,676713,96673,145009,48338,966733
2024-04,CUS-0378,676713,96673,145009,48338,966733
2024-04,CUS-0379,676713,96673,145009,48338,966733
2024-04,CUS-0380,676713,96673,145009,48338,966733
2024-04,CUS-0381,676713,96673,145009,48338,966733
2024-04,CUS-0382,676713,96673,145009,48338,966733
2024-04,CUS-0383,676713,96673,145009,48338,966733
2024-04,CUS-0384,676713,96673,145009,48338,966733
2024-04,CUS-0385,676713,96673,145009,48338,966733
2024-04,CUS-0386,676713,96673,145009,48338,966733
2024-04,CUS-0387,676713,96673,145009,48338,966733
2024-04,CUS-0388,676713,96673,145009,48338,966733
2024-04,CUS-0389,676713,96673,145009,48338,966733
2024-04,CUS-0390,676713,96673,145009,48338,966733
2024-04,CUS-0391,676713,96673,145009,48338,966733
2024-04,CUS-0392,676713,96673,145009,48338,966733
2024-04,CUS-0393,676713,96673,145009,48338,966733
2024-04,CUS-0394,676713,96673,145009,48338,966733
2024-04,CUS-0395,676713,96673,145009,48338,966733
2024-04,CUS-0396,676713,96673,145009,48338,966733
2024-04,CUS-0397,676713,96673,145009,48338,966733
2024-04,CUS-0398,676713,96673,145009,48338,966733
2024-04,CUS-0399,676713,96673,145009,48338,966733
2024-04,CUS-0400,676713,96673,145009,48338,966733
2024-04,CUS-0401,676713,96673,145009,48338,966733
2024-04,CUS-0402,676713,96673,145009,48338,966733
2024-04,CUS-0403,676713,96673,145009,48338,966733
2024-04,CUS-0404,676713,96673,145009,48338,966733
2024-04,CUS-0405,676713,96673,145009,48338,966733
2024-04,CUS-0406,676713,96673,145009,48338,966733
2024-04,CUS-0407,676713,96673,145009,48338,966733
2024-04,CUS-0408,676713,96673,145009,48338,966733
2024-04,CUS-0409,676713,96673,145009,48338,966733
2024-04,CUS-0410,676713,96673,145009,48338,966733
2024-04,CUS-0411,676713,96673,145009,48338,966733
2024-04,CUS-0412,676713,96673,145009,48338,966733
2024-04,CUS-0413,676713,96673,145009,48338,966733
2024-04,CUS-0414,676713,96673,145009,48338,966733
2024-04,CUS-0415,676713,96673,145009,48338,966733
2024-04,CUS-0416,676713,96673,145009,48338,966733
2024-04,CUS-0417,676713,96673,145009,48338,966733
2024-04,CUS-0418,676713,96673,145009,48338,966733
2024-04,CUS-0419,676713,96673,145009,48338,966733
2024-04,CUS-0420,676713,96673,145009,48338,966733
2024-04,CUS-0421,676713,96673,145009,48338,966733
2024-04,CUS-0422,676713,96673,145009,48338,966733
2024-04,CUS-0423,676713,96673,145009,48338,966733
2024-04,CUS-0424,676713,96673,145009,48338,966733
2024-04,CUS-0425,676713,96673,145009,48338,966733
2024-04,CUS-0426,676713,96673,145009,48338,966733
2024-04,CUS-0427,676713,96673,145009,48338,966733
2024-04,CUS-0428,676713,96673,145009,48338,966733
2024-04,CUS-0429,676713,96673,145009,48338,966733
2024-04,CUS-0430,676713,96673,145009,48338,966733
2024-04,CUS-0431,676713,96673,145009,48338,966733
2024-04,CUS-0432,676713,96673,145009,48338,966733
2024-04,CUS-0433,676713,96673,145009,48338,966733
2024-04,CUS-0434,676713,96673,145009,48338,966733
2024-04,CUS-0435,676713,96673,145009,48338,966733
2024-04,CUS-0436,676713,96673,145009,48338,966733
2024-04,CUS-0437,676713,96673,145009,48338,966733
2024-04,CUS-0438,676713,96673,145009,48338,966733
2024-04,CUS-0439,676713,96673,145009,48338,966733
2024-04,CUS-0440,676713,96673,145009,48338,966733
2024-04,CUS-0441,676713,96673,145009,48338,966733
2024-04,CUS-0442,676713,96673,145009,48338,966733
2024-04,CUS-0443,676713,96673,145009,48338,966733
2024-04,CUS-0444,676713,96673,145009,48338,966733
2024-04,CUS-0445,676713,96673,145009,48338,966733
2024-04,CUS-0446,676713,96673,145009,48338,966733
2024-04,CUS-0447,676713,96673,145009,48338,966733
2024-04,CUS-0448,676713,96673,145009,48338,966733
2024-04,CUS-0449,676713,96673,145009,48338,966733
2024-04,CUS-0450,676713,96673,145009,48338,966733
2024-04,CUS-0451,676713,96673,145009,48338,966733
2024-04,CUS-0452,676713,96673,145009,48338,966733
2024-04,CUS-0453,676713,96673,145009,48338,966733
2024-04,CUS-0454,676713,96673,145009,48338,966733
2024-04,CUS-0455,676713,96673,145009,48338,966733
2024-04,CUS-0456,676713,96673,145009,48338,966733
2024-04,CUS-0457,676713,96673,145009,48338,966733
2024-04,CUS-0458,676713,96673,145009,48338,966733
2024-04,CUS-0459,676713,96673,145009,48338,966733
2024-04,CUS-0460,676713,96673,145009,48338,966733
2024-04,CUS-0461,676713,96673,145009,48338,966733
2024-04,CUS-0462,676713,96673,145009,48338,966733
2024-04,CUS-0463,676713,96673,145009,48338,966733
2024-04,CUS-0464,676713,96673,145009,48338,966733
2024-04,CUS-0465,676713,96673,145009,48338,966733
2024-04,CUS-0466,676713,96673,145009,48338,966733
2024-04,CUS-0467,676713,96673,145009,48338,966733
2024-04,CUS-0468,676713,96673,145009,48338,966733
2024-04,CUS-0469,676713,96673,145009,48338,966733
2024-04,CUS-0470,676713,96673,145009,48338,966733
2024-04,CUS-0471,676713,96673,145009,48338,966733
2024-04,CUS-0472,676713,96673,145009,48338,966733
2024-04,CUS-0473,676713,96673,145009,48338,966733
2024-04,CUS-0474,676713,96673,145009,48338,966733
2024-04,CUS-0475,676713,96673,145009,48338,966733
2024-04,CUS-0476,676713,96673,145009,48338,966733
2024-04,CUS-0477,676713,96673,145009,48338,966733
2024-04,CUS-0478,676713,96673,145009,48338,966733
2024-04,CUS-0479,676713,96673,145009,48338,966733
2024-04,CUS-0480,676713,96673,145009,48338,966733
2024-04,CUS-0481,676713,96673,145009,48338,966733
2024-04,CUS-0482,676713,96673,145009,48338,966733
2024-04,CUS-0483,676713,96673,145009,48338,966733
2024-04,CUS-0484,676713,96673,145009,48338,966733
2024-04,CUS-0485,676713,96673,145009,48338,966733
2024-04,CUS-0486,676713,96673,145009,48338,966733
2024-04,CUS-0487,676713,96673,145009,48338,966733
2024-04,CUS-0488,676713,96673,145009,48338,966733
2024-04,CUS-0489,676713,96673,145009,48338,966733
2024-04,CUS-0490,676713,96673,145009,48338,966733
2024-04,CUS-0491,676713,96673,145009,48338,966733
2024-04,CUS-0492,676713,96673,145009,48338,966733
2024-04,CUS-0493,676713,96673,145009,48338,966733
2024-04,CUS-0494,676713,96673,145009,48338,966733
2024-04,CUS-0495,676713,96673,145009,48338,966733
2024-04,CUS-0496,676713,96673,145009,48338,966733
2024-04,CUS-0497,676713,96673,145009,48338,966733
2024-04,CUS-0498,676713,96673,145009,48338,966733
2024-04,CUS-0499,676713,96673,145009,48338,966733
2024-04,CUS-0500,676713,96673,145009,48338,966733
2024-05,CUS-0001,157080000,22440000,33660000,11220000,224400000
2024-05,CUS-0002,686813,98116,147174,49059,981162
2024-05,CUS-0003,686813,98116,147174,49059,981162
2024-05,CUS-0004,686813,98116,147174,49059,981162
2024-05,CUS-0005,686813,98116,147174,49059,981162
2024-05,CUS-0006,686813,98116,147174,49059,981162
2024-05,CUS-0007,686813,98116,147174,49059,981162
2024-05,CUS-0008,686813,98116,147174,49059,981162
2024-05,CUS-0009,686813,98116,147174,49059,981162
2024-05,CUS-0010,686813,98116,147174,49059,981162
2024-05,CUS-0011,686813,98116,147174,49059,981162
2024-05,CUS-0012,686813,98116,147174,49059,981162
2024-05,CUS-0013,686813,98116,147174,49059,981162
2024-05,CUS-0014,686813,98116,147174,49059,981162
2024-05,CUS-0015,686813,98116,147174,49059,981162
2024-05,CUS-0016,686813,98116,147174,49059,981162
2024-05,CUS-0017,686813,98116,147174,49059,981162
2024-05,CUS-0018,686813,98116,147174,49059,981162
2024-05,CUS-0019,686813,98116,147174,49059,981162
2024-05,CUS-0020,686813,98116,147174,49059,981162
2024-05,CUS-0021,686813,98116,147174,49059,981162
2024-05,CUS-0022,686813,98116,147174,49059,981162
2024-05,CUS-0023,686813,98116,147174,49059,981162
2024-05,CUS-0024,686813,98116,147174,49059,981162
2024-05,CUS-0025,686813,98116,147174,49059,981162
2024-05,CUS-0026,686813,98116,147174,49059,981162
2024-05,CUS-0027,686813,98116,147174,49059,981162
2024-05,CUS-0028,686813,98116,147174,49059,981162
2024-05,CUS-0029,686813,98116,147174,49059,981162
2024-05,CUS-0030,686813,98116,147174,49059,981162
2024-05,CUS-0031,686813,98116,147174,49059,981162
2024-05,CUS-0032,686813,98116,147174,49059,981162
2024-05,CUS-0033,686813,98116,147174,49059,981162
2024-05,CUS-0034,686813,98116,147174,49059,981162
2024-05,CUS-0035,686813,98116,147174,49059,981162
2024-05,CUS-0036,686813,98116,147174,49059,981162
2024-05,CUS-0037,686813,98116,147174,49059,981162
2024-05,CUS-0038,686813,98116,147174,49059,981162
2024-05,CUS-0039,686813,98116,147174,49059,981162
2024-05,CUS-0040,686813,98116,147174,49059,981162
2024-05,CUS-0041,686813,98116,147174,49059,981162
2024-05,CUS-0042,686813,98116,147174,49059,981162
2024-05,CUS-0043,686813,98116,147174,49059,981162
2024-05,CUS-0044,686813,98116,147174,49059,981162
2024-05,CUS-0045,686813,98116,147174,49059,981162
2024-05,CUS-0046,686813,98116,147174,49059,981162
2024-05,CUS-0047,686813,98116,147174,49059,981162
2024-05,CUS-0048,686813,98116,147174,49059,981162
2024-05,CUS-0049,686813,98116,147174,49059,981162
2024-05,CUS-0050,686813,98116,147174,49059,981162
2024-05,CUS-0051,686813,98116,147174,49059,981162
2024-05,CUS-0052,686813,98116,147174,49059,981162
2024-05,CUS-0053,686813,98116,147174,49059,981162
2024-05,CUS-0054,686813,98116,147174,49059,981162
2024-05,CUS-0055,686813,98116,147174,49059,981162
2024-05,CUS-0056,686813,98116,147174,49059,981162
2024-05,CUS-0057,686813,98116,147174,49059,981162
2024-05,CUS-0058,686813,98116,147174,49059,981162
2024-05,CUS-0059,686813,98116,147174,49059,981162
2024-05,CUS-0060,686813,98116,147174,49059,981162
2024-05,CUS-0061,686813,98116,147174,49059,981162
2024-05,CUS-0062,686813,98116,147174,49059,981162
2024-05,CUS-0063,686813,98116,147174,49059,981162
2024-05,CUS-0064,686813,98116,147174,49059,981162
2024-05,CUS-0065,686813,98116,147174,49059,981162
2024-05,CUS-0066,686813,98116,147174,49059,981162
2024-05,CUS-0067,686813,98116,147174,49059,981162
2024-05,CUS-0068,686813,98116,147174,49059,981162
2024-05,CUS-0069,686813,98116,147174,49059,981162
2024-05,CUS-0070,686813,98116,147174,49059,981162
2024-05,CUS-0071,686813,98116,147174,49059,981162
2024-05,CUS-0072,686813,98116,147174,49059,981162
2024-05,CUS-0073,686813,98116,147174,49059,981162
2024-05,CUS-0074,686813,98116,147174,49059,981162
2024-05,CUS-0075,686813,98116,147174,49059,981162
2024-05,CUS-0076,686813,98116,147174,49059,981162
2024-05,CUS-0077,686813,98116,147174,49059,981162
2024-05,CUS-0078,686813,98116,147174,49059,981162
2024-05,CUS-0079,686813,98116,147174,49059,981162
2024-05,CUS-0080,686813,98116,147174,49059,981162
2024-05,CUS-0081,686813,98116,147174,49059,981162
2024-05,CUS-0082,686813,98116,147174,49059,981162
2024-05,CUS-0083,686813,98116,147174,49059,981162
2024-05,CUS-0084,686813,98116,147174,49059,981162
2024-05,CUS-0085,686813,98116,147174,49059,981162
2024-05,CUS-0086,686813,98116,147174,49059,981162
2024-05,CUS-0087,686813,98116,147174,49059,981162
2024-05,CUS-0088,686813,98116,147174,49059,981162
2024-05,CUS-0089,686813,98116,147174,49059,981162
2024-05,CUS-0090,686813,98116,147174,49059,981162
2024-05,CUS-0091,686813,98116,147174,49059,981162
2024-05,CUS-0092,686813,98116,147174,49059,981162
2024-05,CUS-0093,686813,98116,147174,49059,981162
2024-05,CUS-0094,686813,98116,147174,49059,981162
2024-05,CUS-0095,686813,98116,147174,49059,981162
2024-05,CUS-0096,686813,98116,147174,49059,981162
2024-05,CUS-0097,686813,98116,147174,49059,981162
2024-05,CUS-0098,686813,98116,147174,49059,981162
2024-05,CUS-0099,686813,98116,147174,49059,981162
2024-05,CUS-0100,686813,98116,147174,49059,981162
2024-05,CUS-0101,686813,98116,147174,49059,981162
2024-05,CUS-0102,686813,98116,147174,49059,981162
2024-05,CUS-0103,686813,98116,147174,49059,981162
2024-05,CUS-0104,686813,98116,147174,49059,981162
2024-05,CUS-0105,686813,98116,147174,49059,981162
2024-05,CUS-0106,686813,98116,147174,49059,981162
2024-05,CUS-0107,686813,98116,147174,49059,981162
2024-05,CUS-0108,686813,98116,147174,49059,981162
2024-05,CUS-0109,686813,98116,147174,49059,981162
2024-05,CUS-0110,686813,98116,147174,49059,981162
2024-05,CUS-0111,686813,98116,147174,49059,981162
2024-05,CUS-0112,686813,98116,147174,49059,981162
2024-05,CUS-0113,686813,98116,147174,49059,981162
2024-05,CUS-0114,686813,98116,147174,49059,981162
2024-05,CUS-0115,686813,98116,147174,49059,981162
2024-05,CUS-0116,686813,98116,147174,49059,981162
2024-05,CUS-0117,686813,98116,147174,49059,981162
2024-05,CUS-0118,686813,98116,147174,49059,981162
2024-05,CUS-0119,686813,98116,147174,49059,981162
2024-05,CUS-0120,686813,98116,147174,49059,981162
2024-05,CUS-0121,686813,98116,147174,49059,981162
2024-05,CUS-0122,686813,98116,147174,49059,981162
2024-05,CUS-0123,686813,98116,147174,49059,981162
2024-05,CUS-0124,686813,98116,147174,49059,981162
2024-05,CUS-0125,686813,98116,147174,49059,981162
2024-05,CUS-0126,686813,98116,147174,49059,981162
2024-05,CUS-0127,686813,98116,147174,49059,981162
2024-05,CUS-0128,686813,98116,147174,49059,981162
2024-05,CUS-0129,686813,98116,147174,49059,981162
2024-05,CUS-0130,686813,98116,147174,49059,981162
2024-05,CUS-0131,686813,98116,147174,49059,981162
2024-05,CUS-0132,686813,98116,147174,49059,981162
2024-05,CUS-0133,686813,98116,147174,49059,981162
2024-05,CUS-0134,686813,98116,147174,49059,981162
2024-05,CUS-0135,686813,98116,147174,49059,981162
2024-05,CUS-0136,686813,98116,147174,49059,981162
2024-05,CUS-0137,686813,98116,147174,49059,981162
2024-05,CUS-0138,686813,98116,147174,49059,981162
2024-05,CUS-0139,686813,98116,147174,49059,981162
2024-05,CUS-0140,686813,98116,147174,49059,981162
2024-05,CUS-0141,686813,98116,147174,49059,981162
2024-05,CUS-0142,686813,98116,147174,49059,981162
2024-05,CUS-0143,686813,98116,147174,49059,981162
2024-05,CUS-0144,686813,98116,147174,49059,981162
2024-05,CUS-0145,686813,98116,147174,49059,981162
2024-05,CUS-0146,686813,98116,147174,49059,981162
2024-05,CUS-0147,686813,98116,147174,49059,981162
2024-05,CUS-0148,686813,98116,147174,49059,981162
2024-05,CUS-0149,686813,98116,147174,49059,981162
2024-05,CUS-0150,686813,98116,147174,49059,981162
2024-05,CUS-0151,686813,98116,147174,49059,981162
2024-05,CUS-0152,686813,98116,147174,49059,981162
2024-05,CUS-0153,686813,98116,147174,49059,981162
2024-05,CUS-0154,686813,98116,147174,49059,981162
2024-05,CUS-0155,686813,98116,147174,49059,981162
2024-05,CUS-0156,686813,98116,147174,49059,981162
2024-05,CUS-0157,686813,98116,147174,49059,981162
2024-05,CUS-0158,686813,98116,147174,49059,981162
2024-05,CUS-0159,686813,98116,147174,49059,981162
2024-05,CUS-0160,686813,98116,147174,49059,981162
2024-05,CUS-0161,686813,98116,147174,49059,981162
2024-05,CUS-0162,686813,98116,147174,49059,981162
2024-05,CUS-0163,686813,98116,147174,49059,981162
2024-05,CUS-0164,686813,98116,147174,49059,981162
2024-05,CUS-0165,686813,98116,147174,49059,981162
2024-05,CUS-0166,686813,98116,147174,49059,981162
2024-05,CUS-0167,686813,98116,147174,49059,981162
2024-05,CUS-0168,686813,98116,147174,49059,981162
2024-05,CUS-0169,686813,98116,147174,49059,981162
2024-05,CUS-0170,686813,98116,147174,49059,981162
2024-05,CUS-0171,686813,98116,147174,49059,981162
2024-05,CUS-0172,686813,98116,147174,49059,981162
2024-05,CUS-0173,686813,98116,147174,49059,981162
2024-05,CUS-0174,686813,98116,147174,49059,981162
2024-05,CUS-0175,686813,98116,147174,49059,981162
2024-05,CUS-0176,686813,98116,147174,49059,981162
2024-05,CUS-0177,686813,98116,147174,49059,981162
2024-05,CUS-0178,686813,98116,147174,49059,981162
2024-05,CUS-0179,686813,98116,147174,49059,981162
2024-05,CUS-0180,686813,98116,147174,49059,981162
2024-05,CUS-0181,686813,98116,147174,49059,981162
2024-05,CUS-0182,686813,98116,147174,49059,981162
2024-05,CUS-0183,686813,98116,147174,49059,981162
2024-05,CUS-0184,686813,98116,147174,49059,981162
2024-05,CUS-0185,686813,98116,147174,49059,981162
2024-05,CUS-0186,686813,98116,147174,49059,981162
2024-05,CUS-0187,686813,98116,147174,49059,981162
2024-05,CUS-0188,686813,98116,147174,49059,981162
2024-05,CUS-0189,686813,98116,147174,49059,981162
2024-05,CUS-0190,686813,98116,147174,49059,981162
2024-05,CUS-0191,686813,98116,147174,49059,981162
2024-05,CUS-0192,686813,98116,147174,49059,981162
2024-05,CUS-0193,686813,98116,147174,49059,981162
2024-05,CUS-0194,686813,98116,147174,49059,981162
2024-05,CUS-0195,686813,98116,147174,49059,981162
2024-05,CUS-0196,686813,98116,147174,49059,981162
2024-05,CUS-0197,686813,98116,147174,49059,981162
2024-05,CUS-0198,686813,98116,147174,49059,981162
2024-05,CUS-0199,686813,98116,147174,49059,981162
2024-05,CUS-0200,686813,98116,147174,49059,981162
2024-05,CUS-0201,686813,98116,147174,49059,981162
2024-05,CUS-0202,686813,98116,147174,49059,981162
2024-05,CUS-0203,686813,98116,147174,49059,981162
2024-05,CUS-0204,686813,98116,147174,49059,981162
2024-05,CUS-0205,686813,98116,147174,49059,981162
2024-05,CUS-0206,686813,98116,147174,49059,981162
2024-05,CUS-0207,686813,98116,147174,49059,981162
2024-05,CUS-0208,686813,98116,147174,49059,981162
2024-05,CUS-0209,686813,98116,147174,49059,981162
2024-05,CUS-0210,686813,98116,147174,49059,981162
2024-05,CUS-0211,686813,98116,147174,49059,981162
2024-05,CUS-0212,686813,98116,147174,49059,981162
2024-05,CUS-0213,686813,98116,147174,49059,981162
2024-05,CUS-0214,686813,98116,147174,49059,981162
2024-05,CUS-0215,686813,98116,147174,49059,981162
2024-05,CUS-0216,686813,98116,147174,49059,981162
2024-05,CUS-0217,686813,98116,147174,49059,981162
2024-05,CUS-0218,686813,98116,147174,49059,981162
2024-05,CUS-0219,686813,98116,147174,49059,981162
2024-05,CUS-0220,686813,98116,147174,49059,981162
2024-05,CUS-0221,686813,98116,147174,49059,981162
2024-05,CUS-0222,686813,98116,147174,49059,981162
2024-05,CUS-0223,686813,98116,147174,49059,981162
2024-05,CUS-0224,686813,98116,147174,49059,981162
2024-05,CUS-0225,686813,98116,147174,49059,981162
2024-05,CUS-0226,686813,98116,147174,49059,981162
2024-05,CUS-0227,686813,98116,147174,49059,981162
2024-05,CUS-0228,686813,98116,147174,49059,981162
2024-05,CUS-0229,686813,98116,147174,49059,981162
2024-05,CUS-0230,686813,98116,147174,49059,981162
2024-05,CUS-0231,686813,98116,147174,49059,981162
2024-05,CUS-0232,686813,98116,147174,49059,981162
2024-05,CUS-0233,686813,98116,147174,49059,981162
2024-05,CUS-0234,686813,98116,147174,49059,981162
2024-05,CUS-0235,686813,98116,147174,49059,981162
2024-05,CUS-0236,686813,98116,147174,49059,981162
2024-05,CUS-0237,686813,98116,147174,49059,981162
2024-05,CUS-0238,686813,98116,147174,49059,981162
2024-05,CUS-0239,686813,98116,147174,49059,981162
2024-05,CUS-0240,686813,98116,147174,49059,981162
2024-05,CUS-0241,686813,98116,147174,49059,981162
2024-05,CUS-0242,686813,98116,147174,49059,981162
2024-05,CUS-0243,686813,98116,147174,49059,981162
2024-05,CUS-0244,686813,98116,147174,49059,981162
2024-05,CUS-0245,686813,98116,147174,49059,981162
2024-05,CUS-0246,686813,98116,147174,49059,981162
2024-05,CUS-0247,686813,98116,147174,49059,981162
2024-05,CUS-0248,686813,98116,147174,49059,981162
2024-05,CUS-0249,686813,98116,147174,49059,981162
2024-05,CUS-0250,686813,98116,147174,49059,981162
2024-05,CUS-0251,686813,98116,147174,49059,981162
2024-05,CUS-0252,686813,98116,147174,49059,981162
2024-05,CUS-0253,686813,98116,147174,49059,981162
2024-05,CUS-0254,686813,98116,147174,49059,981162
2024-05,CUS-0255,686813,98116,147174,49059,981162
2024-05,CUS-0256,686813,98116,147174,49059,981162
2024-05,CUS-0257,686813,98116,147174,49059,981162
2024-05,CUS-0258,686813,98116,147174,49059,981162
2024-05,CUS-0259,686813,98116,147174,49059,981162
2024-05,CUS-0260,686813,98116,147174,49059,981162
2024-05,CUS-0261,686813,98116,147174,49059,981162
2024-05,CUS-0262,686813,98116,147174,49059,981162
2024-05,CUS-0263,686813,98116,147174,49059,981162
2024-05,CUS-0264,686813,98116,147174,49059,981162
2024-05,CUS-0265,686813,98116,147174,49059,981162
2024-05,CUS-0266,686813,98116,147174,49059,981162
2024-05,CUS-0267,686813,98116,147174,49059,981162
2024-05,CUS-0268,686813,98116,147174,49059,981162
2024-05,CUS-0269,686813,98116,147174,49059,981162
2024-05,CUS-0270,686813,98116,147174,49059,981162
2024-05,CUS-0271,686813,98116,147174,49059,981162
2024-05,CUS-0272,686813,98116,147174,49059,981162
2024-05,CUS-0273,686813,98116,147174,49059,981162
2024-05,CUS-0274,686813,98116,147174,49059,981162
2024-05,CUS-0275,686813,98116,147174,49059,981162
2024-05,CUS-0276,686813,98116,147174,49059,981162
2024-05,CUS-0277,686813,98116,147174,49059,981162
2024-05,CUS-0278,686813,98116,147174,49059,981162
2024-05,CUS-0279,686813,98116,147174,49059,981162
2024-05,CUS-0280,686813,98116,147174,49059,981162
2024-05,CUS-0281,686813,98116,147174,49059,981162
2024-05,CUS-0282,686813,98116,147174,49059,981162
2024-05,CUS-0283,686813,98116,147174,49059,981162
2024-05,CUS-0284,686813,98116,147174,49059,981162
2024-05,CUS-0285,686813,98116,147174,49059,981162
2024-05,CUS-0286,686813,98116,147174,49059,981162
2024-05,CUS-0287,686813,98116,147174,49059,981162
2024-05,CUS-0288,686813,98116,147174,49059,981162
2024-05,CUS-0289,686813,98116,147174,49059,981162
2024-05,CUS-0290,686813,98116,147174,49059,981162
2024-05,CUS-0291,686813,98116,147174,49059,981162
2024-05,CUS-0292,686813,98116,147174,49059,981162
2024-05,CUS-0293,686813,98116,147174,49059,981162
2024-05,CUS-0294,686813,98116,147174,49059,981162
2024-05,CUS-0295,686813,98116,147174,49059,981162
2024-05,CUS-0296,686813,98116,147174,49059,981162
2024-05,CUS-0297,686813,98116,147174,49059,981162
2024-05,CUS-0298,686813,98116,147174,49059,981162
2024-05,CUS-0299,686813,98116,147174,49059,981162
2024-05,CUS-0300,686813,98116,147174,49059,981162
2024-05,CUS-0301,686813,98116,147174,49059,981162
2024-05,CUS-0302,686813,98116,147174,49059,981162
2024-05,CUS-0303,686813,98116,147174,49059,981162
2024-05,CUS-0304,686813,98116,147174,49059,981162
2024-05,CUS-0305,686813,98116,147174,49059,981162
2024-05,CUS-0306,686813,98116,147174,49059,981162
2024-05,CUS-0307,686813,98116,147174,49059,981162
2024-05,CUS-0308,686813,98116,147174,49059,981162
2024-05,CUS-0309,686813,98116,147174,49059,981162
2024-05,CUS-0310,686813,98116,147174,49059,981162
2024-05,CUS-0311,686813,98116,147174,49059,981162
2024-05,CUS-0312,686813,98116,147174,49059,981162
2024-05,CUS-0313,686813,98116,147174,49059,981162
2024-05,CUS-0314,686813,98116,147174,49059,981162
2024-05,CUS-0315,686813,98116,147174,49059,981162
2024-05,CUS-0316,686813,98116,147174,49059,981162
2024-05,CUS-0317,686813,98116,147174,49059,981162
2024-05,CUS-0318,686813,98116,147174,49059,981162
2024-05,CUS-0319,686813,98116,147174,49059,981162
2024-05,CUS-0320,686813,98116,147174,49059,981162
2024-05,CUS-0321,686813,98116,147174,49059,981162
2024-05,CUS-0322,686813,98116,147174,49059,981162
2024-05,CUS-0323,686813,98116,147174,49059,981162
2024-05,CUS-0324,686813,98116,147174,49059,981162
2024-05,CUS-0325,686813,98116,147174,49059,981162
2024-05,CUS-0326,686813,98116,147174,49059,981162
2024-05,CUS-0327,686813,98116,147174,49059,981162
2024-05,CUS-0328,686813,98116,147174,49059,981162
2024-05,CUS-0329,686813,98116,147174,49059,981162
2024-05,CUS-0330,686813,98116,147174,49059,981162
2024-05,CUS-0331,686813,98116,147174,49059,981162
2024-05,CUS-0332,686813,98116,147174,49059,981162
2024-05,CUS-0333,686813,98116,147174,49059,981162
2024-05,CUS-0334,686813,98116,147174,49059,981162
2024-05,CUS-0335,686813,98116,147174,49059,981162
2024-05,CUS-0336,686813,98116,147174,49059,981162
2024-05,CUS-0337,686813,98116,147174,49059,981162
2024-05,CUS-0338,686813,98116,147174,49059,981162
2024-05,CUS-0339,686813,98116,147174,49059,981162
2024-05,CUS-0340,686813,98116,147174,49059,981162
2024-05,CUS-0341,686813,98116,147174,49059,981162
2024-05,CUS-0342,686813,98116,147174,49059,981162
2024-05,CUS-0343,686813,98116,147174,49059,981162
2024-05,CUS-0344,686813,98116,147174,49059,981162
2024-05,CUS-0345,686813,98116,147174,49059,981162
2024-05,CUS-0346,686813,98116,147174,49059,981162
2024-05,CUS-0347,686813,98116,147174,49059,981162
2024-05,CUS-0348,686813,98116,147174,49059,981162
2024-05,CUS-0349,686813,98116,147174,49059,981162
2024-05,CUS-0350,686813,98116,147174,49059,981162
2024-05,CUS-0351,686813,98116,147174,49059,981162
2024-05,CUS-0352,686813,98116,147174,49059,981162
2024-05,CUS-0353,686813,98116,147174,49059,981162
2024-05,CUS-0354,686813,98116,147174,49059,981162
2024-05,CUS-0355,686813,98116,147174,49059,981162
2024-05,CUS-0356,686813,98116,147174,49059,981162
2024-05,CUS-0357,686813,98116,147174,49059,981162
2024-05,CUS-0358,686813,98116,147174,49059,981162
2024-05,CUS-0359,686813,98116,147174,49059,981162
2024-05,CUS-0360,686813,98116,147174,49059,981162
2024-05,CUS-0361,686813,98116,147174,49059,981162
2024-05,CUS-0362,686813,98116,147174,49059,981162
2024-05,CUS-0363,686813,98116,147174,49059,981162
2024-05,CUS-0364,686813,98116,147174,49059,981162
2024-05,CUS-0365,686813,98116,147174,49059,981162
2024-05,CUS-0366,686813,98116,147174,49059,981162
2024-05,CUS-0367,686813,98116,147174,49059,981162
2024-05,CUS-0368,686813,98116,147174,49059,981162
2024-05,CUS-0369,686813,98116,147174,49059,981162
2024-05,CUS-0370,686813,98116,147174,49059,981162
2024-05,CUS-0371,686813,98116,147174,49059,981162
2024-05,CUS-0372,686813,98116,147174,49059,981162
2024-05,CUS-0373,686813,98116,147174,49059,981162
2024-05,CUS-0374,686813,98116,147174,49059,981162
2024-05,CUS-0375,686813,98116,147174,49059,981162
2024-05,CUS-0376,686813,98116,147174,49059,981162
2024-05,CUS-0377,686813,98116,147174,49059,981162
2024-05,CUS-0378,686813,98116,147174,49059,981162
2024-05,CUS-0379,686813,98116,147174,49059,981162
2024-05,CUS-0380,686813,98116,147174,49059,981162
2024-05,CUS-0381,686813,98116,147174,49059,981162
2024-05,CUS-0382,686813,98116,147174,49059,981162
2024-05,CUS-0383,686813,98116,147174,49059,981162
2024-05,CUS-0384,686813,98116,147174,49059,981162
2024-05,CUS-0385,686813,98116,147174,49059,981162
2024-05,CUS-0386,686813,98116,147174,49059,981162
2024-05,CUS-0387,686813,98116,147174,49059,981162
2024-05,CUS-0388,686813,98116,147174,49059,981162
2024-05,CUS-0389,686813,98116,147174,49059,981162
2024-05,CUS-0390,686813,98116,147174,49059,981162
2024-05,CUS-0391,686813,98116,147174,49059,981162
2024-05,CUS-0392,686813,98116,147174,49059,981162
2024-05,CUS-0393,686813,98116,147174,49059,981162
2024-05,CUS-0394,686813,98116,147174,49059,981162
2024-05,CUS-0395,686813,98116,147174,49059,981162
2024-05,CUS-0396,686813,98116,147174,49059,981162
2024-05,CUS-0397,686813,98116,147174,49059,981162
2024-05,CUS-0398,686813,98116,147174,49059,981162
2024-05,CUS-0399,686813,98116,147174,49059,981162
2024-05,CUS-0400,686813,98116,147174,49059,981162
2024-05,CUS-0401,686813,98116,147174,49059,981162
2024-05,CUS-0402,686813,98116,147174,49059,981162
2024-05,CUS-0403,686813,98116,147174,49059,981162
2024-05,CUS-0404,686813,98116,147174,49059,981162
2024-05,CUS-0405,686813,98116,147174,49059,981162
2024-05,CUS-0406,686813,98116,147174,49059,981162
2024-05,CUS-0407,686813,98116,147174,49059,981162
2024-05,CUS-0408,686813,98116,147174,49059,981162
2024-05,CUS-0409,686813,98116,147174,49059,981162
2024-05,CUS-0410,686813,98116,147174,49059,981162
2024-05,CUS-0411,686813,98116,147174,49059,981162
2024-05,CUS-0412,686813,98116,147174,49059,981162
2024-05,CUS-0413,686813,98116,147174,49059,981162
2024-05,CUS-0414,686813,98116,147174,49059,981162
2024-05,CUS-0415,686813,98116,147174,49059,981162
2024-05,CUS-0416,686813,98116,147174,49059,981162
2024-05,CUS-0417,686813,98116,147174,49059,981162
2024-05,CUS-0418,686813,98116,147174,49059,981162
2024-05,CUS-0419,686813,98116,147174,49059,981162
2024-05,CUS-0420,686813,98116,147174,49059,981162
2024-05,CUS-0421,686813,98116,147174,49059,981162
2024-05,CUS-0422,686813,98116,147174,49059,981162
2024-05,CUS-0423,686813,98116,147174,49059,981162
2024-05,CUS-0424,686813,98116,147174,49059,981162
2024-05,CUS-0425,686813,98116,147174,49059,981162
2024-05,CUS-0426,686813,98116,147174,49059,981162
2024-05,CUS-0427,686813,98116,147174,49059,981162
2024-05,CUS-0428,686813,98116,147174,49059,981162
2024-05,CUS-0429,686813,98116,147174,49059,981162
2024-05,CUS-0430,686813,98116,147174,49059,981162
2024-05,CUS-0431,686813,98116,147174,49059,981162
2024-05,CUS-0432,686813,98116,147174,49059,981162
2024-05,CUS-0433,686813,98116,147174,49059,981162
2024-05,CUS-0434,686813,98116,147174,49059,981162
2024-05,CUS-0435,686813,98116,147174,49059,981162
2024-05,CUS-0436,686813,98116,147174,49059,981162
2024-05,CUS-0437,686813,98116,147174,49059,981162
2024-05,CUS-0438,686813,98116,147174,49059,981162
2024-05,CUS-0439,686813,98116,147174,49059,981162
2024-05,CUS-0440,686813,98116,147174,49059,981162
2024-05,CUS-0441,686813,98116,147174,49059,981162
2024-05,CUS-0442,686813,98116,147174,49059,981162
2024-05,CUS-0443,686813,98116,147174,49059,981162
2024-05,CUS-0444,686813,98116,147174,49059,981162
2024-05,CUS-0445,686813,98116,147174,49059,981162
2024-05,CUS-0446,686813,98116,147174,49059,981162
2024-05,CUS-0447,686813,98116,147174,49059,981162
2024-05,CUS-0448,686813,98116,147174,49059,981162
2024-05,CUS-0449,686813,98116,147174,49059,981162
2024-05,CUS-0450,686813,98116,147174,49059,981162
2024-05,CUS-0451,686813,98116,147174,49059,981162
2024-05,CUS-0452,686813,98116,147174,49059,981162
2024-05,CUS-0453,686813,98116,147174,49059,981162
2024-05,CUS-0454,686813,98116,147174,49059,981162
2024-05,CUS-0455,686813,98116,147174,49059,981162
2024-05,CUS-0456,686813,98116,147174,49059,981162
2024-05,CUS-0457,686813,98116,147174,49059,981162
2024-05,CUS-0458,686813,98116,147174,49059,981162
2024-05,CUS-0459,686813,98116,147174,49059,981162
2024-05,CUS-0460,686813,98116,147174,49059,981162
2024-05,CUS-0461,686813,98116,147174,49059,981162
2024-05,CUS-0462,686813,98116,147174,49059,981162
2024-05,CUS-0463,686813,98116,147174,49059,981162
2024-05,CUS-0464,686813,98116,147174,49059,981162
2024-05,CUS-0465,686813,98116,147174,49059,981162
2024-05,CUS-0466,686813,98116,147174,49059,981162
2024-05,CUS-0467,686813,98116,147174,49059,981162
2024-05,CUS-0468,686813,98116,147174,49059,981162
2024-05,CUS-0469,686813,98116,147174,49059,981162
2024-05,CUS-0470,686813,98116,147174,49059,981162
2024-05,CUS-0471,686813,98116,147174,49059,981162
2024-05,CUS-0472,686813,98116,147174,49059,981162
2024-05,CUS-0473,686813,98116,147174,49059,981162
2024-05,CUS-0474,686813,98116,147174,49059,981162
2024-05,CUS-0475,686813,98116,147174,49059,981162
2024-05,CUS-0476,686813,98116,147174,49059,981162
2024-05,CUS-0477,686813,98116,147174,49059,981162
2024-05,CUS-0478,686813,98116,147174,49059,981162
2024-05,CUS-0479,686813,98116,147174,49059,981162
2024-05,CUS-0480,686813,98116,147174,49059,981162
2024-05,CUS-0481,686813,98116,147174,49059,981162
2024-05,CUS-0482,686813,98116,147174,49059,981162
2024-05,CUS-0483,686813,98116,147174,49059,981162
2024-05,CUS-0484,686813,98116,147174,49059,981162
2024-05,CUS-0485,686813,98116,147174,49059,981162
2024-05,CUS-0486,686813,98116,147174,49059,981162
2024-05,CUS-0487,686813,98116,147174,49059,981162
2024-05,CUS-0488,686813,98116,147174,49059,981162
2024-05,CUS-0489,686813,98116,147174,49059,981162
2024-05,CUS-0490,686813,98116,147174,49059,981162
2024-05,CUS-0491,686813,98116,147174,49059,981162
2024-05,CUS-0492,686813,98116,147174,49059,981162
2024-05,CUS-0493,686813,98116,147174,49059,981162
2024-05,CUS-0494,686813,98116,147174,49059,981162
2024-05,CUS-0495,686813,98116,147174,49059,981162
2024-05,CUS-0496,686813,98116,147174,49059,981162
2024-05,CUS-0497,686813,98116,147174,49059,981162
2024-05,CUS-0498,686813,98116,147174,49059,981162
2024-05,CUS-0499,686813,98116,147174,49059,981162
2024-05,CUS-0500,686813,98116,147174,49059,981162
2024-06,CUS-0001,159390000,22770000,34155000,11385000,227700000
2024-06,CUS-0002,696913,99559,149338,49780,995590
2024-06,CUS-0003,696913,99559,149338,49780,995590
2024-06,CUS-0004,696913,99559,149338,49780,995590
2024-06,CUS-0005,696913,99559,149338,49780,995590
2024-06,CUS-0006,696913,99559,149338,49780,995590
2024-06,CUS-0007,696913,99559,149338,49780,995590
2024-06,CUS-0008,696913,99559,149338,49780,995590
2024-06,CUS-0009,696913,99559,149338,49780,995590
2024-06,CUS-0010,696913,99559,149338,49780,995590
2024-06,CUS-0011,696913,99559,149338,49780,995590
2024-06,CUS-0012,696913,99559,149338,49780,995590
2024-06,CUS-0013,696913,99559,149338,49780,995590
2024-06,CUS-0014,696913,99559,149338,49780,995590
2024-06,CUS-0015,696913,99559,149338,49780,995590
2024-06,CUS-0016,696913,99559,149338,49780,995590
2024-06,CUS-0017,696913,99559,149338,49780,995590
2024-06,CUS-0018,696913,99559,149338,49780,995590
2024-06,CUS-0019,696913,99559,149338,49780,995590
2024-06,CUS-0020,696913,99559,149338,49780,995590
2024-06,CUS-0021,696913,99559,149338,49780,995590
2024-06,CUS-0022,696913,99559,149338,49780,995590
2024-06,CUS-0023,696913,99559,149338,49780,995590
2024-06,CUS-0024,696913,99559,149338,49780,995590
2024-06,CUS-0025,696913,99559,149338,49780,995590
2024-06,CUS-0026,696913,99559,149338,49780,995590
2024-06,CUS-0027,696913,99559,149338,49780,995590
2024-06,CUS-0028,696913,99559,149338,49780,995590
2024-06,CUS-0029,696913,99559,149338,49780,995590
2024-06,CUS-0030,696913,99559,149338,49780,995590
2024-06,CUS-0031,696913,99559,149338,49780,995590
2024-06,CUS-0032,696913,99559,149338,49780,995590
2024-06,CUS-0033,696913,99559,149338,49780,995590
2024-06,CUS-0034,696913,99559,149338,49780,995590
2024-06,CUS-0035,696913,99559,149338,49780,995590
2024-06,CUS-0036,696913,99559,149338,49780,995590
2024-06,CUS-0037,696913,99559,149338,49780,995590
2024-06,CUS-0038,696913,99559,149338,49780,995590
2024-06,CUS-0039,696913,99559,149338,49780,995590
2024-06,CUS-0040,696913,99559,149338,49780,995590
2024-06,CUS-0041,696913,99559,149338,49780,995590
2024-06,CUS-0042,696913,99559,149338,49780,995590
2024-06,CUS-0043,696913,99559,149338,49780,995590
2024-06,CUS-0044,696913,99559,149338,49780,995590
2024-06,CUS-0045,696913,99559,149338,49780,995590
2024-06,CUS-0046,696913,99559,149338,49780,995590
2024-06,CUS-0047,696913,99559,149338,49780,995590
2024-06,CUS-0048,696913,99559,149338,49780,995590
2024-06,CUS-0049,696913,99559,149338,49780,995590
2024-06,CUS-0050,696913,99559,149338,49780,995590
2024-06,CUS-0051,696913,99559,149338,49780,995590
2024-06,CUS-0052,696913,99559,149338,49780,995590
2024-06,CUS-0053,696913,99559,149338,49780,995590
2024-06,CUS-0054,696913,99559,149338,49780,995590
2024-06,CUS-0055,696913,99559,149338,49780,995590
2024-06,CUS-0056,696913,99559,149338,49780,995590
2024-06,CUS-0057,696913,99559,149338,49780,995590
2024-06,CUS-0058,696913,99559,149338,49780,995590
2024-06,CUS-0059,696913,99559,149338,49780,995590
2024-06,CUS-0060,696913,99559,149338,49780,995590
2024-06,CUS-0061,696913,99559,149338,49780,995590
2024-06,CUS-0062,696913,99559,149338,49780,995590
2024-06,CUS-0063,696913,99559,149338,49780,995590
2024-06,CUS-0064,696913,99559,149338,49780,995590
2024-06,CUS-0065,696913,99559,149338,49780,995590
2024-06,CUS-0066,696913,99559,149338,49780,995590
2024-06,CUS-0067,696913,99559,149338,49780,995590
2024-06,CUS-0068,696913,99559,149338,49780,995590
2024-06,CUS-0069,696913,99559,149338,49780,995590
2024-06,CUS-0070,696913,99559,149338,49780,995590
2024-06,CUS-0071,696913,99559,149338,49780,995590
2024-06,CUS-0072,696913,99559,149338,49780,995590
2024-06,CUS-0073,696913,99559,149338,49780,995590
2024-06,CUS-0074,696913,99559,149338,49780,995590
2024-06,CUS-0075,696913,99559,149338,49780,995590
2024-06,CUS-0076,696913,99559,149338,49780,995590
2024-06,CUS-0077,696913,99559,149338,49780,995590
2024-06,CUS-0078,696913,99559,149338,49780,995590
2024-06,CUS-0079,696913,99559,149338,49780,995590
2024-06,CUS-0080,696913,99559,149338,49780,995590
2024-06,CUS-0081,696913,99559,149338,49780,995590
2024-06,CUS-0082,696913,99559,149338,49780,995590
2024-06,CUS-0083,696913,99559,149338,49780,995590
2024-06,CUS-0084,696913,99559,149338,49780,995590
2024-06,CUS-0085,696913,99559,149338,49780,995590
2024-06,CUS-0086,696913,99559,149338,49780,995590
2024-06,CUS-0087,696913,99559,149338,49780,995590
2024-06,CUS-0088,696913,99559,149338,49780,995590
2024-06,CUS-0089,696913,99559,149338,49780,995590
2024-06,CUS-0090,696913,99559,149338,49780,995590
2024-06,CUS-0091,696913,99559,149338,49780,995590
2024-06,CUS-0092,696913,99559,149338,49780,995590
2024-06,CUS-0093,696913,99559,149338,49780,995590
2024-06,CUS-0094,696913,99559,149338,49780,995590
2024-06,CUS-0095,696913,99559,149338,49780,995590
2024-06,CUS-0096,696913,99559,149338,49780,995590
2024-06,CUS-0097,696913,99559,149338,49780,995590
2024-06,CUS-0098,696913,99559,149338,49780,995590
2024-06,CUS-0099,696913,99559,149338,49780,995590
2024-06,CUS-0100,696913,99559,149338,49780,995590
2024-06,CUS-0101,696913,99559,149338,49780,995590
2024-06,CUS-0102,696913,99559,149338,49780,995590
2024-06,CUS-0103,696913,99559,149338,49780,995590
2024-06,CUS-0104,696913,99559,149338,49780,995590
2024-06,CUS-0105,696913,99559,149338,49780,995590
2024-06,CUS-0106,696913,99559,149338,49780,995590
2024-06,CUS-0107,696913,99559,149338,49780,995590
2024-06,CUS-0108,696913,99559,149338,49780,995590
2024-06,CUS-0109,696913,99559,149338,49780,995590
2024-06,CUS-0110,696913,99559,149338,49780,995590
2024-06,CUS-0111,696913,99559,149338,49780,995590
2024-06,CUS-0112,696913,99559,149338,49780,995590
2024-06,CUS-0113,696913,99559,149338,49780,995590
2024-06,CUS-0114,696913,99559,149338,49780,995590
2024-06,CUS-0115,696913,99559,149338,49780,995590
2024-06,CUS-0116,696913,99559,149338,49780,995590
2024-06,CUS-0117,696913,99559,149338,49780,995590
2024-06,CUS-0118,696913,99559,149338,49780,995590
2024-06,CUS-0119,696913,99559,149338,49780,995590
2024-06,CUS-0120,696913,99559,149338,49780,995590
2024-06,CUS-0121,696913,99559,149338,49780,995590
2024-06,CUS-0122,696913,99559,149338,49780,995590
2024-06,CUS-0123,696913,99559,149338,49780,995590
2024-06,CUS-0124,696913,99559,149338,49780,995590
2024-06,CUS-0125,696913,99559,149338,49780,995590
2024-06,CUS-0126,696913,99559,149338,49780,995590
2024-06,CUS-0127,696913,99559,149338,49780,995590
2024-06,CUS-0128,696913,99559,149338,49780,995590
2024-06,CUS-0129,696913,99559,149338,49780,995590
2024-06,CUS-0130,696913,99559,149338,49780,995590
2024-06,CUS-0131,696913,99559,149338,49780,995590
2024-06,CUS-0132,696913,99559,149338,49780,995590
2024-06,CUS-0133,696913,99559,149338,49780,995590
2024-06,CUS-0134,696913,99559,149338,49780,995590
2024-06,CUS-0135,696913,99559,149338,49780,995590
2024-06,CUS-0136,696913,99559,149338,49780,995590
2024-06,CUS-0137,696913,99559,149338,49780,995590
2024-06,CUS-0138,696913,99559,149338,49780,995590
2024-06,CUS-0139,696913,99559,149338,49780,995590
2024-06,CUS-0140,696913,99559,149338,49780,995590
2024-06,CUS-0141,696913,99559,149338,49780,995590
2024-06,CUS-0142,696913,99559,149338,49780,995590
2024-06,CUS-0143,696913,99559,149338,49780,995590
2024-06,CUS-0144,696913,99559,149338,49780,995590
2024-06,CUS-0145,696913,99559,149338,49780,995590
2024-06,CUS-0146,696913,99559,149338,49780,995590
2024-06,CUS-0147,696913,99559,149338,49780,995590
2024-06,CUS-0148,696913,99559,149338,49780,995590
2024-06,CUS-0149,696913,99559,149338,49780,995590
2024-06,CUS-0150,696913,99559,149338,49780,995590
2024-06,CUS-0151,696913,99559,149338,49780,995590
2024-06,CUS-0152,696913,99559,149338,49780,995590
2024-06,CUS-0153,696913,99559,149338,49780,995590
2024-06,CUS-0154,696913,99559,149338,49780,995590
2024-06,CUS-0155,696913,99559,149338,49780,995590
2024-06,CUS-0156,696913,99559,149338,49780,995590
2024-06,CUS-0157,696913,99559,149338,49780,995590
2024-06,CUS-0158,696913,99559,149338,49780,995590
2024-06,CUS-0159,696913,99559,149338,49780,995590
2024-06,CUS-0160,696913,99559,149338,49780,995590
2024-06,CUS-0161,696913,99559,149338,49780,995590
2024-06,CUS-0162,696913,99559,149338,49780,995590
2024-06,CUS-0163,696913,99559,149338,49780,995590
2024-06,CUS-0164,696913,99559,149338,49780,995590
2024-06,CUS-0165,696913,99559,149338,49780,995590
2024-06,CUS-0166,696913,99559,149338,49780,995590
2024-06,CUS-0167,696913,99559,149338,49780,995590
2024-06,CUS-0168,696913,99559,149338,49780,995590
2024-06,CUS-0169,696913,99559,149338,49780,995590
2024-06,CUS-0170,696913,99559,149338,49780,995590
2024-06,CUS-0171,696913,99559,149338,49780,995590
2024-06,CUS-0172,696913,99559,149338,49780,995590
2024-06,CUS-0173,696913,99559,149338,49780,995590
2024-06,CUS-0174,696913,99559,149338,49780,995590
2024-06,CUS-0175,696913,99559,149338,49780,995590
2024-06,CUS-0176,696913,99559,149338,49780,995590
2024-06,CUS-0177,696913,99559,149338,49780,995590
2024-06,CUS-0178,696913,99559,149338,49780,995590
2024-06,CUS-0179,696913,99559,149338,49780,995590
2024-06,CUS-0180,696913,99559,149338,49780,995590
2024-06,CUS-0181,696913,99559,149338,49780,995590
2024-06,CUS-0182,696913,99559,149338,49780,995590
2024-06,CUS-0183,696913,99559,149338,49780,995590
2024-06,CUS-0184,696913,99559,149338,49780,995590
2024-06,CUS-0185,696913,99559,149338,49780,995590
2024-06,CUS-0186,696913,99559,149338,49780,995590
2024-06,CUS-0187,696913,99559,149338,49780,995590
2024-06,CUS-0188,696913,99559,149338,49780,995590
2024-06,CUS-0189,696913,99559,149338,49780,995590
2024-06,CUS-0190,696913,99559,149338,49780,995590
2024-06,CUS-0191,696913,99559,149338,49780,995590
2024-06,CUS-0192,696913,99559,149338,49780,995590
2024-06,CUS-0193,696913,99559,149338,49780,995590
2024-06,CUS-0194,696913,99559,149338,49780,995590
2024-06,CUS-0195,696913,99559,149338,49780,995590
2024-06,CUS-0196,696913,99559,149338,49780,995590
2024-06,CUS-0197,696913,99559,149338,49780,995590
2024-06,CUS-0198,696913,99559,149338,49780,995590
2024-06,CUS-0199,696913,99559,149338,49780,995590
2024-06,CUS-0200,696913,99559,149338,49780,995590
2024-06,CUS-0201,696913,99559,149338,49780,995590
2024-06,CUS-0202,696913,99559,149338,49780,995590
2024-06,CUS-0203,696913,99559,149338,49780,995590
2024-06,CUS-0204,696913,99559,149338,49780,995590
2024-06,CUS-0205,696913,99559,149338,49780,995590
2024-06,CUS-0206,696913,99559,149338,49780,995590
2024-06,CUS-0207,696913,99559,149338,49780,995590
2024-06,CUS-0208,696913,99559,149338,49780,995590
2024-06,CUS-0209,696913,99559,149338,49780,995590
2024-06,CUS-0210,696913,99559,149338,49780,995590
2024-06,CUS-0211,696913,99559,149338,49780,995590
2024-06,CUS-0212,696913,99559,149338,49780,995590
2024-06,CUS-0213,696913,99559,149338,49780,995590
2024-06,CUS-0214,696913,99559,149338,49780,995590
2024-06,CUS-0215,696913,99559,149338,49780,995590
2024-06,CUS-0216,696913,99559,149338,49780,995590
2024-06,CUS-0217,696913,99559,149338,49780,995590
2024-06,CUS-0218,696913,99559,149338,49780,995590
2024-06,CUS-0219,696913,99559,149338,49780,995590
2024-06,CUS-0220,696913,99559,149338,49780,995590
2024-06,CUS-0221,696913,99559,149338,49780,995590
2024-06,CUS-0222,696913,99559,149338,49780,995590
2024-06,CUS-0223,696913,99559,149338,49780,995590
2024-06,CUS-0224,696913,99559,149338,49780,995590
2024-06,CUS-0225,696913,99559,149338,49780,995590
2024-06,CUS-0226,696913,99559,149338,49780,995590
2024-06,CUS-0227,696913,99559,149338,49780,995590
2024-06,CUS-0228,696913,99559,149338,49780,995590
2024-06,CUS-0229,696913,99559,149338,49780,995590
2024-06,CUS-0230,696913,99559,149338,49780,995590
2024-06,CUS-0231,696913,99559,149338,49780,995590
2024-06,CUS-0232,696913,99559,149338,49780,995590
2024-06,CUS-0233,696913,99559,149338,49780,995590
2024-06,CUS-0234,696913,99559,149338,49780,995590
2024-06,CUS-0235,696913,99559,149338,49780,995590
2024-06,CUS-0236,696913,99559,149338,49780,995590
2024-06,CUS-0237,696913,99559,149338,49780,995590
2024-06,CUS-0238,696913,99559,149338,49780,995590
2024-06,CUS-0239,696913,99559,149338,49780,995590
2024-06,CUS-0240,696913,99559,149338,49780,995590
2024-06,CUS-0241,696913,99559,149338,49780,995590
2024-06,CUS-0242,696913,99559,149338,49780,995590
2024-06,CUS-0243,696913,99559,149338,49780,995590
2024-06,CUS-0244,696913,99559,149338,49780,995590
2024-06,CUS-0245,696913,99559,149338,49780,995590
2024-06,CUS-0246,696913,99559,149338,49780,995590
2024-06,CUS-0247,696913,99559,149338,49780,995590
2024-06,CUS-0248,696913,99559,149338,49780,995590
2024-06,CUS-0249,696913,99559,149338,49780,995590
2024-06,CUS-0250,696913,99559,149338,49780,995590
2024-06,CUS-0251,696913,99559,149338,49780,995590
2024-06,CUS-0252,696913,99559,149338,49780,995590
2024-06,CUS-0253,696913,99559,149338,49780,995590
2024-06,CUS-0254,696913,99559,149338,49780,995590
2024-06,CUS-0255,696913,99559,149338,49780,995590
2024-06,CUS-0256,696913,99559,149338,49780,995590
2024-06,CUS-0257,696913,99559,149338,49780,995590
2024-06,CUS-0258,696913,99559,149338,49780,995590
2024-06,CUS-0259,696913,99559,149338,49780,995590
2024-06,CUS-0260,696913,99559,149338,49780,995590
2024-06,CUS-0261,696913,99559,149338,49780,995590
2024-06,CUS-0262,696913,99559,149338,49780,995590
2024-06,CUS-0263,696913,99559,149338,49780,995590
2024-06,CUS-0264,696913,99559,149338,49780,995590
2024-06,CUS-0265,696913,99559,149338,49780,995590
2024-06,CUS-0266,696913,99559,149338,49780,995590
2024-06,CUS-0267,696913,99559,149338,49780,995590
2024-06,CUS-0268,696913,99559,149338,49780,995590
2024-06,CUS-0269,696913,99559,149338,49780,995590
2024-06,CUS-0270,696913,99559,149338,49780,995590
2024-06,CUS-0271,696913,99559,149338,49780,995590
2024-06,CUS-0272,696913,99559,149338,49780,995590
2024-06,CUS-0273,696913,99559,149338,49780,995590
2024-06,CUS-0274,696913,99559,149338,49780,995590
2024-06,CUS-0275,696913,99559,149338,49780,995590
2024-06,CUS-0276,696913,99559,149338,49780,995590
2024-06,CUS-0277,696913,99559,149338,49780,995590
2024-06,CUS-0278,696913,99559,149338,49780,995590
2024-06,CUS-0279,696913,99559,149338,49780,995590
2024-06,CUS-0280,696913,99559,149338,49780,995590
2024-06,CUS-0281,696913,99559,149338,49780,995590
2024-06,CUS-0282,696913,99559,149338,49780,995590
2024-06,CUS-0283,696913,99559,149338,49780,995590
2024-06,CUS-0284,696913,99559,149338,49780,995590
2024-06,CUS-0285,696913,99559,149338,49780,995590
2024-06,CUS-0286,696913,99559,149338,49780,995590
2024-06,CUS-0287,696913,99559,149338,49780,995590
2024-06,CUS-0288,696913,99559,149338,49780,995590
2024-06,CUS-0289,696913,99559,149338,49780,995590
2024-06,CUS-0290,696913,99559,149338,49780,995590
2024-06,CUS-0291,696913,99559,149338,49780,995590
2024-06,CUS-0292,696913,99559,149338,49780,995590
2024-06,CUS-0293,696913,99559,149338,49780,995590
2024-06,CUS-0294,696913,99559,149338,49780,995590
2024-06,CUS-0295,696913,99559,149338,49780,995590
2024-06,CUS-0296,696913,99559,149338,49780,995590
2024-06,CUS-0297,696913,99559,149338,49780,995590
2024-06,CUS-0298,696913,99559,149338,49780,995590
2024-06,CUS-0299,696913,99559,149338,49780,995590
2024-06,CUS-0300,696913,99559,149338,49780,995590
2024-06,CUS-0301,696913,99559,149338,49780,995590
2024-06,CUS-0302,696913,99559,149338,49780,995590
2024-06,CUS-0303,696913,99559,149338,49780,995590
2024-06,CUS-0304,696913,99559,149338,49780,995590
2024-06,CUS-0305,696913,99559,149338,49780,995590
2024-06,CUS-0306,696913,99559,149338,49780,995590
2024-06,CUS-0307,696913,99559,149338,49780,995590
2024-06,CUS-0308,696913,99559,149338,49780,995590
2024-06,CUS-0309,696913,99559,149338,49780,995590
2024-06,CUS-0310,696913,99559,149338,49780,995590
2024-06,CUS-0311,696913,99559,149338,49780,995590
2024-06,CUS-0312,696913,99559,149338,49780,995590
2024-06,CUS-0313,696913,99559,149338,49780,995590
2024-06,CUS-0314,696913,99559,149338,49780,995590
2024-06,CUS-0315,696913,99559,149338,49780,995590
2024-06,CUS-0316,696913,99559,149338,49780,995590
2024-06,CUS-0317,696913,99559,149338,49780,995590
2024-06,CUS-0318,696913,99559,149338,49780,995590
2024-06,CUS-0319,696913,99559,149338,49780,995590
2024-06,CUS-0320,696913,99559,149338,49780,995590
2024-06,CUS-0321,696913,99559,149338,49780,995590
2024-06,CUS-0322,696913,99559,149338,49780,995590
2024-06,CUS-0323,696913,99559,149338,49780,995590
2024-06,CUS-0324,696913,99559,149338,49780,995590
2024-06,CUS-0325,696913,99559,149338,49780,995590
2024-06,CUS-0326,696913,99559,149338,49780,995590
2024-06,CUS-0327,696913,99559,149338,49780,995590
2024-06,CUS-0328,696913,99559,149338,49780,995590
2024-06,CUS-0329,696913,99559,149338,49780,995590
2024-06,CUS-0330,696913,99559,149338,49780,995590
2024-06,CUS-0331,696913,99559,149338,49780,995590
2024-06,CUS-0332,696913,99559,149338,49780,995590
2024-06,CUS-0333,696913,99559,149338,49780,995590
2024-06,CUS-0334,696913,99559,149338,49780,995590
2024-06,CUS-0335,696913,99559,149338,49780,995590
2024-06,CUS-0336,696913,99559,149338,49780,995590
2024-06,CUS-0337,696913,99559,149338,49780,995590
2024-06,CUS-0338,696913,99559,149338,49780,995590
2024-06,CUS-0339,696913,99559,149338,49780,995590
2024-06,CUS-0340,696913,99559,149338,49780,995590
2024-06,CUS-0341,696913,99559,149338,49780,995590
2024-06,CUS-0342,696913,99559,149338,49780,995590
2024-06,CUS-0343,696913,99559,149338,49780,995590
2024-06,CUS-0344,696913,99559,149338,49780,995590
2024-06,CUS-0345,696913,99559,149338,49780,995590
2024-06,CUS-0346,696913,99559,149338,49780,995590
2024-06,CUS-0347,696913,99559,149338,49780,995590
2024-06,CUS-0348,696913,99559,149338,49780,995590
2024-06,CUS-0349,696913,99559,149338,49780,995590
2024-06,CUS-0350,696913,99559,149338,49780,995590
2024-06,CUS-0351,696913,99559,149338,49780,995590
2024-06,CUS-0352,696913,99559,149338,49780,995590
2024-06,CUS-0353,696913,99559,149338,49780,995590
2024-06,CUS-0354,696913,99559,149338,49780,995590
2024-06,CUS-0355,696913,99559,149338,49780,995590
2024-06,CUS-0356,696913,99559,149338,49780,995590
2024-06,CUS-0357,696913,99559,149338,49780,995590
2024-06,CUS-0358,696913,99559,149338,49780,995590
2024-06,CUS-0359,696913,99559,149338,49780,995590
2024-06,CUS-0360,696913,99559,149338,49780,995590
2024-06,CUS-0361,696913,99559,149338,49780,995590
2024-06,CUS-0362,696913,99559,149338,49780,995590
2024-06,CUS-0363,696913,99559,149338,49780,995590
2024-06,CUS-0364,696913,99559,149338,49780,995590
2024-06,CUS-0365,696913,99559,149338,49780,995590
2024-06,CUS-0366,696913,99559,149338,49780,995590
2024-06,CUS-0367,696913,99559,149338,49780,995590
2024-06,CUS-0368,696913,99559,149338,49780,995590
2024-06,CUS-0369,696913,99559,149338,49780,995590
2024-06,CUS-0370,696913,99559,149338,49780,995590
2024-06,CUS-0371,696913,99559,149338,49780,995590
2024-06,CUS-0372,696913,99559,149338,49780,995590
2024-06,CUS-0373,696913,99559,149338,49780,995590
2024-06,CUS-0374,696913,99559,149338,49780,995590
2024-06,CUS-0375,696913,99559,149338,49780,995590
2024-06,CUS-0376,696913,99559,149338,49780,995590
2024-06,CUS-0377,696913,99559,149338,49780,995590
2024-06,CUS-0378,696913,99559,149338,49780,995590
2024-06,CUS-0379,696913,99559,149338,49780,995590
2024-06,CUS-0380,696913,99559,149338,49780,995590
2024-06,CUS-0381,696913,99559,149338,49780,995590
2024-06,CUS-0382,696913,99559,149338,49780,995590
2024-06,CUS-0383,696913,99559,149338,49780,995590
2024-06,CUS-0384,696913,99559,149338,49780,995590
2024-06,CUS-0385,696913,99559,149338,49780,995590
2024-06,CUS-0386,696913,99559,149338,49780,995590
2024-06,CUS-0387,696913,99559,149338,49780,995590
2024-06,CUS-0388,696913,99559,149338,49780,995590
2024-06,CUS-0389,696913,99559,149338,49780,995590
2024-06,CUS-0390,696913,99559,149338,49780,995590
2024-06,CUS-0391,696913,99559,149338,49780,995590
2024-06,CUS-0392,696913,99559,149338,49780,995590
2024-06,CUS-0393,696913,99559,149338,49780,995590
2024-06,CUS-0394,696913,99559,149338,49780,995590
2024-06,CUS-0395,696913,99559,149338,49780,995590
2024-06,CUS-0396,696913,99559,149338,49780,995590
2024-06,CUS-0397,696913,99559,149338,49780,995590
2024-06,CUS-0398,696913,99559,149338,49780,995590
2024-06,CUS-0399,696913,99559,149338,49780,995590
2024-06,CUS-0400,696913,99559,149338,49780,995590
2024-06,CUS-0401,696913,99559,149338,49780,995590
2024-06,CUS-0402,696913,99559,149338,49780,995590
2024-06,CUS-0403,696913,99559,149338,49780,995590
2024-06,CUS-0404,696913,99559,149338,49780,995590
2024-06,CUS-0405,696913,99559,149338,49780,995590
2024-06,CUS-0406,696913,99559,149338,49780,995590
2024-06,CUS-0407,696913,99559,149338,49780,995590
2024-06,CUS-0408,696913,99559,149338,49780,995590
2024-06,CUS-0409,696913,99559,149338,49780,995590
2024-06,CUS-0410,696913,99559,149338,49780,995590
2024-06,CUS-0411,696913,99559,149338,49780,995590
2024-06,CUS-0412,696913,99559,149338,49780,995590
2024-06,CUS-0413,696913,99559,149338,49780,995590
2024-06,CUS-0414,696913,99559,149338,49780,995590
2024-06,CUS-0415,696913,99559,149338,49780,995590
2024-06,CUS-0416,696913,99559,149338,49780,995590
2024-06,CUS-0417,696913,99559,149338,49780,995590
2024-06,CUS-0418,696913,99559,149338,49780,995590
2024-06,CUS-0419,696913,99559,149338,49780,995590
2024-06,CUS-0420,696913,99559,149338,49780,995590
2024-06,CUS-0421,696913,99559,149338,49780,995590
2024-06,CUS-0422,696913,99559,149338,49780,995590
2024-06,CUS-0423,696913,99559,149338,49780,995590
2024-06,CUS-0424,696913,99559,149338,49780,995590
2024-06,CUS-0425,696913,99559,149338,49780,995590
2024-06,CUS-0426,696913,99559,149338,49780,995590
2024-06,CUS-0427,696913,99559,149338,49780,995590
2024-06,CUS-0428,696913,99559,149338,49780,995590
2024-06,CUS-0429,696913,99559,149338,49780,995590
2024-06,CUS-0430,696913,99559,149338,49780,995590
2024-06,CUS-0431,696913,99559,149338,49780,995590
2024-06,CUS-0432,696913,99559,149338,49780,995590
2024-06,CUS-0433,696913,99559,149338,49780,995590
2024-06,CUS-0434,696913,99559,149338,49780,995590
2024-06,CUS-0435,696913,99559,149338,49780,995590
2024-06,CUS-0436,696913,99559,149338,49780,995590
2024-06,CUS-0437,696913,99559,149338,49780,995590
2024-06,CUS-0438,696913,99559,149338,49780,995590
2024-06,CUS-0439,696913,99559,149338,49780,995590
2024-06,CUS-0440,696913,99559,149338,49780,995590
2024-06,CUS-0441,696913,99559,149338,49780,995590
2024-06,CUS-0442,696913,99559,149338,49780,995590
2024-06,CUS-0443,696913,99559,149338,49780,995590
2024-06,CUS-0444,696913,99559,149338,49780,995590
2024-06,CUS-0445,696913,99559,149338,49780,995590
2024-06,CUS-0446,696913,99559,149338,49780,995590
2024-06,CUS-0447,696913,99559,149338,49780,995590
2024-06,CUS-0448,696913,99559,149338,49780,995590
2024-06,CUS-0449,696913,99559,149338,49780,995590
2024-06,CUS-0450,696913,99559,149338,49780,995590
2024-06,CUS-0451,696913,99559,149338,49780,995590
2024-06,CUS-0452,696913,99559,149338,49780,995590
2024-06,CUS-0453,696913,99559,149338,49780,995590
2024-06,CUS-0454,696913,99559,149338,49780,995590
2024-06,CUS-0455,696913,99559,149338,49780,995590
2024-06,CUS-0456,696913,99559,149338,49780,995590
2024-06,CUS-0457,696913,99559,149338,49780,995590
2024-06,CUS-0458,696913,99559,149338,49780,995590
2024-06,CUS-0459,696913,99559,149338,49780,995590
2024-06,CUS-0460,696913,99559,149338,49780,995590
2024-06,CUS-0461,696913,99559,149338,49780,995590
2024-06,CUS-0462,696913,99559,149338,49780,995590
2024-06,CUS-0463,696913,99559,149338,49780,995590
2024-06,CUS-0464,696913,99559,149338,49780,995590
2024-06,CUS-0465,696913,99559,149338,49780,995590
2024-06,CUS-0466,696913,99559,149338,49780,995590
2024-06,CUS-0467,696913,99559,149338,49780,995590
2024-06,CUS-0468,696913,99559,149338,49780,995590
2024-06,CUS-0469,696913,99559,149338,49780,995590
2024-06,CUS-0470,696913,99559,149338,49780,995590
2024-06,CUS-0471,696913,99559,149338,49780,995590
2024-06,CUS-0472,696913,99559,149338,49780,995590
2024-06,CUS-0473,696913,99559,149338,49780,995590
2024-06,CUS-0474,696913,99559,149338,49780,995590
2024-06,CUS-0475,696913,99559,149338,49780,995590
2024-06,CUS-0476,696913,99559,149338,49780,995590
2024-06,CUS-0477,696913,99559,149338,49780,995590
2024-06,CUS-0478,696913,99559,149338,49780,995590
2024-06,CUS-0479,696913,99559,149338,49780,995590
2024-06,CUS-0480,696913,99559,149338,49780,995590
2024-06,CUS-0481,696913,99559,149338,49780,995590
2024-06,CUS-0482,696913,99559,149338,49780,995590
2024-06,CUS-0483,696913,99559,149338,49780,995590
2024-06,CUS-0484,696913,99559,149338,49780,995590
2024-06,CUS-0485,696913,99559,149338,49780,995590
2024-06,CUS-0486,696913,99559,149338,49780,995590
2024-06,CUS-0487,696913,99559,149338,49780,995590
2024-06,CUS-0488,696913,99559,149338,49780,995590
2024-06,CUS-0489,696913,99559,149338,49780,995590
2024-06,CUS-0490,696913,99559,149338,49780,995590
2024-06,CUS-0491,696913,99559,149338,49780,995590
2024-06,CUS-0492,696913,99559,149338,49780,995590
2024-06,CUS-0493,696913,99559,149338,49780,995590
2024-06,CUS-0494,696913,99559,149338,49780,995590
2024-06,CUS-0495,696913,99559,149338,49780,995590
2024-06,CUS-0496,696913,99559,149338,49780,995590
2024-06,CUS-0497,696913,99559,149338,49780,995590
2024-06,CUS-0498,696913,99559,149338,49780,995590
2024-06,CUS-0499,696913,99559,149338,49780,995590
2024-06,CUS-0500,696913,99559,149338,49780,995590
2024-07,CUS-0001,161700000,23100000,34650000,11550000,231000000
2024-07,CUS-0002,707014,101002,151503,50501,1010020
2024-07,CUS-0003,707014,101002,151503,50501,1010020
2024-07,CUS-0004,707014,101002,151503,50501,1010020
2024-07,CUS-0005,707014,101002,151503,50501,1010020
2024-07,CUS-0006,707014,101002,151503,50501,1010020
2024-07,CUS-0007,707014,101002,151503,50501,1010020
2024-07,CUS-0008,707014,101002,151503,50501,1010020
2024-07,CUS-0009,707014,101002,151503,50501,1010020
2024-07,CUS-0010,707014,101002,151503,50501,1010020
2024-07,CUS-0011,707014,101002,151503,50501,1010020
2024-07,CUS-0012,707014,101002,151503,50501,1010020
2024-07,CUS-0013,707014,101002,151503,50501,1010020
2024-07,CUS-0014,707014,101002,151503,50501,1010020
2024-07,CUS-0015,707014,101002,151503,50501,1010020
2024-07,CUS-0016,707014,101002,151503,50501,1010020
2024-07,CUS-0017,707014,101002,151503,50501,1010020
2024-07,CUS-0018,707014,101002,151503,50501,1010020
2024-07,CUS-0019,707014,101002,151503,50501,1010020
2024-07,CUS-0020,707014,101002,151503,50501,1010020
2024-07,CUS-0021,707014,101002,151503,50501,1010020
2024-07,CUS-0022,707014,101002,151503,50501,1010020
2024-07,CUS-0023,707014,101002,151503,50501,1010020
2024-07,CUS-0024,707014,101002,151503,50501,1010020
2024-07,CUS-0025,707014,101002,151503,50501,1010020
2024-07,CUS-0026,707014,101002,151503,50501,1010020
2024-07,CUS-0027,707014,101002,151503,50501,1010020
2024-07,CUS-0028,707014,101002,151503,50501,1010020
2024-07,CUS-0029,707014,101002,151503,50501,1010020
2024-07,CUS-0030,707014,101002,151503,50501,1010020
2024-07,CUS-0031,707014,101002,151503,50501,1010020
2024-07,CUS-0032,707014,101002,151503,50501,1010020
2024-07,CUS-0033,707014,101002,151503,50501,1010020
2024-07,CUS-0034,707014,101002,151503,50501,1010020
2024-07,CUS-0035,707014,101002,151503,50501,1010020
2024-07,CUS-0036,707014,101002,151503,50501,1010020
2024-07,CUS-0037,707014,101002,151503,50501,1010020
2024-07,CUS-0038,707014,101002,151503,50501,1010020
2024-07,CUS-0039,707014,101002,151503,50501,1010020
2024-07,CUS-0040,707014,101002,151503,50501,1010020
2024-07,CUS-0041,707014,101002,151503,50501,1010020
2024-07,CUS-0042,707014,101002,151503,50501,1010020
2024-07,CUS-0043,707014,101002,151503,50501,1010020
2024-07,CUS-0044,707014,101002,151503,50501,1010020
2024-07,CUS-0045,707014,101002,151503,50501,1010020
2024-07,CUS-0046,707014,101002,151503,50501,1010020
2024-07,CUS-0047,707014,101002,151503,50501,1010020
2024-07,CUS-0048,707014,101002,151503,50501,1010020
2024-07,CUS-0049,707014,101002,151503,50501,1010020
2024-07,CUS-0050,707014,101002,151503,50501,1010020
2024-07,CUS-0051,707014,101002,151503,50501,1010020
2024-07,CUS-0052,707014,101002,151503,50501,1010020
2024-07,CUS-0053,707014,101002,151503,50501,1010020
2024-07,CUS-0054,707014,101002,151503,50501,1010020
2024-07,CUS-0055,707014,101002,151503,50501,1010020
2024-07,CUS-0056,707014,101002,151503,50501,1010020
2024-07,CUS-0057,707014,101002,151503,50501,1010020
2024-07,CUS-0058,707014,101002,151503,50501,1010020
2024-07,CUS-0059,707014,101002,151503,50501,1010020
2024-07,CUS-0060,707014,101002,151503,50501,1010020
2024-07,CUS-0061,707014,101002,151503,50501,1010020
2024-07,CUS-0062,707014,101002,151503,50501,1010020
2024-07,CUS-0063,707014,101002,151503,50501,1010020
2024-07,CUS-0064,707014,101002,151503,50501,1010020
2024-07,CUS-0065,707014,101002,151503,50501,1010020
2024-07,CUS-0066,707014,101002,151503,50501,1010020
2024-07,CUS-0067,707014,101002,151503,50501,1010020
2024-07,CUS-0068,707014,101002,151503,50501,1010020
2024-07,CUS-0069,707014,101002,151503,50501,1010020
2024-07,CUS-0070,707014,101002,151503,50501,1010020
2024-07,CUS-0071,707014,101002,151503,50501,1010020
2024-07,CUS-0072,707014,101002,151503,50501,1010020
2024-07,CUS-0073,707014,101002,151503,50501,1010020
2024-07,CUS-0074,707014,101002,151503,50501,1010020
2024-07,CUS-0075,707014,101002,151503,50501,1010020
2024-07,CUS-0076,707014,101002,151503,50501,1010020
2024-07,CUS-0077,707014,101002,151503,50501,1010020
2024-07,CUS-0078,707014,101002,151503,50501,1010020
2024-07,CUS-0079,707014,101002,151503,50501,1010020
2024-07,CUS-0080,707014,101002,151503,50501,1010020
2024-07,CUS-0081,707014,101002,151503,50501,1010020
2024-07,CUS-0082,707014,101002,151503,50501,1010020
2024-07,CUS-0083,707014,101002,151503,50501,1010020
2024-07,CUS-0084,707014,101002,151503,50501,1010020
2024-07,CUS-0085,707014,101002,151503,50501,1010020
2024-07,CUS-0086,707014,101002,151503,50501,1010020
2024-07,CUS-0087,707014,101002,151503,50501,1010020
2024-07,CUS-0088,707014,101002,151503,50501,1010020
2024-07,CUS-0089,707014,101002,151503,50501,1010020
2024-07,CUS-0090,707014,101002,151503,50501,1010020
2024-07,CUS-0091,707014,101002,151503,50501,1010020
2024-07,CUS-0092,707014,101002,151503,50501,1010020
2024-07,CUS-0093,707014,101002,151503,50501,1010020
2024-07,CUS-0094,707014,101002,151503,50501,1010020
2024-07,CUS-0095,707014,101002,151503,50501,1010020
2024-07,CUS-0096,707014,101002,151503,50501,1010020
2024-07,CUS-0097,707014,101002,151503,50501,1010020
2024-07,CUS-0098,707014,101002,151503,50501,1010020
2024-07,CUS-0099,707014,101002,151503,50501,1010020
2024-07,CUS-0100,707014,101002,151503,50501,1010020
2024-07,CUS-0101,707014,101002,151503,50501,1010020
2024-07,CUS-0102,707014,101002,151503,50501,1010020
2024-07,CUS-0103,707014,101002,151503,50501,1010020
2024-07,CUS-0104,707014,101002,151503,50501,1010020
2024-07,CUS-0105,707014,101002,151503,50501,1010020
2024-07,CUS-0106,707014,101002,151503,50501,1010020
2024-07,CUS-0107,707014,101002,151503,50501,1010020
2024-07,CUS-0108,707014,101002,151503,50501,1010020
2024-07,CUS-0109,707014,101002,151503,50501,1010020
2024-07,CUS-0110,707014,101002,151503,50501,1010020
2024-07,CUS-0111,707014,101002,151503,50501,1010020
2024-07,CUS-0112,707014,101002,151503,50501,1010020
2024-07,CUS-0113,707014,101002,151503,50501,1010020
2024-07,CUS-0114,707014,101002,151503,50501,1010020
2024-07,CUS-0115,707014,101002,151503,50501,1010020
2024-07,CUS-0116,707014,101002,151503,50501,1010020
2024-07,CUS-0117,707014,101002,151503,50501,1010020
2024-07,CUS-0118,707014,101002,151503,50501,1010020
2024-07,CUS-0119,707014,101002,151503,50501,1010020
2024-07,CUS-0120,707014,101002,151503,50501,1010020
2024-07,CUS-0121,707014,101002,151503,50501,1010020
2024-07,CUS-0122,707014,101002,151503,50501,1010020
2024-07,CUS-0123,707014,101002,151503,50501,1010020
2024-07,CUS-0124,707014,101002,151503,50501,1010020
2024-07,CUS-0125,707014,101002,151503,50501,1010020
2024-07,CUS-0126,707014,101002,151503,50501,1010020
2024-07,CUS-0127,707014,101002,151503,50501,1010020
2024-07,CUS-0128,707014,101002,151503,50501,1010020
2024-07,CUS-0129,707014,101002,151503,50501,1010020
2024-07,CUS-0130,707014,101002,151503,50501,1010020
2024-07,CUS-0131,707014,101002,151503,50501,1010020
2024-07,CUS-0132,707014,101002,151503,50501,1010020
2024-07,CUS-0133,707014,101002,151503,50501,1010020
2024-07,CUS-0134,707014,101002,151503,50501,1010020
2024-07,CUS-0135,707014,101002,151503,50501,1010020
2024-07,CUS-0136,707014,101002,151503,50501,1010020
2024-07,CUS-0137,707014,101002,151503,50501,1010020
2024-07,CUS-0138,707014,101002,151503,50501,1010020
2024-07,CUS-0139,707014,101002,151503,50501,1010020
2024-07,CUS-0140,707014,101002,151503,50501,1010020
2024-07,CUS-0141,707014,101002,151503,50501,1010020
2024-07,CUS-0142,707014,101002,151503,50501,1010020
2024-07,CUS-0143,707014,101002,151503,50501,1010020
2024-07,CUS-0144,707014,101002,151503,50501,1010020
2024-07,CUS-0145,707014,101002,151503,50501,1010020
2024-07,CUS-0146,707014,101002,151503,50501,1010020
2024-07,CUS-0147,707014,101002,151503,50501,1010020
2024-07,CUS-0148,707014,101002,151503,50501,1010020
2024-07,CUS-0149,707014,101002,151503,50501,1010020
2024-07,CUS-0150,707014,101002,151503,50501,1010020
2024-07,CUS-0151,707014,101002,151503,50501,1010020
2024-07,CUS-0152,707014,101002,151503,50501,1010020
2024-07,CUS-0153,707014,101002,151503,50501,1010020
2024-07,CUS-0154,707014,101002,151503,50501,1010020
2024-07,CUS-0155,707014,101002,151503,50501,1010020
2024-07,CUS-0156,707014,101002,151503,50501,1010020
2024-07,CUS-0157,707014,101002,151503,50501,1010020
2024-07,CUS-0158,707014,101002,151503,50501,1010020
2024-07,CUS-0159,707014,101002,151503,50501,1010020
2024-07,CUS-0160,707014,101002,151503,50501,1010020
2024-07,CUS-0161,707014,101002,151503,50501,1010020
2024-07,CUS-0162,707014,101002,151503,50501,1010020
2024-07,CUS-0163,707014,101002,151503,50501,1010020
2024-07,CUS-0164,707014,101002,151503,50501,1010020
2024-07,CUS-0165,707014,101002,151503,50501,1010020
2024-07,CUS-0166,707014,101002,151503,50501,1010020
2024-07,CUS-0167,707014,101002,151503,50501,1010020
2024-07,CUS-0168,707014,101002,151503,50501,1010020
2024-07,CUS-0169,707014,101002,151503,50501,1010020
2024-07,CUS-0170,707014,101002,151503,50501,1010020
2024-07,CUS-0171,707014,101002,151503,50501,1010020
2024-07,CUS-0172,707014,101002,151503,50501,1010020
2024-07,CUS-0173,707014,101002,151503,50501,1010020
2024-07,CUS-0174,707014,101002,151503,50501,1010020
2024-07,CUS-0175,707014,101002,151503,50501,1010020
2024-07,CUS-0176,707014,101002,151503,50501,1010020
2024-07,CUS-0177,707014,101002,151503,50501,1010020
2024-07,CUS-0178,707014,101002,151503,50501,1010020
2024-07,CUS-0179,707014,101002,151503,50501,1010020
2024-07,CUS-0180,707014,101002,151503,50501,1010020
2024-07,CUS-0181,707014,101002,151503,50501,1010020
2024-07,CUS-0182,707014,101002,151503,50501,1010020
2024-07,CUS-0183,707014,101002,151503,50501,1010020
2024-07,CUS-0184,707014,101002,151503,50501,1010020
2024-07,CUS-0185,707014,101002,151503,50501,1010020
2024-07,CUS-0186,707014,101002,151503,50501,1010020
2024-07,CUS-0187,707014,101002,151503,50501,1010020
2024-07,CUS-0188,707014,101002,151503,50501,1010020
2024-07,CUS-0189,707014,101002,151503,50501,1010020
2024-07,CUS-0190,707014,101002,151503,50501,1010020
2024-07,CUS-0191,707014,101002,151503,50501,1010020
2024-07,CUS-0192,707014,101002,151503,50501,1010020
2024-07,CUS-0193,707014,101002,151503,50501,1010020
2024-07,CUS-0194,707014,101002,151503,50501,1010020
2024-07,CUS-0195,707014,101002,151503,50501,1010020
2024-07,CUS-0196,707014,101002,151503,50501,1010020
2024-07,CUS-0197,707014,101002,151503,50501,1010020
2024-07,CUS-0198,707014,101002,151503,50501,1010020
2024-07,CUS-0199,707014,101002,151503,50501,1010020
2024-07,CUS-0200,707014,101002,151503,50501,1010020
2024-07,CUS-0201,707014,101002,151503,50501,1010020
2024-07,CUS-0202,707014,101002,151503,50501,1010020
2024-07,CUS-0203,707014,101002,151503,50501,1010020
2024-07,CUS-0204,707014,101002,151503,50501,1010020
2024-07,CUS-0205,707014,101002,151503,50501,1010020
2024-07,CUS-0206,707014,101002,151503,50501,1010020
2024-07,CUS-0207,707014,101002,151503,50501,1010020
2024-07,CUS-0208,707014,101002,151503,50501,1010020
2024-07,CUS-0209,707014,101002,151503,50501,1010020
2024-07,CUS-0210,707014,101002,151503,50501,1010020
2024-07,CUS-0211,707014,101002,151503,50501,1010020
2024-07,CUS-0212,707014,101002,151503,50501,1010020
2024-07,CUS-0213,707014,101002,151503,50501,1010020
2024-07,CUS-0214,707014,101002,151503,50501,1010020
2024-07,CUS-0215,707014,101002,151503,50501,1010020
2024-07,CUS-0216,707014,101002,151503,50501,1010020
2024-07,CUS-0217,707014,101002,151503,50501,1010020
2024-07,CUS-0218,707014,101002,151503,50501,1010020
2024-07,CUS-0219,707014,101002,151503,50501,1010020
2024-07,CUS-0220,707014,101002,151503,50501,1010020
2024-07,CUS-0221,707014,101002,151503,50501,1010020
2024-07,CUS-0222,707014,101002,151503,50501,1010020
2024-07,CUS-0223,707014,101002,151503,50501,1010020
2024-07,CUS-0224,707014,101002,151503,50501,1010020
2024-07,CUS-0225,707014,101002,151503,50501,1010020
2024-07,CUS-0226,707014,101002,151503,50501,1010020
2024-07,CUS-0227,707014,101002,151503,50501,1010020
2024-07,CUS-0228,707014,101002,151503,50501,1010020
2024-07,CUS-0229,707014,101002,151503,50501,1010020
2024-07,CUS-0230,707014,101002,151503,50501,1010020
2024-07,CUS-0231,707014,101002,151503,50501,1010020
2024-07,CUS-0232,707014,101002,151503,50501,1010020
2024-07,CUS-0233,707014,101002,151503,50501,1010020
2024-07,CUS-0234,707014,101002,151503,50501,1010020
2024-07,CUS-0235,707014,101002,151503,50501,1010020
2024-07,CUS-0236,707014,101002,151503,50501,1010020
2024-07,CUS-0237,707014,101002,151503,50501,1010020
2024-07,CUS-0238,707014,101002,151503,50501,1010020
2024-07,CUS-0239,707014,101002,151503,50501,1010020
2024-07,CUS-0240,707014,101002,151503,50501,1010020
2024-07,CUS-0241,707014,101002,151503,50501,1010020
2024-07,CUS-0242,707014,101002,151503,50501,1010020
2024-07,CUS-0243,707014,101002,151503,50501,1010020
2024-07,CUS-0244,707014,101002,151503,50501,1010020
2024-07,CUS-0245,707014,101002,151503,50501,1010020
2024-07,CUS-0246,707014,101002,151503,50501,1010020
2024-07,CUS-0247,707014,101002,151503,50501,1010020
2024-07,CUS-0248,707014,101002,151503,50501,1010020
2024-07,CUS-0249,707014,101002,151503,50501,1010020
2024-07,CUS-0250,707014,101002,151503,50501,1010020
2024-07,CUS-0251,707014,101002,151503,50501,1010020
2024-07,CUS-0252,707014,101002,151503,50501,1010020
2024-07,CUS-0253,707014,101002,151503,50501,1010020
2024-07,CUS-0254,707014,101002,151503,50501,1010020
2024-07,CUS-0255,707014,101002,151503,50501,1010020
2024-07,CUS-0256,707014,101002,151503,50501,1010020
2024-07,CUS-0257,707014,101002,151503,50501,1010020
2024-07,CUS-0258,707014,101002,151503,50501,1010020
2024-07,CUS-0259,707014,101002,151503,50501,1010020
2024-07,CUS-0260,707014,101002,151503,50501,1010020
2024-07,CUS-0261,707014,101002,151503,50501,1010020
2024-07,CUS-0262,707014,101002,151503,50501,1010020
2024-07,CUS-0263,707014,101002,151503,50501,1010020
2024-07,CUS-0264,707014,101002,151503,50501,1010020
2024-07,CUS-0265,707014,101002,151503,50501,1010020
2024-07,CUS-0266,707014,101002,151503,50501,1010020
2024-07,CUS-0267,707014,101002,151503,50501,1010020
2024-07,CUS-0268,707014,101002,151503,50501,1010020
2024-07,CUS-0269,707014,101002,151503,50501,1010020
2024-07,CUS-0270,707014,101002,151503,50501,1010020
2024-07,CUS-0271,707014,101002,151503,50501,1010020
2024-07,CUS-0272,707014,101002,151503,50501,1010020
2024-07,CUS-0273,707014,101002,151503,50501,1010020
2024-07,CUS-0274,707014,101002,151503,50501,1010020
2024-07,CUS-0275,707014,101002,151503,50501,1010020
2024-07,CUS-0276,707014,101002,151503,50501,1010020
2024-07,CUS-0277,707014,101002,151503,50501,1010020
2024-07,CUS-0278,707014,101002,151503,50501,1010020
2024-07,CUS-0279,707014,101002,151503,50501,1010020
2024-07,CUS-0280,707014,101002,151503,50501,1010020
2024-07,CUS-0281,707014,101002,151503,50501,1010020
2024-07,CUS-0282,707014,101002,151503,50501,1010020
2024-07,CUS-0283,707014,101002,151503,50501,1010020
2024-07,CUS-0284,707014,101002,151503,50501,1010020
2024-07,CUS-0285,707014,101002,151503,50501,1010020
2024-07,CUS-0286,707014,101002,151503,50501,1010020
2024-07,CUS-0287,707014,101002,151503,50501,1010020
2024-07,CUS-0288,707014,101002,151503,50501,1010020
2024-07,CUS-0289,707014,101002,151503,50501,1010020
2024-07,CUS-0290,707014,101002,151503,50501,1010020
2024-07,CUS-0291,707014,101002,151503,50501,1010020
2024-07,CUS-0292,707014,101002,151503,50501,1010020
2024-07,CUS-0293,707014,101002,151503,50501,1010020
2024-07,CUS-0294,707014,101002,151503,50501,1010020
2024-07,CUS-0295,707014,101002,151503,50501,1010020
2024-07,CUS-0296,707014,101002,151503,50501,1010020
2024-07,CUS-0297,707014,101002,151503,50501,1010020
2024-07,CUS-0298,707014,101002,151503,50501,1010020
2024-07,CUS-0299,707014,101002,151503,50501,1010020
2024-07,CUS-0300,707014,101002,151503,50501,1010020
2024-07,CUS-0301,707014,101002,151503,50501,1010020
2024-07,CUS-0302,707014,101002,151503,50501,1010020
2024-07,CUS-0303,707014,101002,151503,50501,1010020
2024-07,CUS-0304,707014,101002,151503,50501,1010020
2024-07,CUS-0305,707014,101002,151503,50501,1010020
2024-07,CUS-0306,707014,101002,151503,50501,1010020
2024-07,CUS-0307,707014,101002,151503,50501,1010020
2024-07,CUS-0308,707014,101002,151503,50501,1010020
2024-07,CUS-0309,707014,101002,151503,50501,1010020
2024-07,CUS-0310,707014,101002,151503,50501,1010020
2024-07,CUS-0311,707013,101001,151502,50503,1010019
2024-07,CUS-0312,707013,101001,151502,50503,1010019
2024-07,CUS-0313,707013,101001,151502,50503,1010019
2024-07,CUS-0314,707013,101001,151502,50503,1010019
2024-07,CUS-0315,707013,101001,151502,50503,1010019
2024-07,CUS-0316,707013,101001,151502,50503,1010019
2024-07,CUS-0317,707013,101001,151502,50503,1010019
2024-07,CUS-0318,707013,101001,151502,50503,1010019
2024-07,CUS-0319,707013,101001,151502,50503,1010019
2024-07,CUS-0320,707013,101001,151502,50503,1010019
2024-07,CUS-0321,707013,101001,151502,50503,1010019
2024-07,CUS-0322,707013,101001,151502,50503,1010019
2024-07,CUS-0323,707013,101001,151502,50503,1010019
2024-07,CUS-0324,707013,101001,151502,50503,1010019
2024-07,CUS-0325,707013,101001,151502,50503,1010019
2024-07,CUS-0326,707013,101001,151502,50503,1010019
2024-07,CUS-0327,707013,101001,151502,50503,1010019
2024-07,CUS-0328,707013,101001,151502,50503,1010019
2024-07,CUS-0329,707013,101001,151502,50503,1010019
2024-07,CUS-0330,707013,101001,151502,50503,1010019
2024-07,CUS-0331,707013,101001,151502,50503,1010019
2024-07,CUS-0332,707013,101001,151502,50503,1010019
2024-07,CUS-0333,707013,101001,151502,50503,1010019
2024-07,CUS-0334,707013,101001,151502,50503,1010019
2024-07,CUS-0335,707013,101001,151502,50503,1010019
2024-07,CUS-0336,707013,101001,151502,50503,1010019
2024-07,CUS-0337,707013,101001,151502,50503,1010019
2024-07,CUS-0338,707013,101001,151502,50503,1010019
2024-07,CUS-0339,707013,101001,151502,50503,1010019
2024-07,CUS-0340,707013,101001,151502,50503,1010019
2024-07,CUS-0341,707013,101001,151502,50503,1010019
2024-07,CUS-0342,707013,101001,151502,50503,1010019
2024-07,CUS-0343,707013,101001,151502,50503,1010019
2024-07,CUS-0344,707013,101001,151502,50503,1010019
2024-07,CUS-0345,707013,101001,151502,50503,1010019
2024-07,CUS-0346,707013,101001,151502,50503,1010019
2024-07,CUS-0347,707013,101001,151502,50503,1010019
2024-07,CUS-0348,707013,101001,151502,50503,1010019
2024-07,CUS-0349,707013,101001,151502,50503,1010019
2024-07,CUS-0350,707013,101001,151502,50503,1010019
2024-07,CUS-0351,707013,101001,151502,50503,1010019
2024-07,CUS-0352,707013,101001,151502,50503,1010019
2024-07,CUS-0353,707013,101001,151502,50503,1010019
2024-07,CUS-0354,707013,101001,151502,50503,1010019
2024-07,CUS-0355,707013,101001,151502,50503,1010019
2024-07,CUS-0356,707013,101001,151502,50503,1010019
2024-07,CUS-0357,707013,101001,151502,50503,1010019
2024-07,CUS-0358,707013,101001,151502,50503,1010019
2024-07,CUS-0359,707013,101001,151502,50503,1010019
2024-07,CUS-0360,707013,101001,151502,50503,1010019
2024-07,CUS-0361,707013,101001,151502,50503,1010019
2024-07,CUS-0362,707013,101001,151502,50503,1010019
2024-07,CUS-0363,707013,101001,151502,50503,1010019
2024-07,CUS-0364,707013,101001,151502,50503,1010019
2024-07,CUS-0365,707013,101001,151502,50503,1010019
2024-07,CUS-0366,707013,101001,151502,50503,1010019
2024-07,CUS-0367,707013,101001,151502,50503,1010019
2024-07,CUS-0368,707013,101001,151502,50503,1010019
2024-07,CUS-0369,707013,101001,151502,50503,1010019
2024-07,CUS-0370,707013,101001,151502,50503,1010019
2024-07,CUS-0371,707013,101001,151502,50503,1010019
2024-07,CUS-0372,707013,101001,151502,50503,1010019
2024-07,CUS-0373,707013,101001,151502,50503,1010019
2024-07,CUS-0374,707013,101001,151502,50503,1010019
2024-07,CUS-0375,707013,101001,151502,50503,1010019
2024-07,CUS-0376,707013,101001,151502,50503,1010019
2024-07,CUS-0377,707013,101001,151502,50503,1010019
2024-07,CUS-0378,707013,101001,151502,50503,1010019
2024-07,CUS-0379,707013,101001,151502,50503,1010019
2024-07,CUS-0380,707013,101001,151502,50503,1010019
2024-07,CUS-0381,707013,101001,151502,50503,1010019
2024-07,CUS-0382,707013,101001,151502,50503,1010019
2024-07,CUS-0383,707013,101001,151502,50503,1010019
2024-07,CUS-0384,707013,101001,151502,50503,1010019
2024-07,CUS-0385,707013,101001,151502,50503,1010019
2024-07,CUS-0386,707013,101001,151502,50503,1010019
2024-07,CUS-0387,707013,101001,151502,50503,1010019
2024-07,CUS-0388,707013,101001,151502,50503,1010019
2024-07,CUS-0389,707013,101001,151502,50503,1010019
2024-07,CUS-0390,707013,101001,151502,50503,1010019
2024-07,CUS-0391,707013,101001,151502,50503,1010019
2024-07,CUS-0392,707013,101001,151502,50503,1010019
2024-07,CUS-0393,707013,101001,151502,50503,1010019
2024-07,CUS-0394,707013,101001,151502,50503,1010019
2024-07,CUS-0395,707013,101001,151502,50503,1010019
2024-07,CUS-0396,707013,101001,151502,50503,1010019
2024-07,CUS-0397,707013,101001,151502,50503,1010019
2024-07,CUS-0398,707013,101001,151502,50503,1010019
2024-07,CUS-0399,707013,101001,151502,50503,1010019
2024-07,CUS-0400,707013,101001,151502,50503,1010019
2024-07,CUS-0401,707013,101001,151502,50503,1010019
2024-07,CUS-0402,707013,101001,151502,50503,1010019
2024-07,CUS-0403,707013,101001,151502,50503,1010019
2024-07,CUS-0404,707013,101001,151502,50503,1010019
2024-07,CUS-0405,707013,101001,151502,50503,1010019
2024-07,CUS-0406,707013,101001,151502,50503,1010019
2024-07,CUS-0407,707013,101001,151502,50503,1010019
2024-07,CUS-0408,707013,101001,151502,50503,1010019
2024-07,CUS-0409,707013,101001,151502,50503,1010019
2024-07,CUS-0410,707013,101001,151502,50503,1010019
2024-07,CUS-0411,707013,101001,151502,50503,1010019
2024-07,CUS-0412,707013,101001,151502,50503,1010019
2024-07,CUS-0413,707013,101001,151502,50503,1010019
2024-07,CUS-0414,707013,101001,151502,50503,1010019
2024-07,CUS-0415,707013,101001,151502,50503,1010019
2024-07,CUS-0416,707013,101001,151502,50503,1010019
2024-07,CUS-0417,707013,101001,151502,50503,1010019
2024-07,CUS-0418,707013,101001,151502,50503,1010019
2024-07,CUS-0419,707013,101001,151502,50503,1010019
2024-07,CUS-0420,707013,101001,151502,50503,1010019
2024-07,CUS-0421,707013,101001,151502,50503,1010019
2024-07,CUS-0422,707013,101001,151502,50503,1010019
2024-07,CUS-0423,707013,101001,151502,50503,1010019
2024-07,CUS-0424,707013,101001,151502,50503,1010019
2024-07,CUS-0425,707013,101001,151502,50503,1010019
2024-07,CUS-0426,707013,101001,151502,50503,1010019
2024-07,CUS-0427,707013,101001,151502,50503,1010019
2024-07,CUS-0428,707013,101001,151502,50503,1010019
2024-07,CUS-0429,707013,101001,151502,50503,1010019
2024-07,CUS-0430,707013,101001,151502,50503,1010019
2024-07,CUS-0431,707013,101001,151502,50503,1010019
2024-07,CUS-0432,707013,101001,151502,50503,1010019
2024-07,CUS-0433,707013,101001,151502,50503,1010019
2024-07,CUS-0434,707013,101001,151502,50503,1010019
2024-07,CUS-0435,707013,101001,151502,50503,1010019
2024-07,CUS-0436,707013,101001,151502,50503,1010019
2024-07,CUS-0437,707013,101001,151502,50503,1010019
2024-07,CUS-0438,707013,101001,151502,50503,1010019
2024-07,CUS-0439,707013,101001,151502,50503,1010019
2024-07,CUS-0440,707013,101001,151502,50503,1010019
2024-07,CUS-0441,707013,101001,151502,50503,1010019
2024-07,CUS-0442,707013,101001,151502,50503,1010019
2024-07,CUS-0443,707013,101001,151502,50503,1010019
2024-07,CUS-0444,707013,101001,151502,50503,1010019
2024-07,CUS-0445,707013,101001,151502,50503,1010019
2024-07,CUS-0446,707013,101001,151502,50503,1010019
2024-07,CUS-0447,707013,101001,151502,50503,1010019
2024-07,CUS-0448,707013,101001,151502,50503,1010019
2024-07,CUS-0449,707013,101001,151502,50503,1010019
2024-07,CUS-0450,707013,101001,151502,50503,1010019
2024-07,CUS-0451,707013,101001,151502,50503,1010019
2024-07,CUS-0452,707013,101001,151502,50503,1010019
2024-07,CUS-0453,707013,101001,151502,50503,1010019
2024-07,CUS-0454,707013,101001,151502,50503,1010019
2024-07,CUS-0455,707013,101001,151502,50503,1010019
2024-07,CUS-0456,707013,101001,151502,50503,1010019
2024-07,CUS-0457,707013,101001,151502,50503,1010019
2024-07,CUS-0458,707013,101001,151502,50503,1010019
2024-07,CUS-0459,707013,101001,151502,50503,1010019
2024-07,CUS-0460,707013,101001,151502,50503,1010019
2024-07,CUS-0461,707013,101001,151502,50503,1010019
2024-07,CUS-0462,707013,101001,151502,50503,1010019
2024-07,CUS-0463,707013,101001,151502,50503,1010019
2024-07,CUS-0464,707013,101001,151502,50503,1010019
2024-07,CUS-0465,707013,101001,151502,50503,1010019
2024-07,CUS-0466,707013,101001,151502,50503,1010019
2024-07,CUS-0467,707013,101001,151502,50503,1010019
2024-07,CUS-0468,707013,101001,151502,50503,1010019
2024-07,CUS-0469,707013,101001,151502,50503,1010019
2024-07,CUS-0470,707013,101001,151502,50503,1010019
2024-07,CUS-0471,707013,101001,151502,50503,1010019
2024-07,CUS-0472,707013,101001,151502,50503,1010019
2024-07,CUS-0473,707013,101001,151502,50503,1010019
2024-07,CUS-0474,707013,101001,151502,50503,1010019
2024-07,CUS-0475,707013,101001,151502,50503,1010019
2024-07,CUS-0476,707013,101001,151502,50503,1010019
2024-07,CUS-0477,707013,101001,151502,50503,1010019
2024-07,CUS-0478,707013,101001,151502,50503,1010019
2024-07,CUS-0479,707013,101001,151502,50503,1010019
2024-07,CUS-0480,707013,101001,151502,50503,1010019
2024-07,CUS-0481,707013,101001,151502,50503,1010019
2024-07,CUS-0482,707013,101001,151502,50503,1010019
2024-07,CUS-0483,707013,101001,151502,50503,1010019
2024-07,CUS-0484,707013,101001,151502,50503,1010019
2024-07,CUS-0485,707013,101001,151502,50503,1010019
2024-07,CUS-0486,707013,101001,151502,50503,1010019
2024-07,CUS-0487,707013,101001,151502,50503,1010019
2024-07,CUS-0488,707013,101001,151502,50503,1010019
2024-07,CUS-0489,707013,101001,151502,50503,1010019
2024-07,CUS-0490,707013,101001,151502,50503,1010019
2024-07,CUS-0491,707013,101001,151502,50503,1010019
2024-07,CUS-0492,707013,101001,151502,50503,1010019
2024-07,CUS-0493,707013,101001,151502,50503,1010019
2024-07,CUS-0494,707013,101001,151502,50503,1010019
2024-07,CUS-0495,707013,101001,151502,50503,1010019
2024-07,CUS-0496,707013,101001,151502,50503,1010019
2024-07,CUS-0497,707013,101001,151502,50503,1010019
2024-07,CUS-0498,707013,101001,151502,50503,1010019
2024-07,CUS-0499,707013,101001,151502,50503,1010019
2024-07,CUS-0500,707013,101001,151502,50503,1010019
2024-08,CUS-0001,164010000,23430000,35145000,11715000,234300000
2024-08,CUS-0002,717114,102444,153667,51224,1024449
2024-08,CUS-0003,717114,102444,153667,51224,1024449
2024-08,CUS-0004,717114,102444,153667,51224,1024449
2024-08,CUS-0005,717114,102444,153667,51224,1024449
2024-08,CUS-0006,717114,102444,153667,51224,1024449
2024-08,CUS-0007,717114,102444,153667,51224,1024449
2024-08,CUS-0008,717114,102444,153667,51224,1024449
2024-08,CUS-0009,717114,102444,153667,51224,1024449
2024-08,CUS-0010,717114,102444,153667,51224,1024449
2024-08,CUS-0011,717114,102444,153667,51224,1024449
2024-08,CUS-0012,717114,102444,153667,51224,1024449
2024-08,CUS-0013,717114,102444,153667,51224,1024449
2024-08,CUS-0014,717114,102444,153667,51224,1024449
2024-08,CUS-0015,717114,102444,153667,51224,1024449
2024-08,CUS-0016,717114,102444,153667,51224,1024449
2024-08,CUS-0017,717114,102444,153667,51224,1024449
2024-08,CUS-0018,717114,102444,153667,51224,1024449
2024-08,CUS-0019,717114,102444,153667,51224,1024449
2024-08,CUS-0020,717114,102444,153667,51224,1024449
2024-08,CUS-0021,717114,102444,153667,51224,1024449
2024-08,CUS-0022,717114,102444,153667,51224,1024449
2024-08,CUS-0023,717114,102444,153667,51224,1024449
2024-08,CUS-0024,717114,102444,153667,51224,1024449
2024-08,CUS-0025,717114,102444,153667,51224,1024449
2024-08,CUS-0026,717114,102444,153667,51224,1024449
2024-08,CUS-0027,717114,102444,153667,51224,1024449
2024-08,CUS-0028,717114,102444,153667,51224,1024449
2024-08,CUS-0029,717114,102444,153667,51224,1024449
2024-08,CUS-0030,717114,102444,153667,51224,1024449
2024-08,CUS-0031,717114,102444,153667,51224,1024449
2024-08,CUS-0032,717114,102444,153667,51224,1024449
2024-08,CUS-0033,717114,102444,153667,51224,1024449
2024-08,CUS-0034,717114,102444,153667,51224,1024449
2024-08,CUS-0035,717114,102444,153667,51224,1024449
2024-08,CUS-0036,717114,102444,153667,51224,1024449
2024-08,CUS-0037,717114,102444,153667,51224,1024449
2024-08,CUS-0038,717114,102444,153667,51224,1024449
2024-08,CUS-0039,717114,102444,153667,51224,1024449
2024-08,CUS-0040,717114,102444,153667,51224,1024449
2024-08,CUS-0041,717114,102444,153667,51224,1024449
2024-08,CUS-0042,717114,102444,153667,51224,1024449
2024-08,CUS-0043,717114,102444,153667,51224,1024449
2024-08,CUS-0044,717114,102444,153667,51224,1024449
2024-08,CUS-0045,717114,102444,153667,51224,1024449
2024-08,CUS-0046,717114,102444,153667,51224,1024449
2024-08,CUS-0047,717114,102444,153667,51224,1024449
2024-08,CUS-0048,717114,102444,153667,51224,1024449
2024-08,CUS-0049,717114,102444,153667,51224,1024449
2024-08,CUS-0050,717114,102444,153667,51224,1024449
2024-08,CUS-0051,717114,102444,153667,51224,1024449
2024-08,CUS-0052,717114,102444,153667,51224,1024449
2024-08,CUS-0053,717114,102444,153667,51224,1024449
2024-08,CUS-0054,717114,102444,153667,51224,1024449
2024-08,CUS-0055,717114,102444,153667,51224,1024449
2024-08,CUS-0056,717114,102444,153667,51224,1024449
2024-08,CUS-0057,717114,102444,153667,51224,1024449
2024-08,CUS-0058,717114,102444,153667,51224,1024449
2024-08,CUS-0059,717114,102444,153667,51224,1024449
2024-08,CUS-0060,717114,102444,153667,51224,1024449
2024-08,CUS-0061,717114,102444,153667,51224,1024449
2024-08,CUS-0062,717114,102444,153667,51224,1024449
2024-08,CUS-0063,717114,102444,153667,51224,1024449
2024-08,CUS-0064,717114,102444,153667,51224,1024449
2024-08,CUS-0065,717114,102444,153667,51224,1024449
2024-08,CUS-0066,717114,102444,153667,51224,1024449
2024-08,CUS-0067,717114,102444,153667,51224,1024449
2024-08,CUS-0068,717114,102444,153667,51224,1024449
2024-08,CUS-0069,717114,102444,153667,51224,1024449
2024-08,CUS-0070,717114,102444,153667,51224,1024449
2024-08,CUS-0071,717114,102444,153667,51224,1024449
2024-08,CUS-0072,717114,102444,153667,51224,1024449
2024-08,CUS-0073,717114,102444,153667,51224,1024449
2024-08,CUS-0074,717114,102444,153667,51224,1024449
2024-08,CUS-0075,717114,102444,153667,51224,1024449
2024-08,CUS-0076,717114,102444,153667,51224,1024449
2024-08,CUS-0077,717114,102444,153667,51224,1024449
2024-08,CUS-0078,717114,102444,153667,51224,1024449
2024-08,CUS-0079,717114,102444,153667,51224,1024449
2024-08,CUS-0080,717114,102444,153667,51224,1024449
2024-08,CUS-0081,717114,102444,153667,51224,1024449
2024-08,CUS-0082,717114,102444,153667,51224,1024449
2024-08,CUS-0083,717114,102444,153667,51224,1024449
2024-08,CUS-0084,717114,102444,153667,51224,1024449
2024-08,CUS-0085,717114,102444,153667,51224,1024449
2024-08,CUS-0086,717114,102444,153667,51224,1024449
2024-08,CUS-0087,717114,102444,153667,51224,1024449
2024-08,CUS-0088,717114,102444,153667,51224,1024449
2024-08,CUS-0089,717114,102444,153667,51224,1024449
2024-08,CUS-0090,717114,102444,153667,51224,1024449
2024-08,CUS-0091,717114,102444,153667,51224,1024449
2024-08,CUS-0092,717114,102444,153667,51224,1024449
2024-08,CUS-0093,717114,102444,153667,51224,1024449
2024-08,CUS-0094,717114,102444,153667,51224,1024449
2024-08,CUS-0095,717114,102444,153667,51224,1024449
2024-08,CUS-0096,717114,102444,153667,51224,1024449
2024-08,CUS-0097,717114,102444,153667,51224,1024449
2024-08,CUS-0098,717114,102444,153667,51224,1024449
2024-08,CUS-0099,717114,102444,153667,51224,1024449
2024-08,CUS-0100,717114,102444,153667,51224,1024449
2024-08,CUS-0101,717114,102444,153667,51224,1024449
2024-08,CUS-0102,717114,102444,153667,51224,1024449
2024-08,CUS-0103,717114,102444,153667,51224,1024449
2024-08,CUS-0104,717114,102444,153667,51224,1024449
2024-08,CUS-0105,717114,102444,153667,51224,1024449
2024-08,CUS-0106,717114,102444,153667,51224,1024449
2024-08,CUS-0107,717114,102444,153667,51224,1024449
2024-08,CUS-0108,717114,102444,153667,51224,1024449
2024-08,CUS-0109,717114,102444,153667,51224,1024449
2024-08,CUS-0110,717114,102444,153667,51224,1024449
2024-08,CUS-0111,717114,102444,153667,51224,1024449
2024-08,CUS-0112,717114,102444,153667,51224,1024449
2024-08,CUS-0113,717114,102444,153667,51224,1024449
2024-08,CUS-0114,717114,102444,153667,51224,1024449
2024-08,CUS-0115,717114,102444,153667,51224,1024449
2024-08,CUS-0116,717114,102444,153667,51224,1024449
2024-08,CUS-0117,717114,102444,153667,51224,1024449
2024-08,CUS-0118,717114,102444,153667,51224,1024449
2024-08,CUS-0119,717114,102444,153667,51224,1024449
2024-08,CUS-0120,717114,102444,153667,51224,1024449
2024-08,CUS-0121,717114,102444,153667,51224,1024449
2024-08,CUS-0122,717114,102444,153667,51224,1024449
2024-08,CUS-0123,717114,102444,153667,51224,1024449
2024-08,CUS-0124,717114,102444,153667,51224,1024449
2024-08,CUS-0125,717114,102444,153667,51224,1024449
2024-08,CUS-0126,717114,102444,153667,51224,1024449
2024-08,CUS-0127,717114,102444,153667,51224,1024449
2024-08,CUS-0128,717114,102444,153667,51224,1024449
2024-08,CUS-0129,717114,102444,153667,51224,1024449
2024-08,CUS-0130,717114,102444,153667,51224,1024449
2024-08,CUS-0131,717114,102444,153667,51224,1024449
2024-08,CUS-0132,717114,102444,153667,51224,1024449
2024-08,CUS-0133,717114,102444,153667,51224,1024449
2024-08,CUS-0134,717114,102444,153667,51224,1024449
2024-08,CUS-0135,717114,102444,153667,51224,1024449
2024-08,CUS-0136,717114,102444,153667,51224,1024449
2024-08,CUS-0137,717114,102444,153667,51224,1024449
2024-08,CUS-0138,717114,102444,153667,51224,1024449
2024-08,CUS-0139,717114,102444,153667,51224,1024449
2024-08,CUS-0140,717114,102444,153667,51224,1024449
2024-08,CUS-0141,717114,102444,153667,51224,1024449
2024-08,CUS-0142,717114,102444,153667,51224,1024449
2024-08,CUS-0143,717114,102444,153667,51224,1024449
2024-08,CUS-0144,717114,102444,153667,51224,1024449
2024-08,CUS-0145,717114,102444,153667,51224,1024449
2024-08,CUS-0146,717114,102444,153667,51224,1024449
2024-08,CUS-0147,717114,102444,153667,51224,1024449
2024-08,CUS-0148,717114,102444,153667,51224,1024449
2024-08,CUS-0149,717114,102444,153667,51224,1024449
2024-08,CUS-0150,717114,102444,153667,51224,1024449
2024-08,CUS-0151,717114,102444,153667,51224,1024449
2024-08,CUS-0152,717114,102444,153667,51224,1024449
2024-08,CUS-0153,717114,102444,153667,51224,1024449
2024-08,CUS-0154,717114,102444,153667,51224,1024449
2024-08,CUS-0155,717114,102444,153667,51224,1024449
2024-08,CUS-0156,717114,102444,153667,51224,1024449
2024-08,CUS-0157,717114,102444,153667,51224,1024449
2024-08,CUS-0158,717114,102444,153667,51224,1024449
2024-08,CUS-0159,717114,102444,153667,51224,1024449
2024-08,CUS-0160,717114,102444,153667,51224,1024449
2024-08,CUS-0161,717114,102444,153667,51224,1024449
2024-08,CUS-0162,717114,102444,153667,51224,1024449
2024-08,CUS-0163,717114,102444,153667,51224,1024449
2024-08,CUS-0164,717114,102444,153667,51224,1024449
2024-08,CUS-0165,717114,102444,153667,51224,1024449
2024-08,CUS-0166,717114,102444,153667,51224,1024449
2024-08,CUS-0167,717114,102444,153667,51224,1024449
2024-08,CUS-0168,717114,102444,153667,51224,1024449
2024-08,CUS-0169,717114,102444,153667,51224,1024449
2024-08,CUS-0170,717114,102444,153667,51224,1024449
2024-08,CUS-0171,717114,102444,153667,51224,1024449
2024-08,CUS-0172,717114,102444,153667,51224,1024449
2024-08,CUS-0173,717114,102444,153667,51224,1024449
2024-08,CUS-0174,717114,102444,153667,51224,1024449
2024-08,CUS-0175,717114,102444,153667,51224,1024449
2024-08,CUS-0176,717114,102444,153667,51224,1024449
2024-08,CUS-0177,717114,102444,153667,51224,1024449
2024-08,CUS-0178,717114,102444,153667,51224,1024449
2024-08,CUS-0179,717114,102444,153667,51224,1024449
2024-08,CUS-0180,717114,102444,153667,51224,1024449
2024-08,CUS-0181,717114,102444,153667,51224,1024449
2024-08,CUS-0182,717114,102444,153667,51224,1024449
2024-08,CUS-0183,717114,102444,153667,51224,1024449
2024-08,CUS-0184,717114,102444,153667,51224,1024449
2024-08,CUS-0185,717114,102444,153667,51224,1024449
2024-08,CUS-0186,717114,102444,153667,51224,1024449
2024-08,CUS-0187,717114,102444,153667,51224,1024449
2024-08,CUS-0188,717114,102444,153667,51224,1024449
2024-08,CUS-0189,717114,102444,153667,51224,1024449
2024-08,CUS-0190,717114,102444,153667,51224,1024449
2024-08,CUS-0191,717114,102444,153667,51224,1024449
2024-08,CUS-0192,717114,102444,153667,51224,1024449
2024-08,CUS-0193,717114,102444,153667,51224,1024449
2024-08,CUS-0194,717114,102444,153667,51224,1024449
2024-08,CUS-0195,717114,102444,153667,51224,1024449
2024-08,CUS-0196,717114,102444,153667,51224,1024449
2024-08,CUS-0197,717114,102444,153667,51224,1024449
2024-08,CUS-0198,717114,102444,153667,51224,1024449
2024-08,CUS-0199,717114,102444,153667,51224,1024449
2024-08,CUS-0200,717114,102444,153667,51224,1024449
2024-08,CUS-0201,717114,102444,153667,51224,1024449
2024-08,CUS-0202,717114,102444,153667,51224,1024449
2024-08,CUS-0203,717114,102444,153667,51224,1024449
2024-08,CUS-0204,717114,102444,153667,51224,1024449
2024-08,CUS-0205,717114,102444,153667,51224,1024449
2024-08,CUS-0206,717114,102444,153667,51224,1024449
2024-08,CUS-0207,717114,102444,153667,51224,1024449
2024-08,CUS-0208,717114,102444,153667,51224,1024449
2024-08,CUS-0209,717114,102444,153667,51224,1024449
2024-08,CUS-0210,717114,102444,153667,51224,1024449
2024-08,CUS-0211,717114,102444,153667,51224,1024449
2024-08,CUS-0212,717114,102444,153667,51224,1024449
2024-08,CUS-0213,717114,102444,153667,51224,1024449
2024-08,CUS-0214,717114,102444,153667,51224,1024449
2024-08,CUS-0215,717114,102444,153667,51224,1024449
2024-08,CUS-0216,717114,102444,153667,51224,1024449
2024-08,CUS-0217,717114,102444,153667,51224,1024449
2024-08,CUS-0218,717114,102444,153667,51224,1024449
2024-08,CUS-0219,717114,102444,153667,51224,1024449
2024-08,CUS-0220,717114,102444,153667,51224,1024449
2024-08,CUS-0221,717114,102444,153667,51224,1024449
2024-08,CUS-0222,717114,102444,153667,51224,1024449
2024-08,CUS-0223,717114,102444,153667,51224,1024449
2024-08,CUS-0224,717114,102444,153667,51224,1024449
2024-08,CUS-0225,717114,102444,153667,51224,1024449
2024-08,CUS-0226,717114,102444,153667,51224,1024449
2024-08,CUS-0227,717114,102444,153667,51224,1024449
2024-08,CUS-0228,717114,102444,153667,51224,1024449
2024-08,CUS-0229,717114,102444,153667,51224,1024449
2024-08,CUS-0230,717114,102444,153667,51224,1024449
2024-08,CUS-0231,717114,102444,153667,51224,1024449
2024-08,CUS-0232,717114,102444,153667,51224,1024449
2024-08,CUS-0233,717114,102444,153667,51224,1024449
2024-08,CUS-0234,717114,102444,153667,51224,1024449
2024-08,CUS-0235,717114,102444,153667,51224,1024449
2024-08,CUS-0236,717114,102444,153667,51224,1024449
2024-08,CUS-0237,717114,102444,153667,51224,1024449
2024-08,CUS-0238,717114,102444,153667,51224,1024449
2024-08,CUS-0239,717114,102444,153667,51224,1024449
2024-08,CUS-0240,717114,102444,153667,51224,1024449
2024-08,CUS-0241,717114,102444,153667,51224,1024449
2024-08,CUS-0242,717114,102444,153667,51224,1024449
2024-08,CUS-0243,717114,102444,153667,51224,1024449
2024-08,CUS-0244,717114,102444,153667,51224,1024449
2024-08,CUS-0245,717114,102444,153667,51224,1024449
2024-08,CUS-0246,717114,102444,153667,51224,1024449
2024-08,CUS-0247,717114,102444,153667,51224,1024449
2024-08,CUS-0248,717114,102444,153667,51224,1024449
2024-08,CUS-0249,717114,102444,153667,51224,1024449
2024-08,CUS-0250,717114,102444,153667,51224,1024449
2024-08,CUS-0251,717114,102444,153667,51224,1024449
2024-08,CUS-0252,717114,102444,153667,51224,1024449
2024-08,CUS-0253,717114,102444,153667,51224,1024449
2024-08,CUS-0254,717114,102444,153667,51224,1024449
2024-08,CUS-0255,717114,102444,153667,51224,1024449
2024-08,CUS-0256,717114,102444,153667,51224,1024449
2024-08,CUS-0257,717114,102444,153667,51224,1024449
2024-08,CUS-0258,717114,102444,153667,51224,1024449
2024-08,CUS-0259,717114,102444,153667,51224,1024449
2024-08,CUS-0260,717114,102444,153667,51224,1024449
2024-08,CUS-0261,717114,102444,153667,51224,1024449
2024-08,CUS-0262,717114,102444,153667,51224,1024449
2024-08,CUS-0263,717114,102444,153667,51224,1024449
2024-08,CUS-0264,717114,102444,153667,51224,1024449
2024-08,CUS-0265,717114,102444,153667,51224,1024449
2024-08,CUS-0266,717114,102444,153667,51224,1024449
2024-08,CUS-0267,717114,102444,153667,51224,1024449
2024-08,CUS-0268,717114,102444,153667,51224,1024449
2024-08,CUS-0269,717114,102444,153667,51224,1024449
2024-08,CUS-0270,717114,102444,153667,51224,1024449
2024-08,CUS-0271,717114,102444,153667,51224,1024449
2024-08,CUS-0272,717114,102444,153667,51224,1024449
2024-08,CUS-0273,717114,102444,153667,51224,1024449
2024-08,CUS-0274,717114,102444,153667,51224,1024449
2024-08,CUS-0275,717114,102444,153667,51224,1024449
2024-08,CUS-0276,717114,102444,153667,51224,1024449
2024-08,CUS-0277,717114,102444,153667,51224,1024449
2024-08,CUS-0278,717114,102444,153667,51224,1024449
2024-08,CUS-0279,717114,102444,153667,51224,1024449
2024-08,CUS-0280,717114,102444,153667,51224,1024449
2024-08,CUS-0281,717114,102444,153667,51224,1024449
2024-08,CUS-0282,717114,102444,153667,51224,1024449
2024-08,CUS-0283,717114,102444,153667,51224,1024449
2024-08,CUS-0284,717114,102444,153667,51224,1024449
2024-08,CUS-0285,717114,102444,153667,51224,1024449
2024-08,CUS-0286,717114,102444,153667,51224,1024449
2024-08,CUS-0287,717114,102444,153667,51224,1024449
2024-08,CUS-0288,717114,102444,153667,51224,1024449
2024-08,CUS-0289,717114,102444,153667,51224,1024449
2024-08,CUS-0290,717114,102444,153667,51224,1024449
2024-08,CUS-0291,717114,102444,153667,51224,1024449
2024-08,CUS-0292,717114,102444,153667,51224,1024449
2024-08,CUS-0293,717114,102444,153667,51224,1024449
2024-08,CUS-0294,717114,102444,153667,51224,1024449
2024-08,CUS-0295,717114,102444,153667,51224,1024449
2024-08,CUS-0296,717114,102444,153667,51224,1024449
2024-08,CUS-0297,717114,102444,153667,51224,1024449
2024-08,CUS-0298,717114,102444,153667,51224,1024449
2024-08,CUS-0299,717114,102444,153667,51224,1024449
2024-08,CUS-0300,717114,102444,153667,51224,1024449
2024-08,CUS-0301,717114,102444,153667,51224,1024449
2024-08,CUS-0302,717114,102444,153667,51224,1024449
2024-08,CUS-0303,717114,102444,153667,51224,1024449
2024-08,CUS-0304,717114,102444,153667,51224,1024449
2024-08,CUS-0305,717114,102444,153667,51224,1024449
2024-08,CUS-0306,717114,102444,153667,51224,1024449
2024-08,CUS-0307,717114,102444,153667,51224,1024449
2024-08,CUS-0308,717114,102444,153667,51224,1024449
2024-08,CUS-0309,717114,102444,153667,51224,1024449
2024-08,CUS-0310,717114,102444,153667,51224,1024449
2024-08,CUS-0311,717113,102444,153667,51224,1024448
2024-08,CUS-0312,717113,102444,153667,51224,1024448
2024-08,CUS-0313,717113,102444,153667,51224,1024448
2024-08,CUS-0314,717113,102444,153667,51224,1024448
2024-08,CUS-0315,717113,102444,153667,51224,1024448
2024-08,CUS-0316,717113,102444,153667,51224,1024448
2024-08,CUS-0317,717113,102444,153667,51224,1024448
2024-08,CUS-0318,717113,102444,153667,51224,1024448
2024-08,CUS-0319,717113,102444,153667,51224,1024448
2024-08,CUS-0320,717113,102444,153667,51224,1024448
2024-08,CUS-0321,717113,102444,153667,51224,1024448
2024-08,CUS-0322,717113,102444,153667,51224,1024448
2024-08,CUS-0323,717113,102444,153667,51224,1024448
2024-08,CUS-0324,717113,102444,153667,51224,1024448
2024-08,CUS-0325,717113,102444,153667,51224,1024448
2024-08,CUS-0326,717113,102444,153667,51224,1024448
2024-08,CUS-0327,717113,102444,153667,51224,1024448
2024-08,CUS-0328,717113,102444,153667,51224,1024448
2024-08,CUS-0329,717113,102444,153667,51224,1024448
2024-08,CUS-0330,717113,102444,153667,51224,1024448
2024-08,CUS-0331,717113,102444,153667,51224,1024448
2024-08,CUS-0332,717113,102444,153667,51224,1024448
2024-08,CUS-0333,717113,102444,153667,51224,1024448
2024-08,CUS-0334,717113,102444,153667,51224,1024448
2024-08,CUS-0335,717113,102444,153667,51224,1024448
2024-08,CUS-0336,717113,102444,153667,51224,1024448
2024-08,CUS-0337,717113,102444,153667,51224,1024448
2024-08,CUS-0338,717113,102444,153667,51224,1024448
2024-08,CUS-0339,717113,102444,153667,51224,1024448
2024-08,CUS-0340,717113,102444,153667,51224,1024448
2024-08,CUS-0341,717113,102444,153667,51224,1024448
2024-08,CUS-0342,717113,102444,153667,51224,1024448
2024-08,CUS-0343,717113,102444,153667,51224,1024448
2024-08,CUS-0344,717113,102444,153667,51224,1024448
2024-08,CUS-0345,717113,102444,153667,51224,1024448
2024-08,CUS-0346,717113,102444,153667,51224,1024448
2024-08,CUS-0347,717113,102444,153667,51224,1024448
2024-08,CUS-0348,717113,102444,153667,51224,1024448
2024-08,CUS-0349,717113,102444,153667,51224,1024448
2024-08,CUS-0350,717113,102444,153667,51224,1024448
2024-08,CUS-0351,717113,102444,153667,51224,1024448
2024-08,CUS-0352,717113,102444,153667,51224,1024448
2024-08,CUS-0353,717113,102444,153667,51224,1024448
2024-08,CUS-0354,717113,102444,153667,51224,1024448
2024-08,CUS-0355,717113,102444,153667,51224,1024448
2024-08,CUS-0356,717113,102444,153667,51224,1024448
2024-08,CUS-0357,717113,102444,153667,51224,1024448
2024-08,CUS-0358,717113,102444,153667,51224,1024448
2024-08,CUS-0359,717113,102444,153667,51224,1024448
2024-08,CUS-0360,717113,102444,153667,51224,1024448
2024-08,CUS-0361,717113,102444,153667,51224,1024448
2024-08,CUS-0362,717113,102444,153667,51224,1024448
2024-08,CUS-0363,717113,102444,153667,51224,1024448
2024-08,CUS-0364,717113,102444,153667,51224,1024448
2024-08,CUS-0365,717113,102444,153667,51224,1024448
2024-08,CUS-0366,717113,102444,153667,51224,1024448
2024-08,CUS-0367,717113,102444,153667,51224,1024448
2024-08,CUS-0368,717113,102444,153667,51224,1024448
2024-08,CUS-0369,717113,102444,153667,51224,1024448
2024-08,CUS-0370,717113,102444,153667,51224,1024448
2024-08,CUS-0371,717113,102444,153667,51224,1024448
2024-08,CUS-0372,717113,102444,153667,51224,1024448
2024-08,CUS-0373,717113,102444,153667,51224,1024448
2024-08,CUS-0374,717113,102444,153667,51224,1024448
2024-08,CUS-0375,717113,102444,153667,51224,1024448
2024-08,CUS-0376,717113,102444,153667,51224,1024448
2024-08,CUS-0377,717113,102444,153667,51224,1024448
2024-08,CUS-0378,717113,102444,153667,51224,1024448
2024-08,CUS-0379,717113,102444,153667,51224,1024448
2024-08,CUS-0380,717113,102444,153667,51224,1024448
2024-08,CUS-0381,717113,102444,153667,51224,1024448
2024-08,CUS-0382,717113,102444,153667,51224,1024448
2024-08,CUS-0383,717113,102444,153667,51224,1024448
2024-08,CUS-0384,717113,102444,153667,51224,1024448
2024-08,CUS-0385,717113,102444,153667,51224,1024448
2024-08,CUS-0386,717113,102444,153667,51224,1024448
2024-08,CUS-0387,717113,102444,153667,51224,1024448
2024-08,CUS-0388,717113,102444,153667,51224,1024448
2024-08,CUS-0389,717113,102444,153667,51224,1024448
2024-08,CUS-0390,717113,102444,153667,51224,1024448
2024-08,CUS-0391,717113,102444,153667,51224,1024448
2024-08,CUS-0392,717113,102444,153667,51224,1024448
2024-08,CUS-0393,717113,102444,153667,51224,1024448
2024-08,CUS-0394,717113,102444,153667,51224,1024448
2024-08,CUS-0395,717113,102444,153667,51224,1024448
2024-08,CUS-0396,717113,102444,153667,51224,1024448
2024-08,CUS-0397,717113,102444,153667,51224,1024448
2024-08,CUS-0398,717113,102444,153667,51224,1024448
2024-08,CUS-0399,717113,102444,153667,51224,1024448
2024-08,CUS-0400,717113,102444,153667,51224,1024448
2024-08,CUS-0401,717113,102444,153667,51224,1024448
2024-08,CUS-0402,717113,102444,153667,51224,1024448
2024-08,CUS-0403,717113,102444,153667,51224,1024448
2024-08,CUS-0404,717113,102444,153667,51224,1024448
2024-08,CUS-0405,717113,102444,153667,51224,1024448
2024-08,CUS-0406,717113,102444,153667,51224,1024448
2024-08,CUS-0407,717113,102444,153667,51224,1024448
2024-08,CUS-0408,717113,102444,153667,51224,1024448
2024-08,CUS-0409,717113,102444,153667,51224,1024448
2024-08,CUS-0410,717113,102444,153667,51224,1024448
2024-08,CUS-0411,717113,102444,153667,51224,1024448
2024-08,CUS-0412,717113,102444,153667,51224,1024448
2024-08,CUS-0413,717113,102444,153667,51224,1024448
2024-08,CUS-0414,717113,102444,153667,51224,1024448
2024-08,CUS-0415,717113,102444,153667,51224,1024448
2024-08,CUS-0416,717113,102444,153667,51224,1024448
2024-08,CUS-0417,717113,102444,153667,51224,1024448
2024-08,CUS-0418,717113,102444,153667,51224,1024448
2024-08,CUS-0419,717113,102444,153667,51224,1024448
2024-08,CUS-0420,717113,102444,153667,51224,1024448
2024-08,CUS-0421,717113,102444,153667,51224,1024448
2024-08,CUS-0422,717113,102444,153667,51224,1024448
2024-08,CUS-0423,717113,102444,153667,51224,1024448
2024-08,CUS-0424,717113,102444,153667,51224,1024448
2024-08,CUS-0425,717113,102444,153667,51224,1024448
2024-08,CUS-0426,717113,102444,153667,51224,1024448
2024-08,CUS-0427,717113,102444,153667,51224,1024448
2024-08,CUS-0428,717113,102444,153667,51224,1024448
2024-08,CUS-0429,717113,102444,153667,51224,1024448
2024-08,CUS-0430,717113,102444,153667,51224,1024448
2024-08,CUS-0431,717113,102444,153667,51224,1024448
2024-08,CUS-0432,717113,102444,153667,51224,1024448
2024-08,CUS-0433,717113,102444,153667,51224,1024448
2024-08,CUS-0434,717113,102444,153667,51224,1024448
2024-08,CUS-0435,717113,102444,153667,51224,1024448
2024-08,CUS-0436,717113,102444,153667,51224,1024448
2024-08,CUS-0437,717113,102444,153667,51224,1024448
2024-08,CUS-0438,717113,102444,153667,51224,1024448
2024-08,CUS-0439,717113,102444,153667,51224,1024448
2024-08,CUS-0440,717113,102444,153667,51224,1024448
2024-08,CUS-0441,717113,102444,153667,51224,1024448
2024-08,CUS-0442,717113,102444,153667,51224,1024448
2024-08,CUS-0443,717113,102444,153667,51224,1024448
2024-08,CUS-0444,717113,102444,153667,51224,1024448
2024-08,CUS-0445,717113,102444,153667,51224,1024448
2024-08,CUS-0446,717113,102444,153667,51224,1024448
2024-08,CUS-0447,717113,102444,153667,51224,1024448
2024-08,CUS-0448,717113,102444,153667,51224,1024448
2024-08,CUS-0449,717113,102444,153667,51224,1024448
2024-08,CUS-0450,717113,102444,153667,51224,1024448
2024-08,CUS-0451,717113,102444,153667,51224,1024448
2024-08,CUS-0452,717113,102444,153667,51224,1024448
2024-08,CUS-0453,717113,102444,153667,51224,1024448
2024-08,CUS-0454,717113,102444,153667,51224,1024448
2024-08,CUS-0455,717113,102444,153667,51224,1024448
2024-08,CUS-0456,717113,102444,153667,51224,1024448
2024-08,CUS-0457,717113,102444,153667,51224,1024448
2024-08,CUS-0458,717113,102444,153667,51224,1024448
2024-08,CUS-0459,717113,102444,153667,51224,1024448
2024-08,CUS-0460,717113,102444,153667,51224,1024448
2024-08,CUS-0461,717113,102444,153667,51224,1024448
2024-08,CUS-0462,717113,102444,153667,51224,1024448
2024-08,CUS-0463,717113,102444,153667,51224,1024448
2024-08,CUS-0464,717113,102444,153667,51224,1024448
2024-08,CUS-0465,717113,102444,153667,51224,1024448
2024-08,CUS-0466,717113,102444,153667,51224,1024448
2024-08,CUS-0467,717113,102444,153667,51224,1024448
2024-08,CUS-0468,717113,102444,153667,51224,1024448
2024-08,CUS-0469,717113,102444,153667,51224,1024448
2024-08,CUS-0470,717113,102444,153667,51224,1024448
2024-08,CUS-0471,717113,102444,153667,51224,1024448
2024-08,CUS-0472,717113,102444,153667,51224,1024448
2024-08,CUS-0473,717113,102444,153667,51224,1024448
2024-08,CUS-0474,717113,102444,153667,51224,1024448
2024-08,CUS-0475,717113,102444,153667,51224,1024448
2024-08,CUS-0476,717113,102444,153667,51224,1024448
2024-08,CUS-0477,717113,102444,153667,51224,1024448
2024-08,CUS-0478,717113,102444,153667,51224,1024448
2024-08,CUS-0479,717113,102444,153667,51224,1024448
2024-08,CUS-0480,717113,102444,153667,51224,1024448
2024-08,CUS-0481,717113,102444,153667,51224,1024448
2024-08,CUS-0482,717113,102444,153667,51224,1024448
2024-08,CUS-0483,717113,102444,153667,51224,1024448
2024-08,CUS-0484,717113,102444,153667,51224,1024448
2024-08,CUS-0485,717113,102444,153667,51224,1024448
2024-08,CUS-0486,717113,102444,153667,51224,1024448
2024-08,CUS-0487,717113,102444,153667,51224,1024448
2024-08,CUS-0488,717113,102444,153667,51224,1024448
2024-08,CUS-0489,717113,102444,153667,51224,1024448
2024-08,CUS-0490,717113,102444,153667,51224,1024448
2024-08,CUS-0491,717113,102444,153667,51224,1024448
2024-08,CUS-0492,717113,102444,153667,51224,1024448
2024-08,CUS-0493,717113,102444,153667,51224,1024448
2024-08,CUS-0494,717113,102444,153667,51224,1024448
2024-08,CUS-0495,717113,102444,153667,51224,1024448
2024-08,CUS-0496,717113,102444,153667,51224,1024448
2024-08,CUS-0497,717113,102444,153667,51224,1024448
2024-08,CUS-0498,717113,102444,153667,51224,1024448
2024-08,CUS-0499,717113,102444,153667,51224,1024448
2024-08,CUS-0500,717113,102444,153667,51224,1024448
2024-09,CUS-0001,166320000,23760000,35640000,11880000,237600000
2024-09,CUS-0002,727213,103887,155831,51946,1038877
2024-09,CUS-0003,727213,103887,155831,51946,1038877
2024-09,CUS-0004,727213,103887,155831,51946,1038877
2024-09,CUS-0005,727213,103887,155831,51946,1038877
2024-09,CUS-0006,727213,103887,155831,51946,1038877
2024-09,CUS-0007,727213,103887,155831,51946,1038877
2024-09,CUS-0008,727213,103887,155831,51946,1038877
2024-09,CUS-0009,727213,103887,155831,51946,1038877
2024-09,CUS-0010,727213,103887,155831,51946,1038877
2024-09,CUS-0011,727213,103887,155831,51946,1038877
2024-09,CUS-0012,727213,103887,155831,51946,1038877
2024-09,CUS-0013,727213,103887,155831,51946,1038877
2024-09,CUS-0014,727213,103887,155831,51946,1038877
2024-09,CUS-0015,727213,103887,155831,51946,1038877
2024-09,CUS-0016,727213,103887,155831,51946,1038877
2024-09,CUS-0017,727213,103887,155831,51946,1038877
2024-09,CUS-0018,727213,103887,155831,51946,1038877
2024-09,CUS-0019,727213,103887,155831,51946,1038877
2024-09,CUS-0020,727213,103887,155831,51946,1038877
2024-09,CUS-0021,727213,103887,155831,51946,1038877
2024-09,CUS-0022,727213,103887,155831,51946,1038877
2024-09,CUS-0023,727213,103887,155831,51946,1038877
2024-09,CUS-0024,727213,103887,155831,51946,1038877
2024-09,CUS-0025,727213,103887,155831,51946,1038877
2024-09,CUS-0026,727213,103887,155831,51946,1038877
2024-09,CUS-0027,727213,103887,155831,51946,1038877
2024-09,CUS-0028,727213,103887,155831,51946,1038877
2024-09,CUS-0029,727213,103887,155831,51946,1038877
2024-09,CUS-0030,727213,103887,155831,51946,1038877
2024-09,CUS-0031,727213,103887,155831,51946,1038877
2024-09,CUS-0032,727213,103887,155831,51946,1038877
2024-09,CUS-0033,727213,103887,155831,51946,1038877
2024-09,CUS-0034,727213,103887,155831,51946,1038877
2024-09,CUS-0035,727213,103887,155831,51946,1038877
2024-09,CUS-0036,727213,103887,155831,51946,1038877
2024-09,CUS-0037,727213,103887,155831,51946,1038877
2024-09,CUS-0038,727213,103887,155831,51946,1038877
2024-09,CUS-0039,727213,103887,155831,51946,1038877
2024-09,CUS-0040,727213,103887,155831,51946,1038877
2024-09,CUS-0041,727213,103887,155831,51946,1038877
2024-09,CUS-0042,727213,103887,155831,51946,1038877
2024-09,CUS-0043,727213,103887,155831,51946,1038877
2024-09,CUS-0044,727213,103887,155831,51946,1038877
2024-09,CUS-0045,727213,103887,155831,51946,1038877
2024-09,CUS-0046,727213,103887,155831,51946,1038877
2024-09,CUS-0047,727213,103887,155831,51946,1038877
2024-09,CUS-0048,727213,103887,155831,51946,1038877
2024-09,CUS-0049,727213,103887,155831,51946,1038877
2024-09,CUS-0050,727213,103887,155831,51946,1038877
2024-09,CUS-0051,727213,103887,155831,51946,1038877
2024-09,CUS-0052,727213,103887,155831,51946,1038877
2024-09,CUS-0053,727213,103887,155831,51946,1038877
2024-09,CUS-0054,727213,103887,155831,51946,1038877
2024-09,CUS-0055,727213,103887,155831,51946,1038877
2024-09,CUS-0056,727213,103887,155831,51946,1038877
2024-09,CUS-0057,727213,103887,155831,51946,1038877
2024-09,CUS-0058,727213,103887,155831,51946,1038877
2024-09,CUS-0059,727213,103887,155831,51946,1038877
2024-09,CUS-0060,727213,103887,155831,51946,1038877
2024-09,CUS-0061,727213,103887,155831,51946,1038877
2024-09,CUS-0062,727213,103887,155831,51946,1038877
2024-09,CUS-0063,727213,103887,155831,51946,1038877
2024-09,CUS-0064,727213,103887,155831,51946,1038877
2024-09,CUS-0065,727213,103887,155831,51946,1038877
2024-09,CUS-0066,727213,103887,155831,51946,1038877
2024-09,CUS-0067,727213,103887,155831,51946,1038877
2024-09,CUS-0068,727213,103887,155831,51946,1038877
2024-09,CUS-0069,727213,103887,155831,51946,1038877
2024-09,CUS-0070,727213,103887,155831,51946,1038877
2024-09,CUS-0071,727213,103887,155831,51946,1038877
2024-09,CUS-0072,727213,103887,155831,51946,1038877
2024-09,CUS-0073,727213,103887,155831,51946,1038877
2024-09,CUS-0074,727213,103887,155831,51946,1038877
2024-09,CUS-0075,727213,103887,155831,51946,1038877
2024-09,CUS-0076,727213,103887,155831,51946,1038877
2024-09,CUS-0077,727213,103887,155831,51946,1038877
2024-09,CUS-0078,727213,103887,155831,51946,1038877
2024-09,CUS-0079,727213,103887,155831,51946,1038877
2024-09,CUS-0080,727213,103887,155831,51946,1038877
2024-09,CUS-0081,727213,103887,155831,51946,1038877
2024-09,CUS-0082,727213,103887,155831,51946,1038877
2024-09,CUS-0083,727213,103887,155831,51946,1038877
2024-09,CUS-0084,727213,103887,155831,51946,1038877
2024-09,CUS-0085,727213,103887,155831,51946,1038877
2024-09,CUS-0086,727213,103887,155831,51946,1038877
2024-09,CUS-0087,727213,103887,155831,51946,1038877
2024-09,CUS-0088,727213,103887,155831,51946,1038877
2024-09,CUS-0089,727213,103887,155831,51946,1038877
2024-09,CUS-0090,727213,103887,155831,51946,1038877
2024-09,CUS-0091,727213,103887,155831,51946,1038877
2024-09,CUS-0092,727213,103887,155831,51946,1038877
2024-09,CUS-0093,727213,103887,155831,51946,1038877
2024-09,CUS-0094,727213,103887,155831,51946,1038877
2024-09,CUS-0095,727213,103887,155831,51946,1038877
2024-09,CUS-0096,727213,103887,155831,51946,1038877
2024-09,CUS-0097,727213,103887,155831,51946,1038877
2024-09,CUS-0098,727213,103887,155831,51946,1038877
2024-09,CUS-0099,727213,103887,155831,51946,1038877
2024-09,CUS-0100,727213,103887,155831,51946,1038877
2024-09,CUS-0101,727213,103887,155831,51946,1038877
2024-09,CUS-0102,727213,103887,155831,51946,1038877
2024-09,CUS-0103,727213,103887,155831,51946,1038877
2024-09,CUS-0104,727213,103887,155831,51946,1038877
2024-09,CUS-0105,727213,103887,155831,51946,1038877
2024-09,CUS-0106,727213,103887,155831,51946,1038877
2024-09,CUS-0107,727213,103887,155831,51946,1038877
2024-09,CUS-0108,727213,103887,155831,51946,1038877
2024-09,CUS-0109,727213,103887,155831,51946,1038877
2024-09,CUS-0110,727213,103887,155831,51946,1038877
2024-09,CUS-0111,727213,103887,155831,51946,1038877
2024-09,CUS-0112,727213,103887,155831,51946,1038877
2024-09,CUS-0113,727213,103887,155831,51946,1038877
2024-09,CUS-0114,727213,103887,155831,51946,1038877
2024-09,CUS-0115,727213,103887,155831,51946,1038877
2024-09,CUS-0116,727213,103887,155831,51946,1038877
2024-09,CUS-0117,727213,103887,155831,51946,1038877
2024-09,CUS-0118,727213,103887,155831,51946,1038877
2024-09,CUS-0119,727213,103887,155831,51946,1038877
2024-09,CUS-0120,727213,103887,155831,51946,1038877
2024-09,CUS-0121,727213,103887,155831,51946,1038877
2024-09,CUS-0122,727213,103887,155831,51946,1038877
2024-09,CUS-0123,727213,103887,155831,51946,1038877
2024-09,CUS-0124,727213,103887,155831,51946,1038877
2024-09,CUS-0125,727213,103887,155831,51946,1038877
2024-09,CUS-0126,727213,103887,155831,51946,1038877
2024-09,CUS-0127,727213,103887,155831,51946,1038877
2024-09,CUS-0128,727213,103887,155831,51946,1038877
2024-09,CUS-0129,727213,103887,155831,51946,1038877
2024-09,CUS-0130,727213,103887,155831,51946,1038877
2024-09,CUS-0131,727213,103887,155831,51946,1038877
2024-09,CUS-0132,727213,103887,155831,51946,1038877
2024-09,CUS-0133,727213,103887,155831,51946,1038877
2024-09,CUS-0134,727213,103887,155831,51946,1038877
2024-09,CUS-0135,727213,103887,155831,51946,1038877
2024-09,CUS-0136,727213,103887,155831,51946,1038877
2024-09,CUS-0137,727213,103887,155831,51946,1038877
2024-09,CUS-0138,727213,103887,155831,51946,1038877
2024-09,CUS-0139,727213,103887,155831,51946,1038877
2024-09,CUS-0140,727213,103887,155831,51946,1038877
2024-09,CUS-0141,727213,103887,155831,51946,1038877
2024-09,CUS-0142,727213,103887,155831,51946,1038877
2024-09,CUS-0143,727213,103887,155831,51946,1038877
2024-09,CUS-0144,727213,103887,155831,51946,1038877
2024-09,CUS-0145,727213,103887,155831,51946,1038877
2024-09,CUS-0146,727213,103887,155831,51946,1038877
2024-09,CUS-0147,727213,103887,155831,51946,1038877
2024-09,CUS-0148,727213,103887,155831,51946,1038877
2024-09,CUS-0149,727213,103887,155831,51946,1038877
2024-09,CUS-0150,727213,103887,155831,51946,1038877
2024-09,CUS-0151,727213,103887,155831,51946,1038877
2024-09,CUS-0152,727213,103887,155831,51946,1038877
2024-09,CUS-0153,727213,103887,155831,51946,1038877
2024-09,CUS-0154,727213,103887,155831,51946,1038877
2024-09,CUS-0155,727213,103887,155831,51946,1038877
2024-09,CUS-0156,727213,103887,155831,51946,1038877
2024-09,CUS-0157,727213,103887,155831,51946,1038877
2024-09,CUS-0158,727213,103887,155831,51946,1038877
2024-09,CUS-0159,727213,103887,155831,51946,1038877
2024-09,CUS-0160,727213,103887,155831,51946,1038877
2024-09,CUS-0161,727213,103887,155831,51946,1038877
2024-09,CUS-0162,727213,103887,155831,51946,1038877
2024-09,CUS-0163,727213,103887,155831,51946,1038877
2024-09,CUS-0164,727213,103887,155831,51946,1038877
2024-09,CUS-0165,727213,103887,155831,51946,1038877
2024-09,CUS-0166,727213,103887,155831,51946,1038877
2024-09,CUS-0167,727213,103887,155831,51946,1038877
2024-09,CUS-0168,727213,103887,155831,51946,1038877
2024-09,CUS-0169,727213,103887,155831,51946,1038877
2024-09,CUS-0170,727213,103887,155831,51946,1038877
2024-09,CUS-0171,727213,103887,155831,51946,1038877
2024-09,CUS-0172,727213,103887,155831,51946,1038877
2024-09,CUS-0173,727213,103887,155831,51946,1038877
2024-09,CUS-0174,727213,103887,155831,51946,1038877
2024-09,CUS-0175,727213,103887,155831,51946,1038877
2024-09,CUS-0176,727213,103887,155831,51946,1038877
2024-09,CUS-0177,727213,103887,155831,51946,1038877
2024-09,CUS-0178,727213,103887,155831,51946,1038877
2024-09,CUS-0179,727213,103887,155831,51946,1038877
2024-09,CUS-0180,727213,103887,155831,51946,1038877
2024-09,CUS-0181,727213,103887,155831,51946,1038877
2024-09,CUS-0182,727213,103887,155831,51946,1038877
2024-09,CUS-0183,727213,103887,155831,51946,1038877
2024-09,CUS-0184,727213,103887,155831,51946,1038877
2024-09,CUS-0185,727213,103887,155831,51946,1038877
2024-09,CUS-0186,727213,103887,155831,51946,1038877
2024-09,CUS-0187,727213,103887,155831,51946,1038877
2024-09,CUS-0188,727213,103887,155831,51946,1038877
2024-09,CUS-0189,727213,103887,155831,51946,1038877
2024-09,CUS-0190,727213,103887,155831,51946,1038877
2024-09,CUS-0191,727213,103887,155831,51946,1038877
2024-09,CUS-0192,727213,103887,155831,51946,1038877
2024-09,CUS-0193,727213,103887,155831,51946,1038877
2024-09,CUS-0194,727213,103887,155831,51946,1038877
2024-09,CUS-0195,727213,103887,155831,51946,1038877
2024-09,CUS-0196,727213,103887,155831,51946,1038877
2024-09,CUS-0197,727213,103887,155831,51946,1038877
2024-09,CUS-0198,727213,103887,155831,51946,1038877
2024-09,CUS-0199,727213,103887,155831,51946,1038877
2024-09,CUS-0200,727213,103887,155831,51946,1038877
2024-09,CUS-0201,727213,103887,155831,51946,1038877
2024-09,CUS-0202,727213,103887,155831,51946,1038877
2024-09,CUS-0203,727213,103887,155831,51946,1038877
2024-09,CUS-0204,727213,103887,155831,51946,1038877
2024-09,CUS-0205,727213,103887,155831,51946,1038877
2024-09,CUS-0206,727213,103887,155831,51946,1038877
2024-09,CUS-0207,727213,103887,155831,51946,1038877
2024-09,CUS-0208,727213,103887,155831,51946,1038877
2024-09,CUS-0209,727213,103887,155831,51946,1038877
2024-09,CUS-0210,727213,103887,155831,51946,1038877
2024-09,CUS-0211,727213,103887,155831,51946,1038877
2024-09,CUS-0212,727213,103887,155831,51946,1038877
2024-09,CUS-0213,727213,103887,155831,51946,1038877
2024-09,CUS-0214,727213,103887,155831,51946,1038877
2024-09,CUS-0215,727213,103887,155831,51946,1038877
2024-09,CUS-0216,727213,103887,155831,51946,1038877
2024-09,CUS-0217,727213,103887,155831,51946,1038877
2024-09,CUS-0218,727213,103887,155831,51946,1038877
2024-09,CUS-0219,727213,103887,155831,51946,1038877
2024-09,CUS-0220,727213,103887,155831,51946,1038877
2024-09,CUS-0221,727213,103887,155831,51946,1038877
2024-09,CUS-0222,727213,103887,155831,51946,1038877
2024-09,CUS-0223,727213,103887,155831,51946,1038877
2024-09,CUS-0224,727213,103887,155831,51946,1038877
2024-09,CUS-0225,727213,103887,155831,51946,1038877
2024-09,CUS-0226,727213,103887,155831,51946,1038877
2024-09,CUS-0227,727213,103887,155831,51946,1038877
2024-09,CUS-0228,727213,103887,155831,51946,1038877
2024-09,CUS-0229,727213,103887,155831,51946,1038877
2024-09,CUS-0230,727213,103887,155831,51946,1038877
2024-09,CUS-0231,727213,103887,155831,51946,1038877
2024-09,CUS-0232,727213,103887,155831,51946,1038877
2024-09,CUS-0233,727213,103887,155831,51946,1038877
2024-09,CUS-0234,727213,103887,155831,51946,1038877
2024-09,CUS-0235,727213,103887,155831,51946,1038877
2024-09,CUS-0236,727213,103887,155831,51946,1038877
2024-09,CUS-0237,727213,103887,155831,51946,1038877
2024-09,CUS-0238,727213,103887,155831,51946,1038877
2024-09,CUS-0239,727213,103887,155831,51946,1038877
2024-09,CUS-0240,727213,103887,155831,51946,1038877
2024-09,CUS-0241,727213,103887,155831,51946,1038877
2024-09,CUS-0242,727213,103887,155831,51946,1038877
2024-09,CUS-0243,727213,103887,155831,51946,1038877
2024-09,CUS-0244,727213,103887,155831,51946,1038877
2024-09,CUS-0245,727213,103887,155831,51946,1038877
2024-09,CUS-0246,727213,103887,155831,51946,1038877
2024-09,CUS-0247,727213,103887,155831,51946,1038877
2024-09,CUS-0248,727213,103887,155831,51946,1038877
2024-09,CUS-0249,727213,103887,155831,51946,1038877
2024-09,CUS-0250,727213,103887,155831,51946,1038877
2024-09,CUS-0251,727213,103887,155831,51946,1038877
2024-09,CUS-0252,727213,103887,155831,51946,1038877
2024-09,CUS-0253,727213,103887,155831,51946,1038877
2024-09,CUS-0254,727213,103887,155831,51946,1038877
2024-09,CUS-0255,727213,103887,155831,51946,1038877
2024-09,CUS-0256,727213,103887,155831,51946,1038877
2024-09,CUS-0257,727213,103887,155831,51946,1038877
2024-09,CUS-0258,727213,103887,155831,51946,1038877
2024-09,CUS-0259,727213,103887,155831,51946,1038877
2024-09,CUS-0260,727213,103887,155831,51946,1038877
2024-09,CUS-0261,727213,103887,155831,51946,1038877
2024-09,CUS-0262,727213,103887,155831,51946,1038877
2024-09,CUS-0263,727213,103887,155831,51946,1038877
2024-09,CUS-0264,727213,103887,155831,51946,1038877
2024-09,CUS-0265,727213,103887,155831,51946,1038877
2024-09,CUS-0266,727213,103887,155831,51946,1038877
2024-09,CUS-0267,727213,103887,155831,51946,1038877
2024-09,CUS-0268,727213,103887,155831,51946,1038877
2024-09,CUS-0269,727213,103887,155831,51946,1038877
2024-09,CUS-0270,727213,103887,155831,51946,1038877
2024-09,CUS-0271,727213,103887,155831,51946,1038877
2024-09,CUS-0272,727213,103887,155831,51946,1038877
2024-09,CUS-0273,727213,103887,155831,51946,1038877
2024-09,CUS-0274,727213,103887,155831,51946,1038877
2024-09,CUS-0275,727213,103887,155831,51946,1038877
2024-09,CUS-0276,727213,103887,155831,51946,1038877
2024-09,CUS-0277,727213,103887,155831,51946,1038877
2024-09,CUS-0278,727213,103887,155831,51946,1038877
2024-09,CUS-0279,727213,103887,155831,51946,1038877
2024-09,CUS-0280,727213,103887,155831,51946,1038877
2024-09,CUS-0281,727213,103887,155831,51946,1038877
2024-09,CUS-0282,727213,103887,155831,51946,1038877
2024-09,CUS-0283,727213,103887,155831,51946,1038877
2024-09,CUS-0284,727213,103887,155831,51946,1038877
2024-09,CUS-0285,727213,103887,155831,51946,1038877
2024-09,CUS-0286,727213,103887,155831,51946,1038877
2024-09,CUS-0287,727213,103887,155831,51946,1038877
2024-09,CUS-0288,727213,103887,155831,51946,1038877
2024-09,CUS-0289,727213,103887,155831,51946,1038877
2024-09,CUS-0290,727213,103887,155831,51946,1038877
2024-09,CUS-0291,727213,103887,155831,51946,1038877
2024-09,CUS-0292,727213,103887,155831,51946,1038877
2024-09,CUS-0293,727213,103887,155831,51946,1038877
2024-09,CUS-0294,727213,103887,155831,51946,1038877
2024-09,CUS-0295,727213,103887,155831,51946,1038877
2024-09,CUS-0296,727213,103887,155831,51946,1038877
2024-09,CUS-0297,727213,103887,155831,51946,1038877
2024-09,CUS-0298,727213,103887,155831,51946,1038877
2024-09,CUS-0299,727213,103887,155831,51946,1038877
2024-09,CUS-0300,727213,103887,155831,51946,1038877
2024-09,CUS-0301,727213,103887,155831,51946,1038877
2024-09,CUS-0302,727213,103887,155831,51946,1038877
2024-09,CUS-0303,727213,103887,155831,51946,1038877
2024-09,CUS-0304,727213,103887,155831,51946,1038877
2024-09,CUS-0305,727213,103887,155831,51946,1038877
2024-09,CUS-0306,727213,103887,155831,51946,1038877
2024-09,CUS-0307,727213,103887,155831,51946,1038877
2024-09,CUS-0308,727213,103887,155831,51946,1038877
2024-09,CUS-0309,727213,103887,155831,51946,1038877
2024-09,CUS-0310,727213,103887,155831,51946,1038877
2024-09,CUS-0311,727213,103887,155831,51946,1038877
2024-09,CUS-0312,727213,103887,155831,51946,1038877
2024-09,CUS-0313,727213,103887,155831,51946,1038877
2024-09,CUS-0314,727213,103887,155831,51946,1038877
2024-09,CUS-0315,727213,103887,155831,51946,1038877
2024-09,CUS-0316,727213,103887,155831,51946,1038877
2024-09,CUS-0317,727213,103887,155831,51946,1038877
2024-09,CUS-0318,727213,103887,155831,51946,1038877
2024-09,CUS-0319,727213,103887,155831,51946,1038877
2024-09,CUS-0320,727213,103887,155831,51946,1038877
2024-09,CUS-0321,727213,103887,155831,51946,1038877
2024-09,CUS-0322,727213,103887,155831,51946,1038877
2024-09,CUS-0323,727213,103887,155831,51946,1038877
2024-09,CUS-0324,727213,103887,155831,51946,1038877
2024-09,CUS-0325,727213,103887,155831,51946,1038877
2024-09,CUS-0326,727213,103887,155831,51946,1038877
2024-09,CUS-0327,727213,103887,155831,51946,1038877
2024-09,CUS-0328,727213,103887,155831,51946,1038877
2024-09,CUS-0329,727213,103887,155831,51946,1038877
2024-09,CUS-0330,727213,103887,155831,51946,1038877
2024-09,CUS-0331,727213,103887,155831,51946,1038877
2024-09,CUS-0332,727213,103887,155831,51946,1038877
2024-09,CUS-0333,727213,103887,155831,51946,1038877
2024-09,CUS-0334,727213,103887,155831,51946,1038877
2024-09,CUS-0335,727213,103887,155831,51946,1038877
2024-09,CUS-0336,727213,103887,155831,51946,1038877
2024-09,CUS-0337,727213,103887,155831,51946,1038877
2024-09,CUS-0338,727213,103887,155831,51946,1038877
2024-09,CUS-0339,727213,103887,155831,51946,1038877
2024-09,CUS-0340,727213,103887,155831,51946,1038877
2024-09,CUS-0341,727213,103887,155831,51946,1038877
2024-09,CUS-0342,727213,103887,155831,51946,1038877
2024-09,CUS-0343,727213,103887,155831,51946,1038877
2024-09,CUS-0344,727213,103887,155831,51946,1038877
2024-09,CUS-0345,727213,103887,155831,51946,1038877
2024-09,CUS-0346,727213,103887,155831,51946,1038877
2024-09,CUS-0347,727213,103887,155831,51946,1038877
2024-09,CUS-0348,727213,103887,155831,51946,1038877
2024-09,CUS-0349,727213,103887,155831,51946,1038877
2024-09,CUS-0350,727213,103887,155831,51946,1038877
2024-09,CUS-0351,727213,103887,155831,51946,1038877
2024-09,CUS-0352,727213,103887,155831,51946,1038877
2024-09,CUS-0353,727213,103887,155831,51946,1038877
2024-09,CUS-0354,727213,103887,155831,51946,1038877
2024-09,CUS-0355,727213,103887,155831,51946,1038877
2024-09,CUS-0356,727213,103887,155831,51946,1038877
2024-09,CUS-0357,727213,103887,155831,51946,1038877
2024-09,CUS-0358,727213,103887,155831,51946,1038877
2024-09,CUS-0359,727213,103887,155831,51946,1038877
2024-09,CUS-0360,727213,103887,155831,51946,1038877
2024-09,CUS-0361,727213,103887,155831,51946,1038877
2024-09,CUS-0362,727213,103887,155831,51946,1038877
2024-09,CUS-0363,727213,103887,155831,51946,1038877
2024-09,CUS-0364,727213,103887,155831,51946,1038877
2024-09,CUS-0365,727213,103887,155831,51946,1038877
2024-09,CUS-0366,727213,103887,155831,51946,1038877
2024-09,CUS-0367,727213,103887,155831,51946,1038877
2024-09,CUS-0368,727213,103887,155831,51946,1038877
2024-09,CUS-0369,727213,103887,155831,51946,1038877
2024-09,CUS-0370,727213,103887,155831,51946,1038877
2024-09,CUS-0371,727213,103887,155831,51946,1038877
2024-09,CUS-0372,727213,103887,155831,51946,1038877
2024-09,CUS-0373,727213,103887,155831,51946,1038877
2024-09,CUS-0374,727213,103887,155831,51946,1038877
2024-09,CUS-0375,727213,103887,155831,51946,1038877
2024-09,CUS-0376,727213,103887,155831,51946,1038877
2024-09,CUS-0377,727213,103887,155831,51946,1038877
2024-09,CUS-0378,727213,103887,155831,51946,1038877
2024-09,CUS-0379,727213,103887,155831,51946,1038877
2024-09,CUS-0380,727213,103887,155831,51946,1038877
2024-09,CUS-0381,727213,103887,155831,51946,1038877
2024-09,CUS-0382,727213,103887,155831,51946,1038877
2024-09,CUS-0383,727213,103887,155831,51946,1038877
2024-09,CUS-0384,727213,103887,155831,51946,1038877
2024-09,CUS-0385,727213,103887,155831,51946,1038877
2024-09,CUS-0386,727213,103887,155831,51946,1038877
2024-09,CUS-0387,727213,103887,155831,51946,1038877
2024-09,CUS-0388,727213,103887,155831,51946,1038877
2024-09,CUS-0389,727213,103887,155831,51946,1038877
2024-09,CUS-0390,727213,103887,155831,51946,1038877
2024-09,CUS-0391,727213,103887,155831,51946,1038877
2024-09,CUS-0392,727213,103887,155831,51946,1038877
2024-09,CUS-0393,727213,103887,155831,51946,1038877
2024-09,CUS-0394,727213,103887,155831,51946,1038877
2024-09,CUS-0395,727213,103887,155831,51946,1038877
2024-09,CUS-0396,727213,103887,155831,51946,1038877
2024-09,CUS-0397,727213,103887,155831,51946,1038877
2024-09,CUS-0398,727213,103887,155831,51946,1038877
2024-09,CUS-0399,727213,103887,155831,51946,1038877
2024-09,CUS-0400,727213,103887,155831,51946,1038877
2024-09,CUS-0401,727213,103887,155831,51946,1038877
2024-09,CUS-0402,727213,103887,155831,51946,1038877
2024-09,CUS-0403,727213,103887,155831,51946,1038877
2024-09,CUS-0404,727213,103887,155831,51946,1038877
2024-09,CUS-0405,727213,103887,155831,51946,1038877
2024-09,CUS-0406,727213,103887,155831,51946,1038877
2024-09,CUS-0407,727213,103887,155831,51946,1038877
2024-09,CUS-0408,727213,103887,155831,51946,1038877
2024-09,CUS-0409,727213,103887,155831,51946,1038877
2024-09,CUS-0410,727213,103887,155831,51946,1038877
2024-09,CUS-0411,727213,103887,155831,51946,1038877
2024-09,CUS-0412,727213,103887,155831,51946,1038877
2024-09,CUS-0413,727213,103887,155831,51946,1038877
2024-09,CUS-0414,727213,103887,155831,51946,1038877
2024-09,CUS-0415,727213,103887,155831,51946,1038877
2024-09,CUS-0416,727213,103887,155831,51946,1038877
2024-09,CUS-0417,727213,103887,155831,51946,1038877
2024-09,CUS-0418,727213,103887,155831,51946,1038877
2024-09,CUS-0419,727213,103887,155831,51946,1038877
2024-09,CUS-0420,727213,103887,155831,51946,1038877
2024-09,CUS-0421,727213,103887,155831,51946,1038877
2024-09,CUS-0422,727213,103887,155831,51946,1038877
2024-09,CUS-0423,727213,103887,155831,51946,1038877
2024-09,CUS-0424,727213,103887,155831,51946,1038877
2024-09,CUS-0425,727213,103887,155831,51946,1038877
2024-09,CUS-0426,727213,103887,155831,51946,1038877
2024-09,CUS-0427,727213,103887,155831,51946,1038877
2024-09,CUS-0428,727213,103887,155831,51946,1038877
2024-09,CUS-0429,727213,103887,155831,51946,1038877
2024-09,CUS-0430,727213,103887,155831,51946,1038877
2024-09,CUS-0431,727213,103887,155831,51946,1038877
2024-09,CUS-0432,727213,103887,155831,51946,1038877
2024-09,CUS-0433,727213,103887,155831,51946,1038877
2024-09,CUS-0434,727213,103887,155831,51946,1038877
2024-09,CUS-0435,727213,103887,155831,51946,1038877
2024-09,CUS-0436,727213,103887,155831,51946,1038877
2024-09,CUS-0437,727213,103887,155831,51946,1038877
2024-09,CUS-0438,727213,103887,155831,51946,1038877
2024-09,CUS-0439,727213,103887,155831,51946,1038877
2024-09,CUS-0440,727213,103887,155831,51946,1038877
2024-09,CUS-0441,727213,103887,155831,51946,1038877
2024-09,CUS-0442,727213,103887,155831,51946,1038877
2024-09,CUS-0443,727213,103887,155831,51946,1038877
2024-09,CUS-0444,727213,103887,155831,51946,1038877
2024-09,CUS-0445,727213,103887,155831,51946,1038877
2024-09,CUS-0446,727213,103887,155831,51946,1038877
2024-09,CUS-0447,727213,103887,155831,51946,1038877
2024-09,CUS-0448,727213,103887,155831,51946,1038877
2024-09,CUS-0449,727213,103887,155831,51946,1038877
2024-09,CUS-0450,727213,103887,155831,51946,1038877
2024-09,CUS-0451,727213,103887,155831,51946,1038877
2024-09,CUS-0452,727213,103887,155831,51946,1038877
2024-09,CUS-0453,727213,103887,155831,51946,1038877
2024-09,CUS-0454,727213,103887,155831,51946,1038877
2024-09,CUS-0455,727213,103887,155831,51946,1038877
2024-09,CUS-0456,727213,103887,155831,51946,1038877
2024-09,CUS-0457,727213,103887,155831,51946,1038877
2024-09,CUS-0458,727213,103887,155831,51946,1038877
2024-09,CUS-0459,727213,103887,155831,51946,1038877
2024-09,CUS-0460,727213,103887,155831,51946,1038877
2024-09,CUS-0461,727213,103887,155831,51946,1038877
2024-09,CUS-0462,727213,103887,155831,51946,1038877
2024-09,CUS-0463,727213,103887,155831,51946,1038877
2024-09,CUS-0464,727213,103887,155831,51946,1038877
2024-09,CUS-0465,727213,103887,155831,51946,1038877
2024-09,CUS-0466,727213,103887,155831,51946,1038877
2024-09,CUS-0467,727213,103887,155831,51946,1038877
2024-09,CUS-0468,727213,103887,155831,51946,1038877
2024-09,CUS-0469,727213,103887,155831,51946,1038877
2024-09,CUS-0470,727213,103887,155831,51946,1038877
2024-09,CUS-0471,727213,103887,155831,51946,1038877
2024-09,CUS-0472,727213,103887,155831,51946,1038877
2024-09,CUS-0473,727213,103887,155831,51946,1038877
2024-09,CUS-0474,727213,103887,155831,51946,1038877
2024-09,CUS-0475,727213,103887,155831,51946,1038877
2024-09,CUS-0476,727213,103887,155831,51946,1038877
2024-09,CUS-0477,727213,103887,155831,51946,1038877
2024-09,CUS-0478,727213,103887,155831,51946,1038877
2024-09,CUS-0479,727213,103887,155831,51946,1038877
2024-09,CUS-0480,727213,103887,155831,51946,1038877
2024-09,CUS-0481,727213,103887,155831,51946,1038877
2024-09,CUS-0482,727213,103887,155831,51946,1038877
2024-09,CUS-0483,727213,103887,155831,51946,1038877
2024-09,CUS-0484,727213,103887,155831,51946,1038877
2024-09,CUS-0485,727213,103887,155831,51946,1038877
2024-09,CUS-0486,727213,103887,155831,51946,1038877
2024-09,CUS-0487,727213,103887,155831,51946,1038877
2024-09,CUS-0488,727213,103887,155831,51946,1038877
2024-09,CUS-0489,727213,103887,155831,51946,1038877
2024-09,CUS-0490,727213,103887,155831,51946,1038877
2024-09,CUS-0491,727213,103887,155831,51946,1038877
2024-09,CUS-0492,727213,103887,155831,51946,1038877
2024-09,CUS-0493,727213,103887,155831,51946,1038877
2024-09,CUS-0494,727213,103887,155831,51946,1038877
2024-09,CUS-0495,727213,103887,155831,51946,1038877
2024-09,CUS-0496,727213,103887,155831,51946,1038877
2024-09,CUS-0497,727213,103887,155831,51946,1038877
2024-09,CUS-0498,727213,103887,155831,51946,1038877
2024-09,CUS-0499,727213,103887,155831,51946,1038877
2024-09,CUS-0500,727213,103887,155831,51946,1038877
2024-10,CUS-0001,168630000,24090000,36135000,12045000,240900000
2024-10,CUS-0002,737314,105330,157995,52667,1053306
2024-10,CUS-0003,737314,105330,157995,52667,1053306
2024-10,CUS-0004,737314,105330,157995,52667,1053306
2024-10,CUS-0005,737314,105330,157995,52667,1053306
2024-10,CUS-0006,737314,105330,157995,52667,1053306
2024-10,CUS-0007,737314,105330,157995,52667,1053306
2024-10,CUS-0008,737314,105330,157995,52667,1053306
2024-10,CUS-0009,737314,105330,157995,52667,1053306
2024-10,CUS-0010,737314,105330,157995,52667,1053306
2024-10,CUS-0011,737314,105330,157995,52667,1053306
2024-10,CUS-0012,737314,105330,157995,52667,1053306
2024-10,CUS-0013,737314,105330,157995,52667,1053306
2024-10,CUS-0014,737314,105330,157995,52667,1053306
2024-10,CUS-0015,737314,105330,157995,52667,1053306
2024-10,CUS-0016,737314,105330,157995,52667,1053306
2024-10,CUS-0017,737314,105330,157995,52667,1053306
2024-10,CUS-0018,737314,105330,157995,52667,1053306
2024-10,CUS-0019,737314,105330,157995,52667,1053306
2024-10,CUS-0020,737314,105330,157995,52667,1053306
2024-10,CUS-0021,737314,105330,157995,52667,1053306
2024-10,CUS-0022,737314,105330,157995,52667,1053306
2024-10,CUS-0023,737314,105330,157995,52667,1053306
2024-10,CUS-0024,737314,105330,157995,52667,1053306
2024-10,CUS-0025,737314,105330,157995,52667,1053306
2024-10,CUS-0026,737314,105330,157995,52667,1053306
2024-10,CUS-0027,737314,105330,157995,52667,1053306
2024-10,CUS-0028,737314,105330,157995,52667,1053306
2024-10,CUS-0029,737314,105330,157995,52667,1053306
2024-10,CUS-0030,737314,105330,157995,52667,1053306
2024-10,CUS-0031,737314,105330,157995,52667,1053306
2024-10,CUS-0032,737314,105330,157995,52667,1053306
2024-10,CUS-0033,737314,105330,157995,52667,1053306
2024-10,CUS-0034,737314,105330,157995,52667,1053306
2024-10,CUS-0035,737314,105330,157995,52667,1053306
2024-10,CUS-0036,737314,105330,157995,52667,1053306
2024-10,CUS-0037,737314,105330,157995,52667,1053306
2024-10,CUS-0038,737314,105330,157995,52667,1053306
2024-10,CUS-0039,737314,105330,157995,52667,1053306
2024-10,CUS-0040,737314,105330,157995,52667,1053306
2024-10,CUS-0041,737314,105330,157995,52667,1053306
2024-10,CUS-0042,737314,105330,157995,52667,1053306
2024-10,CUS-0043,737314,105330,157995,52667,1053306
2024-10,CUS-0044,737314,105330,157995,52667,1053306
2024-10,CUS-0045,737314,105330,157995,52667,1053306
2024-10,CUS-0046,737314,105330,157995,52667,1053306
2024-10,CUS-0047,737314,105330,157995,52667,1053306
2024-10,CUS-0048,737314,105330,157995,52667,1053306
2024-10,CUS-0049,737314,105330,157995,52667,1053306
2024-10,CUS-0050,737314,105330,157995,52667,1053306
2024-10,CUS-0051,737314,105330,157995,52667,1053306
2024-10,CUS-0052,737314,105330,157995,52667,1053306
2024-10,CUS-0053,737314,105330,157995,52667,1053306
2024-10,CUS-0054,737314,105330,157995,52667,1053306
2024-10,CUS-0055,737314,105330,157995,52667,1053306
2024-10,CUS-0056,737314,105330,157995,52667,1053306
2024-10,CUS-0057,737314,105330,157995,52667,1053306
2024-10,CUS-0058,737314,105330,157995,52667,1053306
2024-10,CUS-0059,737314,105330,157995,52667,1053306
2024-10,CUS-0060,737314,105330,157995,52667,1053306
2024-10,CUS-0061,737314,105330,157995,52667,1053306
2024-10,CUS-0062,737314,105330,157995,52667,1053306
2024-10,CUS-0063,737314,105330,157995,52667,1053306
2024-10,CUS-0064,737314,105330,157995,52667,1053306
2024-10,CUS-0065,737314,105330,157995,52667,1053306
2024-10,CUS-0066,737314,105330,157995,52667,1053306
2024-10,CUS-0067,737314,105330,157995,52667,1053306
2024-10,CUS-0068,737314,105330,157995,52667,1053306
2024-10,CUS-0069,737314,105330,157995,52667,1053306
2024-10,CUS-0070,737314,105330,157995,52667,1053306
2024-10,CUS-0071,737314,105330,157995,52667,1053306
2024-10,CUS-0072,737314,105330,157995,52667,1053306
2024-10,CUS-0073,737314,105330,157995,52667,1053306
2024-10,CUS-0074,737314,105330,157995,52667,1053306
2024-10,CUS-0075,737314,105330,157995,52667,1053306
2024-10,CUS-0076,737314,105330,157995,52667,1053306
2024-10,CUS-0077,737314,105330,157995,52667,1053306
2024-10,CUS-0078,737314,105330,157995,52667,1053306
2024-10,CUS-0079,737314,105330,157995,52667,1053306
2024-10,CUS-0080,737314,105330,157995,52667,1053306
2024-10,CUS-0081,737314,105330,157995,52667,1053306
2024-10,CUS-0082,737314,105330,157995,52667,1053306
2024-10,CUS-0083,737314,105330,157995,52667,1053306
2024-10,CUS-0084,737314,105330,157995,52667,1053306
2024-10,CUS-0085,737314,105330,157995,52667,1053306
2024-10,CUS-0086,737314,105330,157995,52667,1053306
2024-10,CUS-0087,737314,105330,157995,52667,1053306
2024-10,CUS-0088,737314,105330,157995,52667,1053306
2024-10,CUS-0089,737314,105330,157995,52667,1053306
2024-10,CUS-0090,737314,105330,157995,52667,1053306
2024-10,CUS-0091,737314,105330,157995,52667,1053306
2024-10,CUS-0092,737314,105330,157995,52667,1053306
2024-10,CUS-0093,737314,105330,157995,52667,1053306
2024-10,CUS-0094,737314,105330,157995,52667,1053306
2024-10,CUS-0095,737314,105330,157995,52667,1053306
2024-10,CUS-0096,737314,105330,157995,52667,1053306
2024-10,CUS-0097,737314,105330,157995,52667,1053306
2024-10,CUS-0098,737314,105330,157995,52667,1053306
2024-10,CUS-0099,737314,105330,157995,52667,1053306
2024-10,CUS-0100,737314,105330,157995,52667,1053306
2024-10,CUS-0101,737314,105330,157995,52667,1053306
2024-10,CUS-0102,737314,105330,157995,52667,1053306
2024-10,CUS-0103,737314,105330,157995,52667,1053306
2024-10,CUS-0104,737314,105330,157995,52667,1053306
2024-10,CUS-0105,737314,105330,157995,52667,1053306
2024-10,CUS-0106,737314,105330,157995,52667,1053306
2024-10,CUS-0107,737314,105330,157995,52667,1053306
2024-10,CUS-0108,737314,105330,157995,52667,1053306
2024-10,CUS-0109,737314,105330,157995,52667,1053306
2024-10,CUS-0110,737314,105330,157995,52667,1053306
2024-10,CUS-0111,737314,105330,157995,52667,1053306
2024-10,CUS-0112,737314,105330,157995,52667,1053306
2024-10,CUS-0113,737314,105330,157995,52667,1053306
2024-10,CUS-0114,737314,105330,157995,52667,1053306
2024-10,CUS-0115,737314,105330,157995,52667,1053306
2024-10,CUS-0116,737314,105330,157995,52667,1053306
2024-10,CUS-0117,737314,105330,157995,52667,1053306
2024-10,CUS-0118,737314,105330,157995,52667,1053306
2024-10,CUS-0119,737314,105330,157995,52667,1053306
2024-10,CUS-0120,737314,105330,157995,52667,1053306
2024-10,CUS-0121,737314,105330,157995,52667,1053306
2024-10,CUS-0122,737314,105330,157995,52667,1053306
2024-10,CUS-0123,737314,105330,157995,52667,1053306
2024-10,CUS-0124,737314,105330,157995,52667,1053306
2024-10,CUS-0125,737314,105330,157995,52667,1053306
2024-10,CUS-0126,737314,105330,157995,52667,1053306
2024-10,CUS-0127,737314,105330,157995,52667,1053306
2024-10,CUS-0128,737314,105330,157995,52667,1053306
2024-10,CUS-0129,737314,105330,157995,52667,1053306
2024-10,CUS-0130,737314,105330,157995,52667,1053306
2024-10,CUS-0131,737314,105330,157995,52667,1053306
2024-10,CUS-0132,737314,105330,157995,52667,1053306
2024-10,CUS-0133,737314,105330,157995,52667,1053306
2024-10,CUS-0134,737314,105330,157995,52667,1053306
2024-10,CUS-0135,737314,105330,157995,52667,1053306
2024-10,CUS-0136,737314,105330,157995,52667,1053306
2024-10,CUS-0137,737314,105330,157995,52667,1053306
2024-10,CUS-0138,737314,105330,157995,52667,1053306
2024-10,CUS-0139,737314,105330,157995,52667,1053306
2024-10,CUS-0140,737314,105330,157995,52667,1053306
2024-10,CUS-0141,737314,105330,157995,52667,1053306
2024-10,CUS-0142,737314,105330,157995,52667,1053306
2024-10,CUS-0143,737314,105330,157995,52667,1053306
2024-10,CUS-0144,737314,105330,157995,52667,1053306
2024-10,CUS-0145,737314,105330,157995,52667,1053306
2024-10,CUS-0146,737314,105330,157995,52667,1053306
2024-10,CUS-0147,737314,105330,157995,52667,1053306
2024-10,CUS-0148,737314,105330,157995,52667,1053306
2024-10,CUS-0149,737314,105330,157995,52667,1053306
2024-10,CUS-0150,737314,105330,157995,52667,1053306
2024-10,CUS-0151,737314,105330,157995,52667,1053306
2024-10,CUS-0152,737314,105330,157995,52667,1053306
2024-10,CUS-0153,737314,105330,157995,52667,1053306
2024-10,CUS-0154,737314,105330,157995,52667,1053306
2024-10,CUS-0155,737314,105330,157995,52667,1053306
2024-10,CUS-0156,737314,105330,157995,52667,1053306
2024-10,CUS-0157,737314,105330,157995,52667,1053306
2024-10,CUS-0158,737314,105330,157995,52667,1053306
2024-10,CUS-0159,737314,105330,157995,52667,1053306
2024-10,CUS-0160,737314,105330,157995,52667,1053306
2024-10,CUS-0161,737314,105330,157995,52667,1053306
2024-10,CUS-0162,737314,105330,157995,52667,1053306
2024-10,CUS-0163,737314,105330,157995,52667,1053306
2024-10,CUS-0164,737314,105330,157995,52667,1053306
2024-10,CUS-0165,737314,105330,157995,52667,1053306
2024-10,CUS-0166,737314,105330,157995,52667,1053306
2024-10,CUS-0167,737314,105330,157995,52667,1053306
2024-10,CUS-0168,737314,105330,157995,52667,1053306
2024-10,CUS-0169,737314,105330,157995,52667,1053306
2024-10,CUS-0170,737314,105330,157995,52667,1053306
2024-10,CUS-0171,737314,105330,157995,52667,1053306
2024-10,CUS-0172,737314,105330,157995,52667,1053306
2024-10,CUS-0173,737314,105330,157995,52667,1053306
2024-10,CUS-0174,737314,105330,157995,52667,1053306
2024-10,CUS-0175,737314,105330,157995,52667,1053306
2024-10,CUS-0176,737314,105330,157995,52667,1053306
2024-10,CUS-0177,737314,105330,157995,52667,1053306
2024-10,CUS-0178,737314,105330,157995,52667,1053306
2024-10,CUS-0179,737314,105330,157995,52667,1053306
2024-10,CUS-0180,737314,105330,157995,52667,1053306
2024-10,CUS-0181,737314,105330,157995,52667,1053306
2024-10,CUS-0182,737314,105330,157995,52667,1053306
2024-10,CUS-0183,737314,105330,157995,52667,1053306
2024-10,CUS-0184,737314,105330,157995,52667,1053306
2024-10,CUS-0185,737314,105330,157995,52667,1053306
2024-10,CUS-0186,737314,105330,157995,52667,1053306
2024-10,CUS-0187,737314,105330,157995,52667,1053306
2024-10,CUS-0188,737314,105330,157995,52667,1053306
2024-10,CUS-0189,737314,105330,157995,52667,1053306
2024-10,CUS-0190,737314,105330,157995,52667,1053306
2024-10,CUS-0191,737314,105330,157995,52667,1053306
2024-10,CUS-0192,737314,105330,157995,52667,1053306
2024-10,CUS-0193,737314,105330,157995,52667,1053306
2024-10,CUS-0194,737314,105330,157995,52667,1053306
2024-10,CUS-0195,737314,105330,157995,52667,1053306
2024-10,CUS-0196,737314,105330,157995,52667,1053306
2024-10,CUS-0197,737314,105330,157995,52667,1053306
2024-10,CUS-0198,737314,105330,157995,52667,1053306
2024-10,CUS-0199,737314,105330,157995,52667,1053306
2024-10,CUS-0200,737314,105330,157995,52667,1053306
2024-10,CUS-0201,737314,105330,157995,52667,1053306
2024-10,CUS-0202,737314,105330,157995,52667,1053306
2024-10,CUS-0203,737314,105330,157995,52667,1053306
2024-10,CUS-0204,737314,105330,157995,52667,1053306
2024-10,CUS-0205,737314,105330,157995,52667,1053306
2024-10,CUS-0206,737314,105330,157995,52667,1053306
2024-10,CUS-0207,737314,105330,157995,52667,1053306
2024-10,CUS-0208,737314,105330,157995,52667,1053306
2024-10,CUS-0209,737314,105330,157995,52667,1053306
2024-10,CUS-0210,737314,105330,157995,52667,1053306
2024-10,CUS-0211,737314,105330,157995,52667,1053306
2024-10,CUS-0212,737314,105330,157995,52667,1053306
2024-10,CUS-0213,737314,105330,157995,52667,1053306
2024-10,CUS-0214,737314,105330,157995,52667,1053306
2024-10,CUS-0215,737314,105330,157995,52667,1053306
2024-10,CUS-0216,737314,105330,157995,52667,1053306
2024-10,CUS-0217,737314,105330,157995,52667,1053306
2024-10,CUS-0218,737314,105330,157995,52667,1053306
2024-10,CUS-0219,737314,105330,157995,52667,1053306
2024-10,CUS-0220,737314,105330,157995,52667,1053306
2024-10,CUS-0221,737314,105330,157995,52667,1053306
2024-10,CUS-0222,737314,105330,157995,52667,1053306
2024-10,CUS-0223,737314,105330,157995,52667,1053306
2024-10,CUS-0224,737314,105330,157995,52667,1053306
2024-10,CUS-0225,737314,105330,157995,52667,1053306
2024-10,CUS-0226,737314,105330,157995,52667,1053306
2024-10,CUS-0227,737314,105330,157995,52667,1053306
2024-10,CUS-0228,737314,105330,157995,52667,1053306
2024-10,CUS-0229,737314,105330,157995,52667,1053306
2024-10,CUS-0230,737314,105330,157995,52667,1053306
2024-10,CUS-0231,737314,105330,157995,52667,1053306
2024-10,CUS-0232,737314,105330,157995,52667,1053306
2024-10,CUS-0233,737314,105330,157995,52667,1053306
2024-10,CUS-0234,737314,105330,157995,52667,1053306
2024-10,CUS-0235,737314,105330,157995,52667,1053306
2024-10,CUS-0236,737314,105330,157995,52667,1053306
2024-10,CUS-0237,737314,105330,157995,52667,1053306
2024-10,CUS-0238,737314,105330,157995,52667,1053306
2024-10,CUS-0239,737314,105330,157995,52667,1053306
2024-10,CUS-0240,737314,105330,157995,52667,1053306
2024-10,CUS-0241,737314,105330,157995,52667,1053306
2024-10,CUS-0242,737314,105330,157995,52667,1053306
2024-10,CUS-0243,737314,105330,157995,52667,1053306
2024-10,CUS-0244,737314,105330,157995,52667,1053306
2024-10,CUS-0245,737314,105330,157995,52667,1053306
2024-10,CUS-0246,737314,105330,157995,52667,1053306
2024-10,CUS-0247,737314,105330,157995,52667,1053306
2024-10,CUS-0248,737314,105330,157995,52667,1053306
2024-10,CUS-0249,737314,105330,157995,52667,1053306
2024-10,CUS-0250,737314,105330,157995,52667,1053306
2024-10,CUS-0251,737314,105330,157995,52667,1053306
2024-10,CUS-0252,737314,105330,157995,52667,1053306
2024-10,CUS-0253,737314,105330,157995,52667,1053306
2024-10,CUS-0254,737314,105330,157995,52667,1053306
2024-10,CUS-0255,737314,105330,157995,52667,1053306
2024-10,CUS-0256,737314,105330,157995,52667,1053306
2024-10,CUS-0257,737314,105330,157995,52667,1053306
2024-10,CUS-0258,737314,105330,157995,52667,1053306
2024-10,CUS-0259,737314,105330,157995,52667,1053306
2024-10,CUS-0260,737314,105330,157995,52667,1053306
2024-10,CUS-0261,737314,105330,157995,52667,1053306
2024-10,CUS-0262,737314,105330,157995,52667,1053306
2024-10,CUS-0263,737314,105330,157995,52667,1053306
2024-10,CUS-0264,737314,105330,157995,52667,1053306
2024-10,CUS-0265,737314,105330,157995,52667,1053306
2024-10,CUS-0266,737314,105330,157995,52667,1053306
2024-10,CUS-0267,737314,105330,157995,52667,1053306
2024-10,CUS-0268,737314,105330,157995,52667,1053306
2024-10,CUS-0269,737314,105330,157995,52667,1053306
2024-10,CUS-0270,737314,105330,157995,52667,1053306
2024-10,CUS-0271,737314,105330,157995,52667,1053306
2024-10,CUS-0272,737314,105330,157995,52667,1053306
2024-10,CUS-0273,737314,105330,157995,52667,1053306
2024-10,CUS-0274,737314,105330,157995,52667,1053306
2024-10,CUS-0275,737314,105330,157995,52667,1053306
2024-10,CUS-0276,737314,105330,157995,52667,1053306
2024-10,CUS-0277,737314,105330,157995,52667,1053306
2024-10,CUS-0278,737314,105330,157995,52667,1053306
2024-10,CUS-0279,737314,105330,157995,52667,1053306
2024-10,CUS-0280,737314,105330,157995,52667,1053306
2024-10,CUS-0281,737314,105330,157995,52667,1053306
2024-10,CUS-0282,737314,105330,157995,52667,1053306
2024-10,CUS-0283,737314,105330,157995,52667,1053306
2024-10,CUS-0284,737314,105330,157995,52667,1053306
2024-10,CUS-0285,737314,105330,157995,52667,1053306
2024-10,CUS-0286,737314,105330,157995,52667,1053306
2024-10,CUS-0287,737314,105330,157995,52667,1053306
2024-10,CUS-0288,737314,105330,157995,52667,1053306
2024-10,CUS-0289,737314,105330,157995,52667,1053306
2024-10,CUS-0290,737314,105330,157995,52667,1053306
2024-10,CUS-0291,737314,105330,157995,52667,1053306
2024-10,CUS-0292,737314,105330,157995,52667,1053306
2024-10,CUS-0293,737314,105330,157995,52667,1053306
2024-10,CUS-0294,737314,105330,157995,52667,1053306
2024-10,CUS-0295,737314,105330,157995,52667,1053306
2024-10,CUS-0296,737314,105330,157995,52667,1053306
2024-10,CUS-0297,737314,105330,157995,52667,1053306
2024-10,CUS-0298,737314,105330,157995,52667,1053306
2024-10,CUS-0299,737314,105330,157995,52667,1053306
2024-10,CUS-0300,737314,105330,157995,52667,1053306
2024-10,CUS-0301,737314,105330,157995,52667,1053306
2024-10,CUS-0302,737314,105330,157995,52667,1053306
2024-10,CUS-0303,737314,105330,157995,52667,1053306
2024-10,CUS-0304,737314,105330,157995,52667,1053306
2024-10,CUS-0305,737314,105330,157995,52667,1053306
2024-10,CUS-0306,737314,105330,157995,52667,1053306
2024-10,CUS-0307,737314,105330,157995,52667,1053306
2024-10,CUS-0308,737314,105330,157995,52667,1053306
2024-10,CUS-0309,737314,105330,157995,52667,1053306
2024-10,CUS-0310,737314,105330,157995,52667,1053306
2024-10,CUS-0311,737314,105330,157995,52667,1053306
2024-10,CUS-0312,737314,105330,157995,52667,1053306
2024-10,CUS-0313,737314,105330,157995,52667,1053306
2024-10,CUS-0314,737314,105330,157995,52667,1053306
2024-10,CUS-0315,737314,105330,157995,52667,1053306
2024-10,CUS-0316,737314,105330,157995,52667,1053306
2024-10,CUS-0317,737314,105330,157995,52667,1053306
2024-10,CUS-0318,737314,105330,157995,52667,1053306
2024-10,CUS-0319,737314,105330,157995,52667,1053306
2024-10,CUS-0320,737314,105330,157995,52667,1053306
2024-10,CUS-0321,737314,105330,157995,52667,1053306
2024-10,CUS-0322,737314,105330,157995,52667,1053306
2024-10,CUS-0323,737314,105330,157995,52667,1053306
2024-10,CUS-0324,737314,105330,157995,52667,1053306
2024-10,CUS-0325,737314,105330,157995,52667,1053306
2024-10,CUS-0326,737314,105330,157995,52667,1053306
2024-10,CUS-0327,737314,105330,157995,52667,1053306
2024-10,CUS-0328,737314,105330,157995,52667,1053306
2024-10,CUS-0329,737314,105330,157995,52667,1053306
2024-10,CUS-0330,737314,105330,157995,52667,1053306
2024-10,CUS-0331,737314,105330,157995,52667,1053306
2024-10,CUS-0332,737314,105330,157995,52667,1053306
2024-10,CUS-0333,737314,105330,157995,52667,1053306
2024-10,CUS-0334,737314,105330,157995,52667,1053306
2024-10,CUS-0335,737314,105330,157995,52667,1053306
2024-10,CUS-0336,737314,105330,157995,52667,1053306
2024-10,CUS-0337,737314,105330,157995,52667,1053306
2024-10,CUS-0338,737314,105330,157995,52667,1053306
2024-10,CUS-0339,737314,105330,157995,52667,1053306
2024-10,CUS-0340,737314,105330,157995,52667,1053306
2024-10,CUS-0341,737314,105330,157995,52667,1053306
2024-10,CUS-0342,737314,105330,157995,52667,1053306
2024-10,CUS-0343,737314,105330,157995,52667,1053306
2024-10,CUS-0344,737314,105330,157995,52667,1053306
2024-10,CUS-0345,737314,105330,157995,52667,1053306
2024-10,CUS-0346,737314,105330,157995,52667,1053306
2024-10,CUS-0347,737314,105330,157995,52667,1053306
2024-10,CUS-0348,737314,105330,157995,52667,1053306
2024-10,CUS-0349,737314,105330,157995,52667,1053306
2024-10,CUS-0350,737314,105330,157995,52667,1053306
2024-10,CUS-0351,737314,105330,157995,52667,1053306
2024-10,CUS-0352,737314,105330,157995,52667,1053306
2024-10,CUS-0353,737314,105330,157995,52667,1053306
2024-10,CUS-0354,737314,105330,157995,52667,1053306
2024-10,CUS-0355,737314,105330,157995,52667,1053306
2024-10,CUS-0356,737314,105330,157995,52667,1053306
2024-10,CUS-0357,737314,105330,157995,52667,1053306
2024-10,CUS-0358,737314,105330,157995,52667,1053306
2024-10,CUS-0359,737314,105330,157995,52667,1053306
2024-10,CUS-0360,737314,105330,157995,52667,1053306
2024-10,CUS-0361,737314,105330,157995,52667,1053306
2024-10,CUS-0362,737314,105330,157995,52667,1053306
2024-10,CUS-0363,737314,105330,157995,52667,1053306
2024-10,CUS-0364,737314,105330,157995,52667,1053306
2024-10,CUS-0365,737314,105330,157995,52667,1053306
2024-10,CUS-0366,737314,105330,157995,52667,1053306
2024-10,CUS-0367,737314,105330,157995,52667,1053306
2024-10,CUS-0368,737314,105330,157995,52667,1053306
2024-10,CUS-0369,737314,105330,157995,52667,1053306
2024-10,CUS-0370,737314,105330,157995,52667,1053306
2024-10,CUS-0371,737314,105330,157995,52667,1053306
2024-10,CUS-0372,737314,105330,157995,52667,1053306
2024-10,CUS-0373,737314,105330,157995,52667,1053306
2024-10,CUS-0374,737314,105330,157995,52667,1053306
2024-10,CUS-0375,737314,105330,157995,52667,1053306
2024-10,CUS-0376,737314,105330,157995,52667,1053306
2024-10,CUS-0377,737314,105330,157995,52667,1053306
2024-10,CUS-0378,737314,105330,157995,52667,1053306
2024-10,CUS-0379,737314,105330,157995,52667,1053306
2024-10,CUS-0380,737314,105330,157995,52667,1053306
2024-10,CUS-0381,737314,105330,157995,52667,1053306
2024-10,CUS-0382,737314,105330,157995,52667,1053306
2024-10,CUS-0383,737314,105330,157995,52667,1053306
2024-10,CUS-0384,737314,105330,157995,52667,1053306
2024-10,CUS-0385,737314,105330,157995,52667,1053306
2024-10,CUS-0386,737314,105330,157995,52667,1053306
2024-10,CUS-0387,737314,105330,157995,52667,1053306
2024-10,CUS-0388,737314,105330,157995,52667,1053306
2024-10,CUS-0389,737314,105330,157995,52667,1053306
2024-10,CUS-0390,737314,105330,157995,52667,1053306
2024-10,CUS-0391,737314,105330,157995,52667,1053306
2024-10,CUS-0392,737314,105330,157995,52667,1053306
2024-10,CUS-0393,737314,105330,157995,52667,1053306
2024-10,CUS-0394,737314,105330,157995,52667,1053306
2024-10,CUS-0395,737314,105330,157995,52667,1053306
2024-10,CUS-0396,737314,105330,157995,52667,1053306
2024-10,CUS-0397,737314,105330,157995,52667,1053306
2024-10,CUS-0398,737314,105330,157995,52667,1053306
2024-10,CUS-0399,737314,105330,157995,52667,1053306
2024-10,CUS-0400,737314,105330,157995,52667,1053306
2024-10,CUS-0401,737314,105330,157995,52667,1053306
2024-10,CUS-0402,737314,105330,157995,52667,1053306
2024-10,CUS-0403,737314,105330,157995,52667,1053306
2024-10,CUS-0404,737314,105330,157995,52667,1053306
2024-10,CUS-0405,737314,105330,157995,52667,1053306
2024-10,CUS-0406,737314,105330,157995,52667,1053306
2024-10,CUS-0407,737314,105330,157995,52667,1053306
2024-10,CUS-0408,737314,105330,157995,52667,1053306
2024-10,CUS-0409,737314,105330,157995,52667,1053306
2024-10,CUS-0410,737314,105330,157995,52667,1053306
2024-10,CUS-0411,737314,105330,157995,52667,1053306
2024-10,CUS-0412,737314,105330,157995,52667,1053306
2024-10,CUS-0413,737314,105330,157995,52667,1053306
2024-10,CUS-0414,737314,105330,157995,52667,1053306
2024-10,CUS-0415,737314,105330,157995,52667,1053306
2024-10,CUS-0416,737314,105330,157995,52667,1053306
2024-10,CUS-0417,737314,105330,157995,52667,1053306
2024-10,CUS-0418,737314,105330,157995,52667,1053306
2024-10,CUS-0419,737314,105330,157995,52667,1053306
2024-10,CUS-0420,737314,105330,157995,52667,1053306
2024-10,CUS-0421,737314,105330,157995,52667,1053306
2024-10,CUS-0422,737314,105330,157995,52667,1053306
2024-10,CUS-0423,737314,105330,157995,52667,1053306
2024-10,CUS-0424,737314,105330,157995,52667,1053306
2024-10,CUS-0425,737314,105330,157995,52667,1053306
2024-10,CUS-0426,737314,105330,157995,52667,1053306
2024-10,CUS-0427,737314,105330,157995,52667,1053306
2024-10,CUS-0428,737314,105330,157995,52667,1053306
2024-10,CUS-0429,737314,105330,157995,52667,1053306
2024-10,CUS-0430,737314,105330,157995,52667,1053306
2024-10,CUS-0431,737314,105330,157995,52667,1053306
2024-10,CUS-0432,737314,105330,157995,52667,1053306
2024-10,CUS-0433,737314,105330,157995,52667,1053306
2024-10,CUS-0434,737314,105330,157995,52667,1053306
2024-10,CUS-0435,737314,105330,157995,52667,1053306
2024-10,CUS-0436,737314,105330,157995,52667,1053306
2024-10,CUS-0437,737314,105330,157995,52667,1053306
2024-10,CUS-0438,737314,105330,157995,52667,1053306
2024-10,CUS-0439,737314,105330,157995,52667,1053306
2024-10,CUS-0440,737314,105330,157995,52667,1053306
2024-10,CUS-0441,737314,105330,157995,52667,1053306
2024-10,CUS-0442,737314,105330,157995,52667,1053306
2024-10,CUS-0443,737314,105330,157995,52667,1053306
2024-10,CUS-0444,737314,105330,157995,52667,1053306
2024-10,CUS-0445,737314,105330,157995,52667,1053306
2024-10,CUS-0446,737314,105330,157995,52667,1053306
2024-10,CUS-0447,737314,105330,157995,52667,1053306
2024-10,CUS-0448,737314,105330,157995,52667,1053306
2024-10,CUS-0449,737314,105330,157995,52667,1053306
2024-10,CUS-0450,737314,105330,157995,52667,1053306
2024-10,CUS-0451,737314,105330,157995,52667,1053306
2024-10,CUS-0452,737314,105330,157995,52667,1053306
2024-10,CUS-0453,737314,105330,157995,52667,1053306
2024-10,CUS-0454,737314,105330,157995,52667,1053306
2024-10,CUS-0455,737314,105330,157995,52667,1053306
2024-10,CUS-0456,737314,105330,157995,52667,1053306
2024-10,CUS-0457,737314,105330,157995,52667,1053306
2024-10,CUS-0458,737314,105330,157995,52667,1053306
2024-10,CUS-0459,737314,105330,157995,52667,1053306
2024-10,CUS-0460,737314,105330,157995,52667,1053306
2024-10,CUS-0461,737314,105330,157995,52667,1053306
2024-10,CUS-0462,737314,105330,157995,52667,1053306
2024-10,CUS-0463,737314,105330,157995,52667,1053306
2024-10,CUS-0464,737314,105330,157995,52667,1053306
2024-10,CUS-0465,737314,105330,157995,52667,1053306
2024-10,CUS-0466,737314,105330,157995,52667,1053306
2024-10,CUS-0467,737314,105330,157995,52667,1053306
2024-10,CUS-0468,737314,105330,157995,52667,1053306
2024-10,CUS-0469,737314,105330,157995,52667,1053306
2024-10,CUS-0470,737314,105330,157995,52667,1053306
2024-10,CUS-0471,737314,105330,157995,52667,1053306
2024-10,CUS-0472,737314,105330,157995,52667,1053306
2024-10,CUS-0473,737314,105330,157995,52667,1053306
2024-10,CUS-0474,737314,105330,157995,52667,1053306
2024-10,CUS-0475,737314,105330,157995,52667,1053306
2024-10,CUS-0476,737314,105330,157995,52667,1053306
2024-10,CUS-0477,737314,105330,157995,52667,1053306
2024-10,CUS-0478,737314,105330,157995,52667,1053306
2024-10,CUS-0479,737314,105330,157995,52667,1053306
2024-10,CUS-0480,737314,105330,157995,52667,1053306
2024-10,CUS-0481,737314,105330,157995,52667,1053306
2024-10,CUS-0482,737314,105330,157995,52667,1053306
2024-10,CUS-0483,737314,105330,157995,52667,1053306
2024-10,CUS-0484,737314,105330,157995,52667,1053306
2024-10,CUS-0485,737314,105330,157995,52667,1053306
2024-10,CUS-0486,737314,105330,157995,52667,1053306
2024-10,CUS-0487,737314,105330,157995,52667,1053306
2024-10,CUS-0488,737314,105330,157995,52667,1053306
2024-10,CUS-0489,737314,105330,157995,52667,1053306
2024-10,CUS-0490,737314,105330,157995,52667,1053306
2024-10,CUS-0491,737314,105330,157995,52667,1053306
2024-10,CUS-0492,737314,105330,157995,52667,1053306
2024-10,CUS-0493,737314,105330,157995,52667,1053306
2024-10,CUS-0494,737314,105330,157995,52667,1053306
2024-10,CUS-0495,737314,105330,157995,52667,1053306
2024-10,CUS-0496,737314,105330,157995,52667,1053306
2024-10,CUS-0497,737314,105330,157995,52667,1053306
2024-10,CUS-0498,737314,105330,157995,52667,1053306
2024-10,CUS-0499,737314,105330,157995,52667,1053306
2024-10,CUS-0500,737314,105330,157995,52667,1053306
2024-11,CUS-0001,170940000,24420000,36630000,12210000,244200000
2024-11,CUS-0002,747414,106773,160160,53388,1067735
2024-11,CUS-0003,747414,106773,160160,53388,1067735
2024-11,CUS-0004,747414,106773,160160,53388,1067735
2024-11,CUS-0005,747414,106773,160160,53388,1067735
2024-11,CUS-0006,747414,106773,160160,53388,1067735
2024-11,CUS-0007,747414,106773,160160,53388,1067735
2024-11,CUS-0008,747414,106773,160160,53388,1067735
2024-11,CUS-0009,747414,106773,160160,53388,1067735
2024-11,CUS-0010,747414,106773,160160,53388,1067735
2024-11,CUS-0011,747414,106773,160160,53388,1067735
2024-11,CUS-0012,747414,106773,160160,53388,1067735
2024-11,CUS-0013,747414,106773,160160,53388,1067735
2024-11,CUS-0014,747414,106773,160160,53388,1067735
2024-11,CUS-0015,747414,106773,160160,53388,1067735
2024-11,CUS-0016,747414,106773,160160,53388,1067735
2024-11,CUS-0017,747414,106773,160160,53388,1067735
2024-11,CUS-0018,747414,106773,160160,53388,1067735
2024-11,CUS-0019,747414,106773,160160,53388,1067735
2024-11,CUS-0020,747414,106773,160160,53388,1067735
2024-11,CUS-0021,747414,106773,160160,53388,1067735
2024-11,CUS-0022,747414,106773,160160,53388,1067735
2024-11,CUS-0023,747414,106773,160160,53388,1067735
2024-11,CUS-0024,747414,106773,160160,53388,1067735
2024-11,CUS-0025,747414,106773,160160,53388,1067735
2024-11,CUS-0026,747414,106773,160160,53388,1067735
2024-11,CUS-0027,747414,106773,160160,53388,1067735
2024-11,CUS-0028,747414,106773,160160,53388,1067735
2024-11,CUS-0029,747414,106773,160160,53388,1067735
2024-11,CUS-0030,747414,106773,160160,53388,1067735
2024-11,CUS-0031,747414,106773,160160,53388,1067735
2024-11,CUS-0032,747414,106773,160160,53388,1067735
2024-11,CUS-0033,747414,106773,160160,53388,1067735
2024-11,CUS-0034,747414,106773,160160,53388,1067735
2024-11,CUS-0035,747414,106773,160160,53388,1067735
2024-11,CUS-0036,747414,106773,160160,53388,1067735
2024-11,CUS-0037,747414,106773,160160,53388,1067735
2024-11,CUS-0038,747414,106773,160160,53388,1067735
2024-11,CUS-0039,747414,106773,160160,53388,1067735
2024-11,CUS-0040,747414,106773,160160,53388,1067735
2024-11,CUS-0041,747414,106773,160160,53388,1067735
2024-11,CUS-0042,747414,106773,160160,53388,1067735
2024-11,CUS-0043,747414,106773,160160,53388,1067735
2024-11,CUS-0044,747414,106773,160160,53388,1067735
2024-11,CUS-0045,747414,106773,160160,53388,1067735
2024-11,CUS-0046,747414,106773,160160,53388,1067735
2024-11,CUS-0047,747414,106773,160160,53388,1067735
2024-11,CUS-0048,747414,106773,160160,53388,1067735
2024-11,CUS-0049,747414,106773,160160,53388,1067735
2024-11,CUS-0050,747414,106773,160160,53388,1067735
2024-11,CUS-0051,747414,106773,160160,53388,1067735
2024-11,CUS-0052,747414,106773,160160,53388,1067735
2024-11,CUS-0053,747414,106773,160160,53388,1067735
2024-11,CUS-0054,747414,106773,160160,53388,1067735
2024-11,CUS-0055,747414,106773,160160,53388,1067735
2024-11,CUS-0056,747414,106773,160160,53388,1067735
2024-11,CUS-0057,747414,106773,160160,53388,1067735
2024-11,CUS-0058,747414,106773,160160,53388,1067735
2024-11,CUS-0059,747414,106773,160160,53388,1067735
2024-11,CUS-0060,747414,106773,160160,53388,1067735
2024-11,CUS-0061,747414,106773,160160,53388,1067735
2024-11,CUS-0062,747414,106773,160160,53388,1067735
2024-11,CUS-0063,747414,106773,160160,53388,1067735
2024-11,CUS-0064,747414,106773,160160,53388,1067735
2024-11,CUS-0065,747414,106773,160160,53388,1067735
2024-11,CUS-0066,747414,106773,160160,53388,1067735
2024-11,CUS-0067,747414,106773,160160,53388,1067735
2024-11,CUS-0068,747414,106773,160160,53388,1067735
2024-11,CUS-0069,747414,106773,160160,53388,1067735
2024-11,CUS-0070,747414,106773,160160,53388,1067735
2024-11,CUS-0071,747414,106773,160160,53388,1067735
2024-11,CUS-0072,747414,106773,160160,53388,1067735
2024-11,CUS-0073,747414,106773,160160,53388,1067735
2024-11,CUS-0074,747414,106773,160160,53388,1067735
2024-11,CUS-0075,747414,106773,160160,53388,1067735
2024-11,CUS-0076,747414,106773,160160,53388,1067735
2024-11,CUS-0077,747414,106773,160160,53388,1067735
2024-11,CUS-0078,747414,106773,160160,53388,1067735
2024-11,CUS-0079,747414,106773,160160,53388,1067735
2024-11,CUS-0080,747414,106773,160160,53388,1067735
2024-11,CUS-0081,747414,106773,160160,53388,1067735
2024-11,CUS-0082,747414,106773,160160,53388,1067735
2024-11,CUS-0083,747414,106773,160160,53388,1067735
2024-11,CUS-0084,747414,106773,160160,53388,1067735
2024-11,CUS-0085,747414,106773,160160,53388,1067735
2024-11,CUS-0086,747414,106773,160160,53388,1067735
2024-11,CUS-0087,747414,106773,160160,53388,1067735
2024-11,CUS-0088,747414,106773,160160,53388,1067735
2024-11,CUS-0089,747414,106773,160160,53388,1067735
2024-11,CUS-0090,747414,106773,160160,53388,1067735
2024-11,CUS-0091,747414,106773,160160,53388,1067735
2024-11,CUS-0092,747414,106773,160160,53388,1067735
2024-11,CUS-0093,747414,106773,160160,53388,1067735
2024-11,CUS-0094,747414,106773,160160,53388,1067735
2024-11,CUS-0095,747414,106773,160160,53388,1067735
2024-11,CUS-0096,747414,106773,160160,53388,1067735
2024-11,CUS-0097,747414,106773,160160,53388,1067735
2024-11,CUS-0098,747414,106773,160160,53388,1067735
2024-11,CUS-0099,747414,106773,160160,53388,1067735
2024-11,CUS-0100,747414,106773,160160,53388,1067735
2024-11,CUS-0101,747414,106773,160160,53388,1067735
2024-11,CUS-0102,747414,106773,160160,53388,1067735
2024-11,CUS-0103,747414,106773,160160,53388,1067735
2024-11,CUS-0104,747414,106773,160160,53388,1067735
2024-11,CUS-0105,747414,106773,160160,53388,1067735
2024-11,CUS-0106,747414,106773,160160,53388,1067735
2024-11,CUS-0107,747414,106773,160160,53388,1067735
2024-11,CUS-0108,747414,106773,160160,53388,1067735
2024-11,CUS-0109,747414,106773,160160,53388,1067735
2024-11,CUS-0110,747414,106773,160160,53388,1067735
2024-11,CUS-0111,747414,106773,160160,53388,1067735
2024-11,CUS-0112,747414,106773,160160,53388,1067735
2024-11,CUS-0113,747414,106773,160160,53388,1067735
2024-11,CUS-0114,747414,106773,160160,53388,1067735
2024-11,CUS-0115,747414,106773,160160,53388,1067735
2024-11,CUS-0116,747414,106773,160160,53388,1067735
2024-11,CUS-0117,747414,106773,160160,53388,1067735
2024-11,CUS-0118,747414,106773,160160,53388,1067735
2024-11,CUS-0119,747414,106773,160160,53388,1067735
2024-11,CUS-0120,747414,106773,160160,53388,1067735
2024-11,CUS-0121,747414,106773,160160,53388,1067735
2024-11,CUS-0122,747414,106773,160160,53388,1067735
2024-11,CUS-0123,747414,106773,160160,53388,1067735
2024-11,CUS-0124,747414,106773,160160,53388,1067735
2024-11,CUS-0125,747414,106773,160160,53388,1067735
2024-11,CUS-0126,747414,106773,160160,53388,1067735
2024-11,CUS-0127,747414,106773,160160,53388,1067735
2024-11,CUS-0128,747414,106773,160160,53388,1067735
2024-11,CUS-0129,747414,106773,160160,53388,1067735
2024-11,CUS-0130,747414,106773,160160,53388,1067735
2024-11,CUS-0131,747414,106773,160160,53388,1067735
2024-11,CUS-0132,747414,106773,160160,53388,1067735
2024-11,CUS-0133,747414,106773,160160,53388,1067735
2024-11,CUS-0134,747414,106773,160160,53388,1067735
2024-11,CUS-0135,747414,106773,160160,53388,1067735
2024-11,CUS-0136,747414,106773,160160,53388,1067735
2024-11,CUS-0137,747414,106773,160160,53388,1067735
2024-11,CUS-0138,747414,106773,160160,53388,1067735
2024-11,CUS-0139,747414,106773,160160,53388,1067735
2024-11,CUS-0140,747414,106773,160160,53388,1067735
2024-11,CUS-0141,747414,106773,160160,53388,1067735
2024-11,CUS-0142,747414,106773,160160,53388,1067735
2024-11,CUS-0143,747414,106773,160160,53388,1067735
2024-11,CUS-0144,747414,106773,160160,53388,1067735
2024-11,CUS-0145,747414,106773,160160,53388,1067735
2024-11,CUS-0146,747414,106773,160160,53388,1067735
2024-11,CUS-0147,747414,106773,160160,53388,1067735
2024-11,CUS-0148,747414,106773,160160,53388,1067735
2024-11,CUS-0149,747414,106773,160160,53388,1067735
2024-11,CUS-0150,747414,106773,160160,53388,1067735
2024-11,CUS-0151,747414,106773,160160,53388,1067735
2024-11,CUS-0152,747414,106773,160160,53388,1067735
2024-11,CUS-0153,747414,106773,160160,53388,1067735
2024-11,CUS-0154,747414,106773,160160,53388,1067735
2024-11,CUS-0155,747414,106773,160160,53388,1067735
2024-11,CUS-0156,747414,106773,160160,53388,1067735
2024-11,CUS-0157,747414,106773,160160,53388,1067735
2024-11,CUS-0158,747414,106773,160160,53388,1067735
2024-11,CUS-0159,747414,106773,160160,53388,1067735
2024-11,CUS-0160,747414,106773,160160,53388,1067735
2024-11,CUS-0161,747414,106773,160160,53388,1067735
2024-11,CUS-0162,747414,106773,160160,53388,1067735
2024-11,CUS-0163,747414,106773,160160,53388,1067735
2024-11,CUS-0164,747414,106773,160160,53388,1067735
2024-11,CUS-0165,747414,106773,160160,53388,1067735
2024-11,CUS-0166,747414,106773,160160,53388,1067735
2024-11,CUS-0167,747414,106773,160160,53388,1067735
2024-11,CUS-0168,747414,106773,160160,53388,1067735
2024-11,CUS-0169,747414,106773,160160,53388,1067735
2024-11,CUS-0170,747414,106773,160160,53388,1067735
2024-11,CUS-0171,747414,106773,160160,53388,1067735
2024-11,CUS-0172,747414,106773,160160,53388,1067735
2024-11,CUS-0173,747414,106773,160160,53388,1067735
2024-11,CUS-0174,747414,106773,160160,53388,1067735
2024-11,CUS-0175,747414,106773,160160,53388,1067735
2024-11,CUS-0176,747414,106773,160160,53388,1067735
2024-11,CUS-0177,747414,106773,160160,53388,1067735
2024-11,CUS-0178,747414,106773,160160,53388,1067735
2024-11,CUS-0179,747414,106773,160160,53388,1067735
2024-11,CUS-0180,747414,106773,160160,53388,1067735
2024-11,CUS-0181,747414,106773,160160,53388,1067735
2024-11,CUS-0182,747414,106773,160160,53388,1067735
2024-11,CUS-0183,747414,106773,160160,53388,1067735
2024-11,CUS-0184,747414,106773,160160,53388,1067735
2024-11,CUS-0185,747414,106773,160160,53388,1067735
2024-11,CUS-0186,747414,106773,160160,53388,1067735
2024-11,CUS-0187,747414,106773,160160,53388,1067735
2024-11,CUS-0188,747414,106773,160160,53388,1067735
2024-11,CUS-0189,747414,106773,160160,53388,1067735
2024-11,CUS-0190,747414,106773,160160,53388,1067735
2024-11,CUS-0191,747414,106773,160160,53388,1067735
2024-11,CUS-0192,747414,106773,160160,53388,1067735
2024-11,CUS-0193,747414,106773,160160,53388,1067735
2024-11,CUS-0194,747414,106773,160160,53388,1067735
2024-11,CUS-0195,747414,106773,160160,53388,1067735
2024-11,CUS-0196,747414,106773,160160,53388,1067735
2024-11,CUS-0197,747414,106773,160160,53388,1067735
2024-11,CUS-0198,747414,106773,160160,53388,1067735
2024-11,CUS-0199,747414,106773,160160,53388,1067735
2024-11,CUS-0200,747414,106773,160160,53388,1067735
2024-11,CUS-0201,747414,106773,160160,53388,1067735
2024-11,CUS-0202,747414,106773,160160,53388,1067735
2024-11,CUS-0203,747414,106773,160160,53388,1067735
2024-11,CUS-0204,747414,106773,160160,53388,1067735
2024-11,CUS-0205,747414,106773,160160,53388,1067735
2024-11,CUS-0206,747414,106773,160160,53388,1067735
2024-11,CUS-0207,747414,106773,160160,53388,1067735
2024-11,CUS-0208,747414,106773,160160,53388,1067735
2024-11,CUS-0209,747414,106773,160160,53388,1067735
2024-11,CUS-0210,747414,106773,160160,53388,1067735
2024-11,CUS-0211,747414,106773,160160,53388,1067735
2024-11,CUS-0212,747414,106773,160160,53388,1067735
2024-11,CUS-0213,747414,106773,160160,53388,1067735
2024-11,CUS-0214,747414,106773,160160,53388,1067735
2024-11,CUS-0215,747414,106773,160160,53388,1067735
2024-11,CUS-0216,747414,106773,160160,53388,1067735
2024-11,CUS-0217,747414,106773,160160,53388,1067735
2024-11,CUS-0218,747414,106773,160160,53388,1067735
2024-11,CUS-0219,747414,106773,160160,53388,1067735
2024-11,CUS-0220,747414,106773,160160,53388,1067735
2024-11,CUS-0221,747414,106773,160160,53388,1067735
2024-11,CUS-0222,747414,106773,160160,53388,1067735
2024-11,CUS-0223,747414,106773,160160,53388,1067735
2024-11,CUS-0224,747414,106773,160160,53388,1067735
2024-11,CUS-0225,747414,106773,160160,53388,1067735
2024-11,CUS-0226,747414,106773,160160,53388,1067735
2024-11,CUS-0227,747414,106773,160160,53388,1067735
2024-11,CUS-0228,747414,106773,160160,53388,1067735
2024-11,CUS-0229,747414,106773,160160,53388,1067735
2024-11,CUS-0230,747414,106773,160160,53388,1067735
2024-11,CUS-0231,747414,106773,160160,53388,1067735
2024-11,CUS-0232,747414,106773,160160,53388,1067735
2024-11,CUS-0233,747414,106773,160160,53388,1067735
2024-11,CUS-0234,747414,106773,160160,53388,1067735
2024-11,CUS-0235,747414,106773,160160,53388,1067735
2024-11,CUS-0236,747414,106773,160160,53388,1067735
2024-11,CUS-0237,747414,106773,160160,53388,1067735
2024-11,CUS-0238,747414,106773,160160,53388,1067735
2024-11,CUS-0239,747414,106773,160160,53388,1067735
2024-11,CUS-0240,747414,106773,160160,53388,1067735
2024-11,CUS-0241,747414,106773,160160,53388,1067735
2024-11,CUS-0242,747414,106773,160160,53388,1067735
2024-11,CUS-0243,747414,106773,160160,53388,1067735
2024-11,CUS-0244,747414,106773,160160,53388,1067735
2024-11,CUS-0245,747414,106773,160160,53388,1067735
2024-11,CUS-0246,747414,106773,160160,53388,1067735
2024-11,CUS-0247,747414,106773,160160,53388,1067735
2024-11,CUS-0248,747414,106773,160160,53388,1067735
2024-11,CUS-0249,747414,106773,160160,53388,1067735
2024-11,CUS-0250,747414,106773,160160,53388,1067735
2024-11,CUS-0251,747414,106773,160160,53388,1067735
2024-11,CUS-0252,747414,106773,160160,53388,1067735
2024-11,CUS-0253,747414,106773,160160,53388,1067735
2024-11,CUS-0254,747414,106773,160160,53388,1067735
2024-11,CUS-0255,747414,106773,160160,53388,1067735
2024-11,CUS-0256,747414,106773,160160,53388,1067735
2024-11,CUS-0257,747414,106773,160160,53388,1067735
2024-11,CUS-0258,747414,106773,160160,53388,1067735
2024-11,CUS-0259,747414,106773,160160,53388,1067735
2024-11,CUS-0260,747414,106773,160160,53388,1067735
2024-11,CUS-0261,747414,106773,160160,53388,1067735
2024-11,CUS-0262,747414,106773,160160,53388,1067735
2024-11,CUS-0263,747414,106773,160160,53388,1067735
2024-11,CUS-0264,747414,106773,160160,53388,1067735
2024-11,CUS-0265,747414,106773,160160,53388,1067735
2024-11,CUS-0266,747414,106773,160160,53388,1067735
2024-11,CUS-0267,747414,106773,160160,53388,1067735
2024-11,CUS-0268,747414,106773,160160,53388,1067735
2024-11,CUS-0269,747414,106773,160160,53388,1067735
2024-11,CUS-0270,747414,106773,160160,53388,1067735
2024-11,CUS-0271,747414,106773,160160,53388,1067735
2024-11,CUS-0272,747414,106773,160160,53388,1067735
2024-11,CUS-0273,747414,106773,160160,53388,1067735
2024-11,CUS-0274,747414,106773,160160,53388,1067735
2024-11,CUS-0275,747414,106773,160160,53388,1067735
2024-11,CUS-0276,747414,106773,160160,53388,1067735
2024-11,CUS-0277,747414,106773,160160,53388,1067735
2024-11,CUS-0278,747414,106773,160160,53388,1067735
2024-11,CUS-0279,747414,106773,160160,53388,1067735
2024-11,CUS-0280,747414,106773,160160,53388,1067735
2024-11,CUS-0281,747414,106773,160160,53388,1067735
2024-11,CUS-0282,747414,106773,160160,53388,1067735
2024-11,CUS-0283,747414,106773,160160,53388,1067735
2024-11,CUS-0284,747414,106773,160160,53388,1067735
2024-11,CUS-0285,747414,106773,160160,53388,1067735
2024-11,CUS-0286,747414,106773,160160,53388,1067735
2024-11,CUS-0287,747414,106773,160160,53388,1067735
2024-11,CUS-0288,747414,106773,160160,53388,1067735
2024-11,CUS-0289,747414,106773,160160,53388,1067735
2024-11,CUS-0290,747414,106773,160160,53388,1067735
2024-11,CUS-0291,747414,106773,160160,53388,1067735
2024-11,CUS-0292,747414,106773,160160,53388,1067735
2024-11,CUS-0293,747414,106773,160160,53388,1067735
2024-11,CUS-0294,747414,106773,160160,53388,1067735
2024-11,CUS-0295,747414,106773,160160,53388,1067735
2024-11,CUS-0296,747414,106773,160160,53388,1067735
2024-11,CUS-0297,747414,106773,160160,53388,1067735
2024-11,CUS-0298,747414,106773,160160,53388,1067735
2024-11,CUS-0299,747414,106773,160160,53388,1067735
2024-11,CUS-0300,747414,106773,160160,53388,1067735
2024-11,CUS-0301,747414,106773,160160,53388,1067735
2024-11,CUS-0302,747414,106773,160160,53388,1067735
2024-11,CUS-0303,747414,106773,160160,53388,1067735
2024-11,CUS-0304,747414,106773,160160,53388,1067735
2024-11,CUS-0305,747414,106773,160160,53388,1067735
2024-11,CUS-0306,747414,106773,160160,53388,1067735
2024-11,CUS-0307,747414,106773,160160,53388,1067735
2024-11,CUS-0308,747414,106773,160160,53388,1067735
2024-11,CUS-0309,747414,106773,160160,53388,1067735
2024-11,CUS-0310,747414,106773,160160,53388,1067735
2024-11,CUS-0311,747413,106773,160160,53388,1067734
2024-11,CUS-0312,747413,106773,160160,53388,1067734
2024-11,CUS-0313,747413,106773,160160,53388,1067734
2024-11,CUS-0314,747413,106773,160160,53388,1067734
2024-11,CUS-0315,747413,106773,160160,53388,1067734
2024-11,CUS-0316,747413,106773,160160,53388,1067734
2024-11,CUS-0317,747413,106773,160160,53388,1067734
2024-11,CUS-0318,747413,106773,160160,53388,1067734
2024-11,CUS-0319,747413,106773,160160,53388,1067734
2024-11,CUS-0320,747413,106773,160160,53388,1067734
2024-11,CUS-0321,747413,106773,160160,53388,1067734
2024-11,CUS-0322,747413,106773,160160,53388,1067734
2024-11,CUS-0323,747413,106773,160160,53388,1067734
2024-11,CUS-0324,747413,106773,160160,53388,1067734
2024-11,CUS-0325,747413,106773,160160,53388,1067734
2024-11,CUS-0326,747413,106773,160160,53388,1067734
2024-11,CUS-0327,747413,106773,160160,53388,1067734
2024-11,CUS-0328,747413,106773,160160,53388,1067734
2024-11,CUS-0329,747413,106773,160160,53388,1067734
2024-11,CUS-0330,747413,106773,160160,53388,1067734
2024-11,CUS-0331,747413,106773,160160,53388,1067734
2024-11,CUS-0332,747413,106773,160160,53388,1067734
2024-11,CUS-0333,747413,106773,160160,53388,1067734
2024-11,CUS-0334,747413,106773,160160,53388,1067734
2024-11,CUS-0335,747413,106773,160160,53388,1067734
2024-11,CUS-0336,747413,106773,160160,53388,1067734
2024-11,CUS-0337,747413,106773,160160,53388,1067734
2024-11,CUS-0338,747413,106773,160160,53388,1067734
2024-11,CUS-0339,747413,106773,160160,53388,1067734
2024-11,CUS-0340,747413,106773,160160,53388,1067734
2024-11,CUS-0341,747413,106773,160160,53388,1067734
2024-11,CUS-0342,747413,106773,160160,53388,1067734
2024-11,CUS-0343,747413,106773,160160,53388,1067734
2024-11,CUS-0344,747413,106773,160160,53388,1067734
2024-11,CUS-0345,747413,106773,160160,53388,1067734
2024-11,CUS-0346,747413,106773,160160,53388,1067734
2024-11,CUS-0347,747413,106773,160160,53388,1067734
2024-11,CUS-0348,747413,106773,160160,53388,1067734
2024-11,CUS-0349,747413,106773,160160,53388,1067734
2024-11,CUS-0350,747413,106773,160160,53388,1067734
2024-11,CUS-0351,747413,106773,160160,53388,1067734
2024-11,CUS-0352,747413,106773,160160,53388,1067734
2024-11,CUS-0353,747413,106773,160160,53388,1067734
2024-11,CUS-0354,747413,106773,160160,53388,1067734
2024-11,CUS-0355,747413,106773,160160,53388,1067734
2024-11,CUS-0356,747413,106773,160160,53388,1067734
2024-11,CUS-0357,747413,106773,160160,53388,1067734
2024-11,CUS-0358,747413,106773,160160,53388,1067734
2024-11,CUS-0359,747413,106773,160160,53388,1067734
2024-11,CUS-0360,747413,106773,160160,53388,1067734
2024-11,CUS-0361,747413,106773,160160,53388,1067734
2024-11,CUS-0362,747413,106773,160160,53388,1067734
2024-11,CUS-0363,747413,106773,160160,53388,1067734
2024-11,CUS-0364,747413,106773,160160,53388,1067734
2024-11,CUS-0365,747413,106773,160160,53388,1067734
2024-11,CUS-0366,747413,106773,160160,53388,1067734
2024-11,CUS-0367,747413,106773,160160,53388,1067734
2024-11,CUS-0368,747413,106773,160160,53388,1067734
2024-11,CUS-0369,747413,106773,160160,53388,1067734
2024-11,CUS-0370,747413,106773,160160,53388,1067734
2024-11,CUS-0371,747413,106773,160160,53388,1067734
2024-11,CUS-0372,747413,106773,160160,53388,1067734
2024-11,CUS-0373,747413,106773,160160,53388,1067734
2024-11,CUS-0374,747413,106773,160160,53388,1067734
2024-11,CUS-0375,747413,106773,160160,53388,1067734
2024-11,CUS-0376,747413,106773,160160,53388,1067734
2024-11,CUS-0377,747413,106773,160160,53388,1067734
2024-11,CUS-0378,747413,106773,160160,53388,1067734
2024-11,CUS-0379,747413,106773,160160,53388,1067734
2024-11,CUS-0380,747413,106773,160160,53388,1067734
2024-11,CUS-0381,747413,106773,160160,53388,1067734
2024-11,CUS-0382,747413,106773,160160,53388,1067734
2024-11,CUS-0383,747413,106773,160160,53388,1067734
2024-11,CUS-0384,747413,106773,160160,53388,1067734
2024-11,CUS-0385,747413,106773,160160,53388,1067734
2024-11,CUS-0386,747413,106773,160160,53388,1067734
2024-11,CUS-0387,747413,106773,160160,53388,1067734
2024-11,CUS-0388,747413,106773,160160,53388,1067734
2024-11,CUS-0389,747413,106773,160160,53388,1067734
2024-11,CUS-0390,747413,106773,160160,53388,1067734
2024-11,CUS-0391,747413,106773,160160,53388,1067734
2024-11,CUS-0392,747413,106773,160160,53388,1067734
2024-11,CUS-0393,747413,106773,160160,53388,1067734
2024-11,CUS-0394,747413,106773,160160,53388,1067734
2024-11,CUS-0395,747413,106773,160160,53388,1067734
2024-11,CUS-0396,747413,106773,160160,53388,1067734
2024-11,CUS-0397,747413,106773,160160,53388,1067734
2024-11,CUS-0398,747413,106773,160160,53388,1067734
2024-11,CUS-0399,747413,106773,160160,53388,1067734
2024-11,CUS-0400,747413,106773,160160,53388,1067734
2024-11,CUS-0401,747413,106773,160160,53388,1067734
2024-11,CUS-0402,747413,106773,160160,53388,1067734
2024-11,CUS-0403,747413,106773,160160,53388,1067734
2024-11,CUS-0404,747413,106773,160160,53388,1067734
2024-11,CUS-0405,747413,106773,160160,53388,1067734
2024-11,CUS-0406,747413,106773,160160,53388,1067734
2024-11,CUS-0407,747413,106773,160160,53388,1067734
2024-11,CUS-0408,747413,106773,160160,53388,1067734
2024-11,CUS-0409,747413,106773,160160,53388,1067734
2024-11,CUS-0410,747413,106773,160160,53388,1067734
2024-11,CUS-0411,747413,106773,160160,53388,1067734
2024-11,CUS-0412,747413,106773,160160,53388,1067734
2024-11,CUS-0413,747413,106773,160160,53388,1067734
2024-11,CUS-0414,747413,106773,160160,53388,1067734
2024-11,CUS-0415,747413,106773,160160,53388,1067734
2024-11,CUS-0416,747413,106773,160160,53388,1067734
2024-11,CUS-0417,747413,106773,160160,53388,1067734
2024-11,CUS-0418,747413,106773,160160,53388,1067734
2024-11,CUS-0419,747413,106773,160160,53388,1067734
2024-11,CUS-0420,747413,106773,160160,53388,1067734
2024-11,CUS-0421,747413,106773,160160,53388,1067734
2024-11,CUS-0422,747413,106773,160160,53388,1067734
2024-11,CUS-0423,747413,106773,160160,53388,1067734
2024-11,CUS-0424,747413,106773,160160,53388,1067734
2024-11,CUS-0425,747413,106773,160160,53388,1067734
2024-11,CUS-0426,747413,106773,160160,53388,1067734
2024-11,CUS-0427,747413,106773,160160,53388,1067734
2024-11,CUS-0428,747413,106773,160160,53388,1067734
2024-11,CUS-0429,747413,106773,160160,53388,1067734
2024-11,CUS-0430,747413,106773,160160,53388,1067734
2024-11,CUS-0431,747413,106773,160160,53388,1067734
2024-11,CUS-0432,747413,106773,160160,53388,1067734
2024-11,CUS-0433,747413,106773,160160,53388,1067734
2024-11,CUS-0434,747413,106773,160160,53388,1067734
2024-11,CUS-0435,747413,106773,160160,53388,1067734
2024-11,CUS-0436,747413,106773,160160,53388,1067734
2024-11,CUS-0437,747413,106773,160160,53388,1067734
2024-11,CUS-0438,747413,106773,160160,53388,1067734
2024-11,CUS-0439,747413,106773,160160,53388,1067734
2024-11,CUS-0440,747413,106773,160160,53388,1067734
2024-11,CUS-0441,747413,106773,160160,53388,1067734
2024-11,CUS-0442,747413,106773,160160,53388,1067734
2024-11,CUS-0443,747413,106773,160160,53388,1067734
2024-11,CUS-0444,747413,106773,160160,53388,1067734
2024-11,CUS-0445,747413,106773,160160,53388,1067734
2024-11,CUS-0446,747413,106773,160160,53388,1067734
2024-11,CUS-0447,747413,106773,160160,53388,1067734
2024-11,CUS-0448,747413,106773,160160,53388,1067734
2024-11,CUS-0449,747413,106773,160160,53388,1067734
2024-11,CUS-0450,747413,106773,160160,53388,1067734
2024-11,CUS-0451,747413,106773,160160,53388,1067734
2024-11,CUS-0452,747413,106773,160160,53388,1067734
2024-11,CUS-0453,747413,106773,160160,53388,1067734
2024-11,CUS-0454,747413,106773,160160,53388,1067734
2024-11,CUS-0455,747413,106773,160160,53388,1067734
2024-11,CUS-0456,747413,106773,160160,53388,1067734
2024-11,CUS-0457,747413,106773,160160,53388,1067734
2024-11,CUS-0458,747413,106773,160160,53388,1067734
2024-11,CUS-0459,747413,106773,160160,53388,1067734
2024-11,CUS-0460,747413,106773,160160,53388,1067734
2024-11,CUS-0461,747413,106773,160160,53388,1067734
2024-11,CUS-0462,747413,106773,160160,53388,1067734
2024-11,CUS-0463,747413,106773,160160,53388,1067734
2024-11,CUS-0464,747413,106773,160160,53388,1067734
2024-11,CUS-0465,747413,106773,160160,53388,1067734
2024-11,CUS-0466,747413,106773,160160,53388,1067734
2024-11,CUS-0467,747413,106773,160160,53388,1067734
2024-11,CUS-0468,747413,106773,160160,53388,1067734
2024-11,CUS-0469,747413,106773,160160,53388,1067734
2024-11,CUS-0470,747413,106773,160160,53388,1067734
2024-11,CUS-0471,747413,106773,160160,53388,1067734
2024-11,CUS-0472,747413,106773,160160,53388,1067734
2024-11,CUS-0473,747413,106773,160160,53388,1067734
2024-11,CUS-0474,747413,106773,160160,53388,1067734
2024-11,CUS-0475,747413,106773,160160,53388,1067734
2024-11,CUS-0476,747413,106773,160160,53388,1067734
2024-11,CUS-0477,747413,106773,160160,53388,1067734
2024-11,CUS-0478,747413,106773,160160,53388,1067734
2024-11,CUS-0479,747413,106773,160160,53388,1067734
2024-11,CUS-0480,747413,106773,160160,53388,1067734
2024-11,CUS-0481,747413,106773,160160,53388,1067734
2024-11,CUS-0482,747413,106773,160160,53388,1067734
2024-11,CUS-0483,747413,106773,160160,53388,1067734
2024-11,CUS-0484,747413,106773,160160,53388,1067734
2024-11,CUS-0485,747413,106773,160160,53388,1067734
2024-11,CUS-0486,747413,106773,160160,53388,1067734
2024-11,CUS-0487,747413,106773,160160,53388,1067734
2024-11,CUS-0488,747413,106773,160160,53388,1067734
2024-11,CUS-0489,747413,106773,160160,53388,1067734
2024-11,CUS-0490,747413,106773,160160,53388,1067734
2024-11,CUS-0491,747413,106773,160160,53388,1067734
2024-11,CUS-0492,747413,106773,160160,53388,1067734
2024-11,CUS-0493,747413,106773,160160,53388,1067734
2024-11,CUS-0494,747413,106773,160160,53388,1067734
2024-11,CUS-0495,747413,106773,160160,53388,1067734
2024-11,CUS-0496,747413,106773,160160,53388,1067734
2024-11,CUS-0497,747413,106773,160160,53388,1067734
2024-11,CUS-0498,747413,106773,160160,53388,1067734
2024-11,CUS-0499,747413,106773,160160,53388,1067734
2024-11,CUS-0500,747413,106773,160160,53388,1067734
2024-12,CUS-0001,173250000,24750000,37125000,12375000,247500000
2024-12,CUS-0002,757514,108216,162324,54110,1082164
2024-12,CUS-0003,757514,108216,162324,54110,1082164
2024-12,CUS-0004,757514,108216,162324,54110,1082164
2024-12,CUS-0005,757514,108216,162324,54110,1082164
2024-12,CUS-0006,757514,108216,162324,54110,1082164
2024-12,CUS-0007,757514,108216,162324,54110,1082164
2024-12,CUS-0008,757514,108216,162324,54110,1082164
2024-12,CUS-0009,757514,108216,162324,54110,1082164
2024-12,CUS-0010,757514,108216,162324,54110,1082164
2024-12,CUS-0011,757514,108216,162324,54110,1082164
2024-12,CUS-0012,757514,108216,162324,54110,1082164
2024-12,CUS-0013,757514,108216,162324,54110,1082164
2024-12,CUS-0014,757514,108216,162324,54110,1082164
2024-12,CUS-0015,757514,108216,162324,54110,1082164
2024-12,CUS-0016,757514,108216,162324,54110,1082164
2024-12,CUS-0017,757514,108216,162324,54110,1082164
2024-12,CUS-0018,757514,108216,162324,54110,1082164
2024-12,CUS-0019,757514,108216,162324,54110,1082164
2024-12,CUS-0020,757514,108216,162324,54110,1082164
2024-12,CUS-0021,757514,108216,162324,54110,1082164
2024-12,CUS-0022,757514,108216,162324,54110,1082164
2024-12,CUS-0023,757514,108216,162324,54110,1082164
2024-12,CUS-0024,757514,108216,162324,54110,1082164
2024-12,CUS-0025,757514,108216,162324,54110,1082164
2024-12,CUS-0026,757514,108216,162324,54110,1082164
2024-12,CUS-0027,757514,108216,162324,54110,1082164
2024-12,CUS-0028,757514,108216,162324,54110,1082164
2024-12,CUS-0029,757514,108216,162324,54110,1082164
2024-12,CUS-0030,757514,108216,162324,54110,1082164
2024-12,CUS-0031,757514,108216,162324,54110,1082164
2024-12,CUS-0032,757514,108216,162324,54110,1082164
2024-12,CUS-0033,757514,108216,162324,54110,1082164
2024-12,CUS-0034,757514,108216,162324,54110,1082164
2024-12,CUS-0035,757514,108216,162324,54110,1082164
2024-12,CUS-0036,757514,108216,162324,54110,1082164
2024-12,CUS-0037,757514,108216,162324,54110,1082164
2024-12,CUS-0038,757514,108216,162324,54110,1082164
2024-12,CUS-0039,757514,108216,162324,54110,1082164
2024-12,CUS-0040,757514,108216,162324,54110,1082164
2024-12,CUS-0041,757514,108216,162324,54110,1082164
2024-12,CUS-0042,757514,108216,162324,54110,1082164
2024-12,CUS-0043,757514,108216,162324,54110,1082164
2024-12,CUS-0044,757514,108216,162324,54110,1082164
2024-12,CUS-0045,757514,108216,162324,54110,1082164
2024-12,CUS-0046,757514,108216,162324,54110,1082164
2024-12,CUS-0047,757514,108216,162324,54110,1082164
2024-12,CUS-0048,757514,108216,162324,54110,1082164
2024-12,CUS-0049,757514,108216,162324,54110,1082164
2024-12,CUS-0050,757514,108216,162324,54110,1082164
2024-12,CUS-0051,757514,108216,162324,54110,1082164
2024-12,CUS-0052,757514,108216,162324,54110,1082164
2024-12,CUS-0053,757514,108216,162324,54110,1082164
2024-12,CUS-0054,757514,108216,162324,54110,1082164
2024-12,CUS-0055,757514,108216,162324,54110,1082164
2024-12,CUS-0056,757514,108216,162324,54110,1082164
2024-12,CUS-0057,757514,108216,162324,54110,1082164
2024-12,CUS-0058,757514,108216,162324,54110,1082164
2024-12,CUS-0059,757514,108216,162324,54110,1082164
2024-12,CUS-0060,757514,108216,162324,54110,1082164
2024-12,CUS-0061,757514,108216,162324,54110,1082164
2024-12,CUS-0062,757514,108216,162324,54110,1082164
2024-12,CUS-0063,757514,108216,162324,54110,1082164
2024-12,CUS-0064,757514,108216,162324,54110,1082164
2024-12,CUS-0065,757514,108216,162324,54110,1082164
2024-12,CUS-0066,757514,108216,162324,54110,1082164
2024-12,CUS-0067,757514,108216,162324,54110,1082164
2024-12,CUS-0068,757514,108216,162324,54110,1082164
2024-12,CUS-0069,757514,108216,162324,54110,1082164
2024-12,CUS-0070,757514,108216,162324,54110,1082164
2024-12,CUS-0071,757514,108216,162324,54110,1082164
2024-12,CUS-0072,757514,108216,162324,54110,1082164
2024-12,CUS-0073,757514,108216,162324,54110,1082164
2024-12,CUS-0074,757514,108216,162324,54110,1082164
2024-12,CUS-0075,757514,108216,162324,54110,1082164
2024-12,CUS-0076,757514,108216,162324,54110,1082164
2024-12,CUS-0077,757514,108216,162324,54110,1082164
2024-12,CUS-0078,757514,108216,162324,54110,1082164
2024-12,CUS-0079,757514,108216,162324,54110,1082164
2024-12,CUS-0080,757514,108216,162324,54110,1082164
2024-12,CUS-0081,757514,108216,162324,54110,1082164
2024-12,CUS-0082,757514,108216,162324,54110,1082164
2024-12,CUS-0083,757514,108216,162324,54110,1082164
2024-12,CUS-0084,757514,108216,162324,54110,1082164
2024-12,CUS-0085,757514,108216,162324,54110,1082164
2024-12,CUS-0086,757514,108216,162324,54110,1082164
2024-12,CUS-0087,757514,108216,162324,54110,1082164
2024-12,CUS-0088,757514,108216,162324,54110,1082164
2024-12,CUS-0089,757514,108216,162324,54110,1082164
2024-12,CUS-0090,757514,108216,162324,54110,1082164
2024-12,CUS-0091,757514,108216,162324,54110,1082164
2024-12,CUS-0092,757514,108216,162324,54110,1082164
2024-12,CUS-0093,757514,108216,162324,54110,1082164
2024-12,CUS-0094,757514,108216,162324,54110,1082164
2024-12,CUS-0095,757514,108216,162324,54110,1082164
2024-12,CUS-0096,757514,108216,162324,54110,1082164
2024-12,CUS-0097,757514,108216,162324,54110,1082164
2024-12,CUS-0098,757514,108216,162324,54110,1082164
2024-12,CUS-0099,757514,108216,162324,54110,1082164
2024-12,CUS-0100,757514,108216,162324,54110,1082164
2024-12,CUS-0101,757514,108216,162324,54110,1082164
2024-12,CUS-0102,757514,108216,162324,54110,1082164
2024-12,CUS-0103,757514,108216,162324,54110,1082164
2024-12,CUS-0104,757514,108216,162324,54110,1082164
2024-12,CUS-0105,757514,108216,162324,54110,1082164
2024-12,CUS-0106,757514,108216,162324,54110,1082164
2024-12,CUS-0107,757514,108216,162324,54110,1082164
2024-12,CUS-0108,757514,108216,162324,54110,1082164
2024-12,CUS-0109,757514,108216,162324,54110,1082164
2024-12,CUS-0110,757514,108216,162324,54110,1082164
2024-12,CUS-0111,757514,108216,162324,54110,1082164
2024-12,CUS-0112,757514,108216,162324,54110,1082164
2024-12,CUS-0113,757514,108216,162324,54110,1082164
2024-12,CUS-0114,757514,108216,162324,54110,1082164
2024-12,CUS-0115,757514,108216,162324,54110,1082164
2024-12,CUS-0116,757514,108216,162324,54110,1082164
2024-12,CUS-0117,757514,108216,162324,54110,1082164
2024-12,CUS-0118,757514,108216,162324,54110,1082164
2024-12,CUS-0119,757514,108216,162324,54110,1082164
2024-12,CUS-0120,757514,108216,162324,54110,1082164
2024-12,CUS-0121,757514,108216,162324,54110,1082164
2024-12,CUS-0122,757514,108216,162324,54110,1082164
2024-12,CUS-0123,757514,108216,162324,54110,1082164
2024-12,CUS-0124,757514,108216,162324,54110,1082164
2024-12,CUS-0125,757514,108216,162324,54110,1082164
2024-12,CUS-0126,757514,108216,162324,54110,1082164
2024-12,CUS-0127,757514,108216,162324,54110,1082164
2024-12,CUS-0128,757514,108216,162324,54110,1082164
2024-12,CUS-0129,757514,108216,162324,54110,1082164
2024-12,CUS-0130,757514,108216,162324,54110,1082164
2024-12,CUS-0131,757514,108216,162324,54110,1082164
2024-12,CUS-0132,757514,108216,162324,54110,1082164
2024-12,CUS-0133,757514,108216,162324,54110,1082164
2024-12,CUS-0134,757514,108216,162324,54110,1082164
2024-12,CUS-0135,757514,108216,162324,54110,1082164
2024-12,CUS-0136,757514,108216,162324,54110,1082164
2024-12,CUS-0137,757514,108216,162324,54110,1082164
2024-12,CUS-0138,757514,108216,162324,54110,1082164
2024-12,CUS-0139,757514,108216,162324,54110,1082164
2024-12,CUS-0140,757514,108216,162324,54110,1082164
2024-12,CUS-0141,757514,108216,162324,54110,1082164
2024-12,CUS-0142,757514,108216,162324,54110,1082164
2024-12,CUS-0143,757514,108216,162324,54110,1082164
2024-12,CUS-0144,757514,108216,162324,54110,1082164
2024-12,CUS-0145,757514,108216,162324,54110,1082164
2024-12,CUS-0146,757514,108216,162324,54110,1082164
2024-12,CUS-0147,757514,108216,162324,54110,1082164
2024-12,CUS-0148,757514,108216,162324,54110,1082164
2024-12,CUS-0149,757514,108216,162324,54110,1082164
2024-12,CUS-0150,757514,108216,162324,54110,1082164
2024-12,CUS-0151,757514,108216,162324,54110,1082164
2024-12,CUS-0152,757514,108216,162324,54110,1082164
2024-12,CUS-0153,757514,108216,162324,54110,1082164
2024-12,CUS-0154,757514,108216,162324,54110,1082164
2024-12,CUS-0155,757514,108216,162324,54110,1082164
2024-12,CUS-0156,757514,108216,162324,54110,1082164
2024-12,CUS-0157,757514,108216,162324,54110,1082164
2024-12,CUS-0158,757514,108216,162324,54110,1082164
2024-12,CUS-0159,757514,108216,162324,54110,1082164
2024-12,CUS-0160,757514,108216,162324,54110,1082164
2024-12,CUS-0161,757514,108216,162324,54110,1082164
2024-12,CUS-0162,757514,108216,162324,54110,1082164
2024-12,CUS-0163,757514,108216,162324,54110,1082164
2024-12,CUS-0164,757514,108216,162324,54110,1082164
2024-12,CUS-0165,757514,108216,162324,54110,1082164
2024-12,CUS-0166,757514,108216,162324,54110,1082164
2024-12,CUS-0167,757514,108216,162324,54110,1082164
2024-12,CUS-0168,757514,108216,162324,54110,1082164
2024-12,CUS-0169,757514,108216,162324,54110,1082164
2024-12,CUS-0170,757514,108216,162324,54110,1082164
2024-12,CUS-0171,757514,108216,162324,54110,1082164
2024-12,CUS-0172,757514,108216,162324,54110,1082164
2024-12,CUS-0173,757514,108216,162324,54110,1082164
2024-12,CUS-0174,757514,108216,162324,54110,1082164
2024-12,CUS-0175,757514,108216,162324,54110,1082164
2024-12,CUS-0176,757514,108216,162324,54110,1082164
2024-12,CUS-0177,757514,108216,162324,54110,1082164
2024-12,CUS-0178,757514,108216,162324,54110,1082164
2024-12,CUS-0179,757514,108216,162324,54110,1082164
2024-12,CUS-0180,757514,108216,162324,54110,1082164
2024-12,CUS-0181,757514,108216,162324,54110,1082164
2024-12,CUS-0182,757514,108216,162324,54110,1082164
2024-12,CUS-0183,757514,108216,162324,54110,1082164
2024-12,CUS-0184,757514,108216,162324,54110,1082164
2024-12,CUS-0185,757514,108216,162324,54110,1082164
2024-12,CUS-0186,757514,108216,162324,54110,1082164
2024-12,CUS-0187,757514,108216,162324,54110,1082164
2024-12,CUS-0188,757514,108216,162324,54110,1082164
2024-12,CUS-0189,757514,108216,162324,54110,1082164
2024-12,CUS-0190,757514,108216,162324,54110,1082164
2024-12,CUS-0191,757514,108216,162324,54110,1082164
2024-12,CUS-0192,757514,108216,162324,54110,1082164
2024-12,CUS-0193,757514,108216,162324,54110,1082164
2024-12,CUS-0194,757514,108216,162324,54110,1082164
2024-12,CUS-0195,757514,108216,162324,54110,1082164
2024-12,CUS-0196,757514,108216,162324,54110,1082164
2024-12,CUS-0197,757514,108216,162324,54110,1082164
2024-12,CUS-0198,757514,108216,162324,54110,1082164
2024-12,CUS-0199,757514,108216,162324,54110,1082164
2024-12,CUS-0200,757514,108216,162324,54110,1082164
2024-12,CUS-0201,757514,108216,162324,54110,1082164
2024-12,CUS-0202,757514,108216,162324,54110,1082164
2024-12,CUS-0203,757514,108216,162324,54110,1082164
2024-12,CUS-0204,757514,108216,162324,54110,1082164
2024-12,CUS-0205,757514,108216,162324,54110,1082164
2024-12,CUS-0206,757514,108216,162324,54110,1082164
2024-12,CUS-0207,757514,108216,162324,54110,1082164
2024-12,CUS-0208,757514,108216,162324,54110,1082164
2024-12,CUS-0209,757514,108216,162324,54110,1082164
2024-12,CUS-0210,757514,108216,162324,54110,1082164
2024-12,CUS-0211,757514,108216,162324,54110,1082164
2024-12,CUS-0212,757514,108216,162324,54110,1082164
2024-12,CUS-0213,757514,108216,162324,54110,1082164
2024-12,CUS-0214,757514,108216,162324,54110,1082164
2024-12,CUS-0215,757514,108216,162324,54110,1082164
2024-12,CUS-0216,757514,108216,162324,54110,1082164
2024-12,CUS-0217,757514,108216,162324,54110,1082164
2024-12,CUS-0218,757514,108216,162324,54110,1082164
2024-12,CUS-0219,757514,108216,162324,54110,1082164
2024-12,CUS-0220,757514,108216,162324,54110,1082164
2024-12,CUS-0221,757514,108216,162324,54110,1082164
2024-12,CUS-0222,757514,108216,162324,54110,1082164
2024-12,CUS-0223,757514,108216,162324,54110,1082164
2024-12,CUS-0224,757514,108216,162324,54110,1082164
2024-12,CUS-0225,757514,108216,162324,54110,1082164
2024-12,CUS-0226,757514,108216,162324,54110,1082164
2024-12,CUS-0227,757514,108216,162324,54110,1082164
2024-12,CUS-0228,757514,108216,162324,54110,1082164
2024-12,CUS-0229,757514,108216,162324,54110,1082164
2024-12,CUS-0230,757514,108216,162324,54110,1082164
2024-12,CUS-0231,757514,108216,162324,54110,1082164
2024-12,CUS-0232,757514,108216,162324,54110,1082164
2024-12,CUS-0233,757514,108216,162324,54110,1082164
2024-12,CUS-0234,757514,108216,162324,54110,1082164
2024-12,CUS-0235,757514,108216,162324,54110,1082164
2024-12,CUS-0236,757514,108216,162324,54110,1082164
2024-12,CUS-0237,757514,108216,162324,54110,1082164
2024-12,CUS-0238,757514,108216,162324,54110,1082164
2024-12,CUS-0239,757514,108216,162324,54110,1082164
2024-12,CUS-0240,757514,108216,162324,54110,1082164
2024-12,CUS-0241,757514,108216,162324,54110,1082164
2024-12,CUS-0242,757514,108216,162324,54110,1082164
2024-12,CUS-0243,757514,108216,162324,54110,1082164
2024-12,CUS-0244,757514,108216,162324,54110,1082164
2024-12,CUS-0245,757514,108216,162324,54110,1082164
2024-12,CUS-0246,757514,108216,162324,54110,1082164
2024-12,CUS-0247,757514,108216,162324,54110,1082164
2024-12,CUS-0248,757514,108216,162324,54110,1082164
2024-12,CUS-0249,757514,108216,162324,54110,1082164
2024-12,CUS-0250,757514,108216,162324,54110,1082164
2024-12,CUS-0251,757514,108216,162324,54110,1082164
2024-12,CUS-0252,757514,108216,162324,54110,1082164
2024-12,CUS-0253,757514,108216,162324,54110,1082164
2024-12,CUS-0254,757514,108216,162324,54110,1082164
2024-12,CUS-0255,757514,108216,162324,54110,1082164
2024-12,CUS-0256,757514,108216,162324,54110,1082164
2024-12,CUS-0257,757514,108216,162324,54110,1082164
2024-12,CUS-0258,757514,108216,162324,54110,1082164
2024-12,CUS-0259,757514,108216,162324,54110,1082164
2024-12,CUS-0260,757514,108216,162324,54110,1082164
2024-12,CUS-0261,757514,108216,162324,54110,1082164
2024-12,CUS-0262,757514,108216,162324,54110,1082164
2024-12,CUS-0263,757514,108216,162324,54110,1082164
2024-12,CUS-0264,757514,108216,162324,54110,1082164
2024-12,CUS-0265,757514,108216,162324,54110,1082164
2024-12,CUS-0266,757514,108216,162324,54110,1082164
2024-12,CUS-0267,757514,108216,162324,54110,1082164
2024-12,CUS-0268,757514,108216,162324,54110,1082164
2024-12,CUS-0269,757514,108216,162324,54110,1082164
2024-12,CUS-0270,757514,108216,162324,54110,1082164
2024-12,CUS-0271,757514,108216,162324,54110,1082164
2024-12,CUS-0272,757514,108216,162324,54110,1082164
2024-12,CUS-0273,757514,108216,162324,54110,1082164
2024-12,CUS-0274,757514,108216,162324,54110,1082164
2024-12,CUS-0275,757514,108216,162324,54110,1082164
2024-12,CUS-0276,757514,108216,162324,54110,1082164
2024-12,CUS-0277,757514,108216,162324,54110,1082164
2024-12,CUS-0278,757514,108216,162324,54110,1082164
2024-12,CUS-0279,757514,108216,162324,54110,1082164
2024-12,CUS-0280,757514,108216,162324,54110,1082164
2024-12,CUS-0281,757514,108216,162324,54110,1082164
2024-12,CUS-0282,757514,108216,162324,54110,1082164
2024-12,CUS-0283,757514,108216,162324,54110,1082164
2024-12,CUS-0284,757514,108216,162324,54110,1082164
2024-12,CUS-0285,757514,108216,162324,54110,1082164
2024-12,CUS-0286,757514,108216,162324,54110,1082164
2024-12,CUS-0287,757514,108216,162324,54110,1082164
2024-12,CUS-0288,757514,108216,162324,54110,1082164
2024-12,CUS-0289,757514,108216,162324,54110,1082164
2024-12,CUS-0290,757514,108216,162324,54110,1082164
2024-12,CUS-0291,757514,108216,162324,54110,1082164
2024-12,CUS-0292,757514,108216,162324,54110,1082164
2024-12,CUS-0293,757514,108216,162324,54110,1082164
2024-12,CUS-0294,757514,108216,162324,54110,1082164
2024-12,CUS-0295,757514,108216,162324,54110,1082164
2024-12,CUS-0296,757514,108216,162324,54110,1082164
2024-12,CUS-0297,757514,108216,162324,54110,1082164
2024-12,CUS-0298,757514,108216,162324,54110,1082164
2024-12,CUS-0299,757514,108216,162324,54110,1082164
2024-12,CUS-0300,757514,108216,162324,54110,1082164
2024-12,CUS-0301,757514,108216,162324,54110,1082164
2024-12,CUS-0302,757514,108216,162324,54110,1082164
2024-12,CUS-0303,757514,108216,162324,54110,1082164
2024-12,CUS-0304,757514,108216,162324,54110,1082164
2024-12,CUS-0305,757514,108216,162324,54110,1082164
2024-12,CUS-0306,757514,108216,162324,54110,1082164
2024-12,CUS-0307,757514,108216,162324,54110,1082164
2024-12,CUS-0308,757514,108216,162324,54110,1082164
2024-12,CUS-0309,757514,108216,162324,54110,1082164
2024-12,CUS-0310,757514,108216,162324,54110,1082164
2024-12,CUS-0311,757514,108216,162324,54109,1082163
2024-12,CUS-0312,757514,108216,162324,54109,1082163
2024-12,CUS-0313,757514,108216,162324,54109,1082163
2024-12,CUS-0314,757514,108216,162324,54109,1082163
2024-12,CUS-0315,757514,108216,162324,54109,1082163
2024-12,CUS-0316,757514,108216,162324,54109,1082163
2024-12,CUS-0317,757514,108216,162324,54109,1082163
2024-12,CUS-0318,757514,108216,162324,54109,1082163
2024-12,CUS-0319,757514,108216,162324,54109,1082163
2024-12,CUS-0320,757514,108216,162324,54109,1082163
2024-12,CUS-0321,757514,108216,162324,54109,1082163
2024-12,CUS-0322,757514,108216,162324,54109,1082163
2024-12,CUS-0323,757514,108216,162324,54109,1082163
2024-12,CUS-0324,757514,108216,162324,54109,1082163
2024-12,CUS-0325,757514,108216,162324,54109,1082163
2024-12,CUS-0326,757514,108216,162324,54109,1082163
2024-12,CUS-0327,757514,108216,162324,54109,1082163
2024-12,CUS-0328,757514,108216,162324,54109,1082163
2024-12,CUS-0329,757514,108216,162324,54109,1082163
2024-12,CUS-0330,757514,108216,162324,54109,1082163
2024-12,CUS-0331,757514,108216,162324,54109,1082163
2024-12,CUS-0332,757514,108216,162324,54109,1082163
2024-12,CUS-0333,757514,108216,162324,54109,1082163
2024-12,CUS-0334,757514,108216,162324,54109,1082163
2024-12,CUS-0335,757514,108216,162324,54109,1082163
2024-12,CUS-0336,757514,108216,162324,54109,1082163
2024-12,CUS-0337,757514,108216,162324,54109,1082163
2024-12,CUS-0338,757514,108216,162324,54109,1082163
2024-12,CUS-0339,757514,108216,162324,54109,1082163
2024-12,CUS-0340,757514,108216,162324,54109,1082163
2024-12,CUS-0341,757514,108216,162324,54109,1082163
2024-12,CUS-0342,757514,108216,162324,54109,1082163
2024-12,CUS-0343,757514,108216,162324,54109,1082163
2024-12,CUS-0344,757514,108216,162324,54109,1082163
2024-12,CUS-0345,757514,108216,162324,54109,1082163
2024-12,CUS-0346,757514,108216,162324,54109,1082163
2024-12,CUS-0347,757514,108216,162324,54109,1082163
2024-12,CUS-0348,757514,108216,162324,54109,1082163
2024-12,CUS-0349,757514,108216,162324,54109,1082163
2024-12,CUS-0350,757514,108216,162324,54109,1082163
2024-12,CUS-0351,757514,108216,162324,54109,1082163
2024-12,CUS-0352,757514,108216,162324,54109,1082163
2024-12,CUS-0353,757514,108216,162324,54109,1082163
2024-12,CUS-0354,757514,108216,162324,54109,1082163
2024-12,CUS-0355,757514,108216,162324,54109,1082163
2024-12,CUS-0356,757514,108216,162324,54109,1082163
2024-12,CUS-0357,757514,108216,162324,54109,1082163
2024-12,CUS-0358,757514,108216,162324,54109,1082163
2024-12,CUS-0359,757514,108216,162324,54109,1082163
2024-12,CUS-0360,757514,108216,162324,54109,1082163
2024-12,CUS-0361,757514,108216,162324,54109,1082163
2024-12,CUS-0362,757514,108216,162324,54109,1082163
2024-12,CUS-0363,757514,108216,162324,54109,1082163
2024-12,CUS-0364,757514,108216,162324,54109,1082163
2024-12,CUS-0365,757514,108216,162324,54109,1082163
2024-12,CUS-0366,757514,108216,162324,54109,1082163
2024-12,CUS-0367,757514,108216,162324,54109,1082163
2024-12,CUS-0368,757514,108216,162324,54109,1082163
2024-12,CUS-0369,757514,108216,162324,54109,1082163
2024-12,CUS-0370,757514,108216,162324,54109,1082163
2024-12,CUS-0371,757514,108216,162324,54109,1082163
2024-12,CUS-0372,757514,108216,162324,54109,1082163
2024-12,CUS-0373,757514,108216,162324,54109,1082163
2024-12,CUS-0374,757514,108216,162324,54109,1082163
2024-12,CUS-0375,757514,108216,162324,54109,1082163
2024-12,CUS-0376,757514,108216,162324,54109,1082163
2024-12,CUS-0377,757514,108216,162324,54109,1082163
2024-12,CUS-0378,757514,108216,162324,54109,1082163
2024-12,CUS-0379,757514,108216,162324,54109,1082163
2024-12,CUS-0380,757514,108216,162324,54109,1082163
2024-12,CUS-0381,757514,108216,162324,54109,1082163
2024-12,CUS-0382,757514,108216,162324,54109,1082163
2024-12,CUS-0383,757514,108216,162324,54109,1082163
2024-12,CUS-0384,757514,108216,162324,54109,1082163
2024-12,CUS-0385,757514,108216,162324,54109,1082163
2024-12,CUS-0386,757514,108216,162324,54109,1082163
2024-12,CUS-0387,757514,108216,162324,54109,1082163
2024-12,CUS-0388,757514,108216,162324,54109,1082163
2024-12,CUS-0389,757514,108216,162324,54109,1082163
2024-12,CUS-0390,757514,108216,162324,54109,1082163
2024-12,CUS-0391,757514,108216,162324,54109,1082163
2024-12,CUS-0392,757514,108216,162324,54109,1082163
2024-12,CUS-0393,757514,108216,162324,54109,1082163
2024-12,CUS-0394,757514,108216,162324,54109,1082163
2024-12,CUS-0395,757514,108216,162324,54109,1082163
2024-12,CUS-0396,757514,108216,162324,54109,1082163
2024-12,CUS-0397,757514,108216,162324,54109,1082163
2024-12,CUS-0398,757514,108216,162324,54109,1082163
2024-12,CUS-0399,757514,108216,162324,54109,1082163
2024-12,CUS-0400,757514,108216,162324,54109,1082163
2024-12,CUS-0401,757514,108216,162324,54109,1082163
2024-12,CUS-0402,757514,108216,162324,54109,1082163
2024-12,CUS-0403,757514,108216,162324,54109,1082163
2024-12,CUS-0404,757514,108216,162324,54109,1082163
2024-12,CUS-0405,757514,108216,162324,54109,1082163
2024-12,CUS-0406,757514,108216,162324,54109,1082163
2024-12,CUS-0407,757514,108216,162324,54109,1082163
2024-12,CUS-0408,757514,108216,162324,54109,1082163
2024-12,CUS-0409,757514,108216,162324,54109,1082163
2024-12,CUS-0410,757514,108216,162324,54109,1082163
2024-12,CUS-0411,757514,108216,162324,54109,1082163
2024-12,CUS-0412,757514,108216,162324,54109,1082163
2024-12,CUS-0413,757514,108216,162324,54109,1082163
2024-12,CUS-0414,757514,108216,162324,54109,1082163
2024-12,CUS-0415,757514,108216,162324,54109,1082163
2024-12,CUS-0416,757514,108216,162324,54109,1082163
2024-12,CUS-0417,757514,108216,162324,54109,1082163
2024-12,CUS-0418,757514,108216,162324,54109,1082163
2024-12,CUS-0419,757514,108216,162324,54109,1082163
2024-12,CUS-0420,757514,108216,162324,54109,1082163
2024-12,CUS-0421,757514,108216,162324,54109,1082163
2024-12,CUS-0422,757514,108216,162324,54109,1082163
2024-12,CUS-0423,757514,108216,162324,54109,1082163
2024-12,CUS-0424,757514,108216,162324,54109,1082163
2024-12,CUS-0425,757514,108216,162324,54109,1082163
2024-12,CUS-0426,757514,108216,162324,54109,1082163
2024-12,CUS-0427,757514,108216,162324,54109,1082163
2024-12,CUS-0428,757514,108216,162324,54109,1082163
2024-12,CUS-0429,757514,108216,162324,54109,1082163
2024-12,CUS-0430,757514,108216,162324,54109,1082163
2024-12,CUS-0431,757514,108216,162324,54109,1082163
2024-12,CUS-0432,757514,108216,162324,54109,1082163
2024-12,CUS-0433,757514,108216,162324,54109,1082163
2024-12,CUS-0434,757514,108216,162324,54109,1082163
2024-12,CUS-0435,757514,108216,162324,54109,1082163
2024-12,CUS-0436,757514,108216,162324,54109,1082163
2024-12,CUS-0437,757514,108216,162324,54109,1082163
2024-12,CUS-0438,757514,108216,162324,54109,1082163
2024-12,CUS-0439,757514,108216,162324,54109,1082163
2024-12,CUS-0440,757514,108216,162324,54109,1082163
2024-12,CUS-0441,757514,108216,162324,54109,1082163
2024-12,CUS-0442,757514,108216,162324,54109,1082163
2024-12,CUS-0443,757514,108216,162324,54109,1082163
2024-12,CUS-0444,757514,108216,162324,54109,1082163
2024-12,CUS-0445,757514,108216,162324,54109,1082163
2024-12,CUS-0446,757514,108216,162324,54109,1082163
2024-12,CUS-0447,757514,108216,162324,54109,1082163
2024-12,CUS-0448,757514,108216,162324,54109,1082163
2024-12,CUS-0449,757514,108216,162324,54109,1082163
2024-12,CUS-0450,757514,108216,162324,54109,1082163
2024-12,CUS-0451,757514,108216,162324,54109,1082163
2024-12,CUS-0452,757514,108216,162324,54109,1082163
2024-12,CUS-0453,757514,108216,162324,54109,1082163
2024-12,CUS-0454,757514,108216,162324,54109,1082163
2024-12,CUS-0455,757514,108216,162324,54109,1082163
2024-12,CUS-0456,757514,108216,162324,54109,1082163
2024-12,CUS-0457,757514,108216,162324,54109,1082163
2024-12,CUS-0458,757514,108216,162324,54109,1082163
2024-12,CUS-0459,757514,108216,162324,54109,1082163
2024-12,CUS-0460,757514,108216,162324,54109,1082163
2024-12,CUS-0461,757514,108216,162324,54109,1082163
2024-12,CUS-0462,757514,108216,162324,54109,1082163
2024-12,CUS-0463,757514,108216,162324,54109,1082163
2024-12,CUS-0464,757514,108216,162324,54109,1082163
2024-12,CUS-0465,757514,108216,162324,54109,1082163
2024-12,CUS-0466,757514,108216,162324,54109,1082163
2024-12,CUS-0467,757514,108216,162324,54109,1082163
2024-12,CUS-0468,757514,108216,162324,54109,1082163
2024-12,CUS-0469,757514,108216,162324,54109,1082163
2024-12,CUS-0470,757514,108216,162324,54109,1082163
2024-12,CUS-0471,757514,108216,162324,54109,1082163
2024-12,CUS-0472,757514,108216,162324,54109,1082163
2024-12,CUS-0473,757514,108216,162324,54109,1082163
2024-12,CUS-0474,757514,108216,162324,54109,1082163
2024-12,CUS-0475,757514,108216,162324,54109,1082163
2024-12,CUS-0476,757514,108216,162324,54109,1082163
2024-12,CUS-0477,757514,108216,162324,54109,1082163
2024-12,CUS-0478,757514,108216,162324,54109,1082163
2024-12,CUS-0479,757514,108216,162324,54109,1082163
2024-12,CUS-0480,757514,108216,162324,54109,1082163
2024-12,CUS-0481,757514,108216,162324,54109,1082163
2024-12,CUS-0482,757514,108216,162324,54109,1082163
2024-12,CUS-0483,757514,108216,162324,54109,1082163
2024-12,CUS-0484,757514,108216,162324,54109,1082163
2024-12,CUS-0485,757514,108216,162324,54109,1082163
2024-12,CUS-0486,757514,108216,162324,54109,1082163
2024-12,CUS-0487,757514,108216,162324,54109,1082163
2024-12,CUS-0488,757514,108216,162324,54109,1082163
2024-12,CUS-0489,757514,108216,162324,54109,1082163
2024-12,CUS-0490,757514,108216,162324,54109,1082163
2024-12,CUS-0491,757514,108216,162324,54109,1082163
2024-12,CUS-0492,757514,108216,162324,54109,1082163
2024-12,CUS-0493,757514,108216,162324,54109,1082163
2024-12,CUS-0494,757514,108216,162324,54109,1082163
2024-12,CUS-0495,757514,108216,162324,54109,1082163
2024-12,CUS-0496,757514,108216,162324,54109,1082163
2024-12,CUS-0497,757514,108216,162324,54109,1082163
2024-12,CUS-0498,757514,108216,162324,54109,1082163
2024-12,CUS-0499,757514,108216,162324,54109,1082163
2024-12,CUS-0500,757514,108216,162324,54109,1082163
2025-01,CUS-0001,175560000,25080000,37620000,12540000,250800000
2025-01,CUS-0002,767615,109659,164488,54831,1096593
2025-01,CUS-0003,767615,109659,164488,54831,1096593
2025-01,CUS-0004,767615,109659,164488,54831,1096593
2025-01,CUS-0005,767615,109659,164488,54831,1096593
2025-01,CUS-0006,767615,109659,164488,54831,1096593
2025-01,CUS-0007,767615,109659,164488,54831,1096593
2025-01,CUS-0008,767615,109659,164488,54831,1096593
2025-01,CUS-0009,767615,109659,164488,54831,1096593
2025-01,CUS-0010,767615,109659,164488,54831,1096593
2025-01,CUS-0011,767615,109659,164488,54831,1096593
2025-01,CUS-0012,767615,109659,164488,54831,1096593
2025-01,CUS-0013,767615,109659,164488,54831,1096593
2025-01,CUS-0014,767615,109659,164488,54831,1096593
2025-01,CUS-0015,767615,109659,164488,54831,1096593
2025-01,CUS-0016,767615,109659,164488,54831,1096593
2025-01,CUS-0017,767615,109659,164488,54831,1096593
2025-01,CUS-0018,767615,109659,164488,54831,1096593
2025-01,CUS-0019,767615,109659,164488,54831,1096593
2025-01,CUS-0020,767615,109659,164488,54831,1096593
2025-01,CUS-0021,767615,109659,164488,54831,1096593
2025-01,CUS-0022,767615,109659,164488,54831,1096593
2025-01,CUS-0023,767615,109659,164488,54831,1096593
2025-01,CUS-0024,767615,109659,164488,54831,1096593
2025-01,CUS-0025,767615,109659,164488,54831,1096593
2025-01,CUS-0026,767615,109659,164488,54831,1096593
2025-01,CUS-0027,767615,109659,164488,54831,1096593
2025-01,CUS-0028,767615,109659,164488,54831,1096593
2025-01,CUS-0029,767615,109659,164488,54831,1096593
2025-01,CUS-0030,767615,109659,164488,54831,1096593
2025-01,CUS-0031,767615,109659,164488,54831,1096593
2025-01,CUS-0032,767615,109659,164488,54831,1096593
2025-01,CUS-0033,767615,109659,164488,54831,1096593
2025-01,CUS-0034,767615,109659,164488,54831,1096593
2025-01,CUS-0035,767615,109659,164488,54831,1096593
2025-01,CUS-0036,767615,109659,164488,54831,1096593
2025-01,CUS-0037,767615,109659,164488,54831,1096593
2025-01,CUS-0038,767615,109659,164488,54831,1096593
2025-01,CUS-0039,767615,109659,164488,54831,1096593
2025-01,CUS-0040,767615,109659,164488,54831,1096593
2025-01,CUS-0041,767615,109659,164488,54831,1096593
2025-01,CUS-0042,767615,109659,164488,54831,1096593
2025-01,CUS-0043,767615,109659,164488,54831,1096593
2025-01,CUS-0044,767615,109659,164488,54831,1096593
2025-01,CUS-0045,767615,109659,164488,54831,1096593
2025-01,CUS-0046,767615,109659,164488,54831,1096593
2025-01,CUS-0047,767615,109659,164488,54831,1096593
2025-01,CUS-0048,767615,109659,164488,54831,1096593
2025-01,CUS-0049,767615,109659,164488,54831,1096593
2025-01,CUS-0050,767615,109659,164488,54831,1096593
2025-01,CUS-0051,767615,109659,164488,54831,1096593
2025-01,CUS-0052,767615,109659,164488,54831,1096593
2025-01,CUS-0053,767615,109659,164488,54831,1096593
2025-01,CUS-0054,767615,109659,164488,54831,1096593
2025-01,CUS-0055,767615,109659,164488,54831,1096593
2025-01,CUS-0056,767615,109659,164488,54831,1096593
2025-01,CUS-0057,767615,109659,164488,54831,1096593
2025-01,CUS-0058,767615,109659,164488,54831,1096593
2025-01,CUS-0059,767615,109659,164488,54831,1096593
2025-01,CUS-0060,767615,109659,164488,54831,1096593
2025-01,CUS-0061,767615,109659,164488,54831,1096593
2025-01,CUS-0062,767615,109659,164488,54831,1096593
2025-01,CUS-0063,767615,109659,164488,54831,1096593
2025-01,CUS-0064,767615,109659,164488,54831,1096593
2025-01,CUS-0065,767615,109659,164488,54831,1096593
2025-01,CUS-0066,767615,109659,164488,54831,1096593
2025-01,CUS-0067,767615,109659,164488,54831,1096593
2025-01,CUS-0068,767615,109659,164488,54831,1096593
2025-01,CUS-0069,767615,109659,164488,54831,1096593
2025-01,CUS-0070,767615,109659,164488,54831,1096593
2025-01,CUS-0071,767615,109659,164488,54831,1096593
2025-01,CUS-0072,767615,109659,164488,54831,1096593
2025-01,CUS-0073,767615,109659,164488,54831,1096593
2025-01,CUS-0074,767615,109659,164488,54831,1096593
2025-01,CUS-0075,767615,109659,164488,54831,1096593
2025-01,CUS-0076,767615,109659,164488,54831,1096593
2025-01,CUS-0077,767615,109659,164488,54831,1096593
2025-01,CUS-0078,767615,109659,164488,54831,1096593
2025-01,CUS-0079,767615,109659,164488,54831,1096593
2025-01,CUS-0080,767615,109659,164488,54831,1096593
2025-01,CUS-0081,767615,109659,164488,54831,1096593
2025-01,CUS-0082,767615,109659,164488,54831,1096593
2025-01,CUS-0083,767615,109659,164488,54831,1096593
2025-01,CUS-0084,767615,109659,164488,54831,1096593
2025-01,CUS-0085,767615,109659,164488,54831,1096593
2025-01,CUS-0086,767615,109659,164488,54831,1096593
2025-01,CUS-0087,767615,109659,164488,54831,1096593
2025-01,CUS-0088,767615,109659,164488,54831,1096593
2025-01,CUS-0089,767615,109659,164488,54831,1096593
2025-01,CUS-0090,767615,109659,164488,54831,1096593
2025-01,CUS-0091,767615,109659,164488,54831,1096593
2025-01,CUS-0092,767615,109659,164488,54831,1096593
2025-01,CUS-0093,767615,109659,164488,54831,1096593
2025-01,CUS-0094,767615,109659,164488,54831,1096593
2025-01,CUS-0095,767615,109659,164488,54831,1096593
2025-01,CUS-0096,767615,109659,164488,54831,1096593
2025-01,CUS-0097,767615,109659,164488,54831,1096593
2025-01,CUS-0098,767615,109659,164488,54831,1096593
2025-01,CUS-0099,767615,109659,164488,54831,1096593
2025-01,CUS-0100,767615,109659,164488,54831,1096593
2025-01,CUS-0101,767615,109659,164488,54831,1096593
2025-01,CUS-0102,767615,109659,164488,54831,1096593
2025-01,CUS-0103,767615,109659,164488,54831,1096593
2025-01,CUS-0104,767615,109659,164488,54831,1096593
2025-01,CUS-0105,767615,109659,164488,54831,1096593
2025-01,CUS-0106,767615,109659,164488,54831,1096593
2025-01,CUS-0107,767615,109659,164488,54831,1096593
2025-01,CUS-0108,767615,109659,164488,54831,1096593
2025-01,CUS-0109,767615,109659,164488,54831,1096593
2025-01,CUS-0110,767615,109659,164488,54831,1096593
2025-01,CUS-0111,767615,109659,164488,54831,1096593
2025-01,CUS-0112,767615,109659,164488,54831,1096593
2025-01,CUS-0113,767615,109659,164488,54831,1096593
2025-01,CUS-0114,767615,109659,164488,54831,1096593
2025-01,CUS-0115,767615,109659,164488,54831,1096593
2025-01,CUS-0116,767615,109659,164488,54831,1096593
2025-01,CUS-0117,767615,109659,164488,54831,1096593
2025-01,CUS-0118,767615,109659,164488,54831,1096593
2025-01,CUS-0119,767615,109659,164488,54831,1096593
2025-01,CUS-0120,767615,109659,164488,54831,1096593
2025-01,CUS-0121,767615,109659,164488,54831,1096593
2025-01,CUS-0122,767615,109659,164488,54831,1096593
2025-01,CUS-0123,767615,109659,164488,54831,1096593
2025-01,CUS-0124,767615,109659,164488,54831,1096593
2025-01,CUS-0125,767615,109659,164488,54831,1096593
2025-01,CUS-0126,767615,109659,164488,54831,1096593
2025-01,CUS-0127,767615,109659,164488,54831,1096593
2025-01,CUS-0128,767615,109659,164488,54831,1096593
2025-01,CUS-0129,767615,109659,164488,54831,1096593
2025-01,CUS-0130,767615,109659,164488,54831,1096593
2025-01,CUS-0131,767615,109659,164488,54831,1096593
2025-01,CUS-0132,767615,109659,164488,54831,1096593
2025-01,CUS-0133,767615,109659,164488,54831,1096593
2025-01,CUS-0134,767615,109659,164488,54831,1096593
2025-01,CUS-0135,767615,109659,164488,54831,1096593
2025-01,CUS-0136,767615,109659,164488,54831,1096593
2025-01,CUS-0137,767615,109659,164488,54831,1096593
2025-01,CUS-0138,767615,109659,164488,54831,1096593
2025-01,CUS-0139,767615,109659,164488,54831,1096593
2025-01,CUS-0140,767615,109659,164488,54831,1096593
2025-01,CUS-0141,767615,109659,164488,54831,1096593
2025-01,CUS-0142,767615,109659,164488,54831,1096593
2025-01,CUS-0143,767615,109659,164488,54831,1096593
2025-01,CUS-0144,767615,109659,164488,54831,1096593
2025-01,CUS-0145,767615,109659,164488,54831,1096593
2025-01,CUS-0146,767615,109659,164488,54831,1096593
2025-01,CUS-0147,767615,109659,164488,54831,1096593
2025-01,CUS-0148,767615,109659,164488,54831,1096593
2025-01,CUS-0149,767615,109659,164488,54831,1096593
2025-01,CUS-0150,767615,109659,164488,54831,1096593
2025-01,CUS-0151,767615,109659,164488,54831,1096593
2025-01,CUS-0152,767615,109659,164488,54831,1096593
2025-01,CUS-0153,767615,109659,164488,54831,1096593
2025-01,CUS-0154,767615,109659,164488,54831,1096593
2025-01,CUS-0155,767615,109659,164488,54831,1096593
2025-01,CUS-0156,767615,109659,164488,54831,1096593
2025-01,CUS-0157,767615,109659,164488,54831,1096593
2025-01,CUS-0158,767615,109659,164488,54831,1096593
2025-01,CUS-0159,767615,109659,164488,54831,1096593
2025-01,CUS-0160,767615,109659,164488,54831,1096593
2025-01,CUS-0161,767615,109659,164488,54831,1096593
2025-01,CUS-0162,767615,109659,164488,54831,1096593
2025-01,CUS-0163,767615,109659,164488,54831,1096593
2025-01,CUS-0164,767615,109659,164488,54831,1096593
2025-01,CUS-0165,767615,109659,164488,54831,1096593
2025-01,CUS-0166,767615,109659,164488,54831,1096593
2025-01,CUS-0167,767615,109659,164488,54831,1096593
2025-01,CUS-0168,767615,109659,164488,54831,1096593
2025-01,CUS-0169,767615,109659,164488,54831,1096593
2025-01,CUS-0170,767615,109659,164488,54831,1096593
2025-01,CUS-0171,767615,109659,164488,54831,1096593
2025-01,CUS-0172,767615,109659,164488,54831,1096593
2025-01,CUS-0173,767615,109659,164488,54831,1096593
2025-01,CUS-0174,767615,109659,164488,54831,1096593
2025-01,CUS-0175,767615,109659,164488,54831,1096593
2025-01,CUS-0176,767615,109659,164488,54831,1096593
2025-01,CUS-0177,767615,109659,164488,54831,1096593
2025-01,CUS-0178,767615,109659,164488,54831,1096593
2025-01,CUS-0179,767615,109659,164488,54831,1096593
2025-01,CUS-0180,767615,109659,164488,54831,1096593
2025-01,CUS-0181,767615,109659,164488,54831,1096593
2025-01,CUS-0182,767615,109659,164488,54831,1096593
2025-01,CUS-0183,767615,109659,164488,54831,1096593
2025-01,CUS-0184,767615,109659,164488,54831,1096593
2025-01,CUS-0185,767615,109659,164488,54831,1096593
2025-01,CUS-0186,767615,109659,164488,54831,1096593
2025-01,CUS-0187,767615,109659,164488,54831,1096593
2025-01,CUS-0188,767615,109659,164488,54831,1096593
2025-01,CUS-0189,767615,109659,164488,54831,1096593
2025-01,CUS-0190,767615,109659,164488,54831,1096593
2025-01,CUS-0191,767615,109659,164488,54831,1096593
2025-01,CUS-0192,767615,109659,164488,54831,1096593
2025-01,CUS-0193,767615,109659,164488,54831,1096593
2025-01,CUS-0194,767615,109659,164488,54831,1096593
2025-01,CUS-0195,767615,109659,164488,54831,1096593
2025-01,CUS-0196,767615,109659,164488,54831,1096593
2025-01,CUS-0197,767615,109659,164488,54831,1096593
2025-01,CUS-0198,767615,109659,164488,54831,1096593
2025-01,CUS-0199,767615,109659,164488,54831,1096593
2025-01,CUS-0200,767615,109659,164488,54831,1096593
2025-01,CUS-0201,767615,109659,164488,54831,1096593
2025-01,CUS-0202,767615,109659,164488,54831,1096593
2025-01,CUS-0203,767615,109659,164488,54831,1096593
2025-01,CUS-0204,767615,109659,164488,54831,1096593
2025-01,CUS-0205,767615,109659,164488,54831,1096593
2025-01,CUS-0206,767615,109659,164488,54831,1096593
2025-01,CUS-0207,767615,109659,164488,54831,1096593
2025-01,CUS-0208,767615,109659,164488,54831,1096593
2025-01,CUS-0209,767615,109659,164488,54831,1096593
2025-01,CUS-0210,767615,109659,164488,54831,1096593
2025-01,CUS-0211,767615,109659,164488,54831,1096593
2025-01,CUS-0212,767615,109659,164488,54831,1096593
2025-01,CUS-0213,767615,109659,164488,54831,1096593
2025-01,CUS-0214,767615,109659,164488,54831,1096593
2025-01,CUS-0215,767615,109659,164488,54831,1096593
2025-01,CUS-0216,767615,109659,164488,54831,1096593
2025-01,CUS-0217,767615,109659,164488,54831,1096593
2025-01,CUS-0218,767615,109659,164488,54831,1096593
2025-01,CUS-0219,767615,109659,164488,54831,1096593
2025-01,CUS-0220,767615,109659,164488,54831,1096593
2025-01,CUS-0221,767615,109659,164488,54831,1096593
2025-01,CUS-0222,767615,109659,164488,54831,1096593
2025-01,CUS-0223,767615,109659,164488,54831,1096593
2025-01,CUS-0224,767615,109659,164488,54831,1096593
2025-01,CUS-0225,767615,109659,164488,54831,1096593
2025-01,CUS-0226,767615,109659,164488,54831,1096593
2025-01,CUS-0227,767615,109659,164488,54831,1096593
2025-01,CUS-0228,767615,109659,164488,54831,1096593
2025-01,CUS-0229,767615,109659,164488,54831,1096593
2025-01,CUS-0230,767615,109659,164488,54831,1096593
2025-01,CUS-0231,767615,109659,164488,54831,1096593
2025-01,CUS-0232,767615,109659,164488,54831,1096593
2025-01,CUS-0233,767615,109659,164488,54831,1096593
2025-01,CUS-0234,767615,109659,164488,54831,1096593
2025-01,CUS-0235,767615,109659,164488,54831,1096593
2025-01,CUS-0236,767615,109659,164488,54831,1096593
2025-01,CUS-0237,767615,109659,164488,54831,1096593
2025-01,CUS-0238,767615,109659,164488,54831,1096593
2025-01,CUS-0239,767615,109659,164488,54831,1096593
2025-01,CUS-0240,767615,109659,164488,54831,1096593
2025-01,CUS-0241,767615,109659,164488,54831,1096593
2025-01,CUS-0242,767615,109659,164488,54831,1096593
2025-01,CUS-0243,767615,109659,164488,54831,1096593
2025-01,CUS-0244,767615,109659,164488,54831,1096593
2025-01,CUS-0245,767615,109659,164488,54831,1096593
2025-01,CUS-0246,767615,109659,164488,54831,1096593
2025-01,CUS-0247,767615,109659,164488,54831,1096593
2025-01,CUS-0248,767615,109659,164488,54831,1096593
2025-01,CUS-0249,767615,109659,164488,54831,1096593
2025-01,CUS-0250,767615,109659,164488,54831,1096593
2025-01,CUS-0251,767615,109659,164488,54831,1096593
2025-01,CUS-0252,767615,109659,164488,54831,1096593
2025-01,CUS-0253,767615,109659,164488,54831,1096593
2025-01,CUS-0254,767615,109659,164488,54831,1096593
2025-01,CUS-0255,767615,109659,164488,54831,1096593
2025-01,CUS-0256,767615,109659,164488,54831,1096593
2025-01,CUS-0257,767615,109659,164488,54831,1096593
2025-01,CUS-0258,767615,109659,164488,54831,1096593
2025-01,CUS-0259,767615,109659,164488,54831,1096593
2025-01,CUS-0260,767615,109659,164488,54831,1096593
2025-01,CUS-0261,767615,109659,164488,54831,1096593
2025-01,CUS-0262,767615,109659,164488,54831,1096593
2025-01,CUS-0263,767615,109659,164488,54831,1096593
2025-01,CUS-0264,767615,109659,164488,54831,1096593
2025-01,CUS-0265,767615,109659,164488,54831,1096593
2025-01,CUS-0266,767615,109659,164488,54831,1096593
2025-01,CUS-0267,767615,109659,164488,54831,1096593
2025-01,CUS-0268,767615,109659,164488,54831,1096593
2025-01,CUS-0269,767615,109659,164488,54831,1096593
2025-01,CUS-0270,767615,109659,164488,54831,1096593
2025-01,CUS-0271,767615,109659,164488,54831,1096593
2025-01,CUS-0272,767615,109659,164488,54831,1096593
2025-01,CUS-0273,767615,109659,164488,54831,1096593
2025-01,CUS-0274,767615,109659,164488,54831,1096593
2025-01,CUS-0275,767615,109659,164488,54831,1096593
2025-01,CUS-0276,767615,109659,164488,54831,1096593
2025-01,CUS-0277,767615,109659,164488,54831,1096593
2025-01,CUS-0278,767615,109659,164488,54831,1096593
2025-01,CUS-0279,767615,109659,164488,54831,1096593
2025-01,CUS-0280,767615,109659,164488,54831,1096593
2025-01,CUS-0281,767615,109659,164488,54831,1096593
2025-01,CUS-0282,767615,109659,164488,54831,1096593
2025-01,CUS-0283,767615,109659,164488,54831,1096593
2025-01,CUS-0284,767615,109659,164488,54831,1096593
2025-01,CUS-0285,767615,109659,164488,54831,1096593
2025-01,CUS-0286,767615,109659,164488,54831,1096593
2025-01,CUS-0287,767615,109659,164488,54831,1096593
2025-01,CUS-0288,767615,109659,164488,54831,1096593
2025-01,CUS-0289,767615,109659,164488,54831,1096593
2025-01,CUS-0290,767615,109659,164488,54831,1096593
2025-01,CUS-0291,767615,109659,164488,54831,1096593
2025-01,CUS-0292,767615,109659,164488,54831,1096593
2025-01,CUS-0293,767615,109659,164488,54831,1096593
2025-01,CUS-0294,767615,109659,164488,54831,1096593
2025-01,CUS-0295,767615,109659,164488,54831,1096593
2025-01,CUS-0296,767615,109659,164488,54831,1096593
2025-01,CUS-0297,767615,109659,164488,54831,1096593
2025-01,CUS-0298,767615,109659,164488,54831,1096593
2025-01,CUS-0299,767615,109659,164488,54831,1096593
2025-01,CUS-0300,767615,109659,164488,54831,1096593
2025-01,CUS-0301,767615,109659,164488,54831,1096593
2025-01,CUS-0302,767615,109659,164488,54831,1096593
2025-01,CUS-0303,767615,109659,164488,54831,1096593
2025-01,CUS-0304,767615,109659,164488,54831,1096593
2025-01,CUS-0305,767615,109659,164488,54831,1096593
2025-01,CUS-0306,767615,109659,164488,54831,1096593
2025-01,CUS-0307,767615,109659,164488,54831,1096593
2025-01,CUS-0308,767615,109659,164488,54831,1096593
2025-01,CUS-0309,767615,109659,164488,54831,1096593
2025-01,CUS-0310,767615,109659,164488,54831,1096593
2025-01,CUS-0311,767614,109659,164488,54831,1096592
2025-01,CUS-0312,767614,109659,164488,54831,1096592
2025-01,CUS-0313,767614,109659,164488,54831,1096592
2025-01,CUS-0314,767614,109659,164488,54831,1096592
2025-01,CUS-0315,767614,109659,164488,54831,1096592
2025-01,CUS-0316,767614,109659,164488,54831,1096592
2025-01,CUS-0317,767614,109659,164488,54831,1096592
2025-01,CUS-0318,767614,109659,164488,54831,1096592
2025-01,CUS-0319,767614,109659,164488,54831,1096592
2025-01,CUS-0320,767614,109659,164488,54831,1096592
2025-01,CUS-0321,767614,109659,164488,54831,1096592
2025-01,CUS-0322,767614,109659,164488,54831,1096592
2025-01,CUS-0323,767614,109659,164488,54831,1096592
2025-01,CUS-0324,767614,109659,164488,54831,1096592
2025-01,CUS-0325,767614,109659,164488,54831,1096592
2025-01,CUS-0326,767614,109659,164488,54831,1096592
2025-01,CUS-0327,767614,109659,164488,54831,1096592
2025-01,CUS-0328,767614,109659,164488,54831,1096592
2025-01,CUS-0329,767614,109659,164488,54831,1096592
2025-01,CUS-0330,767614,109659,164488,54831,1096592
2025-01,CUS-0331,767614,109659,164488,54831,1096592
2025-01,CUS-0332,767614,109659,164488,54831,1096592
2025-01,CUS-0333,767614,109659,164488,54831,1096592
2025-01,CUS-0334,767614,109659,164488,54831,1096592
2025-01,CUS-0335,767614,109659,164488,54831,1096592
2025-01,CUS-0336,767614,109659,164488,54831,1096592
2025-01,CUS-0337,767614,109659,164488,54831,1096592
2025-01,CUS-0338,767614,109659,164488,54831,1096592
2025-01,CUS-0339,767614,109659,164488,54831,1096592
2025-01,CUS-0340,767614,109659,164488,54831,1096592
2025-01,CUS-0341,767614,109659,164488,54831,1096592
2025-01,CUS-0342,767614,109659,164488,54831,1096592
2025-01,CUS-0343,767614,109659,164488,54831,1096592
2025-01,CUS-0344,767614,109659,164488,54831,1096592
2025-01,CUS-0345,767614,109659,164488,54831,1096592
2025-01,CUS-0346,767614,109659,164488,54831,1096592
2025-01,CUS-0347,767614,109659,164488,54831,1096592
2025-01,CUS-0348,767614,109659,164488,54831,1096592
2025-01,CUS-0349,767614,109659,164488,54831,1096592
2025-01,CUS-0350,767614,109659,164488,54831,1096592
2025-01,CUS-0351,767614,109659,164488,54831,1096592
2025-01,CUS-0352,767614,109659,164488,54831,1096592
2025-01,CUS-0353,767614,109659,164488,54831,1096592
2025-01,CUS-0354,767614,109659,164488,54831,1096592
2025-01,CUS-0355,767614,109659,164488,54831,1096592
2025-01,CUS-0356,767614,109659,164488,54831,1096592
2025-01,CUS-0357,767614,109659,164488,54831,1096592
2025-01,CUS-0358,767614,109659,164488,54831,1096592
2025-01,CUS-0359,767614,109659,164488,54831,1096592
2025-01,CUS-0360,767614,109659,164488,54831,1096592
2025-01,CUS-0361,767614,109659,164488,54831,1096592
2025-01,CUS-0362,767614,109659,164488,54831,1096592
2025-01,CUS-0363,767614,109659,164488,54831,1096592
2025-01,CUS-0364,767614,109659,164488,54831,1096592
2025-01,CUS-0365,767614,109659,164488,54831,1096592
2025-01,CUS-0366,767614,109659,164488,54831,1096592
2025-01,CUS-0367,767614,109659,164488,54831,1096592
2025-01,CUS-0368,767614,109659,164488,54831,1096592
2025-01,CUS-0369,767614,109659,164488,54831,1096592
2025-01,CUS-0370,767614,109659,164488,54831,1096592
2025-01,CUS-0371,767614,109659,164488,54831,1096592
2025-01,CUS-0372,767614,109659,164488,54831,1096592
2025-01,CUS-0373,767614,109659,164488,54831,1096592
2025-01,CUS-0374,767614,109659,164488,54831,1096592
2025-01,CUS-0375,767614,109659,164488,54831,1096592
2025-01,CUS-0376,767614,109659,164488,54831,1096592
2025-01,CUS-0377,767614,109659,164488,54831,1096592
2025-01,CUS-0378,767614,109659,164488,54831,1096592
2025-01,CUS-0379,767614,109659,164488,54831,1096592
2025-01,CUS-0380,767614,109659,164488,54831,1096592
2025-01,CUS-0381,767614,109659,164488,54831,1096592
2025-01,CUS-0382,767614,109659,164488,54831,1096592
2025-01,CUS-0383,767614,109659,164488,54831,1096592
2025-01,CUS-0384,767614,109659,164488,54831,1096592
2025-01,CUS-0385,767614,109659,164488,54831,1096592
2025-01,CUS-0386,767614,109659,164488,54831,1096592
2025-01,CUS-0387,767614,109659,164488,54831,1096592
2025-01,CUS-0388,767614,109659,164488,54831,1096592
2025-01,CUS-0389,767614,109659,164488,54831,1096592
2025-01,CUS-0390,767614,109659,164488,54831,1096592
2025-01,CUS-0391,767614,109659,164488,54831,1096592
2025-01,CUS-0392,767614,109659,164488,54831,1096592
2025-01,CUS-0393,767614,109659,164488,54831,1096592
2025-01,CUS-0394,767614,109659,164488,54831,1096592
2025-01,CUS-0395,767614,109659,164488,54831,1096592
2025-01,CUS-0396,767614,109659,164488,54831,1096592
2025-01,CUS-0397,767614,109659,164488,54831,1096592
2025-01,CUS-0398,767614,109659,164488,54831,1096592
2025-01,CUS-0399,767614,109659,164488,54831,1096592
2025-01,CUS-0400,767614,109659,164488,54831,1096592
2025-01,CUS-0401,767614,109659,164488,54831,1096592
2025-01,CUS-0402,767614,109659,164488,54831,1096592
2025-01,CUS-0403,767614,109659,164488,54831,1096592
2025-01,CUS-0404,767614,109659,164488,54831,1096592
2025-01,CUS-0405,767614,109659,164488,54831,1096592
2025-01,CUS-0406,767614,109659,164488,54831,1096592
2025-01,CUS-0407,767614,109659,164488,54831,1096592
2025-01,CUS-0408,767614,109659,164488,54831,1096592
2025-01,CUS-0409,767614,109659,164488,54831,1096592
2025-01,CUS-0410,767614,109659,164488,54831,1096592
2025-01,CUS-0411,767614,109659,164488,54831,1096592
2025-01,CUS-0412,767614,109659,164488,54831,1096592
2025-01,CUS-0413,767614,109659,164488,54831,1096592
2025-01,CUS-0414,767614,109659,164488,54831,1096592
2025-01,CUS-0415,767614,109659,164488,54831,1096592
2025-01,CUS-0416,767614,109659,164488,54831,1096592
2025-01,CUS-0417,767614,109659,164488,54831,1096592
2025-01,CUS-0418,767614,109659,164488,54831,1096592
2025-01,CUS-0419,767614,109659,164488,54831,1096592
2025-01,CUS-0420,767614,109659,164488,54831,1096592
2025-01,CUS-0421,767614,109659,164488,54831,1096592
2025-01,CUS-0422,767614,109659,164488,54831,1096592
2025-01,CUS-0423,767614,109659,164488,54831,1096592
2025-01,CUS-0424,767614,109659,164488,54831,1096592
2025-01,CUS-0425,767614,109659,164488,54831,1096592
2025-01,CUS-0426,767614,109659,164488,54831,1096592
2025-01,CUS-0427,767614,109659,164488,54831,1096592
2025-01,CUS-0428,767614,109659,164488,54831,1096592
2025-01,CUS-0429,767614,109659,164488,54831,1096592
2025-01,CUS-0430,767614,109659,164488,54831,1096592
2025-01,CUS-0431,767614,109659,164488,54831,1096592
2025-01,CUS-0432,767614,109659,164488,54831,1096592
2025-01,CUS-0433,767614,109659,164488,54831,1096592
2025-01,CUS-0434,767614,109659,164488,54831,1096592
2025-01,CUS-0435,767614,109659,164488,54831,1096592
2025-01,CUS-0436,767614,109659,164488,54831,1096592
2025-01,CUS-0437,767614,109659,164488,54831,1096592
2025-01,CUS-0438,767614,109659,164488,54831,1096592
2025-01,CUS-0439,767614,109659,164488,54831,1096592
2025-01,CUS-0440,767614,109659,164488,54831,1096592
2025-01,CUS-0441,767614,109659,164488,54831,1096592
2025-01,CUS-0442,767614,109659,164488,54831,1096592
2025-01,CUS-0443,767614,109659,164488,54831,1096592
2025-01,CUS-0444,767614,109659,164488,54831,1096592
2025-01,CUS-0445,767614,109659,164488,54831,1096592
2025-01,CUS-0446,767614,109659,164488,54831,1096592
2025-01,CUS-0447,767614,109659,164488,54831,1096592
2025-01,CUS-0448,767614,109659,164488,54831,1096592
2025-01,CUS-0449,767614,109659,164488,54831,1096592
2025-01,CUS-0450,767614,109659,164488,54831,1096592
2025-01,CUS-0451,767614,109659,164488,54831,1096592
2025-01,CUS-0452,767614,109659,164488,54831,1096592
2025-01,CUS-0453,767614,109659,164488,54831,1096592
2025-01,CUS-0454,767614,109659,164488,54831,1096592
2025-01,CUS-0455,767614,109659,164488,54831,1096592
2025-01,CUS-0456,767614,109659,164488,54831,1096592
2025-01,CUS-0457,767614,109659,164488,54831,1096592
2025-01,CUS-0458,767614,109659,164488,54831,1096592
2025-01,CUS-0459,767614,109659,164488,54831,1096592
2025-01,CUS-0460,767614,109659,164488,54831,1096592
2025-01,CUS-0461,767614,109659,164488,54831,1096592
2025-01,CUS-0462,767614,109659,164488,54831,1096592
2025-01,CUS-0463,767614,109659,164488,54831,1096592
2025-01,CUS-0464,767614,109659,164488,54831,1096592
2025-01,CUS-0465,767614,109659,164488,54831,1096592
2025-01,CUS-0466,767614,109659,164488,54831,1096592
2025-01,CUS-0467,767614,109659,164488,54831,1096592
2025-01,CUS-0468,767614,109659,164488,54831,1096592
2025-01,CUS-0469,767614,109659,164488,54831,1096592
2025-01,CUS-0470,767614,109659,164488,54831,1096592
2025-01,CUS-0471,767614,109659,164488,54831,1096592
2025-01,CUS-0472,767614,109659,164488,54831,1096592
2025-01,CUS-0473,767614,109659,164488,54831,1096592
2025-01,CUS-0474,767614,109659,164488,54831,1096592
2025-01,CUS-0475,767614,109659,164488,54831,1096592
2025-01,CUS-0476,767614,109659,164488,54831,1096592
2025-01,CUS-0477,767614,109659,164488,54831,1096592
2025-01,CUS-0478,767614,109659,164488,54831,1096592
2025-01,CUS-0479,767614,109659,164488,54831,1096592
2025-01,CUS-0480,767614,109659,164488,54831,1096592
2025-01,CUS-0481,767614,109659,164488,54831,1096592
2025-01,CUS-0482,767614,109659,164488,54831,1096592
2025-01,CUS-0483,767614,109659,164488,54831,1096592
2025-01,CUS-0484,767614,109659,164488,54831,1096592
2025-01,CUS-0485,767614,109659,164488,54831,1096592
2025-01,CUS-0486,767614,109659,164488,54831,1096592
2025-01,CUS-0487,767614,109659,164488,54831,1096592
2025-01,CUS-0488,767614,109659,164488,54831,1096592
2025-01,CUS-0489,767614,109659,164488,54831,1096592
2025-01,CUS-0490,767614,109659,164488,54831,1096592
2025-01,CUS-0491,767614,109659,164488,54831,1096592
2025-01,CUS-0492,767614,109659,164488,54831,1096592
2025-01,CUS-0493,767614,109659,164488,54831,1096592
2025-01,CUS-0494,767614,109659,164488,54831,1096592
2025-01,CUS-0495,767614,109659,164488,54831,1096592
2025-01,CUS-0496,767614,109659,164488,54831,1096592
2025-01,CUS-0497,767614,109659,164488,54831,1096592
2025-01,CUS-0498,767614,109659,164488,54831,1096592
2025-01,CUS-0499,767614,109659,164488,54831,1096592
2025-01,CUS-0500,767614,109659,164488,54831,1096592
2025-02,CUS-0001,177870000,25410000,38115000,12705000,254100000
2025-02,CUS-0002,777714,111102,166653,55552,1111021
2025-02,CUS-0003,777714,111102,166653,55552,1111021
2025-02,CUS-0004,777714,111102,166653,55552,1111021
2025-02,CUS-0005,777714,111102,166653,55552,1111021
2025-02,CUS-0006,777714,111102,166653,55552,1111021
2025-02,CUS-0007,777714,111102,166653,55552,1111021
2025-02,CUS-0008,777714,111102,166653,55552,1111021
2025-02,CUS-0009,777714,111102,166653,55552,1111021
2025-02,CUS-0010,777714,111102,166653,55552,1111021
2025-02,CUS-0011,777714,111102,166653,55552,1111021
2025-02,CUS-0012,777714,111102,166653,55552,1111021
2025-02,CUS-0013,777714,111102,166653,55552,1111021
2025-02,CUS-0014,777714,111102,166653,55552,1111021
2025-02,CUS-0015,777714,111102,166653,55552,1111021
2025-02,CUS-0016,777714,111102,166653,55552,1111021
2025-02,CUS-0017,777714,111102,166653,55552,1111021
2025-02,CUS-0018,777714,111102,166653,55552,1111021
2025-02,CUS-0019,777714,111102,166653,55552,1111021
2025-02,CUS-0020,777714,111102,166653,55552,1111021
2025-02,CUS-0021,777714,111102,166653,55552,1111021
2025-02,CUS-0022,777714,111102,166653,55552,1111021
2025-02,CUS-0023,777714,111102,166653,55552,1111021
2025-02,CUS-0024,777714,111102,166653,55552,1111021
2025-02,CUS-0025,777714,111102,166653,55552,1111021
2025-02,CUS-0026,777714,111102,166653,55552,1111021
2025-02,CUS-0027,777714,111102,166653,55552,1111021
2025-02,CUS-0028,777714,111102,166653,55552,1111021
2025-02,CUS-0029,777714,111102,166653,55552,1111021
2025-02,CUS-0030,777714,111102,166653,55552,1111021
2025-02,CUS-0031,777714,111102,166653,55552,1111021
2025-02,CUS-0032,777714,111102,166653,55552,1111021
2025-02,CUS-0033,777714,111102,166653,55552,1111021
2025-02,CUS-0034,777714,111102,166653,55552,1111021
2025-02,CUS-0035,777714,111102,166653,55552,1111021
2025-02,CUS-0036,777714,111102,166653,55552,1111021
2025-02,CUS-0037,777714,111102,166653,55552,1111021
2025-02,CUS-0038,777714,111102,166653,55552,1111021
2025-02,CUS-0039,777714,111102,166653,55552,1111021
2025-02,CUS-0040,777714,111102,166653,55552,1111021
2025-02,CUS-0041,777714,111102,166653,55552,1111021
2025-02,CUS-0042,777714,111102,166653,55552,1111021
2025-02,CUS-0043,777714,111102,166653,55552,1111021
2025-02,CUS-0044,777714,111102,166653,55552,1111021
2025-02,CUS-0045,777714,111102,166653,55552,1111021
2025-02,CUS-0046,777714,111102,166653,55552,1111021
2025-02,CUS-0047,777714,111102,166653,55552,1111021
2025-02,CUS-0048,777714,111102,166653,55552,1111021
2025-02,CUS-0049,777714,111102,166653,55552,1111021
2025-02,CUS-0050,777714,111102,166653,55552,1111021
2025-02,CUS-0051,777714,111102,166653,55552,1111021
2025-02,CUS-0052,777714,111102,166653,55552,1111021
2025-02,CUS-0053,777714,111102,166653,55552,1111021
2025-02,CUS-0054,777714,111102,166653,55552,1111021
2025-02,CUS-0055,777714,111102,166653,55552,1111021
2025-02,CUS-0056,777714,111102,166653,55552,1111021
2025-02,CUS-0057,777714,111102,166653,55552,1111021
2025-02,CUS-0058,777714,111102,166653,55552,1111021
2025-02,CUS-0059,777714,111102,166653,55552,1111021
2025-02,CUS-0060,777714,111102,166653,55552,1111021
2025-02,CUS-0061,777714,111102,166653,55552,1111021
2025-02,CUS-0062,777714,111102,166653,55552,1111021
2025-02,CUS-0063,777714,111102,166653,55552,1111021
2025-02,CUS-0064,777714,111102,166653,55552,1111021
2025-02,CUS-0065,777714,111102,166653,55552,1111021
2025-02,CUS-0066,777714,111102,166653,55552,1111021
2025-02,CUS-0067,777714,111102,166653,55552,1111021
2025-02,CUS-0068,777714,111102,166653,55552,1111021
2025-02,CUS-0069,777714,111102,166653,55552,1111021
2025-02,CUS-0070,777714,111102,166653,55552,1111021
2025-02,CUS-0071,777714,111102,166653,55552,1111021
2025-02,CUS-0072,777714,111102,166653,55552,1111021
2025-02,CUS-0073,777714,111102,166653,55552,1111021
2025-02,CUS-0074,777714,111102,166653,55552,1111021
2025-02,CUS-0075,777714,111102,166653,55552,1111021
2025-02,CUS-0076,777714,111102,166653,55552,1111021
2025-02,CUS-0077,777714,111102,166653,55552,1111021
2025-02,CUS-0078,777714,111102,166653,55552,1111021
2025-02,CUS-0079,777714,111102,166653,55552,1111021
2025-02,CUS-0080,777714,111102,166653,55552,1111021
2025-02,CUS-0081,777714,111102,166653,55552,1111021
2025-02,CUS-0082,777714,111102,166653,55552,1111021
2025-02,CUS-0083,777714,111102,166653,55552,1111021
2025-02,CUS-0084,777714,111102,166653,55552,1111021
2025-02,CUS-0085,777714,111102,166653,55552,1111021
2025-02,CUS-0086,777714,111102,166653,55552,1111021
2025-02,CUS-0087,777714,111102,166653,55552,1111021
2025-02,CUS-0088,777714,111102,166653,55552,1111021
2025-02,CUS-0089,777714,111102,166653,55552,1111021
2025-02,CUS-0090,777714,111102,166653,55552,1111021
2025-02,CUS-0091,777714,111102,166653,55552,1111021
2025-02,CUS-0092,777714,111102,166653,55552,1111021
2025-02,CUS-0093,777714,111102,166653,55552,1111021
2025-02,CUS-0094,777714,111102,166653,55552,1111021
2025-02,CUS-0095,777714,111102,166653,55552,1111021
2025-02,CUS-0096,777714,111102,166653,55552,1111021
2025-02,CUS-0097,777714,111102,166653,55552,1111021
2025-02,CUS-0098,777714,111102,166653,55552,1111021
2025-02,CUS-0099,777714,111102,166653,55552,1111021
2025-02,CUS-0100,777714,111102,166653,55552,1111021
2025-02,CUS-0101,777714,111102,166653,55552,1111021
2025-02,CUS-0102,777714,111102,166653,55552,1111021
2025-02,CUS-0103,777714,111102,166653,55552,1111021
2025-02,CUS-0104,777714,111102,166653,55552,1111021
2025-02,CUS-0105,777714,111102,166653,55552,1111021
2025-02,CUS-0106,777714,111102,166653,55552,1111021
2025-02,CUS-0107,777714,111102,166653,55552,1111021
2025-02,CUS-0108,777714,111102,166653,55552,1111021
2025-02,CUS-0109,777714,111102,166653,55552,1111021
2025-02,CUS-0110,777714,111102,166653,55552,1111021
2025-02,CUS-0111,777714,111102,166653,55552,1111021
2025-02,CUS-0112,777714,111102,166653,55552,1111021
2025-02,CUS-0113,777714,111102,166653,55552,1111021
2025-02,CUS-0114,777714,111102,166653,55552,1111021
2025-02,CUS-0115,777714,111102,166653,55552,1111021
2025-02,CUS-0116,777714,111102,166653,55552,1111021
2025-02,CUS-0117,777714,111102,166653,55552,1111021
2025-02,CUS-0118,777714,111102,166653,55552,1111021
2025-02,CUS-0119,777714,111102,166653,55552,1111021
2025-02,CUS-0120,777714,111102,166653,55552,1111021
2025-02,CUS-0121,777714,111102,166653,55552,1111021
2025-02,CUS-0122,777714,111102,166653,55552,1111021
2025-02,CUS-0123,777714,111102,166653,55552,1111021
2025-02,CUS-0124,777714,111102,166653,55552,1111021
2025-02,CUS-0125,777714,111102,166653,55552,1111021
2025-02,CUS-0126,777714,111102,166653,55552,1111021
2025-02,CUS-0127,777714,111102,166653,55552,1111021
2025-02,CUS-0128,777714,111102,166653,55552,1111021
2025-02,CUS-0129,777714,111102,166653,55552,1111021
2025-02,CUS-0130,777714,111102,166653,55552,1111021
2025-02,CUS-0131,777714,111102,166653,55552,1111021
2025-02,CUS-0132,777714,111102,166653,55552,1111021
2025-02,CUS-0133,777714,111102,166653,55552,1111021
2025-02,CUS-0134,777714,111102,166653,55552,1111021
2025-02,CUS-0135,777714,111102,166653,55552,1111021
2025-02,CUS-0136,777714,111102,166653,55552,1111021
2025-02,CUS-0137,777714,111102,166653,55552,1111021
2025-02,CUS-0138,777714,111102,166653,55552,1111021
2025-02,CUS-0139,777714,111102,166653,55552,1111021
2025-02,CUS-0140,777714,111102,166653,55552,1111021
2025-02,CUS-0141,777714,111102,166653,55552,1111021
2025-02,CUS-0142,777714,111102,166653,55552,1111021
2025-02,CUS-0143,777714,111102,166653,55552,1111021
2025-02,CUS-0144,777714,111102,166653,55552,1111021
2025-02,CUS-0145,777714,111102,166653,55552,1111021
2025-02,CUS-0146,777714,111102,166653,55552,1111021
2025-02,CUS-0147,777714,111102,166653,55552,1111021
2025-02,CUS-0148,777714,111102,166653,55552,1111021
2025-02,CUS-0149,777714,111102,166653,55552,1111021
2025-02,CUS-0150,777714,111102,166653,55552,1111021
2025-02,CUS-0151,777714,111102,166653,55552,1111021
2025-02,CUS-0152,777714,111102,166653,55552,1111021
2025-02,CUS-0153,777714,111102,166653,55552,1111021
2025-02,CUS-0154,777714,111102,166653,55552,1111021
2025-02,CUS-0155,777714,111102,166653,55552,1111021
2025-02,CUS-0156,777714,111102,166653,55552,1111021
2025-02,CUS-0157,777714,111102,166653,55552,1111021
2025-02,CUS-0158,777714,111102,166653,55552,1111021
2025-02,CUS-0159,777714,111102,166653,55552,1111021
2025-02,CUS-0160,777714,111102,166653,55552,1111021
2025-02,CUS-0161,777714,111102,166653,55552,1111021
2025-02,CUS-0162,777714,111102,166653,55552,1111021
2025-02,CUS-0163,777714,111102,166653,55552,1111021
2025-02,CUS-0164,777714,111102,166653,55552,1111021
2025-02,CUS-0165,777714,111102,166653,55552,1111021
2025-02,CUS-0166,777714,111102,166653,55552,1111021
2025-02,CUS-0167,777714,111102,166653,55552,1111021
2025-02,CUS-0168,777714,111102,166653,55552,1111021
2025-02,CUS-0169,777714,111102,166653,55552,1111021
2025-02,CUS-0170,777714,111102,166653,55552,1111021
2025-02,CUS-0171,777714,111102,166653,55552,1111021
2025-02,CUS-0172,777714,111102,166653,55552,1111021
2025-02,CUS-0173,777714,111102,166653,55552,1111021
2025-02,CUS-0174,777714,111102,166653,55552,1111021
2025-02,CUS-0175,777714,111102,166653,55552,1111021
2025-02,CUS-0176,777714,111102,166653,55552,1111021
2025-02,CUS-0177,777714,111102,166653,55552,1111021
2025-02,CUS-0178,777714,111102,166653,55552,1111021
2025-02,CUS-0179,777714,111102,166653,55552,1111021
2025-02,CUS-0180,777714,111102,166653,55552,1111021
2025-02,CUS-0181,777714,111102,166653,55552,1111021
2025-02,CUS-0182,777714,111102,166653,55552,1111021
2025-02,CUS-0183,777714,111102,166653,55552,1111021
2025-02,CUS-0184,777714,111102,166653,55552,1111021
2025-02,CUS-0185,777714,111102,166653,55552,1111021
2025-02,CUS-0186,777714,111102,166653,55552,1111021
2025-02,CUS-0187,777714,111102,166653,55552,1111021
2025-02,CUS-0188,777714,111102,166653,55552,1111021
2025-02,CUS-0189,777714,111102,166653,55552,1111021
2025-02,CUS-0190,777714,111102,166653,55552,1111021
2025-02,CUS-0191,777714,111102,166653,55552,1111021
2025-02,CUS-0192,777714,111102,166653,55552,1111021
2025-02,CUS-0193,777714,111102,166653,55552,1111021
2025-02,CUS-0194,777714,111102,166653,55552,1111021
2025-02,CUS-0195,777714,111102,166653,55552,1111021
2025-02,CUS-0196,777714,111102,166653,55552,1111021
2025-02,CUS-0197,777714,111102,166653,55552,1111021
2025-02,CUS-0198,777714,111102,166653,55552,1111021
2025-02,CUS-0199,777714,111102,166653,55552,1111021
2025-02,CUS-0200,777714,111102,166653,55552,1111021
2025-02,CUS-0201,777714,111102,166653,55552,1111021
2025-02,CUS-0202,777714,111102,166653,55552,1111021
2025-02,CUS-0203,777714,111102,166653,55552,1111021
2025-02,CUS-0204,777714,111102,166653,55552,1111021
2025-02,CUS-0205,777714,111102,166653,55552,1111021
2025-02,CUS-0206,777714,111102,166653,55552,1111021
2025-02,CUS-0207,777714,111102,166653,55552,1111021
2025-02,CUS-0208,777714,111102,166653,55552,1111021
2025-02,CUS-0209,777714,111102,166653,55552,1111021
2025-02,CUS-0210,777714,111102,166653,55552,1111021
2025-02,CUS-0211,777714,111102,166653,55552,1111021
2025-02,CUS-0212,777714,111102,166653,55552,1111021
2025-02,CUS-0213,777714,111102,166653,55552,1111021
2025-02,CUS-0214,777714,111102,166653,55552,1111021
2025-02,CUS-0215,777714,111102,166653,55552,1111021
2025-02,CUS-0216,777714,111102,166653,55552,1111021
2025-02,CUS-0217,777714,111102,166653,55552,1111021
2025-02,CUS-0218,777714,111102,166653,55552,1111021
2025-02,CUS-0219,777714,111102,166653,55552,1111021
2025-02,CUS-0220,777714,111102,166653,55552,1111021
2025-02,CUS-0221,777714,111102,166653,55552,1111021
2025-02,CUS-0222,777714,111102,166653,55552,1111021
2025-02,CUS-0223,777714,111102,166653,55552,1111021
2025-02,CUS-0224,777714,111102,166653,55552,1111021
2025-02,CUS-0225,777714,111102,166653,55552,1111021
2025-02,CUS-0226,777714,111102,166653,55552,1111021
2025-02,CUS-0227,777714,111102,166653,55552,1111021
2025-02,CUS-0228,777714,111102,166653,55552,1111021
2025-02,CUS-0229,777714,111102,166653,55552,1111021
2025-02,CUS-0230,777714,111102,166653,55552,1111021
2025-02,CUS-0231,777714,111102,166653,55552,1111021
2025-02,CUS-0232,777714,111102,166653,55552,1111021
2025-02,CUS-0233,777714,111102,166653,55552,1111021
2025-02,CUS-0234,777714,111102,166653,55552,1111021
2025-02,CUS-0235,777714,111102,166653,55552,1111021
2025-02,CUS-0236,777714,111102,166653,55552,1111021
2025-02,CUS-0237,777714,111102,166653,55552,1111021
2025-02,CUS-0238,777714,111102,166653,55552,1111021
2025-02,CUS-0239,777714,111102,166653,55552,1111021
2025-02,CUS-0240,777714,111102,166653,55552,1111021
2025-02,CUS-0241,777714,111102,166653,55552,1111021
2025-02,CUS-0242,777714,111102,166653,55552,1111021
2025-02,CUS-0243,777714,111102,166653,55552,1111021
2025-02,CUS-0244,777714,111102,166653,55552,1111021
2025-02,CUS-0245,777714,111102,166653,55552,1111021
2025-02,CUS-0246,777714,111102,166653,55552,1111021
2025-02,CUS-0247,777714,111102,166653,55552,1111021
2025-02,CUS-0248,777714,111102,166653,55552,1111021
2025-02,CUS-0249,777714,111102,166653,55552,1111021
2025-02,CUS-0250,777714,111102,166653,55552,1111021
2025-02,CUS-0251,777714,111102,166653,55552,1111021
2025-02,CUS-0252,777714,111102,166653,55552,1111021
2025-02,CUS-0253,777714,111102,166653,55552,1111021
2025-02,CUS-0254,777714,111102,166653,55552,1111021
2025-02,CUS-0255,777714,111102,166653,55552,1111021
2025-02,CUS-0256,777714,111102,166653,55552,1111021
2025-02,CUS-0257,777714,111102,166653,55552,1111021
2025-02,CUS-0258,777714,111102,166653,55552,1111021
2025-02,CUS-0259,777714,111102,166653,55552,1111021
2025-02,CUS-0260,777714,111102,166653,55552,1111021
2025-02,CUS-0261,777714,111102,166653,55552,1111021
2025-02,CUS-0262,777714,111102,166653,55552,1111021
2025-02,CUS-0263,777714,111102,166653,55552,1111021
2025-02,CUS-0264,777714,111102,166653,55552,1111021
2025-02,CUS-0265,777714,111102,166653,55552,1111021
2025-02,CUS-0266,777714,111102,166653,55552,1111021
2025-02,CUS-0267,777714,111102,166653,55552,1111021
2025-02,CUS-0268,777714,111102,166653,55552,1111021
2025-02,CUS-0269,777714,111102,166653,55552,1111021
2025-02,CUS-0270,777714,111102,166653,55552,1111021
2025-02,CUS-0271,777714,111102,166653,55552,1111021
2025-02,CUS-0272,777714,111102,166653,55552,1111021
2025-02,CUS-0273,777714,111102,166653,55552,1111021
2025-02,CUS-0274,777714,111102,166653,55552,1111021
2025-02,CUS-0275,777714,111102,166653,55552,1111021
2025-02,CUS-0276,777714,111102,166653,55552,1111021
2025-02,CUS-0277,777714,111102,166653,55552,1111021
2025-02,CUS-0278,777714,111102,166653,55552,1111021
2025-02,CUS-0279,777714,111102,166653,55552,1111021
2025-02,CUS-0280,777714,111102,166653,55552,1111021
2025-02,CUS-0281,777714,111102,166653,55552,1111021
2025-02,CUS-0282,777714,111102,166653,55552,1111021
2025-02,CUS-0283,777714,111102,166653,55552,1111021
2025-02,CUS-0284,777714,111102,166653,55552,1111021
2025-02,CUS-0285,777714,111102,166653,55552,1111021
2025-02,CUS-0286,777714,111102,166653,55552,1111021
2025-02,CUS-0287,777714,111102,166653,55552,1111021
2025-02,CUS-0288,777714,111102,166653,55552,1111021
2025-02,CUS-0289,777714,111102,166653,55552,1111021
2025-02,CUS-0290,777714,111102,166653,55552,1111021
2025-02,CUS-0291,777714,111102,166653,55552,1111021
2025-02,CUS-0292,777714,111102,166653,55552,1111021
2025-02,CUS-0293,777714,111102,166653,55552,1111021
2025-02,CUS-0294,777714,111102,166653,55552,1111021
2025-02,CUS-0295,777714,111102,166653,55552,1111021
2025-02,CUS-0296,777714,111102,166653,55552,1111021
2025-02,CUS-0297,777714,111102,166653,55552,1111021
2025-02,CUS-0298,777714,111102,166653,55552,1111021
2025-02,CUS-0299,777714,111102,166653,55552,1111021
2025-02,CUS-0300,777714,111102,166653,55552,1111021
2025-02,CUS-0301,777714,111102,166653,55552,1111021
2025-02,CUS-0302,777714,111102,166653,55552,1111021
2025-02,CUS-0303,777714,111102,166653,55552,1111021
2025-02,CUS-0304,777714,111102,166653,55552,1111021
2025-02,CUS-0305,777714,111102,166653,55552,1111021
2025-02,CUS-0306,777714,111102,166653,55552,1111021
2025-02,CUS-0307,777714,111102,166653,55552,1111021
2025-02,CUS-0308,777714,111102,166653,55552,1111021
2025-02,CUS-0309,777714,111102,166653,55552,1111021
2025-02,CUS-0310,777714,111102,166653,55552,1111021
2025-02,CUS-0311,777714,111102,166653,55552,1111021
2025-02,CUS-0312,777714,111102,166653,55552,1111021
2025-02,CUS-0313,777714,111102,166653,55552,1111021
2025-02,CUS-0314,777714,111102,166653,55552,1111021
2025-02,CUS-0315,777714,111102,166653,55552,1111021
2025-02,CUS-0316,777714,111102,166653,55552,1111021
2025-02,CUS-0317,777714,111102,166653,55552,1111021
2025-02,CUS-0318,777714,111102,166653,55552,1111021
2025-02,CUS-0319,777714,111102,166653,55552,1111021
2025-02,CUS-0320,777714,111102,166653,55552,1111021
2025-02,CUS-0321,777714,111102,166653,55552,1111021
2025-02,CUS-0322,777714,111102,166653,55552,1111021
2025-02,CUS-0323,777714,111102,166653,55552,1111021
2025-02,CUS-0324,777714,111102,166653,55552,1111021
2025-02,CUS-0325,777714,111102,166653,55552,1111021
2025-02,CUS-0326,777714,111102,166653,55552,1111021
2025-02,CUS-0327,777714,111102,166653,55552,1111021
2025-02,CUS-0328,777714,111102,166653,55552,1111021
2025-02,CUS-0329,777714,111102,166653,55552,1111021
2025-02,CUS-0330,777714,111102,166653,55552,1111021
2025-02,CUS-0331,777714,111102,166653,55552,1111021
2025-02,CUS-0332,777714,111102,166653,55552,1111021
2025-02,CUS-0333,777714,111102,166653,55552,1111021
2025-02,CUS-0334,777714,111102,166653,55552,1111021
2025-02,CUS-0335,777714,111102,166653,55552,1111021
2025-02,CUS-0336,777714,111102,166653,55552,1111021
2025-02,CUS-0337,777714,111102,166653,55552,1111021
2025-02,CUS-0338,777714,111102,166653,55552,1111021
2025-02,CUS-0339,777714,111102,166653,55552,1111021
2025-02,CUS-0340,777714,111102,166653,55552,1111021
2025-02,CUS-0341,777714,111102,166653,55552,1111021
2025-02,CUS-0342,777714,111102,166653,55552,1111021
2025-02,CUS-0343,777714,111102,166653,55552,1111021
2025-02,CUS-0344,777714,111102,166653,55552,1111021
2025-02,CUS-0345,777714,111102,166653,55552,1111021
2025-02,CUS-0346,777714,111102,166653,55552,1111021
2025-02,CUS-0347,777714,111102,166653,55552,1111021
2025-02,CUS-0348,777714,111102,166653,55552,1111021
2025-02,CUS-0349,777714,111102,166653,55552,1111021
2025-02,CUS-0350,777714,111102,166653,55552,1111021
2025-02,CUS-0351,777714,111102,166653,55552,1111021
2025-02,CUS-0352,777714,111102,166653,55552,1111021
2025-02,CUS-0353,777714,111102,166653,55552,1111021
2025-02,CUS-0354,777714,111102,166653,55552,1111021
2025-02,CUS-0355,777714,111102,166653,55552,1111021
2025-02,CUS-0356,777714,111102,166653,55552,1111021
2025-02,CUS-0357,777714,111102,166653,55552,1111021
2025-02,CUS-0358,777714,111102,166653,55552,1111021
2025-02,CUS-0359,777714,111102,166653,55552,1111021
2025-02,CUS-0360,777714,111102,166653,55552,1111021
2025-02,CUS-0361,777714,111102,166653,55552,1111021
2025-02,CUS-0362,777714,111102,166653,55552,1111021
2025-02,CUS-0363,777714,111102,166653,55552,1111021
2025-02,CUS-0364,777714,111102,166653,55552,1111021
2025-02,CUS-0365,777714,111102,166653,55552,1111021
2025-02,CUS-0366,777714,111102,166653,55552,1111021
2025-02,CUS-0367,777714,111102,166653,55552,1111021
2025-02,CUS-0368,777714,111102,166653,55552,1111021
2025-02,CUS-0369,777714,111102,166653,55552,1111021
2025-02,CUS-0370,777714,111102,166653,55552,1111021
2025-02,CUS-0371,777714,111102,166653,55552,1111021
2025-02,CUS-0372,777714,111102,166653,55552,1111021
2025-02,CUS-0373,777714,111102,166653,55552,1111021
2025-02,CUS-0374,777714,111102,166653,55552,1111021
2025-02,CUS-0375,777714,111102,166653,55552,1111021
2025-02,CUS-0376,777714,111102,166653,55552,1111021
2025-02,CUS-0377,777714,111102,166653,55552,1111021
2025-02,CUS-0378,777714,111102,166653,55552,1111021
2025-02,CUS-0379,777714,111102,166653,55552,1111021
2025-02,CUS-0380,777714,111102,166653,55552,1111021
2025-02,CUS-0381,777714,111102,166653,55552,1111021
2025-02,CUS-0382,777714,111102,166653,55552,1111021
2025-02,CUS-0383,777714,111102,166653,55552,1111021
2025-02,CUS-0384,777714,111102,166653,55552,1111021
2025-02,CUS-0385,777714,111102,166653,55552,1111021
2025-02,CUS-0386,777714,111102,166653,55552,1111021
2025-02,CUS-0387,777714,111102,166653,55552,1111021
2025-02,CUS-0388,777714,111102,166653,55552,1111021
2025-02,CUS-0389,777714,111102,166653,55552,1111021
2025-02,CUS-0390,777714,111102,166653,55552,1111021
2025-02,CUS-0391,777714,111102,166653,55552,1111021
2025-02,CUS-0392,777714,111102,166653,55552,1111021
2025-02,CUS-0393,777714,111102,166653,55552,1111021
2025-02,CUS-0394,777714,111102,166653,55552,1111021
2025-02,CUS-0395,777714,111102,166653,55552,1111021
2025-02,CUS-0396,777714,111102,166653,55552,1111021
2025-02,CUS-0397,777714,111102,166653,55552,1111021
2025-02,CUS-0398,777714,111102,166653,55552,1111021
2025-02,CUS-0399,777714,111102,166653,55552,1111021
2025-02,CUS-0400,777714,111102,166653,55552,1111021
2025-02,CUS-0401,777714,111102,166653,55552,1111021
2025-02,CUS-0402,777714,111102,166653,55552,1111021
2025-02,CUS-0403,777714,111102,166653,55552,1111021
2025-02,CUS-0404,777714,111102,166653,55552,1111021
2025-02,CUS-0405,777714,111102,166653,55552,1111021
2025-02,CUS-0406,777714,111102,166653,55552,1111021
2025-02,CUS-0407,777714,111102,166653,55552,1111021
2025-02,CUS-0408,777714,111102,166653,55552,1111021
2025-02,CUS-0409,777714,111102,166653,55552,1111021
2025-02,CUS-0410,777714,111102,166653,55552,1111021
2025-02,CUS-0411,777714,111102,166653,55552,1111021
2025-02,CUS-0412,777714,111102,166653,55552,1111021
2025-02,CUS-0413,777714,111102,166653,55552,1111021
2025-02,CUS-0414,777714,111102,166653,55552,1111021
2025-02,CUS-0415,777714,111102,166653,55552,1111021
2025-02,CUS-0416,777714,111102,166653,55552,1111021
2025-02,CUS-0417,777714,111102,166653,55552,1111021
2025-02,CUS-0418,777714,111102,166653,55552,1111021
2025-02,CUS-0419,777714,111102,166653,55552,1111021
2025-02,CUS-0420,777714,111102,166653,55552,1111021
2025-02,CUS-0421,777714,111102,166653,55552,1111021
2025-02,CUS-0422,777714,111102,166653,55552,1111021
2025-02,CUS-0423,777714,111102,166653,55552,1111021
2025-02,CUS-0424,777714,111102,166653,55552,1111021
2025-02,CUS-0425,777714,111102,166653,55552,1111021
2025-02,CUS-0426,777714,111102,166653,55552,1111021
2025-02,CUS-0427,777714,111102,166653,55552,1111021
2025-02,CUS-0428,777714,111102,166653,55552,1111021
2025-02,CUS-0429,777714,111102,166653,55552,1111021
2025-02,CUS-0430,777714,111102,166653,55552,1111021
2025-02,CUS-0431,777714,111102,166653,55552,1111021
2025-02,CUS-0432,777714,111102,166653,55552,1111021
2025-02,CUS-0433,777714,111102,166653,55552,1111021
2025-02,CUS-0434,777714,111102,166653,55552,1111021
2025-02,CUS-0435,777714,111102,166653,55552,1111021
2025-02,CUS-0436,777714,111102,166653,55552,1111021
2025-02,CUS-0437,777714,111102,166653,55552,1111021
2025-02,CUS-0438,777714,111102,166653,55552,1111021
2025-02,CUS-0439,777714,111102,166653,55552,1111021
2025-02,CUS-0440,777714,111102,166653,55552,1111021
2025-02,CUS-0441,777714,111102,166653,55552,1111021
2025-02,CUS-0442,777714,111102,166653,55552,1111021
2025-02,CUS-0443,777714,111102,166653,55552,1111021
2025-02,CUS-0444,777714,111102,166653,55552,1111021
2025-02,CUS-0445,777714,111102,166653,55552,1111021
2025-02,CUS-0446,777714,111102,166653,55552,1111021
2025-02,CUS-0447,777714,111102,166653,55552,1111021
2025-02,CUS-0448,777714,111102,166653,55552,1111021
2025-02,CUS-0449,777714,111102,166653,55552,1111021
2025-02,CUS-0450,777714,111102,166653,55552,1111021
2025-02,CUS-0451,777714,111102,166653,55552,1111021
2025-02,CUS-0452,777714,111102,166653,55552,1111021
2025-02,CUS-0453,777714,111102,166653,55552,1111021
2025-02,CUS-0454,777714,111102,166653,55552,1111021
2025-02,CUS-0455,777714,111102,166653,55552,1111021
2025-02,CUS-0456,777714,111102,166653,55552,1111021
2025-02,CUS-0457,777714,111102,166653,55552,1111021
2025-02,CUS-0458,777714,111102,166653,55552,1111021
2025-02,CUS-0459,777714,111102,166653,55552,1111021
2025-02,CUS-0460,777714,111102,166653,55552,1111021
2025-02,CUS-0461,777714,111102,166653,55552,1111021
2025-02,CUS-0462,777714,111102,166653,55552,1111021
2025-02,CUS-0463,777714,111102,166653,55552,1111021
2025-02,CUS-0464,777714,111102,166653,55552,1111021
2025-02,CUS-0465,777714,111102,166653,55552,1111021
2025-02,CUS-0466,777714,111102,166653,55552,1111021
2025-02,CUS-0467,777714,111102,166653,55552,1111021
2025-02,CUS-0468,777714,111102,166653,55552,1111021
2025-02,CUS-0469,777714,111102,166653,55552,1111021
2025-02,CUS-0470,777714,111102,166653,55552,1111021
2025-02,CUS-0471,777714,111102,166653,55552,1111021
2025-02,CUS-0472,777714,111102,166653,55552,1111021
2025-02,CUS-0473,777714,111102,166653,55552,1111021
2025-02,CUS-0474,777714,111102,166653,55552,1111021
2025-02,CUS-0475,777714,111102,166653,55552,1111021
2025-02,CUS-0476,777714,111102,166653,55552,1111021
2025-02,CUS-0477,777714,111102,166653,55552,1111021
2025-02,CUS-0478,777714,111102,166653,55552,1111021
2025-02,CUS-0479,777714,111102,166653,55552,1111021
2025-02,CUS-0480,777714,111102,166653,55552,1111021
2025-02,CUS-0481,777714,111102,166653,55552,1111021
2025-02,CUS-0482,777714,111102,166653,55552,1111021
2025-02,CUS-0483,777714,111102,166653,55552,1111021
2025-02,CUS-0484,777714,111102,166653,55552,1111021
2025-02,CUS-0485,777714,111102,166653,55552,1111021
2025-02,CUS-0486,777714,111102,166653,55552,1111021
2025-02,CUS-0487,777714,111102,166653,55552,1111021
2025-02,CUS-0488,777714,111102,166653,55552,1111021
2025-02,CUS-0489,777714,111102,166653,55552,1111021
2025-02,CUS-0490,777714,111102,166653,55552,1111021
2025-02,CUS-0491,777714,111102,166653,55552,1111021
2025-02,CUS-0492,777714,111102,166653,55552,1111021
2025-02,CUS-0493,777714,111102,166653,55552,1111021
2025-02,CUS-0494,777714,111102,166653,55552,1111021
2025-02,CUS-0495,777714,111102,166653,55552,1111021
2025-02,CUS-0496,777714,111102,166653,55552,1111021
2025-02,CUS-0497,777714,111102,166653,55552,1111021
2025-02,CUS-0498,777714,111102,166653,55552,1111021
2025-02,CUS-0499,777714,111102,166653,55552,1111021
2025-02,CUS-0500,777714,111102,166653,55552,1111021
2025-03,CUS-0001,180180000,25740000,38610000,12870000,257400000
2025-03,CUS-0002,787815,112545,168817,56273,1125450
2025-03,CUS-0003,787815,112545,168817,56273,1125450
2025-03,CUS-0004,787815,112545,168817,56273,1125450
2025-03,CUS-0005,787815,112545,168817,56273,1125450
2025-03,CUS-0006,787815,112545,168817,56273,1125450
2025-03,CUS-0007,787815,112545,168817,56273,1125450
2025-03,CUS-0008,787815,112545,168817,56273,1125450
2025-03,CUS-0009,787815,112545,168817,56273,1125450
2025-03,CUS-0010,787815,112545,168817,56273,1125450
2025-03,CUS-0011,787815,112545,168817,56273,1125450
2025-03,CUS-0012,787815,112545,168817,56273,1125450
2025-03,CUS-0013,787815,112545,168817,56273,1125450
2025-03,CUS-0014,787815,112545,168817,56273,1125450
2025-03,CUS-0015,787815,112545,168817,56273,1125450
2025-03,CUS-0016,787815,112545,168817,56273,1125450
2025-03,CUS-0017,787815,112545,168817,56273,1125450
2025-03,CUS-0018,787815,112545,168817,56273,1125450
2025-03,CUS-0019,787815,112545,168817,56273,1125450
2025-03,CUS-0020,787815,112545,168817,56273,1125450
2025-03,CUS-0021,787815,112545,168817,56273,1125450
2025-03,CUS-0022,787815,112545,168817,56273,1125450
2025-03,CUS-0023,787815,112545,168817,56273,1125450
2025-03,CUS-0024,787815,112545,168817,56273,1125450
2025-03,CUS-0025,787815,112545,168817,56273,1125450
2025-03,CUS-0026,787815,112545,168817,56273,1125450
2025-03,CUS-0027,787815,112545,168817,56273,1125450
2025-03,CUS-0028,787815,112545,168817,56273,1125450
2025-03,CUS-0029,787815,112545,168817,56273,1125450
2025-03,CUS-0030,787815,112545,168817,56273,1125450
2025-03,CUS-0031,787815,112545,168817,56273,1125450
2025-03,CUS-0032,787815,112545,168817,56273,1125450
2025-03,CUS-0033,787815,112545,168817,56273,1125450
2025-03,CUS-0034,787815,112545,168817,56273,1125450
2025-03,CUS-0035,787815,112545,168817,56273,1125450
2025-03,CUS-0036,787815,112545,168817,56273,1125450
2025-03,CUS-0037,787815,112545,168817,56273,1125450
2025-03,CUS-0038,787815,112545,168817,56273,1125450
2025-03,CUS-0039,787815,112545,168817,56273,1125450
2025-03,CUS-0040,787815,112545,168817,56273,1125450
2025-03,CUS-0041,787815,112545,168817,56273,1125450
2025-03,CUS-0042,787815,112545,168817,56273,1125450
2025-03,CUS-0043,787815,112545,168817,56273,1125450
2025-03,CUS-0044,787815,112545,168817,56273,1125450
2025-03,CUS-0045,787815,112545,168817,56273,1125450
2025-03,CUS-0046,787815,112545,168817,56273,1125450
2025-03,CUS-0047,787815,112545,168817,56273,1125450
2025-03,CUS-0048,787815,112545,168817,56273,1125450
2025-03,CUS-0049,787815,112545,168817,56273,1125450
2025-03,CUS-0050,787815,112545,168817,56273,1125450
2025-03,CUS-0051,787815,112545,168817,56273,1125450
2025-03,CUS-0052,787815,112545,168817,56273,1125450
2025-03,CUS-0053,787815,112545,168817,56273,1125450
2025-03,CUS-0054,787815,112545,168817,56273,1125450
2025-03,CUS-0055,787815,112545,168817,56273,1125450
2025-03,CUS-0056,787815,112545,168817,56273,1125450
2025-03,CUS-0057,787815,112545,168817,56273,1125450
2025-03,CUS-0058,787815,112545,168817,56273,1125450
2025-03,CUS-0059,787815,112545,168817,56273,1125450
2025-03,CUS-0060,787815,112545,168817,56273,1125450
2025-03,CUS-0061,787815,112545,168817,56273,1125450
2025-03,CUS-0062,787815,112545,168817,56273,1125450
2025-03,CUS-0063,787815,112545,168817,56273,1125450
2025-03,CUS-0064,787815,112545,168817,56273,1125450
2025-03,CUS-0065,787815,112545,168817,56273,1125450
2025-03,CUS-0066,787815,112545,168817,56273,1125450
2025-03,CUS-0067,787815,112545,168817,56273,1125450
2025-03,CUS-0068,787815,112545,168817,56273,1125450
2025-03,CUS-0069,787815,112545,168817,56273,1125450
2025-03,CUS-0070,787815,112545,168817,56273,1125450
2025-03,CUS-0071,787815,112545,168817,56273,1125450
2025-03,CUS-0072,787815,112545,168817,56273,1125450
2025-03,CUS-0073,787815,112545,168817,56273,1125450
2025-03,CUS-0074,787815,112545,168817,56273,1125450
2025-03,CUS-0075,787815,112545,168817,56273,1125450
2025-03,CUS-0076,787815,112545,168817,56273,1125450
2025-03,CUS-0077,787815,112545,168817,56273,1125450
2025-03,CUS-0078,787815,112545,168817,56273,1125450
2025-03,CUS-0079,787815,112545,168817,56273,1125450
2025-03,CUS-0080,787815,112545,168817,56273,1125450
2025-03,CUS-0081,787815,112545,168817,56273,1125450
2025-03,CUS-0082,787815,112545,168817,56273,1125450
2025-03,CUS-0083,787815,112545,168817,56273,1125450
2025-03,CUS-0084,787815,112545,168817,56273,1125450
2025-03,CUS-0085,787815,112545,168817,56273,1125450
2025-03,CUS-0086,787815,112545,168817,56273,1125450
2025-03,CUS-0087,787815,112545,168817,56273,1125450
2025-03,CUS-0088,787815,112545,168817,56273,1125450
2025-03,CUS-0089,787815,112545,168817,56273,1125450
2025-03,CUS-0090,787815,112545,168817,56273,1125450
2025-03,CUS-0091,787815,112545,168817,56273,1125450
2025-03,CUS-0092,787815,112545,168817,56273,1125450
2025-03,CUS-0093,787815,112545,168817,56273,1125450
2025-03,CUS-0094,787815,112545,168817,56273,1125450
2025-03,CUS-0095,787815,112545,168817,56273,1125450
2025-03,CUS-0096,787815,112545,168817,56273,1125450
2025-03,CUS-0097,787815,112545,168817,56273,1125450
2025-03,CUS-0098,787815,112545,168817,56273,1125450
2025-03,CUS-0099,787815,112545,168817,56273,1125450
2025-03,CUS-0100,787815,112545,168817,56273,1125450
2025-03,CUS-0101,787815,112545,168817,56273,1125450
2025-03,CUS-0102,787815,112545,168817,56273,1125450
2025-03,CUS-0103,787815,112545,168817,56273,1125450
2025-03,CUS-0104,787815,112545,168817,56273,1125450
2025-03,CUS-0105,787815,112545,168817,56273,1125450
2025-03,CUS-0106,787815,112545,168817,56273,1125450
2025-03,CUS-0107,787815,112545,168817,56273,1125450
2025-03,CUS-0108,787815,112545,168817,56273,1125450
2025-03,CUS-0109,787815,112545,168817,56273,1125450
2025-03,CUS-0110,787815,112545,168817,56273,1125450
2025-03,CUS-0111,787815,112545,168817,56273,1125450
2025-03,CUS-0112,787815,112545,168817,56273,1125450
2025-03,CUS-0113,787815,112545,168817,56273,1125450
2025-03,CUS-0114,787815,112545,168817,56273,1125450
2025-03,CUS-0115,787815,112545,168817,56273,1125450
2025-03,CUS-0116,787815,112545,168817,56273,1125450
2025-03,CUS-0117,787815,112545,168817,56273,1125450
2025-03,CUS-0118,787815,112545,168817,56273,1125450
2025-03,CUS-0119,787815,112545,168817,56273,1125450
2025-03,CUS-0120,787815,112545,168817,56273,1125450
2025-03,CUS-0121,787815,112545,168817,56273,1125450
2025-03,CUS-0122,787815,112545,168817,56273,1125450
2025-03,CUS-0123,787815,112545,168817,56273,1125450
2025-03,CUS-0124,787815,112545,168817,56273,1125450
2025-03,CUS-0125,787815,112545,168817,56273,1125450
2025-03,CUS-0126,787815,112545,168817,56273,1125450
2025-03,CUS-0127,787815,112545,168817,56273,1125450
2025-03,CUS-0128,787815,112545,168817,56273,1125450
2025-03,CUS-0129,787815,112545,168817,56273,1125450
2025-03,CUS-0130,787815,112545,168817,56273,1125450
2025-03,CUS-0131,787815,112545,168817,56273,1125450
2025-03,CUS-0132,787815,112545,168817,56273,1125450
2025-03,CUS-0133,787815,112545,168817,56273,1125450
2025-03,CUS-0134,787815,112545,168817,56273,1125450
2025-03,CUS-0135,787815,112545,168817,56273,1125450
2025-03,CUS-0136,787815,112545,168817,56273,1125450
2025-03,CUS-0137,787815,112545,168817,56273,1125450
2025-03,CUS-0138,787815,112545,168817,56273,1125450
2025-03,CUS-0139,787815,112545,168817,56273,1125450
2025-03,CUS-0140,787815,112545,168817,56273,1125450
2025-03,CUS-0141,787815,112545,168817,56273,1125450
2025-03,CUS-0142,787815,112545,168817,56273,1125450
2025-03,CUS-0143,787815,112545,168817,56273,1125450
2025-03,CUS-0144,787815,112545,168817,56273,1125450
2025-03,CUS-0145,787815,112545,168817,56273,1125450
2025-03,CUS-0146,787815,112545,168817,56273,1125450
2025-03,CUS-0147,787815,112545,168817,56273,1125450
2025-03,CUS-0148,787815,112545,168817,56273,1125450
2025-03,CUS-0149,787815,112545,168817,56273,1125450
2025-03,CUS-0150,787815,112545,168817,56273,1125450
2025-03,CUS-0151,787815,112545,168817,56273,1125450
2025-03,CUS-0152,787815,112545,168817,56273,1125450
2025-03,CUS-0153,787815,112545,168817,56273,1125450
2025-03,CUS-0154,787815,112545,168817,56273,1125450
2025-03,CUS-0155,787815,112545,168817,56273,1125450
2025-03,CUS-0156,787815,112545,168817,56273,1125450
2025-03,CUS-0157,787815,112545,168817,56273,1125450
2025-03,CUS-0158,787815,112545,168817,56273,1125450
2025-03,CUS-0159,787815,112545,168817,56273,1125450
2025-03,CUS-0160,787815,112545,168817,56273,1125450
2025-03,CUS-0161,787815,112545,168817,56273,1125450
2025-03,CUS-0162,787815,112545,168817,56273,1125450
2025-03,CUS-0163,787815,112545,168817,56273,1125450
2025-03,CUS-0164,787815,112545,168817,56273,1125450
2025-03,CUS-0165,787815,112545,168817,56273,1125450
2025-03,CUS-0166,787815,112545,168817,56273,1125450
2025-03,CUS-0167,787815,112545,168817,56273,1125450
2025-03,CUS-0168,787815,112545,168817,56273,1125450
2025-03,CUS-0169,787815,112545,168817,56273,1125450
2025-03,CUS-0170,787815,112545,168817,56273,1125450
2025-03,CUS-0171,787815,112545,168817,56273,1125450
2025-03,CUS-0172,787815,112545,168817,56273,1125450
2025-03,CUS-0173,787815,112545,168817,56273,1125450
2025-03,CUS-0174,787815,112545,168817,56273,1125450
2025-03,CUS-0175,787815,112545,168817,56273,1125450
2025-03,CUS-0176,787815,112545,168817,56273,1125450
2025-03,CUS-0177,787815,112545,168817,56273,1125450
2025-03,CUS-0178,787815,112545,168817,56273,1125450
2025-03,CUS-0179,787815,112545,168817,56273,1125450
2025-03,CUS-0180,787815,112545,168817,56273,1125450
2025-03,CUS-0181,787815,112545,168817,56273,1125450
2025-03,CUS-0182,787815,112545,168817,56273,1125450
2025-03,CUS-0183,787815,112545,168817,56273,1125450
2025-03,CUS-0184,787815,112545,168817,56273,1125450
2025-03,CUS-0185,787815,112545,168817,56273,1125450
2025-03,CUS-0186,787815,112545,168817,56273,1125450
2025-03,CUS-0187,787815,112545,168817,56273,1125450
2025-03,CUS-0188,787815,112545,168817,56273,1125450
2025-03,CUS-0189,787815,112545,168817,56273,1125450
2025-03,CUS-0190,787815,112545,168817,56273,1125450
2025-03,CUS-0191,787815,112545,168817,56273,1125450
2025-03,CUS-0192,787815,112545,168817,56273,1125450
2025-03,CUS-0193,787815,112545,168817,56273,1125450
2025-03,CUS-0194,787815,112545,168817,56273,1125450
2025-03,CUS-0195,787815,112545,168817,56273,1125450
2025-03,CUS-0196,787815,112545,168817,56273,1125450
2025-03,CUS-0197,787815,112545,168817,56273,1125450
2025-03,CUS-0198,787815,112545,168817,56273,1125450
2025-03,CUS-0199,787815,112545,168817,56273,1125450
2025-03,CUS-0200,787815,112545,168817,56273,1125450
2025-03,CUS-0201,787815,112545,168817,56273,1125450
2025-03,CUS-0202,787815,112545,168817,56273,1125450
2025-03,CUS-0203,787815,112545,168817,56273,1125450
2025-03,CUS-0204,787815,112545,168817,56273,1125450
2025-03,CUS-0205,787815,112545,168817,56273,1125450
2025-03,CUS-0206,787815,112545,168817,56273,1125450
2025-03,CUS-0207,787815,112545,168817,56273,1125450
2025-03,CUS-0208,787815,112545,168817,56273,1125450
2025-03,CUS-0209,787815,112545,168817,56273,1125450
2025-03,CUS-0210,787815,112545,168817,56273,1125450
2025-03,CUS-0211,787815,112545,168817,56273,1125450
2025-03,CUS-0212,787815,112545,168817,56273,1125450
2025-03,CUS-0213,787815,112545,168817,56273,1125450
2025-03,CUS-0214,787815,112545,168817,56273,1125450
2025-03,CUS-0215,787815,112545,168817,56273,1125450
2025-03,CUS-0216,787815,112545,168817,56273,1125450
2025-03,CUS-0217,787815,112545,168817,56273,1125450
2025-03,CUS-0218,787815,112545,168817,56273,1125450
2025-03,CUS-0219,787815,112545,168817,56273,1125450
2025-03,CUS-0220,787815,112545,168817,56273,1125450
2025-03,CUS-0221,787815,112545,168817,56273,1125450
2025-03,CUS-0222,787815,112545,168817,56273,1125450
2025-03,CUS-0223,787815,112545,168817,56273,1125450
2025-03,CUS-0224,787815,112545,168817,56273,1125450
2025-03,CUS-0225,787815,112545,168817,56273,1125450
2025-03,CUS-0226,787815,112545,168817,56273,1125450
2025-03,CUS-0227,787815,112545,168817,56273,1125450
2025-03,CUS-0228,787815,112545,168817,56273,1125450
2025-03,CUS-0229,787815,112545,168817,56273,1125450
2025-03,CUS-0230,787815,112545,168817,56273,1125450
2025-03,CUS-0231,787815,112545,168817,56273,1125450
2025-03,CUS-0232,787815,112545,168817,56273,1125450
2025-03,CUS-0233,787815,112545,168817,56273,1125450
2025-03,CUS-0234,787815,112545,168817,56273,1125450
2025-03,CUS-0235,787815,112545,168817,56273,1125450
2025-03,CUS-0236,787815,112545,168817,56273,1125450
2025-03,CUS-0237,787815,112545,168817,56273,1125450
2025-03,CUS-0238,787815,112545,168817,56273,1125450
2025-03,CUS-0239,787815,112545,168817,56273,1125450
2025-03,CUS-0240,787815,112545,168817,56273,1125450
2025-03,CUS-0241,787815,112545,168817,56273,1125450
2025-03,CUS-0242,787815,112545,168817,56273,1125450
2025-03,CUS-0243,787815,112545,168817,56273,1125450
2025-03,CUS-0244,787815,112545,168817,56273,1125450
2025-03,CUS-0245,787815,112545,168817,56273,1125450
2025-03,CUS-0246,787815,112545,168817,56273,1125450
2025-03,CUS-0247,787815,112545,168817,56273,1125450
2025-03,CUS-0248,787815,112545,168817,56273,1125450
2025-03,CUS-0249,787815,112545,168817,56273,1125450
2025-03,CUS-0250,787815,112545,168817,56273,1125450
2025-03,CUS-0251,787815,112545,168817,56273,1125450
2025-03,CUS-0252,787815,112545,168817,56273,1125450
2025-03,CUS-0253,787815,112545,168817,56273,1125450
2025-03,CUS-0254,787815,112545,168817,56273,1125450
2025-03,CUS-0255,787815,112545,168817,56273,1125450
2025-03,CUS-0256,787815,112545,168817,56273,1125450
2025-03,CUS-0257,787815,112545,168817,56273,1125450
2025-03,CUS-0258,787815,112545,168817,56273,1125450
2025-03,CUS-0259,787815,112545,168817,56273,1125450
2025-03,CUS-0260,787815,112545,168817,56273,1125450
2025-03,CUS-0261,787815,112545,168817,56273,1125450
2025-03,CUS-0262,787815,112545,168817,56273,1125450
2025-03,CUS-0263,787815,112545,168817,56273,1125450
2025-03,CUS-0264,787815,112545,168817,56273,1125450
2025-03,CUS-0265,787815,112545,168817,56273,1125450
2025-03,CUS-0266,787815,112545,168817,56273,1125450
2025-03,CUS-0267,787815,112545,168817,56273,1125450
2025-03,CUS-0268,787815,112545,168817,56273,1125450
2025-03,CUS-0269,787815,112545,168817,56273,1125450
2025-03,CUS-0270,787815,112545,168817,56273,1125450
2025-03,CUS-0271,787815,112545,168817,56273,1125450
2025-03,CUS-0272,787815,112545,168817,56273,1125450
2025-03,CUS-0273,787815,112545,168817,56273,1125450
2025-03,CUS-0274,787815,112545,168817,56273,1125450
2025-03,CUS-0275,787815,112545,168817,56273,1125450
2025-03,CUS-0276,787815,112545,168817,56273,1125450
2025-03,CUS-0277,787815,112545,168817,56273,1125450
2025-03,CUS-0278,787815,112545,168817,56273,1125450
2025-03,CUS-0279,787815,112545,168817,56273,1125450
2025-03,CUS-0280,787815,112545,168817,56273,1125450
2025-03,CUS-0281,787815,112545,168817,56273,1125450
2025-03,CUS-0282,787815,112545,168817,56273,1125450
2025-03,CUS-0283,787815,112545,168817,56273,1125450
2025-03,CUS-0284,787815,112545,168817,56273,1125450
2025-03,CUS-0285,787815,112545,168817,56273,1125450
2025-03,CUS-0286,787815,112545,168817,56273,1125450
2025-03,CUS-0287,787815,112545,168817,56273,1125450
2025-03,CUS-0288,787815,112545,168817,56273,1125450
2025-03,CUS-0289,787815,112545,168817,56273,1125450
2025-03,CUS-0290,787815,112545,168817,56273,1125450
2025-03,CUS-0291,787815,112545,168817,56273,1125450
2025-03,CUS-0292,787815,112545,168817,56273,1125450
2025-03,CUS-0293,787815,112545,168817,56273,1125450
2025-03,CUS-0294,787815,112545,168817,56273,1125450
2025-03,CUS-0295,787815,112545,168817,56273,1125450
2025-03,CUS-0296,787815,112545,168817,56273,1125450
2025-03,CUS-0297,787815,112545,168817,56273,1125450
2025-03,CUS-0298,787815,112545,168817,56273,1125450
2025-03,CUS-0299,787815,112545,168817,56273,1125450
2025-03,CUS-0300,787815,112545,168817,56273,1125450
2025-03,CUS-0301,787815,112545,168817,56273,1125450
2025-03,CUS-0302,787815,112545,168817,56273,1125450
2025-03,CUS-0303,787815,112545,168817,56273,1125450
2025-03,CUS-0304,787815,112545,168817,56273,1125450
2025-03,CUS-0305,787815,112545,168817,56273,1125450
2025-03,CUS-0306,787815,112545,168817,56273,1125450
2025-03,CUS-0307,787815,112545,168817,56273,1125450
2025-03,CUS-0308,787815,112545,168817,56273,1125450
2025-03,CUS-0309,787815,112545,168817,56273,1125450
2025-03,CUS-0310,787815,112545,168817,56273,1125450
2025-03,CUS-0311,787815,112545,168817,56273,1125450
2025-03,CUS-0312,787815,112545,168817,56273,1125450
2025-03,CUS-0313,787815,112545,168817,56273,1125450
2025-03,CUS-0314,787815,112545,168817,56273,1125450
2025-03,CUS-0315,787815,112545,168817,56273,1125450
2025-03,CUS-0316,787815,112545,168817,56273,1125450
2025-03,CUS-0317,787815,112545,168817,56273,1125450
2025-03,CUS-0318,787815,112545,168817,56273,1125450
2025-03,CUS-0319,787815,112545,168817,56273,1125450
2025-03,CUS-0320,787815,112545,168817,56273,1125450
2025-03,CUS-0321,787815,112545,168817,56273,1125450
2025-03,CUS-0322,787815,112545,168817,56273,1125450
2025-03,CUS-0323,787815,112545,168817,56273,1125450
2025-03,CUS-0324,787815,112545,168817,56273,1125450
2025-03,CUS-0325,787815,112545,168817,56273,1125450
2025-03,CUS-0326,787815,112545,168817,56273,1125450
2025-03,CUS-0327,787815,112545,168817,56273,1125450
2025-03,CUS-0328,787815,112545,168817,56273,1125450
2025-03,CUS-0329,787815,112545,168817,56273,1125450
2025-03,CUS-0330,787815,112545,168817,56273,1125450
2025-03,CUS-0331,787815,112545,168817,56273,1125450
2025-03,CUS-0332,787815,112545,168817,56273,1125450
2025-03,CUS-0333,787815,112545,168817,56273,1125450
2025-03,CUS-0334,787815,112545,168817,56273,1125450
2025-03,CUS-0335,787815,112545,168817,56273,1125450
2025-03,CUS-0336,787815,112545,168817,56273,1125450
2025-03,CUS-0337,787815,112545,168817,56273,1125450
2025-03,CUS-0338,787815,112545,168817,56273,1125450
2025-03,CUS-0339,787815,112545,168817,56273,1125450
2025-03,CUS-0340,787815,112545,168817,56273,1125450
2025-03,CUS-0341,787815,112545,168817,56273,1125450
2025-03,CUS-0342,787815,112545,168817,56273,1125450
2025-03,CUS-0343,787815,112545,168817,56273,1125450
2025-03,CUS-0344,787815,112545,168817,56273,1125450
2025-03,CUS-0345,787815,112545,168817,56273,1125450
2025-03,CUS-0346,787815,112545,168817,56273,1125450
2025-03,CUS-0347,787815,112545,168817,56273,1125450
2025-03,CUS-0348,787815,112545,168817,56273,1125450
2025-03,CUS-0349,787815,112545,168817,56273,1125450
2025-03,CUS-0350,787815,112545,168817,56273,1125450
2025-03,CUS-0351,787815,112545,168817,56273,1125450
2025-03,CUS-0352,787815,112545,168817,56273,1125450
2025-03,CUS-0353,787815,112545,168817,56273,1125450
2025-03,CUS-0354,787815,112545,168817,56273,1125450
2025-03,CUS-0355,787815,112545,168817,56273,1125450
2025-03,CUS-0356,787815,112545,168817,56273,1125450
2025-03,CUS-0357,787815,112545,168817,56273,1125450
2025-03,CUS-0358,787815,112545,168817,56273,1125450
2025-03,CUS-0359,787815,112545,168817,56273,1125450
2025-03,CUS-0360,787815,112545,168817,56273,1125450
2025-03,CUS-0361,787815,112545,168817,56273,1125450
2025-03,CUS-0362,787815,112545,168817,56273,1125450
2025-03,CUS-0363,787815,112545,168817,56273,1125450
2025-03,CUS-0364,787815,112545,168817,56273,1125450
2025-03,CUS-0365,787815,112545,168817,56273,1125450
2025-03,CUS-0366,787815,112545,168817,56273,1125450
2025-03,CUS-0367,787815,112545,168817,56273,1125450
2025-03,CUS-0368,787815,112545,168817,56273,1125450
2025-03,CUS-0369,787815,112545,168817,56273,1125450
2025-03,CUS-0370,787815,112545,168817,56273,1125450
2025-03,CUS-0371,787815,112545,168817,56273,1125450
2025-03,CUS-0372,787815,112545,168817,56273,1125450
2025-03,CUS-0373,787815,112545,168817,56273,1125450
2025-03,CUS-0374,787815,112545,168817,56273,1125450
2025-03,CUS-0375,787815,112545,168817,56273,1125450
2025-03,CUS-0376,787815,112545,168817,56273,1125450
2025-03,CUS-0377,787815,112545,168817,56273,1125450
2025-03,CUS-0378,787815,112545,168817,56273,1125450
2025-03,CUS-0379,787815,112545,168817,56273,1125450
2025-03,CUS-0380,787815,112545,168817,56273,1125450
2025-03,CUS-0381,787815,112545,168817,56273,1125450
2025-03,CUS-0382,787815,112545,168817,56273,1125450
2025-03,CUS-0383,787815,112545,168817,56273,1125450
2025-03,CUS-0384,787815,112545,168817,56273,1125450
2025-03,CUS-0385,787815,112545,168817,56273,1125450
2025-03,CUS-0386,787815,112545,168817,56273,1125450
2025-03,CUS-0387,787815,112545,168817,56273,1125450
2025-03,CUS-0388,787815,112545,168817,56273,1125450
2025-03,CUS-0389,787815,112545,168817,56273,1125450
2025-03,CUS-0390,787815,112545,168817,56273,1125450
2025-03,CUS-0391,787815,112545,168817,56273,1125450
2025-03,CUS-0392,787815,112545,168817,56273,1125450
2025-03,CUS-0393,787815,112545,168817,56273,1125450
2025-03,CUS-0394,787815,112545,168817,56273,1125450
2025-03,CUS-0395,787815,112545,168817,56273,1125450
2025-03,CUS-0396,787815,112545,168817,56273,1125450
2025-03,CUS-0397,787815,112545,168817,56273,1125450
2025-03,CUS-0398,787815,112545,168817,56273,1125450
2025-03,CUS-0399,787815,112545,168817,56273,1125450
2025-03,CUS-0400,787815,112545,168817,56273,1125450
2025-03,CUS-0401,787815,112545,168817,56273,1125450
2025-03,CUS-0402,787815,112545,168817,56273,1125450
2025-03,CUS-0403,787815,112545,168817,56273,1125450
2025-03,CUS-0404,787815,112545,168817,56273,1125450
2025-03,CUS-0405,787815,112545,168817,56273,1125450
2025-03,CUS-0406,787815,112545,168817,56273,1125450
2025-03,CUS-0407,787815,112545,168817,56273,1125450
2025-03,CUS-0408,787815,112545,168817,56273,1125450
2025-03,CUS-0409,787815,112545,168817,56273,1125450
2025-03,CUS-0410,787815,112545,168817,56273,1125450
2025-03,CUS-0411,787815,112545,168817,56273,1125450
2025-03,CUS-0412,787815,112545,168817,56273,1125450
2025-03,CUS-0413,787815,112545,168817,56273,1125450
2025-03,CUS-0414,787815,112545,168817,56273,1125450
2025-03,CUS-0415,787815,112545,168817,56273,1125450
2025-03,CUS-0416,787815,112545,168817,56273,1125450
2025-03,CUS-0417,787815,112545,168817,56273,1125450
2025-03,CUS-0418,787815,112545,168817,56273,1125450
2025-03,CUS-0419,787815,112545,168817,56273,1125450
2025-03,CUS-0420,787815,112545,168817,56273,1125450
2025-03,CUS-0421,787815,112545,168817,56273,1125450
2025-03,CUS-0422,787815,112545,168817,56273,1125450
2025-03,CUS-0423,787815,112545,168817,56273,1125450
2025-03,CUS-0424,787815,112545,168817,56273,1125450
2025-03,CUS-0425,787815,112545,168817,56273,1125450
2025-03,CUS-0426,787815,112545,168817,56273,1125450
2025-03,CUS-0427,787815,112545,168817,56273,1125450
2025-03,CUS-0428,787815,112545,168817,56273,1125450
2025-03,CUS-0429,787815,112545,168817,56273,1125450
2025-03,CUS-0430,787815,112545,168817,56273,1125450
2025-03,CUS-0431,787815,112545,168817,56273,1125450
2025-03,CUS-0432,787815,112545,168817,56273,1125450
2025-03,CUS-0433,787815,112545,168817,56273,1125450
2025-03,CUS-0434,787815,112545,168817,56273,1125450
2025-03,CUS-0435,787815,112545,168817,56273,1125450
2025-03,CUS-0436,787815,112545,168817,56273,1125450
2025-03,CUS-0437,787815,112545,168817,56273,1125450
2025-03,CUS-0438,787815,112545,168817,56273,1125450
2025-03,CUS-0439,787815,112545,168817,56273,1125450
2025-03,CUS-0440,787815,112545,168817,56273,1125450
2025-03,CUS-0441,787815,112545,168817,56273,1125450
2025-03,CUS-0442,787815,112545,168817,56273,1125450
2025-03,CUS-0443,787815,112545,168817,56273,1125450
2025-03,CUS-0444,787815,112545,168817,56273,1125450
2025-03,CUS-0445,787815,112545,168817,56273,1125450
2025-03,CUS-0446,787815,112545,168817,56273,1125450
2025-03,CUS-0447,787815,112545,168817,56273,1125450
2025-03,CUS-0448,787815,112545,168817,56273,1125450
2025-03,CUS-0449,787815,112545,168817,56273,1125450
2025-03,CUS-0450,787815,112545,168817,56273,1125450
2025-03,CUS-0451,787815,112545,168817,56273,1125450
2025-03,CUS-0452,787815,112545,168817,56273,1125450
2025-03,CUS-0453,787815,112545,168817,56273,1125450
2025-03,CUS-0454,787815,112545,168817,56273,1125450
2025-03,CUS-0455,787815,112545,168817,56273,1125450
2025-03,CUS-0456,787815,112545,168817,56273,1125450
2025-03,CUS-0457,787815,112545,168817,56273,1125450
2025-03,CUS-0458,787815,112545,168817,56273,1125450
2025-03,CUS-0459,787815,112545,168817,56273,1125450
2025-03,CUS-0460,787815,112545,168817,56273,1125450
2025-03,CUS-0461,787815,112545,168817,56273,1125450
2025-03,CUS-0462,787815,112545,168817,56273,1125450
2025-03,CUS-0463,787815,112545,168817,56273,1125450
2025-03,CUS-0464,787815,112545,168817,56273,1125450
2025-03,CUS-0465,787815,112545,168817,56273,1125450
2025-03,CUS-0466,787815,112545,168817,56273,1125450
2025-03,CUS-0467,787815,112545,168817,56273,1125450
2025-03,CUS-0468,787815,112545,168817,56273,1125450
2025-03,CUS-0469,787815,112545,168817,56273,1125450
2025-03,CUS-0470,787815,112545,168817,56273,1125450
2025-03,CUS-0471,787815,112545,168817,56273,1125450
2025-03,CUS-0472,787815,112545,168817,56273,1125450
2025-03,CUS-0473,787815,112545,168817,56273,1125450
2025-03,CUS-0474,787815,112545,168817,56273,1125450
2025-03,CUS-0475,787815,112545,168817,56273,1125450
2025-03,CUS-0476,787815,112545,168817,56273,1125450
2025-03,CUS-0477,787815,112545,168817,56273,1125450
2025-03,CUS-0478,787815,112545,168817,56273,1125450
2025-03,CUS-0479,787815,112545,168817,56273,1125450
2025-03,CUS-0480,787815,112545,168817,56273,1125450
2025-03,CUS-0481,787815,112545,168817,56273,1125450
2025-03,CUS-0482,787815,112545,168817,56273,1125450
2025-03,CUS-0483,787815,112545,168817,56273,1125450
2025-03,CUS-0484,787815,112545,168817,56273,1125450
2025-03,CUS-0485,787815,112545,168817,56273,1125450
2025-03,CUS-0486,787815,112545,168817,56273,1125450
2025-03,CUS-0487,787815,112545,168817,56273,1125450
2025-03,CUS-0488,787815,112545,168817,56273,1125450
2025-03,CUS-0489,787815,112545,168817,56273,1125450
2025-03,CUS-0490,787815,112545,168817,56273,1125450
2025-03,CUS-0491,787815,112545,168817,56273,1125450
2025-03,CUS-0492,787815,112545,168817,56273,1125450
2025-03,CUS-0493,787815,112545,168817,56273,1125450
2025-03,CUS-0494,787815,112545,168817,56273,1125450
2025-03,CUS-0495,787815,112545,168817,56273,1125450
2025-03,CUS-0496,787815,112545,168817,56273,1125450
2025-03,CUS-0497,787815,112545,168817,56273,1125450
2025-03,CUS-0498,787815,112545,168817,56273,1125450
2025-03,CUS-0499,787815,112545,168817,56273,1125450
2025-03,CUS-0500,787815,112545,168817,56273,1125450
2025-04,CUS-0001,182490000,26070000,39105000,13035000,260700000
2025-04,CUS-0002,797915,113987,170981,56996,1139879
2025-04,CUS-0003,797915,113987,170981,56996,1139879
2025-04,CUS-0004,797915,113987,170981,56996,1139879
2025-04,CUS-0005,797915,113987,170981,56996,1139879
2025-04,CUS-0006,797915,113987,170981,56996,1139879
2025-04,CUS-0007,797915,113987,170981,56996,1139879
2025-04,CUS-0008,797915,113987,170981,56996,1139879
2025-04,CUS-0009,797915,113987,170981,56996,1139879
2025-04,CUS-0010,797915,113987,170981,56996,1139879
2025-04,CUS-0011,797915,113987,170981,56996,1139879
2025-04,CUS-0012,797915,113987,170981,56996,1139879
2025-04,CUS-0013,797915,113987,170981,56996,1139879
2025-04,CUS-0014,797915,113987,170981,56996,1139879
2025-04,CUS-0015,797915,113987,170981,56996,1139879
2025-04,CUS-0016,797915,113987,170981,56996,1139879
2025-04,CUS-0017,797915,113987,170981,56996,1139879
2025-04,CUS-0018,797915,113987,170981,56996,1139879
2025-04,CUS-0019,797915,113987,170981,56996,1139879
2025-04,CUS-0020,797915,113987,170981,56996,1139879
2025-04,CUS-0021,797915,113987,170981,56996,1139879
2025-04,CUS-0022,797915,113987,170981,56996,1139879
2025-04,CUS-0023,797915,113987,170981,56996,1139879
2025-04,CUS-0024,797915,113987,170981,56996,1139879
2025-04,CUS-0025,797915,113987,170981,56996,1139879
2025-04,CUS-0026,797915,113987,170981,56996,1139879
2025-04,CUS-0027,797915,113987,170981,56996,1139879
2025-04,CUS-0028,797915,113987,170981,56996,1139879
2025-04,CUS-0029,797915,113987,170981,56996,1139879
2025-04,CUS-0030,797915,113987,170981,56996,1139879
2025-04,CUS-0031,797915,113987,170981,56996,1139879
2025-04,CUS-0032,797915,113987,170981,56996,1139879
2025-04,CUS-0033,797915,113987,170981,56996,1139879
2025-04,CUS-0034,797915,113987,170981,56996,1139879
2025-04,CUS-0035,797915,113987,170981,56996,1139879
2025-04,CUS-0036,797915,113987,170981,56996,1139879
2025-04,CUS-0037,797915,113987,170981,56996,1139879
2025-04,CUS-0038,797915,113987,170981,56996,1139879
2025-04,CUS-0039,797915,113987,170981,56996,1139879
2025-04,CUS-0040,797915,113987,170981,56996,1139879
2025-04,CUS-0041,797915,113987,170981,56996,1139879
2025-04,CUS-0042,797915,113987,170981,56996,1139879
2025-04,CUS-0043,797915,113987,170981,56996,1139879
2025-04,CUS-0044,797915,113987,170981,56996,1139879
2025-04,CUS-0045,797915,113987,170981,56996,1139879
2025-04,CUS-0046,797915,113987,170981,56996,1139879
2025-04,CUS-0047,797915,113987,170981,56996,1139879
2025-04,CUS-0048,797915,113987,170981,56996,1139879
2025-04,CUS-0049,797915,113987,170981,56996,1139879
2025-04,CUS-0050,797915,113987,170981,56996,1139879
2025-04,CUS-0051,797915,113987,170981,56996,1139879
2025-04,CUS-0052,797915,113987,170981,56996,1139879
2025-04,CUS-0053,797915,113987,170981,56996,1139879
2025-04,CUS-0054,797915,113987,170981,56996,1139879
2025-04,CUS-0055,797915,113987,170981,56996,1139879
2025-04,CUS-0056,797915,113987,170981,56996,1139879
2025-04,CUS-0057,797915,113987,170981,56996,1139879
2025-04,CUS-0058,797915,113987,170981,56996,1139879
2025-04,CUS-0059,797915,113987,170981,56996,1139879
2025-04,CUS-0060,797915,113987,170981,56996,1139879
2025-04,CUS-0061,797915,113987,170981,56996,1139879
2025-04,CUS-0062,797915,113987,170981,56996,1139879
2025-04,CUS-0063,797915,113987,170981,56996,1139879
2025-04,CUS-0064,797915,113987,170981,56996,1139879
2025-04,CUS-0065,797915,113987,170981,56996,1139879
2025-04,CUS-0066,797915,113987,170981,56996,1139879
2025-04,CUS-0067,797915,113987,170981,56996,1139879
2025-04,CUS-0068,797915,113987,170981,56996,1139879
2025-04,CUS-0069,797915,113987,170981,56996,1139879
2025-04,CUS-0070,797915,113987,170981,56996,1139879
2025-04,CUS-0071,797915,113987,170981,56996,1139879
2025-04,CUS-0072,797915,113987,170981,56996,1139879
2025-04,CUS-0073,797915,113987,170981,56996,1139879
2025-04,CUS-0074,797915,113987,170981,56996,1139879
2025-04,CUS-0075,797915,113987,170981,56996,1139879
2025-04,CUS-0076,797915,113987,170981,56996,1139879
2025-04,CUS-0077,797915,113987,170981,56996,1139879
2025-04,CUS-0078,797915,113987,170981,56996,1139879
2025-04,CUS-0079,797915,113987,170981,56996,1139879
2025-04,CUS-0080,797915,113987,170981,56996,1139879
2025-04,CUS-0081,797915,113987,170981,56996,1139879
2025-04,CUS-0082,797915,113987,170981,56996,1139879
2025-04,CUS-0083,797915,113987,170981,56996,1139879
2025-04,CUS-0084,797915,113987,170981,56996,1139879
2025-04,CUS-0085,797915,113987,170981,56996,1139879
2025-04,CUS-0086,797915,113987,170981,56996,1139879
2025-04,CUS-0087,797915,113987,170981,56996,1139879
2025-04,CUS-0088,797915,113987,170981,56996,1139879
2025-04,CUS-0089,797915,113987,170981,56996,1139879
2025-04,CUS-0090,797915,113987,170981,56996,1139879
2025-04,CUS-0091,797915,113987,170981,56996,1139879
2025-04,CUS-0092,797915,113987,170981,56996,1139879
2025-04,CUS-0093,797915,113987,170981,56996,1139879
2025-04,CUS-0094,797915,113987,170981,56996,1139879
2025-04,CUS-0095,797915,113987,170981,56996,1139879
2025-04,CUS-0096,797915,113987,170981,56996,1139879
2025-04,CUS-0097,797915,113987,170981,56996,1139879
2025-04,CUS-0098,797915,113987,170981,56996,1139879
2025-04,CUS-0099,797915,113987,170981,56996,1139879
2025-04,CUS-0100,797915,113987,170981,56996,1139879
2025-04,CUS-0101,797915,113987,170981,56996,1139879
2025-04,CUS-0102,797915,113987,170981,56996,1139879
2025-04,CUS-0103,797915,113987,170981,56996,1139879
2025-04,CUS-0104,797915,113987,170981,56996,1139879
2025-04,CUS-0105,797915,113987,170981,56996,1139879
2025-04,CUS-0106,797915,113987,170981,56996,1139879
2025-04,CUS-0107,797915,113987,170981,56996,1139879
2025-04,CUS-0108,797915,113987,170981,56996,1139879
2025-04,CUS-0109,797915,113987,170981,56996,1139879
2025-04,CUS-0110,797915,113987,170981,56996,1139879
2025-04,CUS-0111,797915,113987,170981,56996,1139879
2025-04,CUS-0112,797915,113987,170981,56996,1139879
2025-04,CUS-0113,797915,113987,170981,56996,1139879
2025-04,CUS-0114,797915,113987,170981,56996,1139879
2025-04,CUS-0115,797915,113987,170981,56996,1139879
2025-04,CUS-0116,797915,113987,170981,56996,1139879
2025-04,CUS-0117,797915,113987,170981,56996,1139879
2025-04,CUS-0118,797915,113987,170981,56996,1139879
2025-04,CUS-0119,797915,113987,170981,56996,1139879
2025-04,CUS-0120,797915,113987,170981,56996,1139879
2025-04,CUS-0121,797915,113987,170981,56996,1139879
2025-04,CUS-0122,797915,113987,170981,56996,1139879
2025-04,CUS-0123,797915,113987,170981,56996,1139879
2025-04,CUS-0124,797915,113987,170981,56996,1139879
2025-04,CUS-0125,797915,113987,170981,56996,1139879
2025-04,CUS-0126,797915,113987,170981,56996,1139879
2025-04,CUS-0127,797915,113987,170981,56996,1139879
2025-04,CUS-0128,797915,113987,170981,56996,1139879
2025-04,CUS-0129,797915,113987,170981,56996,1139879
2025-04,CUS-0130,797915,113987,170981,56996,1139879
2025-04,CUS-0131,797915,113987,170981,56996,1139879
2025-04,CUS-0132,797915,113987,170981,56996,1139879
2025-04,CUS-0133,797915,113987,170981,56996,1139879
2025-04,CUS-0134,797915,113987,170981,56996,1139879
2025-04,CUS-0135,797915,113987,170981,56996,1139879
2025-04,CUS-0136,797915,113987,170981,56996,1139879
2025-04,CUS-0137,797915,113987,170981,56996,1139879
2025-04,CUS-0138,797915,113987,170981,56996,1139879
2025-04,CUS-0139,797915,113987,170981,56996,1139879
2025-04,CUS-0140,797915,113987,170981,56996,1139879
2025-04,CUS-0141,797915,113987,170981,56996,1139879
2025-04,CUS-0142,797915,113987,170981,56996,1139879
2025-04,CUS-0143,797915,113987,170981,56996,1139879
2025-04,CUS-0144,797915,113987,170981,56996,1139879
2025-04,CUS-0145,797915,113987,170981,56996,1139879
2025-04,CUS-0146,797915,113987,170981,56996,1139879
2025-04,CUS-0147,797915,113987,170981,56996,1139879
2025-04,CUS-0148,797915,113987,170981,56996,1139879
2025-04,CUS-0149,797915,113987,170981,56996,1139879
2025-04,CUS-0150,797915,113987,170981,56996,1139879
2025-04,CUS-0151,797915,113987,170981,56996,1139879
2025-04,CUS-0152,797915,113987,170981,56996,1139879
2025-04,CUS-0153,797915,113987,170981,56996,1139879
2025-04,CUS-0154,797915,113987,170981,56996,1139879
2025-04,CUS-0155,797915,113987,170981,56996,1139879
2025-04,CUS-0156,797915,113987,170981,56996,1139879
2025-04,CUS-0157,797915,113987,170981,56996,1139879
2025-04,CUS-0158,797915,113987,170981,56996,1139879
2025-04,CUS-0159,797915,113987,170981,56996,1139879
2025-04,CUS-0160,797915,113987,170981,56996,1139879
2025-04,CUS-0161,797915,113987,170981,56996,1139879
2025-04,CUS-0162,797915,113987,170981,56996,1139879
2025-04,CUS-0163,797915,113987,170981,56996,1139879
2025-04,CUS-0164,797915,113987,170981,56996,1139879
2025-04,CUS-0165,797915,113987,170981,56996,1139879
2025-04,CUS-0166,797915,113987,170981,56996,1139879
2025-04,CUS-0167,797915,113987,170981,56996,1139879
2025-04,CUS-0168,797915,113987,170981,56996,1139879
2025-04,CUS-0169,797915,113987,170981,56996,1139879
2025-04,CUS-0170,797915,113987,170981,56996,1139879
2025-04,CUS-0171,797915,113987,170981,56996,1139879
2025-04,CUS-0172,797915,113987,170981,56996,1139879
2025-04,CUS-0173,797915,113987,170981,56996,1139879
2025-04,CUS-0174,797915,113987,170981,56996,1139879
2025-04,CUS-0175,797915,113987,170981,56996,1139879
2025-04,CUS-0176,797915,113987,170981,56996,1139879
2025-04,CUS-0177,797915,113987,170981,56996,1139879
2025-04,CUS-0178,797915,113987,170981,56996,1139879
2025-04,CUS-0179,797915,113987,170981,56996,1139879
2025-04,CUS-0180,797915,113987,170981,56996,1139879
2025-04,CUS-0181,797915,113987,170981,56996,1139879
2025-04,CUS-0182,797915,113987,170981,56996,1139879
2025-04,CUS-0183,797915,113987,170981,56996,1139879
2025-04,CUS-0184,797915,113987,170981,56996,1139879
2025-04,CUS-0185,797915,113987,170981,56996,1139879
2025-04,CUS-0186,797915,113987,170981,56996,1139879
2025-04,CUS-0187,797915,113987,170981,56996,1139879
2025-04,CUS-0188,797915,113987,170981,56996,1139879
2025-04,CUS-0189,797915,113987,170981,56996,1139879
2025-04,CUS-0190,797915,113987,170981,56996,1139879
2025-04,CUS-0191,797915,113987,170981,56996,1139879
2025-04,CUS-0192,797915,113987,170981,56996,1139879
2025-04,CUS-0193,797915,113987,170981,56996,1139879
2025-04,CUS-0194,797915,113987,170981,56996,1139879
2025-04,CUS-0195,797915,113987,170981,56996,1139879
2025-04,CUS-0196,797915,113987,170981,56996,1139879
2025-04,CUS-0197,797915,113987,170981,56996,1139879
2025-04,CUS-0198,797915,113987,170981,56996,1139879
2025-04,CUS-0199,797915,113987,170981,56996,1139879
2025-04,CUS-0200,797915,113987,170981,56996,1139879
2025-04,CUS-0201,797915,113987,170981,56996,1139879
2025-04,CUS-0202,797915,113987,170981,56996,1139879
2025-04,CUS-0203,797915,113987,170981,56996,1139879
2025-04,CUS-0204,797915,113987,170981,56996,1139879
2025-04,CUS-0205,797915,113987,170981,56996,1139879
2025-04,CUS-0206,797915,113987,170981,56996,1139879
2025-04,CUS-0207,797915,113987,170981,56996,1139879
2025-04,CUS-0208,797915,113987,170981,56996,1139879
2025-04,CUS-0209,797915,113987,170981,56996,1139879
2025-04,CUS-0210,797915,113987,170981,56996,1139879
2025-04,CUS-0211,797915,113987,170981,56996,1139879
2025-04,CUS-0212,797915,113987,170981,56996,1139879
2025-04,CUS-0213,797915,113987,170981,56996,1139879
2025-04,CUS-0214,797915,113987,170981,56996,1139879
2025-04,CUS-0215,797915,113987,170981,56996,1139879
2025-04,CUS-0216,797915,113987,170981,56996,1139879
2025-04,CUS-0217,797915,113987,170981,56996,1139879
2025-04,CUS-0218,797915,113987,170981,56996,1139879
2025-04,CUS-0219,797915,113987,170981,56996,1139879
2025-04,CUS-0220,797915,113987,170981,56996,1139879
2025-04,CUS-0221,797915,113987,170981,56996,1139879
2025-04,CUS-0222,797915,113987,170981,56996,1139879
2025-04,CUS-0223,797915,113987,170981,56996,1139879
2025-04,CUS-0224,797915,113987,170981,56996,1139879
2025-04,CUS-0225,797915,113987,170981,56996,1139879
2025-04,CUS-0226,797915,113987,170981,56996,1139879
2025-04,CUS-0227,797915,113987,170981,56996,1139879
2025-04,CUS-0228,797915,113987,170981,56996,1139879
2025-04,CUS-0229,797915,113987,170981,56996,1139879
2025-04,CUS-0230,797915,113987,170981,56996,1139879
2025-04,CUS-0231,797915,113987,170981,56996,1139879
2025-04,CUS-0232,797915,113987,170981,56996,1139879
2025-04,CUS-0233,797915,113987,170981,56996,1139879
2025-04,CUS-0234,797915,113987,170981,56996,1139879
2025-04,CUS-0235,797915,113987,170981,56996,1139879
2025-04,CUS-0236,797915,113987,170981,56996,1139879
2025-04,CUS-0237,797915,113987,170981,56996,1139879
2025-04,CUS-0238,797915,113987,170981,56996,1139879
2025-04,CUS-0239,797915,113987,170981,56996,1139879
2025-04,CUS-0240,797915,113987,170981,56996,1139879
2025-04,CUS-0241,797915,113987,170981,56996,1139879
2025-04,CUS-0242,797915,113987,170981,56996,1139879
2025-04,CUS-0243,797915,113987,170981,56996,1139879
2025-04,CUS-0244,797915,113987,170981,56996,1139879
2025-04,CUS-0245,797915,113987,170981,56996,1139879
2025-04,CUS-0246,797915,113987,170981,56996,1139879
2025-04,CUS-0247,797915,113987,170981,56996,1139879
2025-04,CUS-0248,797915,113987,170981,56996,1139879
2025-04,CUS-0249,797915,113987,170981,56996,1139879
2025-04,CUS-0250,797915,113987,170981,56996,1139879
2025-04,CUS-0251,797915,113987,170981,56996,1139879
2025-04,CUS-0252,797915,113987,170981,56996,1139879
2025-04,CUS-0253,797915,113987,170981,56996,1139879
2025-04,CUS-0254,797915,113987,170981,56996,1139879
2025-04,CUS-0255,797915,113987,170981,56996,1139879
2025-04,CUS-0256,797915,113987,170981,56996,1139879
2025-04,CUS-0257,797915,113987,170981,56996,1139879
2025-04,CUS-0258,797915,113987,170981,56996,1139879
2025-04,CUS-0259,797915,113987,170981,56996,1139879
2025-04,CUS-0260,797915,113987,170981,56996,1139879
2025-04,CUS-0261,797915,113987,170981,56996,1139879
2025-04,CUS-0262,797915,113987,170981,56996,1139879
2025-04,CUS-0263,797915,113987,170981,56996,1139879
2025-04,CUS-0264,797915,113987,170981,56996,1139879
2025-04,CUS-0265,797915,113987,170981,56996,1139879
2025-04,CUS-0266,797915,113987,170981,56996,1139879
2025-04,CUS-0267,797915,113987,170981,56996,1139879
2025-04,CUS-0268,797915,113987,170981,56996,1139879
2025-04,CUS-0269,797915,113987,170981,56996,1139879
2025-04,CUS-0270,797915,113987,170981,56996,1139879
2025-04,CUS-0271,797915,113987,170981,56996,1139879
2025-04,CUS-0272,797915,113987,170981,56996,1139879
2025-04,CUS-0273,797915,113987,170981,56996,1139879
2025-04,CUS-0274,797915,113987,170981,56996,1139879
2025-04,CUS-0275,797915,113987,170981,56996,1139879
2025-04,CUS-0276,797915,113987,170981,56996,1139879
2025-04,CUS-0277,797915,113987,170981,56996,1139879
2025-04,CUS-0278,797915,113987,170981,56996,1139879
2025-04,CUS-0279,797915,113987,170981,56996,1139879
2025-04,CUS-0280,797915,113987,170981,56996,1139879
2025-04,CUS-0281,797915,113987,170981,56996,1139879
2025-04,CUS-0282,797915,113987,170981,56996,1139879
2025-04,CUS-0283,797915,113987,170981,56996,1139879
2025-04,CUS-0284,797915,113987,170981,56996,1139879
2025-04,CUS-0285,797915,113987,170981,56996,1139879
2025-04,CUS-0286,797915,113987,170981,56996,1139879
2025-04,CUS-0287,797915,113987,170981,56996,1139879
2025-04,CUS-0288,797915,113987,170981,56996,1139879
2025-04,CUS-0289,797915,113987,170981,56996,1139879
2025-04,CUS-0290,797915,113987,170981,56996,1139879
2025-04,CUS-0291,797915,113987,170981,56996,1139879
2025-04,CUS-0292,797915,113987,170981,56996,1139879
2025-04,CUS-0293,797915,113987,170981,56996,1139879
2025-04,CUS-0294,797915,113987,170981,56996,1139879
2025-04,CUS-0295,797915,113987,170981,56996,1139879
2025-04,CUS-0296,797915,113987,170981,56996,1139879
2025-04,CUS-0297,797915,113987,170981,56996,1139879
2025-04,CUS-0298,797915,113987,170981,56996,1139879
2025-04,CUS-0299,797915,113987,170981,56996,1139879
2025-04,CUS-0300,797915,113987,170981,56996,1139879
2025-04,CUS-0301,797915,113987,170981,56996,1139879
2025-04,CUS-0302,797915,113987,170981,56996,1139879
2025-04,CUS-0303,797915,113987,170981,56996,1139879
2025-04,CUS-0304,797915,113987,170981,56996,1139879
2025-04,CUS-0305,797915,113987,170981,56996,1139879
2025-04,CUS-0306,797915,113987,170981,56996,1139879
2025-04,CUS-0307,797915,113987,170981,56996,1139879
2025-04,CUS-0308,797915,113987,170981,56996,1139879
2025-04,CUS-0309,797915,113987,170981,56996,1139879
2025-04,CUS-0310,797915,113987,170981,56996,1139879
2025-04,CUS-0311,797915,113987,170981,56996,1139879
2025-04,CUS-0312,797915,113987,170981,56996,1139879
2025-04,CUS-0313,797915,113987,170981,56996,1139879
2025-04,CUS-0314,797915,113987,170981,56996,1139879
2025-04,CUS-0315,797915,113987,170981,56996,1139879
2025-04,CUS-0316,797915,113987,170981,56996,1139879
2025-04,CUS-0317,797915,113987,170981,56996,1139879
2025-04,CUS-0318,797915,113987,170981,56996,1139879
2025-04,CUS-0319,797915,113987,170981,56996,1139879
2025-04,CUS-0320,797915,113987,170981,56996,1139879
2025-04,CUS-0321,797915,113987,170981,56996,1139879
2025-04,CUS-0322,797915,113987,170981,56996,1139879
2025-04,CUS-0323,797915,113987,170981,56996,1139879
2025-04,CUS-0324,797915,113987,170981,56996,1139879
2025-04,CUS-0325,797915,113987,170981,56996,1139879
2025-04,CUS-0326,797915,113987,170981,56996,1139879
2025-04,CUS-0327,797915,113987,170981,56996,1139879
2025-04,CUS-0328,797915,113987,170981,56996,1139879
2025-04,CUS-0329,797915,113987,170981,56996,1139879
2025-04,CUS-0330,797915,113987,170981,56996,1139879
2025-04,CUS-0331,797915,113987,170981,56996,1139879
2025-04,CUS-0332,797915,113987,170981,56996,1139879
2025-04,CUS-0333,797915,113987,170981,56996,1139879
2025-04,CUS-0334,797915,113987,170981,56996,1139879
2025-04,CUS-0335,797915,113987,170981,56996,1139879
2025-04,CUS-0336,797915,113987,170981,56996,1139879
2025-04,CUS-0337,797915,113987,170981,56996,1139879
2025-04,CUS-0338,797915,113987,170981,56996,1139879
2025-04,CUS-0339,797915,113987,170981,56996,1139879
2025-04,CUS-0340,797915,113987,170981,56996,1139879
2025-04,CUS-0341,797915,113987,170981,56996,1139879
2025-04,CUS-0342,797915,113987,170981,56996,1139879
2025-04,CUS-0343,797915,113987,170981,56996,1139879
2025-04,CUS-0344,797915,113987,170981,56996,1139879
2025-04,CUS-0345,797915,113987,170981,56996,1139879
2025-04,CUS-0346,797915,113987,170981,56996,1139879
2025-04,CUS-0347,797915,113987,170981,56996,1139879
2025-04,CUS-0348,797915,113987,170981,56996,1139879
2025-04,CUS-0349,797915,113987,170981,56996,1139879
2025-04,CUS-0350,797915,113987,170981,56996,1139879
2025-04,CUS-0351,797915,113987,170981,56996,1139879
2025-04,CUS-0352,797915,113987,170981,56996,1139879
2025-04,CUS-0353,797915,113987,170981,56996,1139879
2025-04,CUS-0354,797915,113987,170981,56996,1139879
2025-04,CUS-0355,797915,113987,170981,56996,1139879
2025-04,CUS-0356,797915,113987,170981,56996,1139879
2025-04,CUS-0357,797915,113987,170981,56996,1139879
2025-04,CUS-0358,797915,113987,170981,56996,1139879
2025-04,CUS-0359,797915,113987,170981,56996,1139879
2025-04,CUS-0360,797915,113987,170981,56996,1139879
2025-04,CUS-0361,797915,113987,170981,56996,1139879
2025-04,CUS-0362,797915,113987,170981,56996,1139879
2025-04,CUS-0363,797915,113987,170981,56996,1139879
2025-04,CUS-0364,797915,113987,170981,56996,1139879
2025-04,CUS-0365,797915,113987,170981,56996,1139879
2025-04,CUS-0366,797915,113987,170981,56996,1139879
2025-04,CUS-0367,797915,113987,170981,56996,1139879
2025-04,CUS-0368,797915,113987,170981,56996,1139879
2025-04,CUS-0369,797915,113987,170981,56996,1139879
2025-04,CUS-0370,797915,113987,170981,56996,1139879
2025-04,CUS-0371,797915,113987,170981,56996,1139879
2025-04,CUS-0372,797915,113987,170981,56996,1139879
2025-04,CUS-0373,797915,113987,170981,56996,1139879
2025-04,CUS-0374,797915,113987,170981,56996,1139879
2025-04,CUS-0375,797915,113987,170981,56996,1139879
2025-04,CUS-0376,797915,113987,170981,56996,1139879
2025-04,CUS-0377,797915,113987,170981,56996,1139879
2025-04,CUS-0378,797915,113987,170981,56996,1139879
2025-04,CUS-0379,797915,113987,170981,56996,1139879
2025-04,CUS-0380,797915,113987,170981,56996,1139879
2025-04,CUS-0381,797915,113987,170981,56996,1139879
2025-04,CUS-0382,797915,113987,170981,56996,1139879
2025-04,CUS-0383,797915,113987,170981,56996,1139879
2025-04,CUS-0384,797915,113987,170981,56996,1139879
2025-04,CUS-0385,797915,113987,170981,56996,1139879
2025-04,CUS-0386,797915,113987,170981,56996,1139879
2025-04,CUS-0387,797915,113987,170981,56996,1139879
2025-04,CUS-0388,797915,113987,170981,56996,1139879
2025-04,CUS-0389,797915,113987,170981,56996,1139879
2025-04,CUS-0390,797915,113987,170981,56996,1139879
2025-04,CUS-0391,797915,113987,170981,56996,1139879
2025-04,CUS-0392,797915,113987,170981,56996,1139879
2025-04,CUS-0393,797915,113987,170981,56996,1139879
2025-04,CUS-0394,797915,113987,170981,56996,1139879
2025-04,CUS-0395,797915,113987,170981,56996,1139879
2025-04,CUS-0396,797915,113987,170981,56996,1139879
2025-04,CUS-0397,797915,113987,170981,56996,1139879
2025-04,CUS-0398,797915,113987,170981,56996,1139879
2025-04,CUS-0399,797915,113987,170981,56996,1139879
2025-04,CUS-0400,797915,113987,170981,56996,1139879
2025-04,CUS-0401,797915,113987,170981,56996,1139879
2025-04,CUS-0402,797915,113987,170981,56996,1139879
2025-04,CUS-0403,797915,113987,170981,56996,1139879
2025-04,CUS-0404,797915,113987,170981,56996,1139879
2025-04,CUS-0405,797915,113987,170981,56996,1139879
2025-04,CUS-0406,797915,113987,170981,56996,1139879
2025-04,CUS-0407,797915,113987,170981,56996,1139879
2025-04,CUS-0408,797915,113987,170981,56996,1139879
2025-04,CUS-0409,797915,113987,170981,56996,1139879
2025-04,CUS-0410,797915,113987,170981,56996,1139879
2025-04,CUS-0411,797915,113987,170981,56996,1139879
2025-04,CUS-0412,797915,113987,170981,56996,1139879
2025-04,CUS-0413,797915,113987,170981,56996,1139879
2025-04,CUS-0414,797915,113987,170981,56996,1139879
2025-04,CUS-0415,797915,113987,170981,56996,1139879
2025-04,CUS-0416,797915,113987,170981,56996,1139879
2025-04,CUS-0417,797915,113987,170981,56996,1139879
2025-04,CUS-0418,797915,113987,170981,56996,1139879
2025-04,CUS-0419,797915,113987,170981,56996,1139879
2025-04,CUS-0420,797915,113987,170981,56996,1139879
2025-04,CUS-0421,797915,113987,170981,56996,1139879
2025-04,CUS-0422,797915,113987,170981,56996,1139879
2025-04,CUS-0423,797915,113987,170981,56996,1139879
2025-04,CUS-0424,797915,113987,170981,56996,1139879
2025-04,CUS-0425,797915,113987,170981,56996,1139879
2025-04,CUS-0426,797915,113987,170981,56996,1139879
2025-04,CUS-0427,797915,113987,170981,56996,1139879
2025-04,CUS-0428,797915,113987,170981,56996,1139879
2025-04,CUS-0429,797915,113987,170981,56996,1139879
2025-04,CUS-0430,797915,113987,170981,56996,1139879
2025-04,CUS-0431,797915,113987,170981,56996,1139879
2025-04,CUS-0432,797915,113987,170981,56996,1139879
2025-04,CUS-0433,797915,113987,170981,56996,1139879
2025-04,CUS-0434,797915,113987,170981,56996,1139879
2025-04,CUS-0435,797915,113987,170981,56996,1139879
2025-04,CUS-0436,797915,113987,170981,56996,1139879
2025-04,CUS-0437,797915,113987,170981,56996,1139879
2025-04,CUS-0438,797915,113987,170981,56996,1139879
2025-04,CUS-0439,797915,113987,170981,56996,1139879
2025-04,CUS-0440,797915,113987,170981,56996,1139879
2025-04,CUS-0441,797915,113987,170981,56996,1139879
2025-04,CUS-0442,797915,113987,170981,56996,1139879
2025-04,CUS-0443,797915,113987,170981,56996,1139879
2025-04,CUS-0444,797915,113987,170981,56996,1139879
2025-04,CUS-0445,797915,113987,170981,56996,1139879
2025-04,CUS-0446,797915,113987,170981,56996,1139879
2025-04,CUS-0447,797915,113987,170981,56996,1139879
2025-04,CUS-0448,797915,113987,170981,56996,1139879
2025-04,CUS-0449,797915,113987,170981,56996,1139879
2025-04,CUS-0450,797915,113987,170981,56996,1139879
2025-04,CUS-0451,797915,113987,170981,56996,1139879
2025-04,CUS-0452,797915,113987,170981,56996,1139879
2025-04,CUS-0453,797915,113987,170981,56996,1139879
2025-04,CUS-0454,797915,113987,170981,56996,1139879
2025-04,CUS-0455,797915,113987,170981,56996,1139879
2025-04,CUS-0456,797915,113987,170981,56996,1139879
2025-04,CUS-0457,797915,113987,170981,56996,1139879
2025-04,CUS-0458,797915,113987,170981,56996,1139879
2025-04,CUS-0459,797915,113987,170981,56996,1139879
2025-04,CUS-0460,797915,113987,170981,56996,1139879
2025-04,CUS-0461,797915,113987,170981,56996,1139879
2025-04,CUS-0462,797915,113987,170981,56996,1139879
2025-04,CUS-0463,797915,113987,170981,56996,1139879
2025-04,CUS-0464,797915,113987,170981,56996,1139879
2025-04,CUS-0465,797915,113987,170981,56996,1139879
2025-04,CUS-0466,797915,113987,170981,56996,1139879
2025-04,CUS-0467,797915,113987,170981,56996,1139879
2025-04,CUS-0468,797915,113987,170981,56996,1139879
2025-04,CUS-0469,797915,113987,170981,56996,1139879
2025-04,CUS-0470,797915,113987,170981,56996,1139879
2025-04,CUS-0471,797915,113987,170981,56996,1139879
2025-04,CUS-0472,797915,113987,170981,56996,1139879
2025-04,CUS-0473,797915,113987,170981,56996,1139879
2025-04,CUS-0474,797915,113987,170981,56996,1139879
2025-04,CUS-0475,797915,113987,170981,56996,1139879
2025-04,CUS-0476,797915,113987,170981,56996,1139879
2025-04,CUS-0477,797915,113987,170981,56996,1139879
2025-04,CUS-0478,797915,113987,170981,56996,1139879
2025-04,CUS-0479,797915,113987,170981,56996,1139879
2025-04,CUS-0480,797915,113987,170981,56996,1139879
2025-04,CUS-0481,797915,113987,170981,56996,1139879
2025-04,CUS-0482,797915,113987,170981,56996,1139879
2025-04,CUS-0483,797915,113987,170981,56996,1139879
2025-04,CUS-0484,797915,113987,170981,56996,1139879
2025-04,CUS-0485,797915,113987,170981,56996,1139879
2025-04,CUS-0486,797915,113987,170981,56996,1139879
2025-04,CUS-0487,797915,113987,170981,56996,1139879
2025-04,CUS-0488,797915,113987,170981,56996,1139879
2025-04,CUS-0489,797915,113987,170981,56996,1139879
2025-04,CUS-0490,797915,113987,170981,56996,1139879
2025-04,CUS-0491,797915,113987,170981,56996,1139879
2025-04,CUS-0492,797915,113987,170981,56996,1139879
2025-04,CUS-0493,797915,113987,170981,56996,1139879
2025-04,CUS-0494,797915,113987,170981,56996,1139879
2025-04,CUS-0495,797915,113987,170981,56996,1139879
2025-04,CUS-0496,797915,113987,170981,56996,1139879
2025-04,CUS-0497,797915,113987,170981,56996,1139879
2025-04,CUS-0498,797915,113987,170981,56996,1139879
2025-04,CUS-0499,797915,113987,170981,56996,1139879
2025-04,CUS-0500,797915,113987,170981,56996,1139879
2025-05,CUS-0001,184800000,26400000,39600000,13200000,264000000
2025-05,CUS-0002,808015,115430,173146,57717,1154308
2025-05,CUS-0003,808015,115430,173146,57717,1154308
2025-05,CUS-0004,808015,115430,173146,57717,1154308
2025-05,CUS-0005,808015,115430,173146,57717,1154308
2025-05,CUS-0006,808015,115430,173146,57717,1154308
2025-05,CUS-0007,808015,115430,173146,57717,1154308
2025-05,CUS-0008,808015,115430,173146,57717,1154308
2025-05,CUS-0009,808015,115430,173146,57717,1154308
2025-05,CUS-0010,808015,115430,173146,57717,1154308
2025-05,CUS-0011,808015,115430,173146,57717,1154308
2025-05,CUS-0012,808015,115430,173146,57717,1154308
2025-05,CUS-0013,808015,115430,173146,57717,1154308
2025-05,CUS-0014,808015,115430,173146,57717,1154308
2025-05,CUS-0015,808015,115430,173146,57717,1154308
2025-05,CUS-0016,808015,115430,173146,57717,1154308
2025-05,CUS-0017,808015,115430,173146,57717,1154308
2025-05,CUS-0018,808015,115430,173146,57717,1154308
2025-05,CUS-0019,808015,115430,173146,57717,1154308
2025-05,CUS-0020,808015,115430,173146,57717,1154308
2025-05,CUS-0021,808015,115430,173146,57717,1154308
2025-05,CUS-0022,808015,115430,173146,57717,1154308
2025-05,CUS-0023,808015,115430,173146,57717,1154308
2025-05,CUS-0024,808015,115430,173146,57717,1154308
2025-05,CUS-0025,808015,115430,173146,57717,1154308
2025-05,CUS-0026,808015,115430,173146,57717,1154308
2025-05,CUS-0027,808015,115430,173146,57717,1154308
2025-05,CUS-0028,808015,115430,173146,57717,1154308
2025-05,CUS-0029,808015,115430,173146,57717,1154308
2025-05,CUS-0030,808015,115430,173146,57717,1154308
2025-05,CUS-0031,808015,115430,173146,57717,1154308
2025-05,CUS-0032,808015,115430,173146,57717,1154308
2025-05,CUS-0033,808015,115430,173146,57717,1154308
2025-05,CUS-0034,808015,115430,173146,57717,1154308
2025-05,CUS-0035,808015,115430,173146,57717,1154308
2025-05,CUS-0036,808015,115430,173146,57717,1154308
2025-05,CUS-0037,808015,115430,173146,57717,1154308
2025-05,CUS-0038,808015,115430,173146,57717,1154308
2025-05,CUS-0039,808015,115430,173146,57717,1154308
2025-05,CUS-0040,808015,115430,173146,57717,1154308
2025-05,CUS-0041,808015,115430,173146,57717,1154308
2025-05,CUS-0042,808015,115430,173146,57717,1154308
2025-05,CUS-0043,808015,115430,173146,57717,1154308
2025-05,CUS-0044,808015,115430,173146,57717,1154308
2025-05,CUS-0045,808015,115430,173146,57717,1154308
2025-05,CUS-0046,808015,115430,173146,57717,1154308
2025-05,CUS-0047,808015,115430,173146,57717,1154308
2025-05,CUS-0048,808015,115430,173146,57717,1154308
2025-05,CUS-0049,808015,115430,173146,57717,1154308
2025-05,CUS-0050,808015,115430,173146,57717,1154308
2025-05,CUS-0051,808015,115430,173146,57717,1154308
2025-05,CUS-0052,808015,115430,173146,57717,1154308
2025-05,CUS-0053,808015,115430,173146,57717,1154308
2025-05,CUS-0054,808015,115430,173146,57717,1154308
2025-05,CUS-0055,808015,115430,173146,57717,1154308
2025-05,CUS-0056,808015,115430,173146,57717,1154308
2025-05,CUS-0057,808015,115430,173146,57717,1154308
2025-05,CUS-0058,808015,115430,173146,57717,1154308
2025-05,CUS-0059,808015,115430,173146,57717,1154308
2025-05,CUS-0060,808015,115430,173146,57717,1154308
2025-05,CUS-0061,808015,115430,173146,57717,1154308
2025-05,CUS-0062,808015,115430,173146,57717,1154308
2025-05,CUS-0063,808015,115430,173146,57717,1154308
2025-05,CUS-0064,808015,115430,173146,57717,1154308
2025-05,CUS-0065,808015,115430,173146,57717,1154308
2025-05,CUS-0066,808015,115430,173146,57717,1154308
2025-05,CUS-0067,808015,115430,173146,57717,1154308
2025-05,CUS-0068,808015,115430,173146,57717,1154308
2025-05,CUS-0069,808015,115430,173146,57717,1154308
2025-05,CUS-0070,808015,115430,173146,57717,1154308
2025-05,CUS-0071,808015,115430,173146,57717,1154308
2025-05,CUS-0072,808015,115430,173146,57717,1154308
2025-05,CUS-0073,808015,115430,173146,57717,1154308
2025-05,CUS-0074,808015,115430,173146,57717,1154308
2025-05,CUS-0075,808015,115430,173146,57717,1154308
2025-05,CUS-0076,808015,115430,173146,57717,1154308
2025-05,CUS-0077,808015,115430,173146,57717,1154308
2025-05,CUS-0078,808015,115430,173146,57717,1154308
2025-05,CUS-0079,808015,115430,173146,57717,1154308
2025-05,CUS-0080,808015,115430,173146,57717,1154308
2025-05,CUS-0081,808015,115430,173146,57717,1154308
2025-05,CUS-0082,808015,115430,173146,57717,1154308
2025-05,CUS-0083,808015,115430,173146,57717,1154308
2025-05,CUS-0084,808015,115430,173146,57717,1154308
2025-05,CUS-0085,808015,115430,173146,57717,1154308
2025-05,CUS-0086,808015,115430,173146,57717,1154308
2025-05,CUS-0087,808015,115430,173146,57717,1154308
2025-05,CUS-0088,808015,115430,173146,57717,1154308
2025-05,CUS-0089,808015,115430,173146,57717,1154308
2025-05,CUS-0090,808015,115430,173146,57717,1154308
2025-05,CUS-0091,808015,115430,173146,57717,1154308
2025-05,CUS-0092,808015,115430,173146,57717,1154308
2025-05,CUS-0093,808015,115430,173146,57717,1154308
2025-05,CUS-0094,808015,115430,173146,57717,1154308
2025-05,CUS-0095,808015,115430,173146,57717,1154308
2025-05,CUS-0096,808015,115430,173146,57717,1154308
2025-05,CUS-0097,808015,115430,173146,57717,1154308
2025-05,CUS-0098,808015,115430,173146,57717,1154308
2025-05,CUS-0099,808015,115430,173146,57717,1154308
2025-05,CUS-0100,808015,115430,173146,57717,1154308
2025-05,CUS-0101,808015,115430,173146,57717,1154308
2025-05,CUS-0102,808015,115430,173146,57717,1154308
2025-05,CUS-0103,808015,115430,173146,57717,1154308
2025-05,CUS-0104,808015,115430,173146,57717,1154308
2025-05,CUS-0105,808015,115430,173146,57717,1154308
2025-05,CUS-0106,808015,115430,173146,57717,1154308
2025-05,CUS-0107,808015,115430,173146,57717,1154308
2025-05,CUS-0108,808015,115430,173146,57717,1154308
2025-05,CUS-0109,808015,115430,173146,57717,1154308
2025-05,CUS-0110,808015,115430,173146,57717,1154308
2025-05,CUS-0111,808015,115430,173146,57717,1154308
2025-05,CUS-0112,808015,115430,173146,57717,1154308
2025-05,CUS-0113,808015,115430,173146,57717,1154308
2025-05,CUS-0114,808015,115430,173146,57717,1154308
2025-05,CUS-0115,808015,115430,173146,57717,1154308
2025-05,CUS-0116,808015,115430,173146,57717,1154308
2025-05,CUS-0117,808015,115430,173146,57717,1154308
2025-05,CUS-0118,808015,115430,173146,57717,1154308
2025-05,CUS-0119,808015,115430,173146,57717,1154308
2025-05,CUS-0120,808015,115430,173146,57717,1154308
2025-05,CUS-0121,808015,115430,173146,57717,1154308
2025-05,CUS-0122,808015,115430,173146,57717,1154308
2025-05,CUS-0123,808015,115430,173146,57717,1154308
2025-05,CUS-0124,808015,115430,173146,57717,1154308
2025-05,CUS-0125,808015,115430,173146,57717,1154308
2025-05,CUS-0126,808015,115430,173146,57717,1154308
2025-05,CUS-0127,808015,115430,173146,57717,1154308
2025-05,CUS-0128,808015,115430,173146,57717,1154308
2025-05,CUS-0129,808015,115430,173146,57717,1154308
2025-05,CUS-0130,808015,115430,173146,57717,1154308
2025-05,CUS-0131,808015,115430,173146,57717,1154308
2025-05,CUS-0132,808015,115430,173146,57717,1154308
2025-05,CUS-0133,808015,115430,173146,57717,1154308
2025-05,CUS-0134,808015,115430,173146,57717,1154308
2025-05,CUS-0135,808015,115430,173146,57717,1154308
2025-05,CUS-0136,808015,115430,173146,57717,1154308
2025-05,CUS-0137,808015,115430,173146,57717,1154308
2025-05,CUS-0138,808015,115430,173146,57717,1154308
2025-05,CUS-0139,808015,115430,173146,57717,1154308
2025-05,CUS-0140,808015,115430,173146,57717,1154308
2025-05,CUS-0141,808015,115430,173146,57717,1154308
2025-05,CUS-0142,808015,115430,173146,57717,1154308
2025-05,CUS-0143,808015,115430,173146,57717,1154308
2025-05,CUS-0144,808015,115430,173146,57717,1154308
2025-05,CUS-0145,808015,115430,173146,57717,1154308
2025-05,CUS-0146,808015,115430,173146,57717,1154308
2025-05,CUS-0147,808015,115430,173146,57717,1154308
2025-05,CUS-0148,808015,115430,173146,57717,1154308
2025-05,CUS-0149,808015,115430,173146,57717,1154308
2025-05,CUS-0150,808015,115430,173146,57717,1154308
2025-05,CUS-0151,808015,115430,173146,57717,1154308
2025-05,CUS-0152,808015,115430,173146,57717,1154308
2025-05,CUS-0153,808015,115430,173146,57717,1154308
2025-05,CUS-0154,808015,115430,173146,57717,1154308
2025-05,CUS-0155,808015,115430,173146,57717,1154308
2025-05,CUS-0156,808015,115430,173146,57717,1154308
2025-05,CUS-0157,808015,115430,173146,57717,1154308
2025-05,CUS-0158,808015,115430,173146,57717,1154308
2025-05,CUS-0159,808015,115430,173146,57717,1154308
2025-05,CUS-0160,808015,115430,173146,57717,1154308
2025-05,CUS-0161,808015,115430,173146,57717,1154308
2025-05,CUS-0162,808015,115430,173146,57717,1154308
2025-05,CUS-0163,808015,115430,173146,57717,1154308
2025-05,CUS-0164,808015,115430,173146,57717,1154308
2025-05,CUS-0165,808015,115430,173146,57717,1154308
2025-05,CUS-0166,808015,115430,173146,57717,1154308
2025-05,CUS-0167,808015,115430,173146,57717,1154308
2025-05,CUS-0168,808015,115430,173146,57717,1154308
2025-05,CUS-0169,808015,115430,173146,57717,1154308
2025-05,CUS-0170,808015,115430,173146,57717,1154308
2025-05,CUS-0171,808015,115430,173146,57717,1154308
2025-05,CUS-0172,808015,115430,173146,57717,1154308
2025-05,CUS-0173,808015,115430,173146,57717,1154308
2025-05,CUS-0174,808015,115430,173146,57717,1154308
2025-05,CUS-0175,808015,115430,173146,57717,1154308
2025-05,CUS-0176,808015,115430,173146,57717,1154308
2025-05,CUS-0177,808015,115430,173146,57717,1154308
2025-05,CUS-0178,808015,115430,173146,57717,1154308
2025-05,CUS-0179,808015,115430,173146,57717,1154308
2025-05,CUS-0180,808015,115430,173146,57717,1154308
2025-05,CUS-0181,808015,115430,173146,57717,1154308
2025-05,CUS-0182,808015,115430,173146,57717,1154308
2025-05,CUS-0183,808015,115430,173146,57717,1154308
2025-05,CUS-0184,808015,115430,173146,57717,1154308
2025-05,CUS-0185,808015,115430,173146,57717,1154308
2025-05,CUS-0186,808015,115430,173146,57717,1154308
2025-05,CUS-0187,808015,115430,173146,57717,1154308
2025-05,CUS-0188,808015,115430,173146,57717,1154308
2025-05,CUS-0189,808015,115430,173146,57717,1154308
2025-05,CUS-0190,808015,115430,173146,57717,1154308
2025-05,CUS-0191,808015,115430,173146,57717,1154308
2025-05,CUS-0192,808015,115430,173146,57717,1154308
2025-05,CUS-0193,808015,115430,173146,57717,1154308
2025-05,CUS-0194,808015,115430,173146,57717,1154308
2025-05,CUS-0195,808015,115430,173146,57717,1154308
2025-05,CUS-0196,808015,115430,173146,57717,1154308
2025-05,CUS-0197,808015,115430,173146,57717,1154308
2025-05,CUS-0198,808015,115430,173146,57717,1154308
2025-05,CUS-0199,808015,115430,173146,57717,1154308
2025-05,CUS-0200,808015,115430,173146,57717,1154308
2025-05,CUS-0201,808015,115430,173146,57717,1154308
2025-05,CUS-0202,808015,115430,173146,57717,1154308
2025-05,CUS-0203,808015,115430,173146,57717,1154308
2025-05,CUS-0204,808015,115430,173146,57717,1154308
2025-05,CUS-0205,808015,115430,173146,57717,1154308
2025-05,CUS-0206,808015,115430,173146,57717,1154308
2025-05,CUS-0207,808015,115430,173146,57717,1154308
2025-05,CUS-0208,808015,115430,173146,57717,1154308
2025-05,CUS-0209,808015,115430,173146,57717,1154308
2025-05,CUS-0210,808015,115430,173146,57717,1154308
2025-05,CUS-0211,808015,115430,173146,57717,1154308
2025-05,CUS-0212,808015,115430,173146,57717,1154308
2025-05,CUS-0213,808015,115430,173146,57717,1154308
2025-05,CUS-0214,808015,115430,173146,57717,1154308
2025-05,CUS-0215,808015,115430,173146,57717,1154308
2025-05,CUS-0216,808015,115430,173146,57717,1154308
2025-05,CUS-0217,808015,115430,173146,57717,1154308
2025-05,CUS-0218,808015,115430,173146,57717,1154308
2025-05,CUS-0219,808015,115430,173146,57717,1154308
2025-05,CUS-0220,808015,115430,173146,57717,1154308
2025-05,CUS-0221,808015,115430,173146,57717,1154308
2025-05,CUS-0222,808015,115430,173146,57717,1154308
2025-05,CUS-0223,808015,115430,173146,57717,1154308
2025-05,CUS-0224,808015,115430,173146,57717,1154308
2025-05,CUS-0225,808015,115430,173146,57717,1154308
2025-05,CUS-0226,808015,115430,173146,57717,1154308
2025-05,CUS-0227,808015,115430,173146,57717,1154308
2025-05,CUS-0228,808015,115430,173146,57717,1154308
2025-05,CUS-0229,808015,115430,173146,57717,1154308
2025-05,CUS-0230,808015,115430,173146,57717,1154308
2025-05,CUS-0231,808015,115430,173146,57717,1154308
2025-05,CUS-0232,808015,115430,173146,57717,1154308
2025-05,CUS-0233,808015,115430,173146,57717,1154308
2025-05,CUS-0234,808015,115430,173146,57717,1154308
2025-05,CUS-0235,808015,115430,173146,57717,1154308
2025-05,CUS-0236,808015,115430,173146,57717,1154308
2025-05,CUS-0237,808015,115430,173146,57717,1154308
2025-05,CUS-0238,808015,115430,173146,57717,1154308
2025-05,CUS-0239,808015,115430,173146,57717,1154308
2025-05,CUS-0240,808015,115430,173146,57717,1154308
2025-05,CUS-0241,808015,115430,173146,57717,1154308
2025-05,CUS-0242,808015,115430,173146,57717,1154308
2025-05,CUS-0243,808015,115430,173146,57717,1154308
2025-05,CUS-0244,808015,115430,173146,57717,1154308
2025-05,CUS-0245,808015,115430,173146,57717,1154308
2025-05,CUS-0246,808015,115430,173146,57717,1154308
2025-05,CUS-0247,808015,115430,173146,57717,1154308
2025-05,CUS-0248,808015,115430,173146,57717,1154308
2025-05,CUS-0249,808015,115430,173146,57717,1154308
2025-05,CUS-0250,808015,115430,173146,57717,1154308
2025-05,CUS-0251,808015,115430,173146,57717,1154308
2025-05,CUS-0252,808015,115430,173146,57717,1154308
2025-05,CUS-0253,808015,115430,173146,57717,1154308
2025-05,CUS-0254,808015,115430,173146,57717,1154308
2025-05,CUS-0255,808015,115430,173146,57717,1154308
2025-05,CUS-0256,808015,115430,173146,57717,1154308
2025-05,CUS-0257,808015,115430,173146,57717,1154308
2025-05,CUS-0258,808015,115430,173146,57717,1154308
2025-05,CUS-0259,808015,115430,173146,57717,1154308
2025-05,CUS-0260,808015,115430,173146,57717,1154308
2025-05,CUS-0261,808015,115430,173146,57717,1154308
2025-05,CUS-0262,808015,115430,173146,57717,1154308
2025-05,CUS-0263,808015,115430,173146,57717,1154308
2025-05,CUS-0264,808015,115430,173146,57717,1154308
2025-05,CUS-0265,808015,115430,173146,57717,1154308
2025-05,CUS-0266,808015,115430,173146,57717,1154308
2025-05,CUS-0267,808015,115430,173146,57717,1154308
2025-05,CUS-0268,808015,115430,173146,57717,1154308
2025-05,CUS-0269,808015,115430,173146,57717,1154308
2025-05,CUS-0270,808015,115430,173146,57717,1154308
2025-05,CUS-0271,808015,115430,173146,57717,1154308
2025-05,CUS-0272,808015,115430,173146,57717,1154308
2025-05,CUS-0273,808015,115430,173146,57717,1154308
2025-05,CUS-0274,808015,115430,173146,57717,1154308
2025-05,CUS-0275,808015,115430,173146,57717,1154308
2025-05,CUS-0276,808015,115430,173146,57717,1154308
2025-05,CUS-0277,808015,115430,173146,57717,1154308
2025-05,CUS-0278,808015,115430,173146,57717,1154308
2025-05,CUS-0279,808015,115430,173146,57717,1154308
2025-05,CUS-0280,808015,115430,173146,57717,1154308
2025-05,CUS-0281,808015,115430,173146,57717,1154308
2025-05,CUS-0282,808015,115430,173146,57717,1154308
2025-05,CUS-0283,808015,115430,173146,57717,1154308
2025-05,CUS-0284,808015,115430,173146,57717,1154308
2025-05,CUS-0285,808015,115430,173146,57717,1154308
2025-05,CUS-0286,808015,115430,173146,57717,1154308
2025-05,CUS-0287,808015,115430,173146,57717,1154308
2025-05,CUS-0288,808015,115430,173146,57717,1154308
2025-05,CUS-0289,808015,115430,173146,57717,1154308
2025-05,CUS-0290,808015,115430,173146,57717,1154308
2025-05,CUS-0291,808015,115430,173146,57717,1154308
2025-05,CUS-0292,808015,115430,173146,57717,1154308
2025-05,CUS-0293,808015,115430,173146,57717,1154308
2025-05,CUS-0294,808015,115430,173146,57717,1154308
2025-05,CUS-0295,808015,115430,173146,57717,1154308
2025-05,CUS-0296,808015,115430,173146,57717,1154308
2025-05,CUS-0297,808015,115430,173146,57717,1154308
2025-05,CUS-0298,808015,115430,173146,57717,1154308
2025-05,CUS-0299,808015,115430,173146,57717,1154308
2025-05,CUS-0300,808015,115430,173146,57717,1154308
2025-05,CUS-0301,808015,115430,173146,57717,1154308
2025-05,CUS-0302,808015,115430,173146,57717,1154308
2025-05,CUS-0303,808015,115430,173146,57717,1154308
2025-05,CUS-0304,808015,115430,173146,57717,1154308
2025-05,CUS-0305,808015,115430,173146,57717,1154308
2025-05,CUS-0306,808015,115430,173146,57717,1154308
2025-05,CUS-0307,808015,115430,173146,57717,1154308
2025-05,CUS-0308,808015,115430,173146,57717,1154308
2025-05,CUS-0309,808015,115430,173146,57717,1154308
2025-05,CUS-0310,808015,115430,173146,57717,1154308
2025-05,CUS-0311,808015,115430,173146,57717,1154308
2025-05,CUS-0312,808015,115430,173146,57717,1154308
2025-05,CUS-0313,808015,115430,173146,57717,1154308
2025-05,CUS-0314,808015,115430,173146,57717,1154308
2025-05,CUS-0315,808015,115430,173146,57717,1154308
2025-05,CUS-0316,808015,115430,173146,57717,1154308
2025-05,CUS-0317,808015,115430,173146,57717,1154308
2025-05,CUS-0318,808015,115430,173146,57717,1154308
2025-05,CUS-0319,808015,115430,173146,57717,1154308
2025-05,CUS-0320,808015,115430,173146,57717,1154308
2025-05,CUS-0321,808015,115430,173146,57717,1154308
2025-05,CUS-0322,808015,115430,173146,57717,1154308
2025-05,CUS-0323,808015,115430,173146,57717,1154308
2025-05,CUS-0324,808015,115430,173146,57717,1154308
2025-05,CUS-0325,808015,115430,173146,57717,1154308
2025-05,CUS-0326,808015,115430,173146,57717,1154308
2025-05,CUS-0327,808015,115430,173146,57717,1154308
2025-05,CUS-0328,808015,115430,173146,57717,1154308
2025-05,CUS-0329,808015,115430,173146,57717,1154308
2025-05,CUS-0330,808015,115430,173146,57717,1154308
2025-05,CUS-0331,808015,115430,173146,57717,1154308
2025-05,CUS-0332,808015,115430,173146,57717,1154308
2025-05,CUS-0333,808015,115430,173146,57717,1154308
2025-05,CUS-0334,808015,115430,173146,57717,1154308
2025-05,CUS-0335,808015,115430,173146,57717,1154308
2025-05,CUS-0336,808015,115430,173146,57717,1154308
2025-05,CUS-0337,808015,115430,173146,57717,1154308
2025-05,CUS-0338,808015,115430,173146,57717,1154308
2025-05,CUS-0339,808015,115430,173146,57717,1154308
2025-05,CUS-0340,808015,115430,173146,57717,1154308
2025-05,CUS-0341,808015,115430,173146,57717,1154308
2025-05,CUS-0342,808015,115430,173146,57717,1154308
2025-05,CUS-0343,808015,115430,173146,57717,1154308
2025-05,CUS-0344,808015,115430,173146,57717,1154308
2025-05,CUS-0345,808015,115430,173146,57717,1154308
2025-05,CUS-0346,808015,115430,173146,57717,1154308
2025-05,CUS-0347,808015,115430,173146,57717,1154308
2025-05,CUS-0348,808015,115430,173146,57717,1154308
2025-05,CUS-0349,808015,115430,173146,57717,1154308
2025-05,CUS-0350,808015,115430,173146,57717,1154308
2025-05,CUS-0351,808015,115430,173146,57717,1154308
2025-05,CUS-0352,808015,115430,173146,57717,1154308
2025-05,CUS-0353,808015,115430,173146,57717,1154308
2025-05,CUS-0354,808015,115430,173146,57717,1154308
2025-05,CUS-0355,808015,115430,173146,57717,1154308
2025-05,CUS-0356,808015,115430,173146,57717,1154308
2025-05,CUS-0357,808015,115430,173146,57717,1154308
2025-05,CUS-0358,808015,115430,173146,57717,1154308
2025-05,CUS-0359,808015,115430,173146,57717,1154308
2025-05,CUS-0360,808015,115430,173146,57717,1154308
2025-05,CUS-0361,808015,115430,173146,57717,1154308
2025-05,CUS-0362,808015,115430,173146,57717,1154308
2025-05,CUS-0363,808015,115430,173146,57717,1154308
2025-05,CUS-0364,808015,115430,173146,57717,1154308
2025-05,CUS-0365,808015,115430,173146,57717,1154308
2025-05,CUS-0366,808015,115430,173146,57717,1154308
2025-05,CUS-0367,808015,115430,173146,57717,1154308
2025-05,CUS-0368,808015,115430,173146,57717,1154308
2025-05,CUS-0369,808015,115430,173146,57717,1154308
2025-05,CUS-0370,808015,115430,173146,57717,1154308
2025-05,CUS-0371,808015,115430,173146,57717,1154308
2025-05,CUS-0372,808015,115430,173146,57717,1154308
2025-05,CUS-0373,808015,115430,173146,57717,1154308
2025-05,CUS-0374,808015,115430,173146,57717,1154308
2025-05,CUS-0375,808015,115430,173146,57717,1154308
2025-05,CUS-0376,808015,115430,173146,57717,1154308
2025-05,CUS-0377,808015,115430,173146,57717,1154308
2025-05,CUS-0378,808015,115430,173146,57717,1154308
2025-05,CUS-0379,808015,115430,173146,57717,1154308
2025-05,CUS-0380,808015,115430,173146,57717,1154308
2025-05,CUS-0381,808015,115430,173146,57717,1154308
2025-05,CUS-0382,808015,115430,173146,57717,1154308
2025-05,CUS-0383,808015,115430,173146,57717,1154308
2025-05,CUS-0384,808015,115430,173146,57717,1154308
2025-05,CUS-0385,808015,115430,173146,57717,1154308
2025-05,CUS-0386,808015,115430,173146,57717,1154308
2025-05,CUS-0387,808015,115430,173146,57717,1154308
2025-05,CUS-0388,808015,115430,173146,57717,1154308
2025-05,CUS-0389,808015,115430,173146,57717,1154308
2025-05,CUS-0390,808015,115430,173146,57717,1154308
2025-05,CUS-0391,808015,115430,173146,57717,1154308
2025-05,CUS-0392,808015,115430,173146,57717,1154308
2025-05,CUS-0393,808015,115430,173146,57717,1154308
2025-05,CUS-0394,808015,115430,173146,57717,1154308
2025-05,CUS-0395,808015,115430,173146,57717,1154308
2025-05,CUS-0396,808015,115430,173146,57717,1154308
2025-05,CUS-0397,808015,115430,173146,57717,1154308
2025-05,CUS-0398,808015,115430,173146,57717,1154308
2025-05,CUS-0399,808015,115430,173146,57717,1154308
2025-05,CUS-0400,808015,115430,173146,57717,1154308
2025-05,CUS-0401,808015,115430,173146,57717,1154308
2025-05,CUS-0402,808015,115430,173146,57717,1154308
2025-05,CUS-0403,808015,115430,173146,57717,1154308
2025-05,CUS-0404,808015,115430,173146,57717,1154308
2025-05,CUS-0405,808015,115430,173146,57717,1154308
2025-05,CUS-0406,808015,115430,173146,57717,1154308
2025-05,CUS-0407,808015,115430,173146,57717,1154308
2025-05,CUS-0408,808015,115430,173146,57717,1154308
2025-05,CUS-0409,808015,115430,173146,57717,1154308
2025-05,CUS-0410,808015,115430,173146,57717,1154308
2025-05,CUS-0411,808015,115430,173146,57717,1154308
2025-05,CUS-0412,808015,115430,173146,57717,1154308
2025-05,CUS-0413,808015,115430,173146,57717,1154308
2025-05,CUS-0414,808015,115430,173146,57717,1154308
2025-05,CUS-0415,808015,115430,173146,57717,1154308
2025-05,CUS-0416,808015,115430,173146,57717,1154308
2025-05,CUS-0417,808015,115430,173146,57717,1154308
2025-05,CUS-0418,808015,115430,173146,57717,1154308
2025-05,CUS-0419,808015,115430,173146,57717,1154308
2025-05,CUS-0420,808015,115430,173146,57717,1154308
2025-05,CUS-0421,808015,115430,173146,57717,1154308
2025-05,CUS-0422,808015,115430,173146,57717,1154308
2025-05,CUS-0423,808015,115430,173146,57717,1154308
2025-05,CUS-0424,808015,115430,173146,57717,1154308
2025-05,CUS-0425,808015,115430,173146,57717,1154308
2025-05,CUS-0426,808015,115430,173146,57717,1154308
2025-05,CUS-0427,808015,115430,173146,57717,1154308
2025-05,CUS-0428,808015,115430,173146,57717,1154308
2025-05,CUS-0429,808015,115430,173146,57717,1154308
2025-05,CUS-0430,808015,115430,173146,57717,1154308
2025-05,CUS-0431,808015,115430,173146,57717,1154308
2025-05,CUS-0432,808015,115430,173146,57717,1154308
2025-05,CUS-0433,808015,115430,173146,57717,1154308
2025-05,CUS-0434,808015,115430,173146,57717,1154308
2025-05,CUS-0435,808015,115430,173146,57717,1154308
2025-05,CUS-0436,808015,115430,173146,57717,1154308
2025-05,CUS-0437,808015,115430,173146,57717,1154308
2025-05,CUS-0438,808015,115430,173146,57717,1154308
2025-05,CUS-0439,808015,115430,173146,57717,1154308
2025-05,CUS-0440,808015,115430,173146,57717,1154308
2025-05,CUS-0441,808015,115430,173146,57717,1154308
2025-05,CUS-0442,808015,115430,173146,57717,1154308
2025-05,CUS-0443,808015,115430,173146,57717,1154308
2025-05,CUS-0444,808015,115430,173146,57717,1154308
2025-05,CUS-0445,808015,115430,173146,57717,1154308
2025-05,CUS-0446,808015,115430,173146,57717,1154308
2025-05,CUS-0447,808015,115430,173146,57717,1154308
2025-05,CUS-0448,808015,115430,173146,57717,1154308
2025-05,CUS-0449,808015,115430,173146,57717,1154308
2025-05,CUS-0450,808015,115430,173146,57717,1154308
2025-05,CUS-0451,808015,115430,173146,57717,1154308
2025-05,CUS-0452,808015,115430,173146,57717,1154308
2025-05,CUS-0453,808015,115430,173146,57717,1154308
2025-05,CUS-0454,808015,115430,173146,57717,1154308
2025-05,CUS-0455,808015,115430,173146,57717,1154308
2025-05,CUS-0456,808015,115430,173146,57717,1154308
2025-05,CUS-0457,808015,115430,173146,57717,1154308
2025-05,CUS-0458,808015,115430,173146,57717,1154308
2025-05,CUS-0459,808015,115430,173146,57717,1154308
2025-05,CUS-0460,808015,115430,173146,57717,1154308
2025-05,CUS-0461,808015,115430,173146,57717,1154308
2025-05,CUS-0462,808015,115430,173146,57717,1154308
2025-05,CUS-0463,808015,115430,173146,57717,1154308
2025-05,CUS-0464,808015,115430,173146,57717,1154308
2025-05,CUS-0465,808015,115430,173146,57717,1154308
2025-05,CUS-0466,808015,115430,173146,57717,1154308
2025-05,CUS-0467,808015,115430,173146,57717,1154308
2025-05,CUS-0468,808015,115430,173146,57717,1154308
2025-05,CUS-0469,808015,115430,173146,57717,1154308
2025-05,CUS-0470,808015,115430,173146,57717,1154308
2025-05,CUS-0471,808015,115430,173146,57717,1154308
2025-05,CUS-0472,808015,115430,173146,57717,1154308
2025-05,CUS-0473,808015,115430,173146,57717,1154308
2025-05,CUS-0474,808015,115430,173146,57717,1154308
2025-05,CUS-0475,808015,115430,173146,57717,1154308
2025-05,CUS-0476,808015,115430,173146,57717,1154308
2025-05,CUS-0477,808015,115430,173146,57717,1154308
2025-05,CUS-0478,808015,115430,173146,57717,1154308
2025-05,CUS-0479,808015,115430,173146,57717,1154308
2025-05,CUS-0480,808015,115430,173146,57717,1154308
2025-05,CUS-0481,808015,115430,173146,57717,1154308
2025-05,CUS-0482,808015,115430,173146,57717,1154308
2025-05,CUS-0483,808015,115430,173146,57717,1154308
2025-05,CUS-0484,808015,115430,173146,57717,1154308
2025-05,CUS-0485,808015,115430,173146,57717,1154308
2025-05,CUS-0486,808015,115430,173146,57717,1154308
2025-05,CUS-0487,808015,115430,173146,57717,1154308
2025-05,CUS-0488,808015,115430,173146,57717,1154308
2025-05,CUS-0489,808015,115430,173146,57717,1154308
2025-05,CUS-0490,808015,115430,173146,57717,1154308
2025-05,CUS-0491,808015,115430,173146,57717,1154308
2025-05,CUS-0492,808015,115430,173146,57717,1154308
2025-05,CUS-0493,808015,115430,173146,57717,1154308
2025-05,CUS-0494,808015,115430,173146,57717,1154308
2025-05,CUS-0495,808015,115430,173146,57717,1154308
2025-05,CUS-0496,808015,115430,173146,57717,1154308
2025-05,CUS-0497,808015,115430,173146,57717,1154308
2025-05,CUS-0498,808015,115430,173146,57717,1154308
2025-05,CUS-0499,808015,115430,173146,57717,1154308
2025-05,CUS-0500,808015,115430,173146,57717,1154308
2025-06,CUS-0001,187110000,26730000,40095000,13365000,267300000
2025-06,CUS-0002,818115,116873,175310,58439,1168737
2025-06,CUS-0003,818115,116873,175310,58439,1168737
2025-06,CUS-0004,818115,116873,175310,58439,1168737
2025-06,CUS-0005,818115,116873,175310,58439,1168737
2025-06,CUS-0006,818115,116873,175310,58439,1168737
2025-06,CUS-0007,818115,116873,175310,58439,1168737
2025-06,CUS-0008,818115,116873,175310,58439,1168737
2025-06,CUS-0009,818115,116873,175310,58439,1168737
2025-06,CUS-0010,818115,116873,175310,58439,1168737
2025-06,CUS-0011,818115,116873,175310,58439,1168737
2025-06,CUS-0012,818115,116873,175310,58439,1168737
2025-06,CUS-0013,818115,116873,175310,58439,1168737
2025-06,CUS-0014,818115,116873,175310,58439,1168737
2025-06,CUS-0015,818115,116873,175310,58439,1168737
2025-06,CUS-0016,818115,116873,175310,58439,1168737
2025-06,CUS-0017,818115,116873,175310,58439,1168737
2025-06,CUS-0018,818115,116873,175310,58439,1168737
2025-06,CUS-0019,818115,116873,175310,58439,1168737
2025-06,CUS-0020,818115,116873,175310,58439,1168737
2025-06,CUS-0021,818115,116873,175310,58439,1168737
2025-06,CUS-0022,818115,116873,175310,58439,1168737
2025-06,CUS-0023,818115,116873,175310,58439,1168737
2025-06,CUS-0024,818115,116873,175310,58439,1168737
2025-06,CUS-0025,818115,116873,175310,58439,1168737
2025-06,CUS-0026,818115,116873,175310,58439,1168737
2025-06,CUS-0027,818115,116873,175310,58439,1168737
2025-06,CUS-0028,818115,116873,175310,58439,1168737
2025-06,CUS-0029,818115,116873,175310,58439,1168737
2025-06,CUS-0030,818115,116873,175310,58439,1168737
2025-06,CUS-0031,818115,116873,175310,58439,1168737
2025-06,CUS-0032,818115,116873,175310,58439,1168737
2025-06,CUS-0033,818115,116873,175310,58439,1168737
2025-06,CUS-0034,818115,116873,175310,58439,1168737
2025-06,CUS-0035,818115,116873,175310,58439,1168737
2025-06,CUS-0036,818115,116873,175310,58439,1168737
2025-06,CUS-0037,818115,116873,175310,58439,1168737
2025-06,CUS-0038,818115,116873,175310,58439,1168737
2025-06,CUS-0039,818115,116873,175310,58439,1168737
2025-06,CUS-0040,818115,116873,175310,58439,1168737
2025-06,CUS-0041,818115,116873,175310,58439,1168737
2025-06,CUS-0042,818115,116873,175310,58439,1168737
2025-06,CUS-0043,818115,116873,175310,58439,1168737
2025-06,CUS-0044,818115,116873,175310,58439,1168737
2025-06,CUS-0045,818115,116873,175310,58439,1168737
2025-06,CUS-0046,818115,116873,175310,58439,1168737
2025-06,CUS-0047,818115,116873,175310,58439,1168737
2025-06,CUS-0048,818115,116873,175310,58439,1168737
2025-06,CUS-0049,818115,116873,175310,58439,1168737
2025-06,CUS-0050,818115,116873,175310,58439,1168737
2025-06,CUS-0051,818115,116873,175310,58439,1168737
2025-06,CUS-0052,818115,116873,175310,58439,1168737
2025-06,CUS-0053,818115,116873,175310,58439,1168737
2025-06,CUS-0054,818115,116873,175310,58439,1168737
2025-06,CUS-0055,818115,116873,175310,58439,1168737
2025-06,CUS-0056,818115,116873,175310,58439,1168737
2025-06,CUS-0057,818115,116873,175310,58439,1168737
2025-06,CUS-0058,818115,116873,175310,58439,1168737
2025-06,CUS-0059,818115,116873,175310,58439,1168737
2025-06,CUS-0060,818115,116873,175310,58439,1168737
2025-06,CUS-0061,818115,116873,175310,58439,1168737
2025-06,CUS-0062,818115,116873,175310,58439,1168737
2025-06,CUS-0063,818115,116873,175310,58439,1168737
2025-06,CUS-0064,818115,116873,175310,58439,1168737
2025-06,CUS-0065,818115,116873,175310,58439,1168737
2025-06,CUS-0066,818115,116873,175310,58439,1168737
2025-06,CUS-0067,818115,116873,175310,58439,1168737
2025-06,CUS-0068,818115,116873,175310,58439,1168737
2025-06,CUS-0069,818115,116873,175310,58439,1168737
2025-06,CUS-0070,818115,116873,175310,58439,1168737
2025-06,CUS-0071,818115,116873,175310,58439,1168737
2025-06,CUS-0072,818115,116873,175310,58439,1168737
2025-06,CUS-0073,818115,116873,175310,58439,1168737
2025-06,CUS-0074,818115,116873,175310,58439,1168737
2025-06,CUS-0075,818115,116873,175310,58439,1168737
2025-06,CUS-0076,818115,116873,175310,58439,1168737
2025-06,CUS-0077,818115,116873,175310,58439,1168737
2025-06,CUS-0078,818115,116873,175310,58439,1168737
2025-06,CUS-0079,818115,116873,175310,58439,1168737
2025-06,CUS-0080,818115,116873,175310,58439,1168737
2025-06,CUS-0081,818115,116873,175310,58439,1168737
2025-06,CUS-0082,818115,116873,175310,58439,1168737
2025-06,CUS-0083,818115,116873,175310,58439,1168737
2025-06,CUS-0084,818115,116873,175310,58439,1168737
2025-06,CUS-0085,818115,116873,175310,58439,1168737
2025-06,CUS-0086,818115,116873,175310,58439,1168737
2025-06,CUS-0087,818115,116873,175310,58439,1168737
2025-06,CUS-0088,818115,116873,175310,58439,1168737
2025-06,CUS-0089,818115,116873,175310,58439,1168737
2025-06,CUS-0090,818115,116873,175310,58439,1168737
2025-06,CUS-0091,818115,116873,175310,58439,1168737
2025-06,CUS-0092,818115,116873,175310,58439,1168737
2025-06,CUS-0093,818115,116873,175310,58439,1168737
2025-06,CUS-0094,818115,116873,175310,58439,1168737
2025-06,CUS-0095,818115,116873,175310,58439,1168737
2025-06,CUS-0096,818115,116873,175310,58439,1168737
2025-06,CUS-0097,818115,116873,175310,58439,1168737
2025-06,CUS-0098,818115,116873,175310,58439,1168737
2025-06,CUS-0099,818115,116873,175310,58439,1168737
2025-06,CUS-0100,818115,116873,175310,58439,1168737
2025-06,CUS-0101,818115,116873,175310,58439,1168737
2025-06,CUS-0102,818115,116873,175310,58439,1168737
2025-06,CUS-0103,818115,116873,175310,58439,1168737
2025-06,CUS-0104,818115,116873,175310,58439,1168737
2025-06,CUS-0105,818115,116873,175310,58439,1168737
2025-06,CUS-0106,818115,116873,175310,58439,1168737
2025-06,CUS-0107,818115,116873,175310,58439,1168737
2025-06,CUS-0108,818115,116873,175310,58439,1168737
2025-06,CUS-0109,818115,116873,175310,58439,1168737
2025-06,CUS-0110,818115,116873,175310,58439,1168737
2025-06,CUS-0111,818115,116873,175310,58439,1168737
2025-06,CUS-0112,818115,116873,175310,58439,1168737
2025-06,CUS-0113,818115,116873,175310,58439,1168737
2025-06,CUS-0114,818115,116873,175310,58439,1168737
2025-06,CUS-0115,818115,116873,175310,58439,1168737
2025-06,CUS-0116,818115,116873,175310,58439,1168737
2025-06,CUS-0117,818115,116873,175310,58439,1168737
2025-06,CUS-0118,818115,116873,175310,58439,1168737
2025-06,CUS-0119,818115,116873,175310,58439,1168737
2025-06,CUS-0120,818115,116873,175310,58439,1168737
2025-06,CUS-0121,818115,116873,175310,58439,1168737
2025-06,CUS-0122,818115,116873,175310,58439,1168737
2025-06,CUS-0123,818115,116873,175310,58439,1168737
2025-06,CUS-0124,818115,116873,175310,58439,1168737
2025-06,CUS-0125,818115,116873,175310,58439,1168737
2025-06,CUS-0126,818115,116873,175310,58439,1168737
2025-06,CUS-0127,818115,116873,175310,58439,1168737
2025-06,CUS-0128,818115,116873,175310,58439,1168737
2025-06,CUS-0129,818115,116873,175310,58439,1168737
2025-06,CUS-0130,818115,116873,175310,58439,1168737
2025-06,CUS-0131,818115,116873,175310,58439,1168737
2025-06,CUS-0132,818115,116873,175310,58439,1168737
2025-06,CUS-0133,818115,116873,175310,58439,1168737
2025-06,CUS-0134,818115,116873,175310,58439,1168737
2025-06,CUS-0135,818115,116873,175310,58439,1168737
2025-06,CUS-0136,818115,116873,175310,58439,1168737
2025-06,CUS-0137,818115,116873,175310,58439,1168737
2025-06,CUS-0138,818115,116873,175310,58439,1168737
2025-06,CUS-0139,818115,116873,175310,58439,1168737
2025-06,CUS-0140,818115,116873,175310,58439,1168737
2025-06,CUS-0141,818115,116873,175310,58439,1168737
2025-06,CUS-0142,818115,116873,175310,58439,1168737
2025-06,CUS-0143,818115,116873,175310,58439,1168737
2025-06,CUS-0144,818115,116873,175310,58439,1168737
2025-06,CUS-0145,818115,116873,175310,58439,1168737
2025-06,CUS-0146,818115,116873,175310,58439,1168737
2025-06,CUS-0147,818115,116873,175310,58439,1168737
2025-06,CUS-0148,818115,116873,175310,58439,1168737
2025-06,CUS-0149,818115,116873,175310,58439,1168737
2025-06,CUS-0150,818115,116873,175310,58439,1168737
2025-06,CUS-0151,818115,116873,175310,58439,1168737
2025-06,CUS-0152,818115,116873,175310,58439,1168737
2025-06,CUS-0153,818115,116873,175310,58439,1168737
2025-06,CUS-0154,818115,116873,175310,58439,1168737
2025-06,CUS-0155,818115,116873,175310,58439,1168737
2025-06,CUS-0156,818115,116873,175310,58439,1168737
2025-06,CUS-0157,818115,116873,175310,58439,1168737
2025-06,CUS-0158,818115,116873,175310,58439,1168737
2025-06,CUS-0159,818115,116873,175310,58439,1168737
2025-06,CUS-0160,818115,116873,175310,58439,1168737
2025-06,CUS-0161,818115,116873,175310,58439,1168737
2025-06,CUS-0162,818115,116873,175310,58439,1168737
2025-06,CUS-0163,818115,116873,175310,58439,1168737
2025-06,CUS-0164,818115,116873,175310,58439,1168737
2025-06,CUS-0165,818115,116873,175310,58439,1168737
2025-06,CUS-0166,818115,116873,175310,58439,1168737
2025-06,CUS-0167,818115,116873,175310,58439,1168737
2025-06,CUS-0168,818115,116873,175310,58439,1168737
2025-06,CUS-0169,818115,116873,175310,58439,1168737
2025-06,CUS-0170,818115,116873,175310,58439,1168737
2025-06,CUS-0171,818115,116873,175310,58439,1168737
2025-06,CUS-0172,818115,116873,175310,58439,1168737
2025-06,CUS-0173,818115,116873,175310,58439,1168737
2025-06,CUS-0174,818115,116873,175310,58439,1168737
2025-06,CUS-0175,818115,116873,175310,58439,1168737
2025-06,CUS-0176,818115,116873,175310,58439,1168737
2025-06,CUS-0177,818115,116873,175310,58439,1168737
2025-06,CUS-0178,818115,116873,175310,58439,1168737
2025-06,CUS-0179,818115,116873,175310,58439,1168737
2025-06,CUS-0180,818115,116873,175310,58439,1168737
2025-06,CUS-0181,818115,116873,175310,58439,1168737
2025-06,CUS-0182,818115,116873,175310,58439,1168737
2025-06,CUS-0183,818115,116873,175310,58439,1168737
2025-06,CUS-0184,818115,116873,175310,58439,1168737
2025-06,CUS-0185,818115,116873,175310,58439,1168737
2025-06,CUS-0186,818115,116873,175310,58439,1168737
2025-06,CUS-0187,818115,116873,175310,58439,1168737
2025-06,CUS-0188,818115,116873,175310,58439,1168737
2025-06,CUS-0189,818115,116873,175310,58439,1168737
2025-06,CUS-0190,818115,116873,175310,58439,1168737
2025-06,CUS-0191,818115,116873,175310,58439,1168737
2025-06,CUS-0192,818115,116873,175310,58439,1168737
2025-06,CUS-0193,818115,116873,175310,58439,1168737
2025-06,CUS-0194,818115,116873,175310,58439,1168737
2025-06,CUS-0195,818115,116873,175310,58439,1168737
2025-06,CUS-0196,818115,116873,175310,58439,1168737
2025-06,CUS-0197,818115,116873,175310,58439,1168737
2025-06,CUS-0198,818115,116873,175310,58439,1168737
2025-06,CUS-0199,818115,116873,175310,58439,1168737
2025-06,CUS-0200,818115,116873,175310,58439,1168737
2025-06,CUS-0201,818115,116873,175310,58439,1168737
2025-06,CUS-0202,818115,116873,175310,58439,1168737
2025-06,CUS-0203,818115,116873,175310,58439,1168737
2025-06,CUS-0204,818115,116873,175310,58439,1168737
2025-06,CUS-0205,818115,116873,175310,58439,1168737
2025-06,CUS-0206,818115,116873,175310,58439,1168737
2025-06,CUS-0207,818115,116873,175310,58439,1168737
2025-06,CUS-0208,818115,116873,175310,58439,1168737
2025-06,CUS-0209,818115,116873,175310,58439,1168737
2025-06,CUS-0210,818115,116873,175310,58439,1168737
2025-06,CUS-0211,818115,116873,175310,58439,1168737
2025-06,CUS-0212,818115,116873,175310,58439,1168737
2025-06,CUS-0213,818115,116873,175310,58439,1168737
2025-06,CUS-0214,818115,116873,175310,58439,1168737
2025-06,CUS-0215,818115,116873,175310,58439,1168737
2025-06,CUS-0216,818115,116873,175310,58439,1168737
2025-06,CUS-0217,818115,116873,175310,58439,1168737
2025-06,CUS-0218,818115,116873,175310,58439,1168737
2025-06,CUS-0219,818115,116873,175310,58439,1168737
2025-06,CUS-0220,818115,116873,175310,58439,1168737
2025-06,CUS-0221,818115,116873,175310,58439,1168737
2025-06,CUS-0222,818115,116873,175310,58439,1168737
2025-06,CUS-0223,818115,116873,175310,58439,1168737
2025-06,CUS-0224,818115,116873,175310,58439,1168737
2025-06,CUS-0225,818115,116873,175310,58439,1168737
2025-06,CUS-0226,818115,116873,175310,58439,1168737
2025-06,CUS-0227,818115,116873,175310,58439,1168737
2025-06,CUS-0228,818115,116873,175310,58439,1168737
2025-06,CUS-0229,818115,116873,175310,58439,1168737
2025-06,CUS-0230,818115,116873,175310,58439,1168737
2025-06,CUS-0231,818115,116873,175310,58439,1168737
2025-06,CUS-0232,818115,116873,175310,58439,1168737
2025-06,CUS-0233,818115,116873,175310,58439,1168737
2025-06,CUS-0234,818115,116873,175310,58439,1168737
2025-06,CUS-0235,818115,116873,175310,58439,1168737
2025-06,CUS-0236,818115,116873,175310,58439,1168737
2025-06,CUS-0237,818115,116873,175310,58439,1168737
2025-06,CUS-0238,818115,116873,175310,58439,1168737
2025-06,CUS-0239,818115,116873,175310,58439,1168737
2025-06,CUS-0240,818115,116873,175310,58439,1168737
2025-06,CUS-0241,818115,116873,175310,58439,1168737
2025-06,CUS-0242,818115,116873,175310,58439,1168737
2025-06,CUS-0243,818115,116873,175310,58439,1168737
2025-06,CUS-0244,818115,116873,175310,58439,1168737
2025-06,CUS-0245,818115,116873,175310,58439,1168737
2025-06,CUS-0246,818115,116873,175310,58439,1168737
2025-06,CUS-0247,818115,116873,175310,58439,1168737
2025-06,CUS-0248,818115,116873,175310,58439,1168737
2025-06,CUS-0249,818115,116873,175310,58439,1168737
2025-06,CUS-0250,818115,116873,175310,58439,1168737
2025-06,CUS-0251,818115,116873,175310,58439,1168737
2025-06,CUS-0252,818115,116873,175310,58439,1168737
2025-06,CUS-0253,818115,116873,175310,58439,1168737
2025-06,CUS-0254,818115,116873,175310,58439,1168737
2025-06,CUS-0255,818115,116873,175310,58439,1168737
2025-06,CUS-0256,818115,116873,175310,58439,1168737
2025-06,CUS-0257,818115,116873,175310,58439,1168737
2025-06,CUS-0258,818115,116873,175310,58439,1168737
2025-06,CUS-0259,818115,116873,175310,58439,1168737
2025-06,CUS-0260,818115,116873,175310,58439,1168737
2025-06,CUS-0261,818115,116873,175310,58439,1168737
2025-06,CUS-0262,818115,116873,175310,58439,1168737
2025-06,CUS-0263,818115,116873,175310,58439,1168737
2025-06,CUS-0264,818115,116873,175310,58439,1168737
2025-06,CUS-0265,818115,116873,175310,58439,1168737
2025-06,CUS-0266,818115,116873,175310,58439,1168737
2025-06,CUS-0267,818115,116873,175310,58439,1168737
2025-06,CUS-0268,818115,116873,175310,58439,1168737
2025-06,CUS-0269,818115,116873,175310,58439,1168737
2025-06,CUS-0270,818115,116873,175310,58439,1168737
2025-06,CUS-0271,818115,116873,175310,58439,1168737
2025-06,CUS-0272,818115,116873,175310,58439,1168737
2025-06,CUS-0273,818115,116873,175310,58439,1168737
2025-06,CUS-0274,818115,116873,175310,58439,1168737
2025-06,CUS-0275,818115,116873,175310,58439,1168737
2025-06,CUS-0276,818115,116873,175310,58439,1168737
2025-06,CUS-0277,818115,116873,175310,58439,1168737
2025-06,CUS-0278,818115,116873,175310,58439,1168737
2025-06,CUS-0279,818115,116873,175310,58439,1168737
2025-06,CUS-0280,818115,116873,175310,58439,1168737
2025-06,CUS-0281,818115,116873,175310,58439,1168737
2025-06,CUS-0282,818115,116873,175310,58439,1168737
2025-06,CUS-0283,818115,116873,175310,58439,1168737
2025-06,CUS-0284,818115,116873,175310,58439,1168737
2025-06,CUS-0285,818115,116873,175310,58439,1168737
2025-06,CUS-0286,818115,116873,175310,58439,1168737
2025-06,CUS-0287,818115,116873,175310,58439,1168737
2025-06,CUS-0288,818115,116873,175310,58439,1168737
2025-06,CUS-0289,818115,116873,175310,58439,1168737
2025-06,CUS-0290,818115,116873,175310,58439,1168737
2025-06,CUS-0291,818115,116873,175310,58439,1168737
2025-06,CUS-0292,818115,116873,175310,58439,1168737
2025-06,CUS-0293,818115,116873,175310,58439,1168737
2025-06,CUS-0294,818115,116873,175310,58439,1168737
2025-06,CUS-0295,818115,116873,175310,58439,1168737
2025-06,CUS-0296,818115,116873,175310,58439,1168737
2025-06,CUS-0297,818115,116873,175310,58439,1168737
2025-06,CUS-0298,818115,116873,175310,58439,1168737
2025-06,CUS-0299,818115,116873,175310,58439,1168737
2025-06,CUS-0300,818115,116873,175310,58439,1168737
2025-06,CUS-0301,818115,116873,175310,58439,1168737
2025-06,CUS-0302,818115,116873,175310,58439,1168737
2025-06,CUS-0303,818115,116873,175310,58439,1168737
2025-06,CUS-0304,818115,116873,175310,58439,1168737
2025-06,CUS-0305,818115,116873,175310,58439,1168737
2025-06,CUS-0306,818115,116873,175310,58439,1168737
2025-06,CUS-0307,818115,116873,175310,58439,1168737
2025-06,CUS-0308,818115,116873,175310,58439,1168737
2025-06,CUS-0309,818115,116873,175310,58439,1168737
2025-06,CUS-0310,818115,116873,175310,58439,1168737
2025-06,CUS-0311,818115,116873,175310,58439,1168737
2025-06,CUS-0312,818115,116873,175310,58439,1168737
2025-06,CUS-0313,818115,116873,175310,58439,1168737
2025-06,CUS-0314,818115,116873,175310,58439,1168737
2025-06,CUS-0315,818115,116873,175310,58439,1168737
2025-06,CUS-0316,818115,116873,175310,58439,1168737
2025-06,CUS-0317,818115,116873,175310,58439,1168737
2025-06,CUS-0318,818115,116873,175310,58439,1168737
2025-06,CUS-0319,818115,116873,175310,58439,1168737
2025-06,CUS-0320,818115,116873,175310,58439,1168737
2025-06,CUS-0321,818115,116873,175310,58439,1168737
2025-06,CUS-0322,818115,116873,175310,58439,1168737
2025-06,CUS-0323,818115,116873,175310,58439,1168737
2025-06,CUS-0324,818115,116873,175310,58439,1168737
2025-06,CUS-0325,818115,116873,175310,58439,1168737
2025-06,CUS-0326,818115,116873,175310,58439,1168737
2025-06,CUS-0327,818115,116873,175310,58439,1168737
2025-06,CUS-0328,818115,116873,175310,58439,1168737
2025-06,CUS-0329,818115,116873,175310,58439,1168737
2025-06,CUS-0330,818115,116873,175310,58439,1168737
2025-06,CUS-0331,818115,116873,175310,58439,1168737
2025-06,CUS-0332,818115,116873,175310,58439,1168737
2025-06,CUS-0333,818115,116873,175310,58439,1168737
2025-06,CUS-0334,818115,116873,175310,58439,1168737
2025-06,CUS-0335,818115,116873,175310,58439,1168737
2025-06,CUS-0336,818115,116873,175310,58439,1168737
2025-06,CUS-0337,818115,116873,175310,58439,1168737
2025-06,CUS-0338,818115,116873,175310,58439,1168737
2025-06,CUS-0339,818115,116873,175310,58439,1168737
2025-06,CUS-0340,818115,116873,175310,58439,1168737
2025-06,CUS-0341,818115,116873,175310,58439,1168737
2025-06,CUS-0342,818115,116873,175310,58439,1168737
2025-06,CUS-0343,818115,116873,175310,58439,1168737
2025-06,CUS-0344,818115,116873,175310,58439,1168737
2025-06,CUS-0345,818115,116873,175310,58439,1168737
2025-06,CUS-0346,818115,116873,175310,58439,1168737
2025-06,CUS-0347,818115,116873,175310,58439,1168737
2025-06,CUS-0348,818115,116873,175310,58439,1168737
2025-06,CUS-0349,818115,116873,175310,58439,1168737
2025-06,CUS-0350,818115,116873,175310,58439,1168737
2025-06,CUS-0351,818115,116873,175310,58439,1168737
2025-06,CUS-0352,818115,116873,175310,58439,1168737
2025-06,CUS-0353,818115,116873,175310,58439,1168737
2025-06,CUS-0354,818115,116873,175310,58439,1168737
2025-06,CUS-0355,818115,116873,175310,58439,1168737
2025-06,CUS-0356,818115,116873,175310,58439,1168737
2025-06,CUS-0357,818115,116873,175310,58439,1168737
2025-06,CUS-0358,818115,116873,175310,58439,1168737
2025-06,CUS-0359,818115,116873,175310,58439,1168737
2025-06,CUS-0360,818115,116873,175310,58439,1168737
2025-06,CUS-0361,818115,116873,175310,58439,1168737
2025-06,CUS-0362,818115,116873,175310,58439,1168737
2025-06,CUS-0363,818115,116873,175310,58439,1168737
2025-06,CUS-0364,818115,116873,175310,58439,1168737
2025-06,CUS-0365,818115,116873,175310,58439,1168737
2025-06,CUS-0366,818115,116873,175310,58439,1168737
2025-06,CUS-0367,818115,116873,175310,58439,1168737
2025-06,CUS-0368,818115,116873,175310,58439,1168737
2025-06,CUS-0369,818115,116873,175310,58439,1168737
2025-06,CUS-0370,818115,116873,175310,58439,1168737
2025-06,CUS-0371,818115,116873,175310,58439,1168737
2025-06,CUS-0372,818115,116873,175310,58439,1168737
2025-06,CUS-0373,818115,116873,175310,58439,1168737
2025-06,CUS-0374,818115,116873,175310,58439,1168737
2025-06,CUS-0375,818115,116873,175310,58439,1168737
2025-06,CUS-0376,818115,116873,175310,58439,1168737
2025-06,CUS-0377,818115,116873,175310,58439,1168737
2025-06,CUS-0378,818115,116873,175310,58439,1168737
2025-06,CUS-0379,818115,116873,175310,58439,1168737
2025-06,CUS-0380,818115,116873,175310,58439,1168737
2025-06,CUS-0381,818115,116873,175310,58439,1168737
2025-06,CUS-0382,818115,116873,175310,58439,1168737
2025-06,CUS-0383,818115,116873,175310,58439,1168737
2025-06,CUS-0384,818115,116873,175310,58439,1168737
2025-06,CUS-0385,818115,116873,175310,58439,1168737
2025-06,CUS-0386,818115,116873,175310,58439,1168737
2025-06,CUS-0387,818115,116873,175310,58439,1168737
2025-06,CUS-0388,818115,116873,175310,58439,1168737
2025-06,CUS-0389,818115,116873,175310,58439,1168737
2025-06,CUS-0390,818115,116873,175310,58439,1168737
2025-06,CUS-0391,818115,116873,175310,58439,1168737
2025-06,CUS-0392,818115,116873,175310,58439,1168737
2025-06,CUS-0393,818115,116873,175310,58439,1168737
2025-06,CUS-0394,818115,116873,175310,58439,1168737
2025-06,CUS-0395,818115,116873,175310,58439,1168737
2025-06,CUS-0396,818115,116873,175310,58439,1168737
2025-06,CUS-0397,818115,116873,175310,58439,1168737
2025-06,CUS-0398,818115,116873,175310,58439,1168737
2025-06,CUS-0399,818115,116873,175310,58439,1168737
2025-06,CUS-0400,818115,116873,175310,58439,1168737
2025-06,CUS-0401,818115,116873,175310,58439,1168737
2025-06,CUS-0402,818115,116873,175310,58439,1168737
2025-06,CUS-0403,818115,116873,175310,58439,1168737
2025-06,CUS-0404,818115,116873,175310,58439,1168737
2025-06,CUS-0405,818115,116873,175310,58439,1168737
2025-06,CUS-0406,818115,116873,175310,58439,1168737
2025-06,CUS-0407,818115,116873,175310,58439,1168737
2025-06,CUS-0408,818115,116873,175310,58439,1168737
2025-06,CUS-0409,818115,116873,175310,58439,1168737
2025-06,CUS-0410,818115,116873,175310,58439,1168737
2025-06,CUS-0411,818115,116873,175310,58439,1168737
2025-06,CUS-0412,818115,116873,175310,58439,1168737
2025-06,CUS-0413,818115,116873,175310,58439,1168737
2025-06,CUS-0414,818115,116873,175310,58439,1168737
2025-06,CUS-0415,818115,116873,175310,58439,1168737
2025-06,CUS-0416,818115,116873,175310,58439,1168737
2025-06,CUS-0417,818115,116873,175310,58439,1168737
2025-06,CUS-0418,818115,116873,175310,58439,1168737
2025-06,CUS-0419,818115,116873,175310,58439,1168737
2025-06,CUS-0420,818115,116873,175310,58439,1168737
2025-06,CUS-0421,818115,116873,175310,58439,1168737
2025-06,CUS-0422,818115,116873,175310,58439,1168737
2025-06,CUS-0423,818115,116873,175310,58439,1168737
2025-06,CUS-0424,818115,116873,175310,58439,1168737
2025-06,CUS-0425,818115,116873,175310,58439,1168737
2025-06,CUS-0426,818115,116873,175310,58439,1168737
2025-06,CUS-0427,818115,116873,175310,58439,1168737
2025-06,CUS-0428,818115,116873,175310,58439,1168737
2025-06,CUS-0429,818115,116873,175310,58439,1168737
2025-06,CUS-0430,818115,116873,175310,58439,1168737
2025-06,CUS-0431,818115,116873,175310,58439,1168737
2025-06,CUS-0432,818115,116873,175310,58439,1168737
2025-06,CUS-0433,818115,116873,175310,58439,1168737
2025-06,CUS-0434,818115,116873,175310,58439,1168737
2025-06,CUS-0435,818115,116873,175310,58439,1168737
2025-06,CUS-0436,818115,116873,175310,58439,1168737
2025-06,CUS-0437,818115,116873,175310,58439,1168737
2025-06,CUS-0438,818115,116873,175310,58439,1168737
2025-06,CUS-0439,818115,116873,175310,58439,1168737
2025-06,CUS-0440,818115,116873,175310,58439,1168737
2025-06,CUS-0441,818115,116873,175310,58439,1168737
2025-06,CUS-0442,818115,116873,175310,58439,1168737
2025-06,CUS-0443,818115,116873,175310,58439,1168737
2025-06,CUS-0444,818115,116873,175310,58439,1168737
2025-06,CUS-0445,818115,116873,175310,58439,1168737
2025-06,CUS-0446,818115,116873,175310,58439,1168737
2025-06,CUS-0447,818115,116873,175310,58439,1168737
2025-06,CUS-0448,818115,116873,175310,58439,1168737
2025-06,CUS-0449,818115,116873,175310,58439,1168737
2025-06,CUS-0450,818115,116873,175310,58439,1168737
2025-06,CUS-0451,818115,116873,175310,58439,1168737
2025-06,CUS-0452,818115,116873,175310,58439,1168737
2025-06,CUS-0453,818115,116873,175310,58439,1168737
2025-06,CUS-0454,818115,116873,175310,58439,1168737
2025-06,CUS-0455,818115,116873,175310,58439,1168737
2025-06,CUS-0456,818115,116873,175310,58439,1168737
2025-06,CUS-0457,818115,116873,175310,58439,1168737
2025-06,CUS-0458,818115,116873,175310,58439,1168737
2025-06,CUS-0459,818115,116873,175310,58439,1168737
2025-06,CUS-0460,818115,116873,175310,58439,1168737
2025-06,CUS-0461,818115,116873,175310,58439,1168737
2025-06,CUS-0462,818115,116873,175310,58439,1168737
2025-06,CUS-0463,818115,116873,175310,58439,1168737
2025-06,CUS-0464,818115,116873,175310,58439,1168737
2025-06,CUS-0465,818115,116873,175310,58439,1168737
2025-06,CUS-0466,818115,116873,175310,58439,1168737
2025-06,CUS-0467,818115,116873,175310,58439,1168737
2025-06,CUS-0468,818115,116873,175310,58439,1168737
2025-06,CUS-0469,818115,116873,175310,58439,1168737
2025-06,CUS-0470,818115,116873,175310,58439,1168737
2025-06,CUS-0471,818115,116873,175310,58439,1168737
2025-06,CUS-0472,818115,116873,175310,58439,1168737
2025-06,CUS-0473,818115,116873,175310,58439,1168737
2025-06,CUS-0474,818115,116873,175310,58439,1168737
2025-06,CUS-0475,818115,116873,175310,58439,1168737
2025-06,CUS-0476,818115,116873,175310,58439,1168737
2025-06,CUS-0477,818115,116873,175310,58439,1168737
2025-06,CUS-0478,818115,116873,175310,58439,1168737
2025-06,CUS-0479,818115,116873,175310,58439,1168737
2025-06,CUS-0480,818115,116873,175310,58439,1168737
2025-06,CUS-0481,818115,116873,175310,58439,1168737
2025-06,CUS-0482,818115,116873,175310,58439,1168737
2025-06,CUS-0483,818115,116873,175310,58439,1168737
2025-06,CUS-0484,818115,116873,175310,58439,1168737
2025-06,CUS-0485,818115,116873,175310,58439,1168737
2025-06,CUS-0486,818115,116873,175310,58439,1168737
2025-06,CUS-0487,818115,116873,175310,58439,1168737
2025-06,CUS-0488,818115,116873,175310,58439,1168737
2025-06,CUS-0489,818115,116873,175310,58439,1168737
2025-06,CUS-0490,818115,116873,175310,58439,1168737
2025-06,CUS-0491,818115,116873,175310,58439,1168737
2025-06,CUS-0492,818115,116873,175310,58439,1168737
2025-06,CUS-0493,818115,116873,175310,58439,1168737
2025-06,CUS-0494,818115,116873,175310,58439,1168737
2025-06,CUS-0495,818115,116873,175310,58439,1168737
2025-06,CUS-0496,818115,116873,175310,58439,1168737
2025-06,CUS-0497,818115,116873,175310,58439,1168737
2025-06,CUS-0498,818115,116873,175310,58439,1168737
2025-06,CUS-0499,818115,116873,175310,58439,1168737
2025-06,CUS-0500,818115,116873,175310,58439,1168737
2025-07,CUS-0001,189420000,27060000,40590000,13530000,270600000
2025-07,CUS-0002,828216,118316,177474,59160,1183166
2025-07,CUS-0003,828216,118316,177474,59160,1183166
2025-07,CUS-0004,828216,118316,177474,59160,1183166
2025-07,CUS-0005,828216,118316,177474,59160,1183166
2025-07,CUS-0006,828216,118316,177474,59160,1183166
2025-07,CUS-0007,828216,118316,177474,59160,1183166
2025-07,CUS-0008,828216,118316,177474,59160,1183166
2025-07,CUS-0009,828216,118316,177474,59160,1183166
2025-07,CUS-0010,828216,118316,177474,59160,1183166
2025-07,CUS-0011,828216,118316,177474,59160,1183166
2025-07,CUS-0012,828216,118316,177474,59160,1183166
2025-07,CUS-0013,828216,118316,177474,59160,1183166
2025-07,CUS-0014,828216,118316,177474,59160,1183166
2025-07,CUS-0015,828216,118316,177474,59160,1183166
2025-07,CUS-0016,828216,118316,177474,59160,1183166
2025-07,CUS-0017,828216,118316,177474,59160,1183166
2025-07,CUS-0018,828216,118316,177474,59160,1183166
2025-07,CUS-0019,828216,118316,177474,59160,1183166
2025-07,CUS-0020,828216,118316,177474,59160,1183166
2025-07,CUS-0021,828216,118316,177474,59160,1183166
2025-07,CUS-0022,828216,118316,177474,59160,1183166
2025-07,CUS-0023,828216,118316,177474,59160,1183166
2025-07,CUS-0024,828216,118316,177474,59160,1183166
2025-07,CUS-0025,828216,118316,177474,59160,1183166
2025-07,CUS-0026,828216,118316,177474,59160,1183166
2025-07,CUS-0027,828216,118316,177474,59160,1183166
2025-07,CUS-0028,828216,118316,177474,59160,1183166
2025-07,CUS-0029,828216,118316,177474,59160,1183166
2025-07,CUS-0030,828216,118316,177474,59160,1183166
2025-07,CUS-0031,828216,118316,177474,59160,1183166
2025-07,CUS-0032,828216,118316,177474,59160,1183166
2025-07,CUS-0033,828216,118316,177474,59160,1183166
2025-07,CUS-0034,828216,118316,177474,59160,1183166
2025-07,CUS-0035,828216,118316,177474,59160,1183166
2025-07,CUS-0036,828216,118316,177474,59160,1183166
2025-07,CUS-0037,828216,118316,177474,59160,1183166
2025-07,CUS-0038,828216,118316,177474,59160,1183166
2025-07,CUS-0039,828216,118316,177474,59160,1183166
2025-07,CUS-0040,828216,118316,177474,59160,1183166
2025-07,CUS-0041,828216,118316,177474,59160,1183166
2025-07,CUS-0042,828216,118316,177474,59160,1183166
2025-07,CUS-0043,828216,118316,177474,59160,1183166
2025-07,CUS-0044,828216,118316,177474,59160,1183166
2025-07,CUS-0045,828216,118316,177474,59160,1183166
2025-07,CUS-0046,828216,118316,177474,59160,1183166
2025-07,CUS-0047,828216,118316,177474,59160,1183166
2025-07,CUS-0048,828216,118316,177474,59160,1183166
2025-07,CUS-0049,828216,118316,177474,59160,1183166
2025-07,CUS-0050,828216,118316,177474,59160,1183166
2025-07,CUS-0051,828216,118316,177474,59160,1183166
2025-07,CUS-0052,828216,118316,177474,59160,1183166
2025-07,CUS-0053,828216,118316,177474,59160,1183166
2025-07,CUS-0054,828216,118316,177474,59160,1183166
2025-07,CUS-0055,828216,118316,177474,59160,1183166
2025-07,CUS-0056,828216,118316,177474,59160,1183166
2025-07,CUS-0057,828216,118316,177474,59160,1183166
2025-07,CUS-0058,828216,118316,177474,59160,1183166
2025-07,CUS-0059,828216,118316,177474,59160,1183166
2025-07,CUS-0060,828216,118316,177474,59160,1183166
2025-07,CUS-0061,828216,118316,177474,59160,1183166
2025-07,CUS-0062,828216,118316,177474,59160,1183166
2025-07,CUS-0063,828216,118316,177474,59160,1183166
2025-07,CUS-0064,828216,118316,177474,59160,1183166
2025-07,CUS-0065,828216,118316,177474,59160,1183166
2025-07,CUS-0066,828216,118316,177474,59160,1183166
2025-07,CUS-0067,828216,118316,177474,59160,1183166
2025-07,CUS-0068,828216,118316,177474,59160,1183166
2025-07,CUS-0069,828216,118316,177474,59160,1183166
2025-07,CUS-0070,828216,118316,177474,59160,1183166
2025-07,CUS-0071,828216,118316,177474,59160,1183166
2025-07,CUS-0072,828216,118316,177474,59160,1183166
2025-07,CUS-0073,828216,118316,177474,59160,1183166
2025-07,CUS-0074,828216,118316,177474,59160,1183166
2025-07,CUS-0075,828216,118316,177474,59160,1183166
2025-07,CUS-0076,828216,118316,177474,59160,1183166
2025-07,CUS-0077,828216,118316,177474,59160,1183166
2025-07,CUS-0078,828216,118316,177474,59160,1183166
2025-07,CUS-0079,828216,118316,177474,59160,1183166
2025-07,CUS-0080,828216,118316,177474,59160,1183166
2025-07,CUS-0081,828216,118316,177474,59160,1183166
2025-07,CUS-0082,828216,118316,177474,59160,1183166
2025-07,CUS-0083,828216,118316,177474,59160,1183166
2025-07,CUS-0084,828216,118316,177474,59160,1183166
2025-07,CUS-0085,828216,118316,177474,59160,1183166
2025-07,CUS-0086,828216,118316,177474,59160,1183166
2025-07,CUS-0087,828216,118316,177474,59160,1183166
2025-07,CUS-0088,828216,118316,177474,59160,1183166
2025-07,CUS-0089,828216,118316,177474,59160,1183166
2025-07,CUS-0090,828216,118316,177474,59160,1183166
2025-07,CUS-0091,828216,118316,177474,59160,1183166
2025-07,CUS-0092,828216,118316,177474,59160,1183166
2025-07,CUS-0093,828216,118316,177474,59160,1183166
2025-07,CUS-0094,828216,118316,177474,59160,1183166
2025-07,CUS-0095,828216,118316,177474,59160,1183166
2025-07,CUS-0096,828216,118316,177474,59160,1183166
2025-07,CUS-0097,828216,118316,177474,59160,1183166
2025-07,CUS-0098,828216,118316,177474,59160,1183166
2025-07,CUS-0099,828216,118316,177474,59160,1183166
2025-07,CUS-0100,828216,118316,177474,59160,1183166
2025-07,CUS-0101,828216,118316,177474,59160,1183166
2025-07,CUS-0102,828216,118316,177474,59160,1183166
2025-07,CUS-0103,828216,118316,177474,59160,1183166
2025-07,CUS-0104,828216,118316,177474,59160,1183166
2025-07,CUS-0105,828216,118316,177474,59160,1183166
2025-07,CUS-0106,828216,118316,177474,59160,1183166
2025-07,CUS-0107,828216,118316,177474,59160,1183166
2025-07,CUS-0108,828216,118316,177474,59160,1183166
2025-07,CUS-0109,828216,118316,177474,59160,1183166
2025-07,CUS-0110,828216,118316,177474,59160,1183166
2025-07,CUS-0111,828216,118316,177474,59160,1183166
2025-07,CUS-0112,828216,118316,177474,59160,1183166
2025-07,CUS-0113,828216,118316,177474,59160,1183166
2025-07,CUS-0114,828216,118316,177474,59160,1183166
2025-07,CUS-0115,828216,118316,177474,59160,1183166
2025-07,CUS-0116,828216,118316,177474,59160,1183166
2025-07,CUS-0117,828216,118316,177474,59160,1183166
2025-07,CUS-0118,828216,118316,177474,59160,1183166
2025-07,CUS-0119,828216,118316,177474,59160,1183166
2025-07,CUS-0120,828216,118316,177474,59160,1183166
2025-07,CUS-0121,828216,118316,177474,59160,1183166
2025-07,CUS-0122,828216,118316,177474,59160,1183166
2025-07,CUS-0123,828216,118316,177474,59160,1183166
2025-07,CUS-0124,828216,118316,177474,59160,1183166
2025-07,CUS-0125,828216,118316,177474,59160,1183166
2025-07,CUS-0126,828216,118316,177474,59160,1183166
2025-07,CUS-0127,828216,118316,177474,59160,1183166
2025-07,CUS-0128,828216,118316,177474,59160,1183166
2025-07,CUS-0129,828216,118316,177474,59160,1183166
2025-07,CUS-0130,828216,118316,177474,59160,1183166
2025-07,CUS-0131,828216,118316,177474,59160,1183166
2025-07,CUS-0132,828216,118316,177474,59160,1183166
2025-07,CUS-0133,828216,118316,177474,59160,1183166
2025-07,CUS-0134,828216,118316,177474,59160,1183166
2025-07,CUS-0135,828216,118316,177474,59160,1183166
2025-07,CUS-0136,828216,118316,177474,59160,1183166
2025-07,CUS-0137,828216,118316,177474,59160,1183166
2025-07,CUS-0138,828216,118316,177474,59160,1183166
2025-07,CUS-0139,828216,118316,177474,59160,1183166
2025-07,CUS-0140,828216,118316,177474,59160,1183166
2025-07,CUS-0141,828216,118316,177474,59160,1183166
2025-07,CUS-0142,828216,118316,177474,59160,1183166
2025-07,CUS-0143,828216,118316,177474,59160,1183166
2025-07,CUS-0144,828216,118316,177474,59160,1183166
2025-07,CUS-0145,828216,118316,177474,59160,1183166
2025-07,CUS-0146,828216,118316,177474,59160,1183166
2025-07,CUS-0147,828216,118316,177474,59160,1183166
2025-07,CUS-0148,828216,118316,177474,59160,1183166
2025-07,CUS-0149,828216,118316,177474,59160,1183166
2025-07,CUS-0150,828216,118316,177474,59160,1183166
2025-07,CUS-0151,828216,118316,177474,59160,1183166
2025-07,CUS-0152,828216,118316,177474,59160,1183166
2025-07,CUS-0153,828216,118316,177474,59160,1183166
2025-07,CUS-0154,828216,118316,177474,59160,1183166
2025-07,CUS-0155,828216,118316,177474,59160,1183166
2025-07,CUS-0156,828216,118316,177474,59160,1183166
2025-07,CUS-0157,828216,118316,177474,59160,1183166
2025-07,CUS-0158,828216,118316,177474,59160,1183166
2025-07,CUS-0159,828216,118316,177474,59160,1183166
2025-07,CUS-0160,828216,118316,177474,59160,1183166
2025-07,CUS-0161,828216,118316,177474,59160,1183166
2025-07,CUS-0162,828216,118316,177474,59160,1183166
2025-07,CUS-0163,828216,118316,177474,59160,1183166
2025-07,CUS-0164,828216,118316,177474,59160,1183166
2025-07,CUS-0165,828216,118316,177474,59160,1183166
2025-07,CUS-0166,828216,118316,177474,59160,1183166
2025-07,CUS-0167,828216,118316,177474,59160,1183166
2025-07,CUS-0168,828216,118316,177474,59160,1183166
2025-07,CUS-0169,828216,118316,177474,59160,1183166
2025-07,CUS-0170,828216,118316,177474,59160,1183166
2025-07,CUS-0171,828216,118316,177474,59160,1183166
2025-07,CUS-0172,828216,118316,177474,59160,1183166
2025-07,CUS-0173,828216,118316,177474,59160,1183166
2025-07,CUS-0174,828216,118316,177474,59160,1183166
2025-07,CUS-0175,828216,118316,177474,59160,1183166
2025-07,CUS-0176,828216,118316,177474,59160,1183166
2025-07,CUS-0177,828216,118316,177474,59160,1183166
2025-07,CUS-0178,828216,118316,177474,59160,1183166
2025-07,CUS-0179,828216,118316,177474,59160,1183166
2025-07,CUS-0180,828216,118316,177474,59160,1183166
2025-07,CUS-0181,828216,118316,177474,59160,1183166
2025-07,CUS-0182,828216,118316,177474,59160,1183166
2025-07,CUS-0183,828216,118316,177474,59160,1183166
2025-07,CUS-0184,828216,118316,177474,59160,1183166
2025-07,CUS-0185,828216,118316,177474,59160,1183166
2025-07,CUS-0186,828216,118316,177474,59160,1183166
2025-07,CUS-0187,828216,118316,177474,59160,1183166
2025-07,CUS-0188,828216,118316,177474,59160,1183166
2025-07,CUS-0189,828216,118316,177474,59160,1183166
2025-07,CUS-0190,828216,118316,177474,59160,1183166
2025-07,CUS-0191,828216,118316,177474,59160,1183166
2025-07,CUS-0192,828216,118316,177474,59160,1183166
2025-07,CUS-0193,828216,118316,177474,59160,1183166
2025-07,CUS-0194,828216,118316,177474,59160,1183166
2025-07,CUS-0195,828216,118316,177474,59160,1183166
2025-07,CUS-0196,828216,118316,177474,59160,1183166
2025-07,CUS-0197,828216,118316,177474,59160,1183166
2025-07,CUS-0198,828216,118316,177474,59160,1183166
2025-07,CUS-0199,828216,118316,177474,59160,1183166
2025-07,CUS-0200,828216,118316,177474,59160,1183166
2025-07,CUS-0201,828216,118316,177474,59160,1183166
2025-07,CUS-0202,828216,118316,177474,59160,1183166
2025-07,CUS-0203,828216,118316,177474,59160,1183166
2025-07,CUS-0204,828216,118316,177474,59160,1183166
2025-07,CUS-0205,828216,118316,177474,59160,1183166
2025-07,CUS-0206,828216,118316,177474,59160,1183166
2025-07,CUS-0207,828216,118316,177474,59160,1183166
2025-07,CUS-0208,828216,118316,177474,59160,1183166
2025-07,CUS-0209,828216,118316,177474,59160,1183166
2025-07,CUS-0210,828216,118316,177474,59160,1183166
2025-07,CUS-0211,828216,118316,177474,59160,1183166
2025-07,CUS-0212,828216,118316,177474,59160,1183166
2025-07,CUS-0213,828216,118316,177474,59160,1183166
2025-07,CUS-0214,828216,118316,177474,59160,1183166
2025-07,CUS-0215,828216,118316,177474,59160,1183166
2025-07,CUS-0216,828216,118316,177474,59160,1183166
2025-07,CUS-0217,828216,118316,177474,59160,1183166
2025-07,CUS-0218,828216,118316,177474,59160,1183166
2025-07,CUS-0219,828216,118316,177474,59160,1183166
2025-07,CUS-0220,828216,118316,177474,59160,1183166
2025-07,CUS-0221,828216,118316,177474,59160,1183166
2025-07,CUS-0222,828216,118316,177474,59160,1183166
2025-07,CUS-0223,828216,118316,177474,59160,1183166
2025-07,CUS-0224,828216,118316,177474,59160,1183166
2025-07,CUS-0225,828216,118316,177474,59160,1183166
2025-07,CUS-0226,828216,118316,177474,59160,1183166
2025-07,CUS-0227,828216,118316,177474,59160,1183166
2025-07,CUS-0228,828216,118316,177474,59160,1183166
2025-07,CUS-0229,828216,118316,177474,59160,1183166
2025-07,CUS-0230,828216,118316,177474,59160,1183166
2025-07,CUS-0231,828216,118316,177474,59160,1183166
2025-07,CUS-0232,828216,118316,177474,59160,1183166
2025-07,CUS-0233,828216,118316,177474,59160,1183166
2025-07,CUS-0234,828216,118316,177474,59160,1183166
2025-07,CUS-0235,828216,118316,177474,59160,1183166
2025-07,CUS-0236,828216,118316,177474,59160,1183166
2025-07,CUS-0237,828216,118316,177474,59160,1183166
2025-07,CUS-0238,828216,118316,177474,59160,1183166
2025-07,CUS-0239,828216,118316,177474,59160,1183166
2025-07,CUS-0240,828216,118316,177474,59160,1183166
2025-07,CUS-0241,828216,118316,177474,59160,1183166
2025-07,CUS-0242,828216,118316,177474,59160,1183166
2025-07,CUS-0243,828216,118316,177474,59160,1183166
2025-07,CUS-0244,828216,118316,177474,59160,1183166
2025-07,CUS-0245,828216,118316,177474,59160,1183166
2025-07,CUS-0246,828216,118316,177474,59160,1183166
2025-07,CUS-0247,828216,118316,177474,59160,1183166
2025-07,CUS-0248,828216,118316,177474,59160,1183166
2025-07,CUS-0249,828216,118316,177474,59160,1183166
2025-07,CUS-0250,828216,118316,177474,59160,1183166
2025-07,CUS-0251,828216,118316,177474,59160,1183166
2025-07,CUS-0252,828216,118316,177474,59160,1183166
2025-07,CUS-0253,828216,118316,177474,59160,1183166
2025-07,CUS-0254,828216,118316,177474,59160,1183166
2025-07,CUS-0255,828216,118316,177474,59160,1183166
2025-07,CUS-0256,828216,118316,177474,59160,1183166
2025-07,CUS-0257,828216,118316,177474,59160,1183166
2025-07,CUS-0258,828216,118316,177474,59160,1183166
2025-07,CUS-0259,828216,118316,177474,59160,1183166
2025-07,CUS-0260,828216,118316,177474,59160,1183166
2025-07,CUS-0261,828216,118316,177474,59160,1183166
2025-07,CUS-0262,828216,118316,177474,59160,1183166
2025-07,CUS-0263,828216,118316,177474,59160,1183166
2025-07,CUS-0264,828216,118316,177474,59160,1183166
2025-07,CUS-0265,828216,118316,177474,59160,1183166
2025-07,CUS-0266,828216,118316,177474,59160,1183166
2025-07,CUS-0267,828216,118316,177474,59160,1183166
2025-07,CUS-0268,828216,118316,177474,59160,1183166
2025-07,CUS-0269,828216,118316,177474,59160,1183166
2025-07,CUS-0270,828216,118316,177474,59160,1183166
2025-07,CUS-0271,828216,118316,177474,59160,1183166
2025-07,CUS-0272,828216,118316,177474,59160,1183166
2025-07,CUS-0273,828216,118316,177474,59160,1183166
2025-07,CUS-0274,828216,118316,177474,59160,1183166
2025-07,CUS-0275,828216,118316,177474,59160,1183166
2025-07,CUS-0276,828216,118316,177474,59160,1183166
2025-07,CUS-0277,828216,118316,177474,59160,1183166
2025-07,CUS-0278,828216,118316,177474,59160,1183166
2025-07,CUS-0279,828216,118316,177474,59160,1183166
2025-07,CUS-0280,828216,118316,177474,59160,1183166
2025-07,CUS-0281,828216,118316,177474,59160,1183166
2025-07,CUS-0282,828216,118316,177474,59160,1183166
2025-07,CUS-0283,828216,118316,177474,59160,1183166
2025-07,CUS-0284,828216,118316,177474,59160,1183166
2025-07,CUS-0285,828216,118316,177474,59160,1183166
2025-07,CUS-0286,828216,118316,177474,59160,1183166
2025-07,CUS-0287,828216,118316,177474,59160,1183166
2025-07,CUS-0288,828216,118316,177474,59160,1183166
2025-07,CUS-0289,828216,118316,177474,59160,1183166
2025-07,CUS-0290,828216,118316,177474,59160,1183166
2025-07,CUS-0291,828216,118316,177474,59160,1183166
2025-07,CUS-0292,828216,118316,177474,59160,1183166
2025-07,CUS-0293,828216,118316,177474,59160,1183166
2025-07,CUS-0294,828216,118316,177474,59160,1183166
2025-07,CUS-0295,828216,118316,177474,59160,1183166
2025-07,CUS-0296,828216,118316,177474,59160,1183166
2025-07,CUS-0297,828216,118316,177474,59160,1183166
2025-07,CUS-0298,828216,118316,177474,59160,1183166
2025-07,CUS-0299,828216,118316,177474,59160,1183166
2025-07,CUS-0300,828216,118316,177474,59160,1183166
2025-07,CUS-0301,828216,118316,177474,59160,1183166
2025-07,CUS-0302,828216,118316,177474,59160,1183166
2025-07,CUS-0303,828216,118316,177474,59160,1183166
2025-07,CUS-0304,828216,118316,177474,59160,1183166
2025-07,CUS-0305,828216,118316,177474,59160,1183166
2025-07,CUS-0306,828216,118316,177474,59160,1183166
2025-07,CUS-0307,828216,118316,177474,59160,1183166
2025-07,CUS-0308,828216,118316,177474,59160,1183166
2025-07,CUS-0309,828216,118316,177474,59160,1183166
2025-07,CUS-0310,828216,118316,177474,59160,1183166
2025-07,CUS-0311,828215,118316,177474,59160,1183165
2025-07,CUS-0312,828215,118316,177474,59160,1183165
2025-07,CUS-0313,828215,118316,177474,59160,1183165
2025-07,CUS-0314,828215,118316,177474,59160,1183165
2025-07,CUS-0315,828215,118316,177474,59160,1183165
2025-07,CUS-0316,828215,118316,177474,59160,1183165
2025-07,CUS-0317,828215,118316,177474,59160,1183165
2025-07,CUS-0318,828215,118316,177474,59160,1183165
2025-07,CUS-0319,828215,118316,177474,59160,1183165
2025-07,CUS-0320,828215,118316,177474,59160,1183165
2025-07,CUS-0321,828215,118316,177474,59160,1183165
2025-07,CUS-0322,828215,118316,177474,59160,1183165
2025-07,CUS-0323,828215,118316,177474,59160,1183165
2025-07,CUS-0324,828215,118316,177474,59160,1183165
2025-07,CUS-0325,828215,118316,177474,59160,1183165
2025-07,CUS-0326,828215,118316,177474,59160,1183165
2025-07,CUS-0327,828215,118316,177474,59160,1183165
2025-07,CUS-0328,828215,118316,177474,59160,1183165
2025-07,CUS-0329,828215,118316,177474,59160,1183165
2025-07,CUS-0330,828215,118316,177474,59160,1183165
2025-07,CUS-0331,828215,118316,177474,59160,1183165
2025-07,CUS-0332,828215,118316,177474,59160,1183165
2025-07,CUS-0333,828215,118316,177474,59160,1183165
2025-07,CUS-0334,828215,118316,177474,59160,1183165
2025-07,CUS-0335,828215,118316,177474,59160,1183165
2025-07,CUS-0336,828215,118316,177474,59160,1183165
2025-07,CUS-0337,828215,118316,177474,59160,1183165
2025-07,CUS-0338,828215,118316,177474,59160,1183165
2025-07,CUS-0339,828215,118316,177474,59160,1183165
2025-07,CUS-0340,828215,118316,177474,59160,1183165
2025-07,CUS-0341,828215,118316,177474,59160,1183165
2025-07,CUS-0342,828215,118316,177474,59160,1183165
2025-07,CUS-0343,828215,118316,177474,59160,1183165
2025-07,CUS-0344,828215,118316,177474,59160,1183165
2025-07,CUS-0345,828215,118316,177474,59160,1183165
2025-07,CUS-0346,828215,118316,177474,59160,1183165
2025-07,CUS-0347,828215,118316,177474,59160,1183165
2025-07,CUS-0348,828215,118316,177474,59160,1183165
2025-07,CUS-0349,828215,118316,177474,59160,1183165
2025-07,CUS-0350,828215,118316,177474,59160,1183165
2025-07,CUS-0351,828215,118316,177474,59160,1183165
2025-07,CUS-0352,828215,118316,177474,59160,1183165
2025-07,CUS-0353,828215,118316,177474,59160,1183165
2025-07,CUS-0354,828215,118316,177474,59160,1183165
2025-07,CUS-0355,828215,118316,177474,59160,1183165
2025-07,CUS-0356,828215,118316,177474,59160,1183165
2025-07,CUS-0357,828215,118316,177474,59160,1183165
2025-07,CUS-0358,828215,118316,177474,59160,1183165
2025-07,CUS-0359,828215,118316,177474,59160,1183165
2025-07,CUS-0360,828215,118316,177474,59160,1183165
2025-07,CUS-0361,828215,118316,177474,59160,1183165
2025-07,CUS-0362,828215,118316,177474,59160,1183165
2025-07,CUS-0363,828215,118316,177474,59160,1183165
2025-07,CUS-0364,828215,118316,177474,59160,1183165
2025-07,CUS-0365,828215,118316,177474,59160,1183165
2025-07,CUS-0366,828215,118316,177474,59160,1183165
2025-07,CUS-0367,828215,118316,177474,59160,1183165
2025-07,CUS-0368,828215,118316,177474,59160,1183165
2025-07,CUS-0369,828215,118316,177474,59160,1183165
2025-07,CUS-0370,828215,118316,177474,59160,1183165
2025-07,CUS-0371,828215,118316,177474,59160,1183165
2025-07,CUS-0372,828215,118316,177474,59160,1183165
2025-07,CUS-0373,828215,118316,177474,59160,1183165
2025-07,CUS-0374,828215,118316,177474,59160,1183165
2025-07,CUS-0375,828215,118316,177474,59160,1183165
2025-07,CUS-0376,828215,118316,177474,59160,1183165
2025-07,CUS-0377,828215,118316,177474,59160,1183165
2025-07,CUS-0378,828215,118316,177474,59160,1183165
2025-07,CUS-0379,828215,118316,177474,59160,1183165
2025-07,CUS-0380,828215,118316,177474,59160,1183165
2025-07,CUS-0381,828215,118316,177474,59160,1183165
2025-07,CUS-0382,828215,118316,177474,59160,1183165
2025-07,CUS-0383,828215,118316,177474,59160,1183165
2025-07,CUS-0384,828215,118316,177474,59160,1183165
2025-07,CUS-0385,828215,118316,177474,59160,1183165
2025-07,CUS-0386,828215,118316,177474,59160,1183165
2025-07,CUS-0387,828215,118316,177474,59160,1183165
2025-07,CUS-0388,828215,118316,177474,59160,1183165
2025-07,CUS-0389,828215,118316,177474,59160,1183165
2025-07,CUS-0390,828215,118316,177474,59160,1183165
2025-07,CUS-0391,828215,118316,177474,59160,1183165
2025-07,CUS-0392,828215,118316,177474,59160,1183165
2025-07,CUS-0393,828215,118316,177474,59160,1183165
2025-07,CUS-0394,828215,118316,177474,59160,1183165
2025-07,CUS-0395,828215,118316,177474,59160,1183165
2025-07,CUS-0396,828215,118316,177474,59160,1183165
2025-07,CUS-0397,828215,118316,177474,59160,1183165
2025-07,CUS-0398,828215,118316,177474,59160,1183165
2025-07,CUS-0399,828215,118316,177474,59160,1183165
2025-07,CUS-0400,828215,118316,177474,59160,1183165
2025-07,CUS-0401,828215,118316,177474,59160,1183165
2025-07,CUS-0402,828215,118316,177474,59160,1183165
2025-07,CUS-0403,828215,118316,177474,59160,1183165
2025-07,CUS-0404,828215,118316,177474,59160,1183165
2025-07,CUS-0405,828215,118316,177474,59160,1183165
2025-07,CUS-0406,828215,118316,177474,59160,1183165
2025-07,CUS-0407,828215,118316,177474,59160,1183165
2025-07,CUS-0408,828215,118316,177474,59160,1183165
2025-07,CUS-0409,828215,118316,177474,59160,1183165
2025-07,CUS-0410,828215,118316,177474,59160,1183165
2025-07,CUS-0411,828215,118316,177474,59160,1183165
2025-07,CUS-0412,828215,118316,177474,59160,1183165
2025-07,CUS-0413,828215,118316,177474,59160,1183165
2025-07,CUS-0414,828215,118316,177474,59160,1183165
2025-07,CUS-0415,828215,118316,177474,59160,1183165
2025-07,CUS-0416,828215,118316,177474,59160,1183165
2025-07,CUS-0417,828215,118316,177474,59160,1183165
2025-07,CUS-0418,828215,118316,177474,59160,1183165
2025-07,CUS-0419,828215,118316,177474,59160,1183165
2025-07,CUS-0420,828215,118316,177474,59160,1183165
2025-07,CUS-0421,828215,118316,177474,59160,1183165
2025-07,CUS-0422,828215,118316,177474,59160,1183165
2025-07,CUS-0423,828215,118316,177474,59160,1183165
2025-07,CUS-0424,828215,118316,177474,59160,1183165
2025-07,CUS-0425,828215,118316,177474,59160,1183165
2025-07,CUS-0426,828215,118316,177474,59160,1183165
2025-07,CUS-0427,828215,118316,177474,59160,1183165
2025-07,CUS-0428,828215,118316,177474,59160,1183165
2025-07,CUS-0429,828215,118316,177474,59160,1183165
2025-07,CUS-0430,828215,118316,177474,59160,1183165
2025-07,CUS-0431,828215,118316,177474,59160,1183165
2025-07,CUS-0432,828215,118316,177474,59160,1183165
2025-07,CUS-0433,828215,118316,177474,59160,1183165
2025-07,CUS-0434,828215,118316,177474,59160,1183165
2025-07,CUS-0435,828215,118316,177474,59160,1183165
2025-07,CUS-0436,828215,118316,177474,59160,1183165
2025-07,CUS-0437,828215,118316,177474,59160,1183165
2025-07,CUS-0438,828215,118316,177474,59160,1183165
2025-07,CUS-0439,828215,118316,177474,59160,1183165
2025-07,CUS-0440,828215,118316,177474,59160,1183165
2025-07,CUS-0441,828215,118316,177474,59160,1183165
2025-07,CUS-0442,828215,118316,177474,59160,1183165
2025-07,CUS-0443,828215,118316,177474,59160,1183165
2025-07,CUS-0444,828215,118316,177474,59160,1183165
2025-07,CUS-0445,828215,118316,177474,59160,1183165
2025-07,CUS-0446,828215,118316,177474,59160,1183165
2025-07,CUS-0447,828215,118316,177474,59160,1183165
2025-07,CUS-0448,828215,118316,177474,59160,1183165
2025-07,CUS-0449,828215,118316,177474,59160,1183165
2025-07,CUS-0450,828215,118316,177474,59160,1183165
2025-07,CUS-0451,828215,118316,177474,59160,1183165
2025-07,CUS-0452,828215,118316,177474,59160,1183165
2025-07,CUS-0453,828215,118316,177474,59160,1183165
2025-07,CUS-0454,828215,118316,177474,59160,1183165
2025-07,CUS-0455,828215,118316,177474,59160,1183165
2025-07,CUS-0456,828215,118316,177474,59160,1183165
2025-07,CUS-0457,828215,118316,177474,59160,1183165
2025-07,CUS-0458,828215,118316,177474,59160,1183165
2025-07,CUS-0459,828215,118316,177474,59160,1183165
2025-07,CUS-0460,828215,118316,177474,59160,1183165
2025-07,CUS-0461,828215,118316,177474,59160,1183165
2025-07,CUS-0462,828215,118316,177474,59160,1183165
2025-07,CUS-0463,828215,118316,177474,59160,1183165
2025-07,CUS-0464,828215,118316,177474,59160,1183165
2025-07,CUS-0465,828215,118316,177474,59160,1183165
2025-07,CUS-0466,828215,118316,177474,59160,1183165
2025-07,CUS-0467,828215,118316,177474,59160,1183165
2025-07,CUS-0468,828215,118316,177474,59160,1183165
2025-07,CUS-0469,828215,118316,177474,59160,1183165
2025-07,CUS-0470,828215,118316,177474,59160,1183165
2025-07,CUS-0471,828215,118316,177474,59160,1183165
2025-07,CUS-0472,828215,118316,177474,59160,1183165
2025-07,CUS-0473,828215,118316,177474,59160,1183165
2025-07,CUS-0474,828215,118316,177474,59160,1183165
2025-07,CUS-0475,828215,118316,177474,59160,1183165
2025-07,CUS-0476,828215,118316,177474,59160,1183165
2025-07,CUS-0477,828215,118316,177474,59160,1183165
2025-07,CUS-0478,828215,118316,177474,59160,1183165
2025-07,CUS-0479,828215,118316,177474,59160,1183165
2025-07,CUS-0480,828215,118316,177474,59160,1183165
2025-07,CUS-0481,828215,118316,177474,59160,1183165
2025-07,CUS-0482,828215,118316,177474,59160,1183165
2025-07,CUS-0483,828215,118316,177474,59160,1183165
2025-07,CUS-0484,828215,118316,177474,59160,1183165
2025-07,CUS-0485,828215,118316,177474,59160,1183165
2025-07,CUS-0486,828215,118316,177474,59160,1183165
2025-07,CUS-0487,828215,118316,177474,59160,1183165
2025-07,CUS-0488,828215,118316,177474,59160,1183165
2025-07,CUS-0489,828215,118316,177474,59160,1183165
2025-07,CUS-0490,828215,118316,177474,59160,1183165
2025-07,CUS-0491,828215,118316,177474,59160,1183165
2025-07,CUS-0492,828215,118316,177474,59160,1183165
2025-07,CUS-0493,828215,118316,177474,59160,1183165
2025-07,CUS-0494,828215,118316,177474,59160,1183165
2025-07,CUS-0495,828215,118316,177474,59160,1183165
2025-07,CUS-0496,828215,118316,177474,59160,1183165
2025-07,CUS-0497,828215,118316,177474,59160,1183165
2025-07,CUS-0498,828215,118316,177474,59160,1183165
2025-07,CUS-0499,828215,118316,177474,59160,1183165
2025-07,CUS-0500,828215,118316,177474,59160,1183165
2025-08,CUS-0001,191730000,27390000,41085000,13695000,273900000
2025-08,CUS-0002,838316,119759,179639,59881,1197595
2025-08,CUS-0003,838316,119759,179639,59881,1197595
2025-08,CUS-0004,838316,119759,179639,59881,1197595
2025-08,CUS-0005,838316,119759,179639,59881,1197595
2025-08,CUS-0006,838316,119759,179639,59881,1197595
2025-08,CUS-0007,838316,119759,179639,59881,1197595
2025-08,CUS-0008,838316,119759,179639,59881,1197595
2025-08,CUS-0009,838316,119759,179639,59881,1197595
2025-08,CUS-0010,838316,119759,179639,59881,1197595
2025-08,CUS-0011,838316,119759,179639,59881,1197595
2025-08,CUS-0012,838316,119759,179639,59881,1197595
2025-08,CUS-0013,838316,119759,179639,59881,1197595
2025-08,CUS-0014,838316,119759,179639,59881,1197595
2025-08,CUS-0015,838316,119759,179639,59881,1197595
2025-08,CUS-0016,838316,119759,179639,59881,1197595
2025-08,CUS-0017,838316,119759,179639,59881,1197595
2025-08,CUS-0018,838316,119759,179639,59881,1197595
2025-08,CUS-0019,838316,119759,179639,59881,1197595
2025-08,CUS-0020,838316,119759,179639,59881,1197595
2025-08,CUS-0021,838316,119759,179639,59881,1197595
2025-08,CUS-0022,838316,119759,179639,59881,1197595
2025-08,CUS-0023,838316,119759,179639,59881,1197595
2025-08,CUS-0024,838316,119759,179639,59881,1197595
2025-08,CUS-0025,838316,119759,179639,59881,1197595
2025-08,CUS-0026,838316,119759,179639,59881,1197595
2025-08,CUS-0027,838316,119759,179639,59881,1197595
2025-08,CUS-0028,838316,119759,179639,59881,1197595
2025-08,CUS-0029,838316,119759,179639,59881,1197595
2025-08,CUS-0030,838316,119759,179639,59881,1197595
2025-08,CUS-0031,838316,119759,179639,59881,1197595
2025-08,CUS-0032,838316,119759,179639,59881,1197595
2025-08,CUS-0033,838316,119759,179639,59881,1197595
2025-08,CUS-0034,838316,119759,179639,59881,1197595
2025-08,CUS-0035,838316,119759,179639,59881,1197595
2025-08,CUS-0036,838316,119759,179639,59881,1197595
2025-08,CUS-0037,838316,119759,179639,59881,1197595
2025-08,CUS-0038,838316,119759,179639,59881,1197595
2025-08,CUS-0039,838316,119759,179639,59881,1197595
2025-08,CUS-0040,838316,119759,179639,59881,1197595
2025-08,CUS-0041,838316,119759,179639,59881,1197595
2025-08,CUS-0042,838316,119759,179639,59881,1197595
2025-08,CUS-0043,838316,119759,179639,59881,1197595
2025-08,CUS-0044,838316,119759,179639,59881,1197595
2025-08,CUS-0045,838316,119759,179639,59881,1197595
2025-08,CUS-0046,838316,119759,179639,59881,1197595
2025-08,CUS-0047,838316,119759,179639,59881,1197595
2025-08,CUS-0048,838316,119759,179639,59881,1197595
2025-08,CUS-0049,838316,119759,179639,59881,1197595
2025-08,CUS-0050,838316,119759,179639,59881,1197595
2025-08,CUS-0051,838316,119759,179639,59881,1197595
2025-08,CUS-0052,838316,119759,179639,59881,1197595
2025-08,CUS-0053,838316,119759,179639,59881,1197595
2025-08,CUS-0054,838316,119759,179639,59881,1197595
2025-08,CUS-0055,838316,119759,179639,59881,1197595
2025-08,CUS-0056,838316,119759,179639,59881,1197595
2025-08,CUS-0057,838316,119759,179639,59881,1197595
2025-08,CUS-0058,838316,119759,179639,59881,1197595
2025-08,CUS-0059,838316,119759,179639,59881,1197595
2025-08,CUS-0060,838316,119759,179639,59881,1197595
2025-08,CUS-0061,838316,119759,179639,59881,1197595
2025-08,CUS-0062,838316,119759,179639,59881,1197595
2025-08,CUS-0063,838316,119759,179639,59881,1197595
2025-08,CUS-0064,838316,119759,179639,59881,1197595
2025-08,CUS-0065,838316,119759,179639,59881,1197595
2025-08,CUS-0066,838316,119759,179639,59881,1197595
2025-08,CUS-0067,838316,119759,179639,59881,1197595
2025-08,CUS-0068,838316,119759,179639,59881,1197595
2025-08,CUS-0069,838316,119759,179639,59881,1197595
2025-08,CUS-0070,838316,119759,179639,59881,1197595
2025-08,CUS-0071,838316,119759,179639,59881,1197595
2025-08,CUS-0072,838316,119759,179639,59881,1197595
2025-08,CUS-0073,838316,119759,179639,59881,1197595
2025-08,CUS-0074,838316,119759,179639,59881,1197595
2025-08,CUS-0075,838316,119759,179639,59881,1197595
2025-08,CUS-0076,838316,119759,179639,59881,1197595
2025-08,CUS-0077,838316,119759,179639,59881,1197595
2025-08,CUS-0078,838316,119759,179639,59881,1197595
2025-08,CUS-0079,838316,119759,179639,59881,1197595
2025-08,CUS-0080,838316,119759,179639,59881,1197595
2025-08,CUS-0081,838316,119759,179639,59881,1197595
2025-08,CUS-0082,838316,119759,179639,59881,1197595
2025-08,CUS-0083,838316,119759,179639,59881,1197595
2025-08,CUS-0084,838316,119759,179639,59881,1197595
2025-08,CUS-0085,838316,119759,179639,59881,1197595
2025-08,CUS-0086,838316,119759,179639,59881,1197595
2025-08,CUS-0087,838316,119759,179639,59881,1197595
2025-08,CUS-0088,838316,119759,179639,59881,1197595
2025-08,CUS-0089,838316,119759,179639,59881,1197595
2025-08,CUS-0090,838316,119759,179639,59881,1197595
2025-08,CUS-0091,838316,119759,179639,59881,1197595
2025-08,CUS-0092,838316,119759,179639,59881,1197595
2025-08,CUS-0093,838316,119759,179639,59881,1197595
2025-08,CUS-0094,838316,119759,179639,59881,1197595
2025-08,CUS-0095,838316,119759,179639,59881,1197595
2025-08,CUS-0096,838316,119759,179639,59881,1197595
2025-08,CUS-0097,838316,119759,179639,59881,1197595
2025-08,CUS-0098,838316,119759,179639,59881,1197595
2025-08,CUS-0099,838316,119759,179639,59881,1197595
2025-08,CUS-0100,838316,119759,179639,59881,1197595
2025-08,CUS-0101,838316,119759,179639,59881,1197595
2025-08,CUS-0102,838316,119759,179639,59881,1197595
2025-08,CUS-0103,838316,119759,179639,59881,1197595
2025-08,CUS-0104,838316,119759,179639,59881,1197595
2025-08,CUS-0105,838316,119759,179639,59881,1197595
2025-08,CUS-0106,838316,119759,179639,59881,1197595
2025-08,CUS-0107,838316,119759,179639,59881,1197595
2025-08,CUS-0108,838316,119759,179639,59881,1197595
2025-08,CUS-0109,838316,119759,179639,59881,1197595
2025-08,CUS-0110,838316,119759,179639,59881,1197595
2025-08,CUS-0111,838316,119759,179639,59881,1197595
2025-08,CUS-0112,838316,119759,179639,59881,1197595
2025-08,CUS-0113,838316,119759,179639,59881,1197595
2025-08,CUS-0114,838316,119759,179639,59881,1197595
2025-08,CUS-0115,838316,119759,179639,59881,1197595
2025-08,CUS-0116,838316,119759,179639,59881,1197595
2025-08,CUS-0117,838316,119759,179639,59881,1197595
2025-08,CUS-0118,838316,119759,179639,59881,1197595
2025-08,CUS-0119,838316,119759,179639,59881,1197595
2025-08,CUS-0120,838316,119759,179639,59881,1197595
2025-08,CUS-0121,838316,119759,179639,59881,1197595
2025-08,CUS-0122,838316,119759,179639,59881,1197595
2025-08,CUS-0123,838316,119759,179639,59881,1197595
2025-08,CUS-0124,838316,119759,179639,59881,1197595
2025-08,CUS-0125,838316,119759,179639,59881,1197595
2025-08,CUS-0126,838316,119759,179639,59881,1197595
2025-08,CUS-0127,838316,119759,179639,59881,1197595
2025-08,CUS-0128,838316,119759,179639,59881,1197595
2025-08,CUS-0129,838316,119759,179639,59881,1197595
2025-08,CUS-0130,838316,119759,179639,59881,1197595
2025-08,CUS-0131,838316,119759,179639,59881,1197595
2025-08,CUS-0132,838316,119759,179639,59881,1197595
2025-08,CUS-0133,838316,119759,179639,59881,1197595
2025-08,CUS-0134,838316,119759,179639,59881,1197595
2025-08,CUS-0135,838316,119759,179639,59881,1197595
2025-08,CUS-0136,838316,119759,179639,59881,1197595
2025-08,CUS-0137,838316,119759,179639,59881,1197595
2025-08,CUS-0138,838316,119759,179639,59881,1197595
2025-08,CUS-0139,838316,119759,179639,59881,1197595
2025-08,CUS-0140,838316,119759,179639,59881,1197595
2025-08,CUS-0141,838316,119759,179639,59881,1197595
2025-08,CUS-0142,838316,119759,179639,59881,1197595
2025-08,CUS-0143,838316,119759,179639,59881,1197595
2025-08,CUS-0144,838316,119759,179639,59881,1197595
2025-08,CUS-0145,838316,119759,179639,59881,1197595
2025-08,CUS-0146,838316,119759,179639,59881,1197595
2025-08,CUS-0147,838316,119759,179639,59881,1197595
2025-08,CUS-0148,838316,119759,179639,59881,1197595
2025-08,CUS-0149,838316,119759,179639,59881,1197595
2025-08,CUS-0150,838316,119759,179639,59881,1197595
2025-08,CUS-0151,838316,119759,179639,59881,1197595
2025-08,CUS-0152,838316,119759,179639,59881,1197595
2025-08,CUS-0153,838316,119759,179639,59881,1197595
2025-08,CUS-0154,838316,119759,179639,59881,1197595
2025-08,CUS-0155,838316,119759,179639,59881,1197595
2025-08,CUS-0156,838316,119759,179639,59881,1197595
2025-08,CUS-0157,838316,119759,179639,59881,1197595
2025-08,CUS-0158,838316,119759,179639,59881,1197595
2025-08,CUS-0159,838316,119759,179639,59881,1197595
2025-08,CUS-0160,838316,119759,179639,59881,1197595
2025-08,CUS-0161,838316,119759,179639,59881,1197595
2025-08,CUS-0162,838316,119759,179639,59881,1197595
2025-08,CUS-0163,838316,119759,179639,59881,1197595
2025-08,CUS-0164,838316,119759,179639,59881,1197595
2025-08,CUS-0165,838316,119759,179639,59881,1197595
2025-08,CUS-0166,838316,119759,179639,59881,1197595
2025-08,CUS-0167,838316,119759,179639,59881,1197595
2025-08,CUS-0168,838316,119759,179639,59881,1197595
2025-08,CUS-0169,838316,119759,179639,59881,1197595
2025-08,CUS-0170,838316,119759,179639,59881,1197595
2025-08,CUS-0171,838316,119759,179639,59881,1197595
2025-08,CUS-0172,838316,119759,179639,59881,1197595
2025-08,CUS-0173,838316,119759,179639,59881,1197595
2025-08,CUS-0174,838316,119759,179639,59881,1197595
2025-08,CUS-0175,838316,119759,179639,59881,1197595
2025-08,CUS-0176,838316,119759,179639,59881,1197595
2025-08,CUS-0177,838316,119759,179639,59881,1197595
2025-08,CUS-0178,838316,119759,179639,59881,1197595
2025-08,CUS-0179,838316,119759,179639,59881,1197595
2025-08,CUS-0180,838316,119759,179639,59881,1197595
2025-08,CUS-0181,838316,119759,179639,59881,1197595
2025-08,CUS-0182,838316,119759,179639,59881,1197595
2025-08,CUS-0183,838316,119759,179639,59881,1197595
2025-08,CUS-0184,838316,119759,179639,59881,1197595
2025-08,CUS-0185,838316,119759,179639,59881,1197595
2025-08,CUS-0186,838316,119759,179639,59881,1197595
2025-08,CUS-0187,838316,119759,179639,59881,1197595
2025-08,CUS-0188,838316,119759,179639,59881,1197595
2025-08,CUS-0189,838316,119759,179639,59881,1197595
2025-08,CUS-0190,838316,119759,179639,59881,1197595
2025-08,CUS-0191,838316,119759,179639,59881,1197595
2025-08,CUS-0192,838316,119759,179639,59881,1197595
2025-08,CUS-0193,838316,119759,179639,59881,1197595
2025-08,CUS-0194,838316,119759,179639,59881,1197595
2025-08,CUS-0195,838316,119759,179639,59881,1197595
2025-08,CUS-0196,838316,119759,179639,59881,1197595
2025-08,CUS-0197,838316,119759,179639,59881,1197595
2025-08,CUS-0198,838316,119759,179639,59881,1197595
2025-08,CUS-0199,838316,119759,179639,59881,1197595
2025-08,CUS-0200,838316,119759,179639,59881,1197595
2025-08,CUS-0201,838316,119759,179639,59881,1197595
2025-08,CUS-0202,838316,119759,179639,59881,1197595
2025-08,CUS-0203,838316,119759,179639,59881,1197595
2025-08,CUS-0204,838316,119759,179639,59881,1197595
2025-08,CUS-0205,838316,119759,179639,59881,1197595
2025-08,CUS-0206,838316,119759,179639,59881,1197595
2025-08,CUS-0207,838316,119759,179639,59881,1197595
2025-08,CUS-0208,838316,119759,179639,59881,1197595
2025-08,CUS-0209,838316,119759,179639,59881,1197595
2025-08,CUS-0210,838316,119759,179639,59881,1197595
2025-08,CUS-0211,838316,119759,179639,59881,1197595
2025-08,CUS-0212,838316,119759,179639,59881,1197595
2025-08,CUS-0213,838316,119759,179639,59881,1197595
2025-08,CUS-0214,838316,119759,179639,59881,1197595
2025-08,CUS-0215,838316,119759,179639,59881,1197595
2025-08,CUS-0216,838316,119759,179639,59881,1197595
2025-08,CUS-0217,838316,119759,179639,59881,1197595
2025-08,CUS-0218,838316,119759,179639,59881,1197595
2025-08,CUS-0219,838316,119759,179639,59881,1197595
2025-08,CUS-0220,838316,119759,179639,59881,1197595
2025-08,CUS-0221,838316,119759,179639,59881,1197595
2025-08,CUS-0222,838316,119759,179639,59881,1197595
2025-08,CUS-0223,838316,119759,179639,59881,1197595
2025-08,CUS-0224,838316,119759,179639,59881,1197595
2025-08,CUS-0225,838316,119759,179639,59881,1197595
2025-08,CUS-0226,838316,119759,179639,59881,1197595
2025-08,CUS-0227,838316,119759,179639,59881,1197595
2025-08,CUS-0228,838316,119759,179639,59881,1197595
2025-08,CUS-0229,838316,119759,179639,59881,1197595
2025-08,CUS-0230,838316,119759,179639,59881,1197595
2025-08,CUS-0231,838316,119759,179639,59881,1197595
2025-08,CUS-0232,838316,119759,179639,59881,1197595
2025-08,CUS-0233,838316,119759,179639,59881,1197595
2025-08,CUS-0234,838316,119759,179639,59881,1197595
2025-08,CUS-0235,838316,119759,179639,59881,1197595
2025-08,CUS-0236,838316,119759,179639,59881,1197595
2025-08,CUS-0237,838316,119759,179639,59881,1197595
2025-08,CUS-0238,838316,119759,179639,59881,1197595
2025-08,CUS-0239,838316,119759,179639,59881,1197595
2025-08,CUS-0240,838316,119759,179639,59881,1197595
2025-08,CUS-0241,838316,119759,179639,59881,1197595
2025-08,CUS-0242,838316,119759,179639,59881,1197595
2025-08,CUS-0243,838316,119759,179639,59881,1197595
2025-08,CUS-0244,838316,119759,179639,59881,1197595
2025-08,CUS-0245,838316,119759,179639,59881,1197595
2025-08,CUS-0246,838316,119759,179639,59881,1197595
2025-08,CUS-0247,838316,119759,179639,59881,1197595
2025-08,CUS-0248,838316,119759,179639,59881,1197595
2025-08,CUS-0249,838316,119759,179639,59881,1197595
2025-08,CUS-0250,838316,119759,179639,59881,1197595
2025-08,CUS-0251,838316,119759,179639,59881,1197595
2025-08,CUS-0252,838316,119759,179639,59881,1197595
2025-08,CUS-0253,838316,119759,179639,59881,1197595
2025-08,CUS-0254,838316,119759,179639,59881,1197595
2025-08,CUS-0255,838316,119759,179639,59881,1197595
2025-08,CUS-0256,838316,119759,179639,59881,1197595
2025-08,CUS-0257,838316,119759,179639,59881,1197595
2025-08,CUS-0258,838316,119759,179639,59881,1197595
2025-08,CUS-0259,838316,119759,179639,59881,1197595
2025-08,CUS-0260,838316,119759,179639,59881,1197595
2025-08,CUS-0261,838316,119759,179639,59881,1197595
2025-08,CUS-0262,838316,119759,179639,59881,1197595
2025-08,CUS-0263,838316,119759,179639,59881,1197595
2025-08,CUS-0264,838316,119759,179639,59881,1197595
2025-08,CUS-0265,838316,119759,179639,59881,1197595
2025-08,CUS-0266,838316,119759,179639,59881,1197595
2025-08,CUS-0267,838316,119759,179639,59881,1197595
2025-08,CUS-0268,838316,119759,179639,59881,1197595
2025-08,CUS-0269,838316,119759,179639,59881,1197595
2025-08,CUS-0270,838316,119759,179639,59881,1197595
2025-08,CUS-0271,838316,119759,179639,59881,1197595
2025-08,CUS-0272,838316,119759,179639,59881,1197595
2025-08,CUS-0273,838316,119759,179639,59881,1197595
2025-08,CUS-0274,838316,119759,179639,59881,1197595
2025-08,CUS-0275,838316,119759,179639,59881,1197595
2025-08,CUS-0276,838316,119759,179639,59881,1197595
2025-08,CUS-0277,838316,119759,179639,59881,1197595
2025-08,CUS-0278,838316,119759,179639,59881,1197595
2025-08,CUS-0279,838316,119759,179639,59881,1197595
2025-08,CUS-0280,838316,119759,179639,59881,1197595
2025-08,CUS-0281,838316,119759,179639,59881,1197595
2025-08,CUS-0282,838316,119759,179639,59881,1197595
2025-08,CUS-0283,838316,119759,179639,59881,1197595
2025-08,CUS-0284,838316,119759,179639,59881,1197595
2025-08,CUS-0285,838316,119759,179639,59881,1197595
2025-08,CUS-0286,838316,119759,179639,59881,1197595
2025-08,CUS-0287,838316,119759,179639,59881,1197595
2025-08,CUS-0288,838316,119759,179639,59881,1197595
2025-08,CUS-0289,838316,119759,179639,59881,1197595
2025-08,CUS-0290,838316,119759,179639,59881,1197595
2025-08,CUS-0291,838316,119759,179639,59881,1197595
2025-08,CUS-0292,838316,119759,179639,59881,1197595
2025-08,CUS-0293,838316,119759,179639,59881,1197595
2025-08,CUS-0294,838316,119759,179639,59881,1197595
2025-08,CUS-0295,838316,119759,179639,59881,1197595
2025-08,CUS-0296,838316,119759,179639,59881,1197595
2025-08,CUS-0297,838316,119759,179639,59881,1197595
2025-08,CUS-0298,838316,119759,179639,59881,1197595
2025-08,CUS-0299,838316,119759,179639,59881,1197595
2025-08,CUS-0300,838316,119759,179639,59881,1197595
2025-08,CUS-0301,838316,119759,179639,59881,1197595
2025-08,CUS-0302,838316,119759,179639,59881,1197595
2025-08,CUS-0303,838316,119759,179639,59881,1197595
2025-08,CUS-0304,838316,119759,179639,59881,1197595
2025-08,CUS-0305,838316,119759,179639,59881,1197595
2025-08,CUS-0306,838316,119759,179639,59881,1197595
2025-08,CUS-0307,838316,119759,179639,59881,1197595
2025-08,CUS-0308,838316,119759,179639,59881,1197595
2025-08,CUS-0309,838316,119759,179639,59881,1197595
2025-08,CUS-0310,838316,119759,179639,59881,1197595
2025-08,CUS-0311,838315,119759,179639,59881,1197594
2025-08,CUS-0312,838315,119759,179639,59881,1197594
2025-08,CUS-0313,838315,119759,179639,59881,1197594
2025-08,CUS-0314,838315,119759,179639,59881,1197594
2025-08,CUS-0315,838315,119759,179639,59881,1197594
2025-08,CUS-0316,838315,119759,179639,59881,1197594
2025-08,CUS-0317,838315,119759,179639,59881,1197594
2025-08,CUS-0318,838315,119759,179639,59881,1197594
2025-08,CUS-0319,838315,119759,179639,59881,1197594
2025-08,CUS-0320,838315,119759,179639,59881,1197594
2025-08,CUS-0321,838315,119759,179639,59881,1197594
2025-08,CUS-0322,838315,119759,179639,59881,1197594
2025-08,CUS-0323,838315,119759,179639,59881,1197594
2025-08,CUS-0324,838315,119759,179639,59881,1197594
2025-08,CUS-0325,838315,119759,179639,59881,1197594
2025-08,CUS-0326,838315,119759,179639,59881,1197594
2025-08,CUS-0327,838315,119759,179639,59881,1197594
2025-08,CUS-0328,838315,119759,179639,59881,1197594
2025-08,CUS-0329,838315,119759,179639,59881,1197594
2025-08,CUS-0330,838315,119759,179639,59881,1197594
2025-08,CUS-0331,838315,119759,179639,59881,1197594
2025-08,CUS-0332,838315,119759,179639,59881,1197594
2025-08,CUS-0333,838315,119759,179639,59881,1197594
2025-08,CUS-0334,838315,119759,179639,59881,1197594
2025-08,CUS-0335,838315,119759,179639,59881,1197594
2025-08,CUS-0336,838315,119759,179639,59881,1197594
2025-08,CUS-0337,838315,119759,179639,59881,1197594
2025-08,CUS-0338,838315,119759,179639,59881,1197594
2025-08,CUS-0339,838315,119759,179639,59881,1197594
2025-08,CUS-0340,838315,119759,179639,59881,1197594
2025-08,CUS-0341,838315,119759,179639,59881,1197594
2025-08,CUS-0342,838315,119759,179639,59881,1197594
2025-08,CUS-0343,838315,119759,179639,59881,1197594
2025-08,CUS-0344,838315,119759,179639,59881,1197594
2025-08,CUS-0345,838315,119759,179639,59881,1197594
2025-08,CUS-0346,838315,119759,179639,59881,1197594
2025-08,CUS-0347,838315,119759,179639,59881,1197594
2025-08,CUS-0348,838315,119759,179639,59881,1197594
2025-08,CUS-0349,838315,119759,179639,59881,1197594
2025-08,CUS-0350,838315,119759,179639,59881,1197594
2025-08,CUS-0351,838315,119759,179639,59881,1197594
2025-08,CUS-0352,838315,119759,179639,59881,1197594
2025-08,CUS-0353,838315,119759,179639,59881,1197594
2025-08,CUS-0354,838315,119759,179639,59881,1197594
2025-08,CUS-0355,838315,119759,179639,59881,1197594
2025-08,CUS-0356,838315,119759,179639,59881,1197594
2025-08,CUS-0357,838315,119759,179639,59881,1197594
2025-08,CUS-0358,838315,119759,179639,59881,1197594
2025-08,CUS-0359,838315,119759,179639,59881,1197594
2025-08,CUS-0360,838315,119759,179639,59881,1197594
2025-08,CUS-0361,838315,119759,179639,59881,1197594
2025-08,CUS-0362,838315,119759,179639,59881,1197594
2025-08,CUS-0363,838315,119759,179639,59881,1197594
2025-08,CUS-0364,838315,119759,179639,59881,1197594
2025-08,CUS-0365,838315,119759,179639,59881,1197594
2025-08,CUS-0366,838315,119759,179639,59881,1197594
2025-08,CUS-0367,838315,119759,179639,59881,1197594
2025-08,CUS-0368,838315,119759,179639,59881,1197594
2025-08,CUS-0369,838315,119759,179639,59881,1197594
2025-08,CUS-0370,838315,119759,179639,59881,1197594
2025-08,CUS-0371,838315,119759,179639,59881,1197594
2025-08,CUS-0372,838315,119759,179639,59881,1197594
2025-08,CUS-0373,838315,119759,179639,59881,1197594
2025-08,CUS-0374,838315,119759,179639,59881,1197594
2025-08,CUS-0375,838315,119759,179639,59881,1197594
2025-08,CUS-0376,838315,119759,179639,59881,1197594
2025-08,CUS-0377,838315,119759,179639,59881,1197594
2025-08,CUS-0378,838315,119759,179639,59881,1197594
2025-08,CUS-0379,838315,119759,179639,59881,1197594
2025-08,CUS-0380,838315,119759,179639,59881,1197594
2025-08,CUS-0381,838315,119759,179639,59881,1197594
2025-08,CUS-0382,838315,119759,179639,59881,1197594
2025-08,CUS-0383,838315,119759,179639,59881,1197594
2025-08,CUS-0384,838315,119759,179639,59881,1197594
2025-08,CUS-0385,838315,119759,179639,59881,1197594
2025-08,CUS-0386,838315,119759,179639,59881,1197594
2025-08,CUS-0387,838315,119759,179639,59881,1197594
2025-08,CUS-0388,838315,119759,179639,59881,1197594
2025-08,CUS-0389,838315,119759,179639,59881,1197594
2025-08,CUS-0390,838315,119759,179639,59881,1197594
2025-08,CUS-0391,838315,119759,179639,59881,1197594
2025-08,CUS-0392,838315,119759,179639,59881,1197594
2025-08,CUS-0393,838315,119759,179639,59881,1197594
2025-08,CUS-0394,838315,119759,179639,59881,1197594
2025-08,CUS-0395,838315,119759,179639,59881,1197594
2025-08,CUS-0396,838315,119759,179639,59881,1197594
2025-08,CUS-0397,838315,119759,179639,59881,1197594
2025-08,CUS-0398,838315,119759,179639,59881,1197594
2025-08,CUS-0399,838315,119759,179639,59881,1197594
2025-08,CUS-0400,838315,119759,179639,59881,1197594
2025-08,CUS-0401,838315,119759,179639,59881,1197594
2025-08,CUS-0402,838315,119759,179639,59881,1197594
2025-08,CUS-0403,838315,119759,179639,59881,1197594
2025-08,CUS-0404,838315,119759,179639,59881,1197594
2025-08,CUS-0405,838315,119759,179639,59881,1197594
2025-08,CUS-0406,838315,119759,179639,59881,1197594
2025-08,CUS-0407,838315,119759,179639,59881,1197594
2025-08,CUS-0408,838315,119759,179639,59881,1197594
2025-08,CUS-0409,838315,119759,179639,59881,1197594
2025-08,CUS-0410,838315,119759,179639,59881,1197594
2025-08,CUS-0411,838315,119759,179639,59881,1197594
2025-08,CUS-0412,838315,119759,179639,59881,1197594
2025-08,CUS-0413,838315,119759,179639,59881,1197594
2025-08,CUS-0414,838315,119759,179639,59881,1197594
2025-08,CUS-0415,838315,119759,179639,59881,1197594
2025-08,CUS-0416,838315,119759,179639,59881,1197594
2025-08,CUS-0417,838315,119759,179639,59881,1197594
2025-08,CUS-0418,838315,119759,179639,59881,1197594
2025-08,CUS-0419,838315,119759,179639,59881,1197594
2025-08,CUS-0420,838315,119759,179639,59881,1197594
2025-08,CUS-0421,838315,119759,179639,59881,1197594
2025-08,CUS-0422,838315,119759,179639,59881,1197594
2025-08,CUS-0423,838315,119759,179639,59881,1197594
2025-08,CUS-0424,838315,119759,179639,59881,1197594
2025-08,CUS-0425,838315,119759,179639,59881,1197594
2025-08,CUS-0426,838315,119759,179639,59881,1197594
2025-08,CUS-0427,838315,119759,179639,59881,1197594
2025-08,CUS-0428,838315,119759,179639,59881,1197594
2025-08,CUS-0429,838315,119759,179639,59881,1197594
2025-08,CUS-0430,838315,119759,179639,59881,1197594
2025-08,CUS-0431,838315,119759,179639,59881,1197594
2025-08,CUS-0432,838315,119759,179639,59881,1197594
2025-08,CUS-0433,838315,119759,179639,59881,1197594
2025-08,CUS-0434,838315,119759,179639,59881,1197594
2025-08,CUS-0435,838315,119759,179639,59881,1197594
2025-08,CUS-0436,838315,119759,179639,59881,1197594
2025-08,CUS-0437,838315,119759,179639,59881,1197594
2025-08,CUS-0438,838315,119759,179639,59881,1197594
2025-08,CUS-0439,838315,119759,179639,59881,1197594
2025-08,CUS-0440,838315,119759,179639,59881,1197594
2025-08,CUS-0441,838315,119759,179639,59881,1197594
2025-08,CUS-0442,838315,119759,179639,59881,1197594
2025-08,CUS-0443,838315,119759,179639,59881,1197594
2025-08,CUS-0444,838315,119759,179639,59881,1197594
2025-08,CUS-0445,838315,119759,179639,59881,1197594
2025-08,CUS-0446,838315,119759,179639,59881,1197594
2025-08,CUS-0447,838315,119759,179639,59881,1197594
2025-08,CUS-0448,838315,119759,179639,59881,1197594
2025-08,CUS-0449,838315,119759,179639,59881,1197594
2025-08,CUS-0450,838315,119759,179639,59881,1197594
2025-08,CUS-0451,838315,119759,179639,59881,1197594
2025-08,CUS-0452,838315,119759,179639,59881,1197594
2025-08,CUS-0453,838315,119759,179639,59881,1197594
2025-08,CUS-0454,838315,119759,179639,59881,1197594
2025-08,CUS-0455,838315,119759,179639,59881,1197594
2025-08,CUS-0456,838315,119759,179639,59881,1197594
2025-08,CUS-0457,838315,119759,179639,59881,1197594
2025-08,CUS-0458,838315,119759,179639,59881,1197594
2025-08,CUS-0459,838315,119759,179639,59881,1197594
2025-08,CUS-0460,838315,119759,179639,59881,1197594
2025-08,CUS-0461,838315,119759,179639,59881,1197594
2025-08,CUS-0462,838315,119759,179639,59881,1197594
2025-08,CUS-0463,838315,119759,179639,59881,1197594
2025-08,CUS-0464,838315,119759,179639,59881,1197594
2025-08,CUS-0465,838315,119759,179639,59881,1197594
2025-08,CUS-0466,838315,119759,179639,59881,1197594
2025-08,CUS-0467,838315,119759,179639,59881,1197594
2025-08,CUS-0468,838315,119759,179639,59881,1197594
2025-08,CUS-0469,838315,119759,179639,59881,1197594
2025-08,CUS-0470,838315,119759,179639,59881,1197594
2025-08,CUS-0471,838315,119759,179639,59881,1197594
2025-08,CUS-0472,838315,119759,179639,59881,1197594
2025-08,CUS-0473,838315,119759,179639,59881,1197594
2025-08,CUS-0474,838315,119759,179639,59881,1197594
2025-08,CUS-0475,838315,119759,179639,59881,1197594
2025-08,CUS-0476,838315,119759,179639,59881,1197594
2025-08,CUS-0477,838315,119759,179639,59881,1197594
2025-08,CUS-0478,838315,119759,179639,59881,1197594
2025-08,CUS-0479,838315,119759,179639,59881,1197594
2025-08,CUS-0480,838315,119759,179639,59881,1197594
2025-08,CUS-0481,838315,119759,179639,59881,1197594
2025-08,CUS-0482,838315,119759,179639,59881,1197594
2025-08,CUS-0483,838315,119759,179639,59881,1197594
2025-08,CUS-0484,838315,119759,179639,59881,1197594
2025-08,CUS-0485,838315,119759,179639,59881,1197594
2025-08,CUS-0486,838315,119759,179639,59881,1197594
2025-08,CUS-0487,838315,119759,179639,59881,1197594
2025-08,CUS-0488,838315,119759,179639,59881,1197594
2025-08,CUS-0489,838315,119759,179639,59881,1197594
2025-08,CUS-0490,838315,119759,179639,59881,1197594
2025-08,CUS-0491,838315,119759,179639,59881,1197594
2025-08,CUS-0492,838315,119759,179639,59881,1197594
2025-08,CUS-0493,838315,119759,179639,59881,1197594
2025-08,CUS-0494,838315,119759,179639,59881,1197594
2025-08,CUS-0495,838315,119759,179639,59881,1197594
2025-08,CUS-0496,838315,119759,179639,59881,1197594
2025-08,CUS-0497,838315,119759,179639,59881,1197594
2025-08,CUS-0498,838315,119759,179639,59881,1197594
2025-08,CUS-0499,838315,119759,179639,59881,1197594
2025-08,CUS-0500,838315,119759,179639,59881,1197594
2025-09,CUS-0001,231000000,33000000,49500000,16500000,330000000
2025-09,CUS-0002,1010020,144288,216432,72146,1442886
2025-09,CUS-0003,1010020,144288,216432,72146,1442886
2025-09,CUS-0004,1010020,144288,216432,72146,1442886
2025-09,CUS-0005,1010020,144288,216432,72146,1442886
2025-09,CUS-0006,1010020,144288,216432,72146,1442886
2025-09,CUS-0007,1010020,144288,216432,72146,1442886
2025-09,CUS-0008,1010020,144288,216432,72146,1442886
2025-09,CUS-0009,1010020,144288,216432,72146,1442886
2025-09,CUS-0010,1010020,144288,216432,72146,1442886
2025-09,CUS-0011,1010020,144288,216432,72146,1442886
2025-09,CUS-0012,1010020,144288,216432,72146,1442886
2025-09,CUS-0013,1010020,144288,216432,72146,1442886
2025-09,CUS-0014,1010020,144288,216432,72146,1442886
2025-09,CUS-0015,1010020,144288,216432,72146,1442886
2025-09,CUS-0016,1010020,144288,216432,72146,1442886
2025-09,CUS-0017,1010020,144288,216432,72146,1442886
2025-09,CUS-0018,1010020,144288,216432,72146,1442886
2025-09,CUS-0019,1010020,144288,216432,72146,1442886
2025-09,CUS-0020,1010020,144288,216432,72146,1442886
2025-09,CUS-0021,1010020,144288,216432,72146,1442886
2025-09,CUS-0022,1010020,144288,216432,72146,1442886
2025-09,CUS-0023,1010020,144288,216432,72146,1442886
2025-09,CUS-0024,1010020,144288,216432,72146,1442886
2025-09,CUS-0025,1010020,144288,216432,72146,1442886
2025-09,CUS-0026,1010020,144288,216432,72146,1442886
2025-09,CUS-0027,1010020,144288,216432,72146,1442886
2025-09,CUS-0028,1010020,144288,216432,72146,1442886
2025-09,CUS-0029,1010020,144288,216432,72146,1442886
2025-09,CUS-0030,1010020,144288,216432,72146,1442886
2025-09,CUS-0031,1010020,144288,216432,72146,1442886
2025-09,CUS-0032,1010020,144288,216432,72146,1442886
2025-09,CUS-0033,1010020,144288,216432,72146,1442886
2025-09,CUS-0034,1010020,144288,216432,72146,1442886
2025-09,CUS-0035,1010020,144288,216432,72146,1442886
2025-09,CUS-0036,1010020,144288,216432,72146,1442886
2025-09,CUS-0037,1010020,144288,216432,72146,1442886
2025-09,CUS-0038,1010020,144288,216432,72146,1442886
2025-09,CUS-0039,1010020,144288,216432,72146,1442886
2025-09,CUS-0040,1010020,144288,216432,72146,1442886
2025-09,CUS-0041,1010020,144288,216432,72146,1442886
2025-09,CUS-0042,1010020,144288,216432,72146,1442886
2025-09,CUS-0043,1010020,144288,216432,72146,1442886
2025-09,CUS-0044,1010020,144288,216432,72146,1442886
2025-09,CUS-0045,1010020,144288,216432,72146,1442886
2025-09,CUS-0046,1010020,144288,216432,72146,1442886
2025-09,CUS-0047,1010020,144288,216432,72146,1442886
2025-09,CUS-0048,1010020,144288,216432,72146,1442886
2025-09,CUS-0049,1010020,144288,216432,72146,1442886
2025-09,CUS-0050,1010020,144288,216432,72146,1442886
2025-09,CUS-0051,1010020,144288,216432,72146,1442886
2025-09,CUS-0052,1010020,144288,216432,72146,1442886
2025-09,CUS-0053,1010020,144288,216432,72146,1442886
2025-09,CUS-0054,1010020,144288,216432,72146,1442886
2025-09,CUS-0055,1010020,144288,216432,72146,1442886
2025-09,CUS-0056,1010020,144288,216432,72146,1442886
2025-09,CUS-0057,1010020,144288,216432,72146,1442886
2025-09,CUS-0058,1010020,144288,216432,72146,1442886
2025-09,CUS-0059,1010020,144288,216432,72146,1442886
2025-09,CUS-0060,1010020,144288,216432,72146,1442886
2025-09,CUS-0061,1010020,144288,216432,72146,1442886
2025-09,CUS-0062,1010020,144288,216432,72146,1442886
2025-09,CUS-0063,1010020,144288,216432,72146,1442886
2025-09,CUS-0064,1010020,144288,216432,72146,1442886
2025-09,CUS-0065,1010020,144288,216432,72146,1442886
2025-09,CUS-0066,1010020,144288,216432,72146,1442886
2025-09,CUS-0067,1010020,144288,216432,72146,1442886
2025-09,CUS-0068,1010020,144288,216432,72146,1442886
2025-09,CUS-0069,1010020,144288,216432,72146,1442886
2025-09,CUS-0070,1010020,144288,216432,72146,1442886
2025-09,CUS-0071,1010020,144288,216432,72146,1442886
2025-09,CUS-0072,1010020,144288,216432,72146,1442886
2025-09,CUS-0073,1010020,144288,216432,72146,1442886
2025-09,CUS-0074,1010020,144288,216432,72146,1442886
2025-09,CUS-0075,1010020,144288,216432,72146,1442886
2025-09,CUS-0076,1010020,144288,216432,72146,1442886
2025-09,CUS-0077,1010020,144288,216432,72146,1442886
2025-09,CUS-0078,1010020,144288,216432,72146,1442886
2025-09,CUS-0079,1010020,144288,216432,72146,1442886
2025-09,CUS-0080,1010020,144288,216432,72146,1442886
2025-09,CUS-0081,1010020,144288,216432,72146,1442886
2025-09,CUS-0082,1010020,144288,216432,72146,1442886
2025-09,CUS-0083,1010020,144288,216432,72146,1442886
2025-09,CUS-0084,1010020,144288,216432,72146,1442886
2025-09,CUS-0085,1010020,144288,216432,72146,1442886
2025-09,CUS-0086,1010020,144288,216432,72146,1442886
2025-09,CUS-0087,1010020,144288,216432,72146,1442886
2025-09,CUS-0088,1010020,144288,216432,72146,1442886
2025-09,CUS-0089,1010020,144288,216432,72146,1442886
2025-09,CUS-0090,1010020,144288,216432,72146,1442886
2025-09,CUS-0091,1010020,144288,216432,72146,1442886
2025-09,CUS-0092,1010020,144288,216432,72146,1442886
2025-09,CUS-0093,1010020,144288,216432,72146,1442886
2025-09,CUS-0094,1010020,144288,216432,72146,1442886
2025-09,CUS-0095,1010020,144288,216432,72146,1442886
2025-09,CUS-0096,1010020,144288,216432,72146,1442886
2025-09,CUS-0097,1010020,144288,216432,72146,1442886
2025-09,CUS-0098,1010020,144288,216432,72146,1442886
2025-09,CUS-0099,1010020,144288,216432,72146,1442886
2025-09,CUS-0100,1010020,144288,216432,72146,1442886
2025-09,CUS-0101,1010020,144288,216432,72146,1442886
2025-09,CUS-0102,1010020,144288,216432,72146,1442886
2025-09,CUS-0103,1010020,144288,216432,72146,1442886
2025-09,CUS-0104,1010020,144288,216432,72146,1442886
2025-09,CUS-0105,1010020,144288,216432,72146,1442886
2025-09,CUS-0106,1010020,144288,216432,72146,1442886
2025-09,CUS-0107,1010020,144288,216432,72146,1442886
2025-09,CUS-0108,1010020,144288,216432,72146,1442886
2025-09,CUS-0109,1010020,144288,216432,72146,1442886
2025-09,CUS-0110,1010020,144288,216432,72146,1442886
2025-09,CUS-0111,1010020,144288,216432,72146,1442886
2025-09,CUS-0112,1010020,144288,216432,72146,1442886
2025-09,CUS-0113,1010020,144288,216432,72146,1442886
2025-09,CUS-0114,1010020,144288,216432,72146,1442886
2025-09,CUS-0115,1010020,144288,216432,72146,1442886
2025-09,CUS-0116,1010020,144288,216432,72146,1442886
2025-09,CUS-0117,1010020,144288,216432,72146,1442886
2025-09,CUS-0118,1010020,144288,216432,72146,1442886
2025-09,CUS-0119,1010020,144288,216432,72146,1442886
2025-09,CUS-0120,1010020,144288,216432,72146,1442886
2025-09,CUS-0121,1010020,144288,216432,72146,1442886
2025-09,CUS-0122,1010020,144288,216432,72146,1442886
2025-09,CUS-0123,1010020,144288,216432,72146,1442886
2025-09,CUS-0124,1010020,144288,216432,72146,1442886
2025-09,CUS-0125,1010020,144288,216432,72146,1442886
2025-09,CUS-0126,1010020,144288,216432,72146,1442886
2025-09,CUS-0127,1010020,144288,216432,72146,1442886
2025-09,CUS-0128,1010020,144288,216432,72146,1442886
2025-09,CUS-0129,1010020,144288,216432,72146,1442886
2025-09,CUS-0130,1010020,144288,216432,72146,1442886
2025-09,CUS-0131,1010020,144288,216432,72146,1442886
2025-09,CUS-0132,1010020,144288,216432,72146,1442886
2025-09,CUS-0133,1010020,144288,216432,72146,1442886
2025-09,CUS-0134,1010020,144288,216432,72146,1442886
2025-09,CUS-0135,1010020,144288,216432,72146,1442886
2025-09,CUS-0136,1010020,144288,216432,72146,1442886
2025-09,CUS-0137,1010020,144288,216432,72146,1442886
2025-09,CUS-0138,1010020,144288,216432,72146,1442886
2025-09,CUS-0139,1010020,144288,216432,72146,1442886
2025-09,CUS-0140,1010020,144288,216432,72146,1442886
2025-09,CUS-0141,1010020,144288,216432,72146,1442886
2025-09,CUS-0142,1010020,144288,216432,72146,1442886
2025-09,CUS-0143,1010020,144288,216432,72146,1442886
2025-09,CUS-0144,1010020,144288,216432,72146,1442886
2025-09,CUS-0145,1010020,144288,216432,72146,1442886
2025-09,CUS-0146,1010020,144288,216432,72146,1442886
2025-09,CUS-0147,1010020,144288,216432,72146,1442886
2025-09,CUS-0148,1010020,144288,216432,72146,1442886
2025-09,CUS-0149,1010020,144288,216432,72146,1442886
2025-09,CUS-0150,1010020,144288,216432,72146,1442886
2025-09,CUS-0151,1010020,144288,216432,72146,1442886
2025-09,CUS-0152,1010020,144288,216432,72146,1442886
2025-09,CUS-0153,1010020,144288,216432,72146,1442886
2025-09,CUS-0154,1010020,144288,216432,72146,1442886
2025-09,CUS-0155,1010020,144288,216432,72146,1442886
2025-09,CUS-0156,1010020,144288,216432,72146,1442886
2025-09,CUS-0157,1010020,144288,216432,72146,1442886
2025-09,CUS-0158,1010020,144288,216432,72146,1442886
2025-09,CUS-0159,1010020,144288,216432,72146,1442886
2025-09,CUS-0160,1010020,144288,216432,72146,1442886
2025-09,CUS-0161,1010020,144288,216432,72146,1442886
2025-09,CUS-0162,1010020,144288,216432,72146,1442886
2025-09,CUS-0163,1010020,144288,216432,72146,1442886
2025-09,CUS-0164,1010020,144288,216432,72146,1442886
2025-09,CUS-0165,1010020,144288,216432,72146,1442886
2025-09,CUS-0166,1010020,144288,216432,72146,1442886
2025-09,CUS-0167,1010020,144288,216432,72146,1442886
2025-09,CUS-0168,1010020,144288,216432,72146,1442886
2025-09,CUS-0169,1010020,144288,216432,72146,1442886
2025-09,CUS-0170,1010020,144288,216432,72146,1442886
2025-09,CUS-0171,1010020,144288,216432,72146,1442886
2025-09,CUS-0172,1010020,144288,216432,72146,1442886
2025-09,CUS-0173,1010020,144288,216432,72146,1442886
2025-09,CUS-0174,1010020,144288,216432,72146,1442886
2025-09,CUS-0175,1010020,144288,216432,72146,1442886
2025-09,CUS-0176,1010020,144288,216432,72146,1442886
2025-09,CUS-0177,1010020,144288,216432,72146,1442886
2025-09,CUS-0178,1010020,144288,216432,72146,1442886
2025-09,CUS-0179,1010020,144288,216432,72146,1442886
2025-09,CUS-0180,1010020,144288,216432,72146,1442886
2025-09,CUS-0181,1010020,144288,216432,72146,1442886
2025-09,CUS-0182,1010020,144288,216432,72146,1442886
2025-09,CUS-0183,1010020,144288,216432,72146,1442886
2025-09,CUS-0184,1010020,144288,216432,72146,1442886
2025-09,CUS-0185,1010020,144288,216432,72146,1442886
2025-09,CUS-0186,1010020,144288,216432,72146,1442886
2025-09,CUS-0187,1010020,144288,216432,72146,1442886
2025-09,CUS-0188,1010020,144288,216432,72146,1442886
2025-09,CUS-0189,1010020,144288,216432,72146,1442886
2025-09,CUS-0190,1010020,144288,216432,72146,1442886
2025-09,CUS-0191,1010020,144288,216432,72146,1442886
2025-09,CUS-0192,1010020,144288,216432,72146,1442886
2025-09,CUS-0193,1010020,144288,216432,72146,1442886
2025-09,CUS-0194,1010020,144288,216432,72146,1442886
2025-09,CUS-0195,1010020,144288,216432,72146,1442886
2025-09,CUS-0196,1010020,144288,216432,72146,1442886
2025-09,CUS-0197,1010020,144288,216432,72146,1442886
2025-09,CUS-0198,1010020,144288,216432,72146,1442886
2025-09,CUS-0199,1010020,144288,216432,72146,1442886
2025-09,CUS-0200,1010020,144288,216432,72146,1442886
2025-09,CUS-0201,1010020,144288,216432,72146,1442886
2025-09,CUS-0202,1010020,144288,216432,72146,1442886
2025-09,CUS-0203,1010020,144288,216432,72146,1442886
2025-09,CUS-0204,1010020,144288,216432,72146,1442886
2025-09,CUS-0205,1010020,144288,216432,72146,1442886
2025-09,CUS-0206,1010020,144288,216432,72146,1442886
2025-09,CUS-0207,1010020,144288,216432,72146,1442886
2025-09,CUS-0208,1010020,144288,216432,72146,1442886
2025-09,CUS-0209,1010020,144288,216432,72146,1442886
2025-09,CUS-0210,1010020,144288,216432,72146,1442886
2025-09,CUS-0211,1010020,144288,216432,72146,1442886
2025-09,CUS-0212,1010020,144288,216432,72146,1442886
2025-09,CUS-0213,1010020,144288,216432,72146,1442886
2025-09,CUS-0214,1010020,144288,216432,72146,1442886
2025-09,CUS-0215,1010020,144288,216432,72146,1442886
2025-09,CUS-0216,1010020,144288,216432,72146,1442886
2025-09,CUS-0217,1010020,144288,216432,72146,1442886
2025-09,CUS-0218,1010020,144288,216432,72146,1442886
2025-09,CUS-0219,1010020,144288,216432,72146,1442886
2025-09,CUS-0220,1010020,144288,216432,72146,1442886
2025-09,CUS-0221,1010020,144288,216432,72146,1442886
2025-09,CUS-0222,1010020,144288,216432,72146,1442886
2025-09,CUS-0223,1010020,144288,216432,72146,1442886
2025-09,CUS-0224,1010020,144288,216432,72146,1442886
2025-09,CUS-0225,1010020,144288,216432,72146,1442886
2025-09,CUS-0226,1010020,144288,216432,72146,1442886
2025-09,CUS-0227,1010020,144288,216432,72146,1442886
2025-09,CUS-0228,1010020,144288,216432,72146,1442886
2025-09,CUS-0229,1010020,144288,216432,72146,1442886
2025-09,CUS-0230,1010020,144288,216432,72146,1442886
2025-09,CUS-0231,1010020,144288,216432,72146,1442886
2025-09,CUS-0232,1010020,144288,216432,72146,1442886
2025-09,CUS-0233,1010020,144288,216432,72146,1442886
2025-09,CUS-0234,1010020,144288,216432,72146,1442886
2025-09,CUS-0235,1010020,144288,216432,72146,1442886
2025-09,CUS-0236,1010020,144288,216432,72146,1442886
2025-09,CUS-0237,1010020,144288,216432,72146,1442886
2025-09,CUS-0238,1010020,144288,216432,72146,1442886
2025-09,CUS-0239,1010020,144288,216432,72146,1442886
2025-09,CUS-0240,1010020,144288,216432,72146,1442886
2025-09,CUS-0241,1010020,144288,216432,72146,1442886
2025-09,CUS-0242,1010020,144288,216432,72146,1442886
2025-09,CUS-0243,1010020,144288,216432,72146,1442886
2025-09,CUS-0244,1010020,144288,216432,72146,1442886
2025-09,CUS-0245,1010020,144288,216432,72146,1442886
2025-09,CUS-0246,1010020,144288,216432,72146,1442886
2025-09,CUS-0247,1010020,144288,216432,72146,1442886
2025-09,CUS-0248,1010020,144288,216432,72146,1442886
2025-09,CUS-0249,1010020,144288,216432,72146,1442886
2025-09,CUS-0250,1010020,144288,216432,72146,1442886
2025-09,CUS-0251,1010020,144288,216432,72146,1442886
2025-09,CUS-0252,1010020,144288,216432,72146,1442886
2025-09,CUS-0253,1010020,144288,216432,72146,1442886
2025-09,CUS-0254,1010020,144288,216432,72146,1442886
2025-09,CUS-0255,1010020,144288,216432,72146,1442886
2025-09,CUS-0256,1010020,144288,216432,72146,1442886
2025-09,CUS-0257,1010020,144288,216432,72146,1442886
2025-09,CUS-0258,1010020,144288,216432,72146,1442886
2025-09,CUS-0259,1010020,144288,216432,72146,1442886
2025-09,CUS-0260,1010020,144288,216432,72146,1442886
2025-09,CUS-0261,1010020,144288,216432,72146,1442886
2025-09,CUS-0262,1010020,144288,216432,72146,1442886
2025-09,CUS-0263,1010020,144288,216432,72146,1442886
2025-09,CUS-0264,1010020,144288,216432,72146,1442886
2025-09,CUS-0265,1010020,144288,216432,72146,1442886
2025-09,CUS-0266,1010020,144288,216432,72146,1442886
2025-09,CUS-0267,1010020,144288,216432,72146,1442886
2025-09,CUS-0268,1010020,144288,216432,72146,1442886
2025-09,CUS-0269,1010020,144288,216432,72146,1442886
2025-09,CUS-0270,1010020,144288,216432,72146,1442886
2025-09,CUS-0271,1010020,144288,216432,72146,1442886
2025-09,CUS-0272,1010020,144288,216432,72146,1442886
2025-09,CUS-0273,1010020,144288,216432,72146,1442886
2025-09,CUS-0274,1010020,144288,216432,72146,1442886
2025-09,CUS-0275,1010020,144288,216432,72146,1442886
2025-09,CUS-0276,1010020,144288,216432,72146,1442886
2025-09,CUS-0277,1010020,144288,216432,72146,1442886
2025-09,CUS-0278,1010020,144288,216432,72146,1442886
2025-09,CUS-0279,1010020,144288,216432,72146,1442886
2025-09,CUS-0280,1010020,144288,216432,72146,1442886
2025-09,CUS-0281,1010020,144288,216432,72146,1442886
2025-09,CUS-0282,1010020,144288,216432,72146,1442886
2025-09,CUS-0283,1010020,144288,216432,72146,1442886
2025-09,CUS-0284,1010020,144288,216432,72146,1442886
2025-09,CUS-0285,1010020,144288,216432,72146,1442886
2025-09,CUS-0286,1010020,144288,216432,72146,1442886
2025-09,CUS-0287,1010020,144288,216432,72146,1442886
2025-09,CUS-0288,1010020,144288,216432,72146,1442886
2025-09,CUS-0289,1010020,144288,216432,72146,1442886
2025-09,CUS-0290,1010020,144288,216432,72146,1442886
2025-09,CUS-0291,1010020,144288,216432,72146,1442886
2025-09,CUS-0292,1010020,144288,216432,72146,1442886
2025-09,CUS-0293,1010020,144288,216432,72146,1442886
2025-09,CUS-0294,1010020,144288,216432,72146,1442886
2025-09,CUS-0295,1010020,144288,216432,72146,1442886
2025-09,CUS-0296,1010020,144288,216432,72146,1442886
2025-09,CUS-0297,1010020,144288,216432,72146,1442886
2025-09,CUS-0298,1010020,144288,216432,72146,1442886
2025-09,CUS-0299,1010020,144288,216432,72146,1442886
2025-09,CUS-0300,1010020,144288,216432,72146,1442886
2025-09,CUS-0301,1010020,144288,216432,72146,1442886
2025-09,CUS-0302,1010020,144288,216432,72146,1442886
2025-09,CUS-0303,1010020,144288,216432,72146,1442886
2025-09,CUS-0304,1010020,144288,216432,72146,1442886
2025-09,CUS-0305,1010020,144288,216432,72146,1442886
2025-09,CUS-0306,1010020,144288,216432,72146,1442886
2025-09,CUS-0307,1010020,144288,216432,72146,1442886
2025-09,CUS-0308,1010020,144288,216432,72146,1442886
2025-09,CUS-0309,1010020,144288,216432,72146,1442886
2025-09,CUS-0310,1010020,144288,216432,72146,1442886
2025-09,CUS-0311,1010019,144288,216432,72146,1442885
2025-09,CUS-0312,1010019,144288,216432,72146,1442885
2025-09,CUS-0313,1010019,144288,216432,72146,1442885
2025-09,CUS-0314,1010019,144288,216432,72146,1442885
2025-09,CUS-0315,1010019,144288,216432,72146,1442885
2025-09,CUS-0316,1010019,144288,216432,72146,1442885
2025-09,CUS-0317,1010019,144288,216432,72146,1442885
2025-09,CUS-0318,1010019,144288,216432,72146,1442885
2025-09,CUS-0319,1010019,144288,216432,72146,1442885
2025-09,CUS-0320,1010019,144288,216432,72146,1442885
2025-09,CUS-0321,1010019,144288,216432,72146,1442885
2025-09,CUS-0322,1010019,144288,216432,72146,1442885
2025-09,CUS-0323,1010019,144288,216432,72146,1442885
2025-09,CUS-0324,1010019,144288,216432,72146,1442885
2025-09,CUS-0325,1010019,144288,216432,72146,1442885
2025-09,CUS-0326,1010019,144288,216432,72146,1442885
2025-09,CUS-0327,1010019,144288,216432,72146,1442885
2025-09,CUS-0328,1010019,144288,216432,72146,1442885
2025-09,CUS-0329,1010019,144288,216432,72146,1442885
2025-09,CUS-0330,1010019,144288,216432,72146,1442885
2025-09,CUS-0331,1010019,144288,216432,72146,1442885
2025-09,CUS-0332,1010019,144288,216432,72146,1442885
2025-09,CUS-0333,1010019,144288,216432,72146,1442885
2025-09,CUS-0334,1010019,144288,216432,72146,1442885
2025-09,CUS-0335,1010019,144288,216432,72146,1442885
2025-09,CUS-0336,1010019,144288,216432,72146,1442885
2025-09,CUS-0337,1010019,144288,216432,72146,1442885
2025-09,CUS-0338,1010019,144288,216432,72146,1442885
2025-09,CUS-0339,1010019,144288,216432,72146,1442885
2025-09,CUS-0340,1010019,144288,216432,72146,1442885
2025-09,CUS-0341,1010019,144288,216432,72146,1442885
2025-09,CUS-0342,1010019,144288,216432,72146,1442885
2025-09,CUS-0343,1010019,144288,216432,72146,1442885
2025-09,CUS-0344,1010019,144288,216432,72146,1442885
2025-09,CUS-0345,1010019,144288,216432,72146,1442885
2025-09,CUS-0346,1010019,144288,216432,72146,1442885
2025-09,CUS-0347,1010019,144288,216432,72146,1442885
2025-09,CUS-0348,1010019,144288,216432,72146,1442885
2025-09,CUS-0349,1010019,144288,216432,72146,1442885
2025-09,CUS-0350,1010019,144288,216432,72146,1442885
2025-09,CUS-0351,1010019,144288,216432,72146,1442885
2025-09,CUS-0352,1010019,144288,216432,72146,1442885
2025-09,CUS-0353,1010019,144288,216432,72146,1442885
2025-09,CUS-0354,1010019,144288,216432,72146,1442885
2025-09,CUS-0355,1010019,144288,216432,72146,1442885
2025-09,CUS-0356,1010019,144288,216432,72146,1442885
2025-09,CUS-0357,1010019,144288,216432,72146,1442885
2025-09,CUS-0358,1010019,144288,216432,72146,1442885
2025-09,CUS-0359,1010019,144288,216432,72146,1442885
2025-09,CUS-0360,1010019,144288,216432,72146,1442885
2025-09,CUS-0361,1010019,144288,216432,72146,1442885
2025-09,CUS-0362,1010019,144288,216432,72146,1442885
2025-09,CUS-0363,1010019,144288,216432,72146,1442885
2025-09,CUS-0364,1010019,144288,216432,72146,1442885
2025-09,CUS-0365,1010019,144288,216432,72146,1442885
2025-09,CUS-0366,1010019,144288,216432,72146,1442885
2025-09,CUS-0367,1010019,144288,216432,72146,1442885
2025-09,CUS-0368,1010019,144288,216432,72146,1442885
2025-09,CUS-0369,1010019,144288,216432,72146,1442885
2025-09,CUS-0370,1010019,144288,216432,72146,1442885
2025-09,CUS-0371,1010019,144288,216432,72146,1442885
2025-09,CUS-0372,1010019,144288,216432,72146,1442885
2025-09,CUS-0373,1010019,144288,216432,72146,1442885
2025-09,CUS-0374,1010019,144288,216432,72146,1442885
2025-09,CUS-0375,1010019,144288,216432,72146,1442885
2025-09,CUS-0376,1010019,144288,216432,72146,1442885
2025-09,CUS-0377,1010019,144288,216432,72146,1442885
2025-09,CUS-0378,1010019,144288,216432,72146,1442885
2025-09,CUS-0379,1010019,144288,216432,72146,1442885
2025-09,CUS-0380,1010019,144288,216432,72146,1442885
2025-09,CUS-0381,1010019,144288,216432,72146,1442885
2025-09,CUS-0382,1010019,144288,216432,72146,1442885
2025-09,CUS-0383,1010019,144288,216432,72146,1442885
2025-09,CUS-0384,1010019,144288,216432,72146,1442885
2025-09,CUS-0385,1010019,144288,216432,72146,1442885
2025-09,CUS-0386,1010019,144288,216432,72146,1442885
2025-09,CUS-0387,1010019,144288,216432,72146,1442885
2025-09,CUS-0388,1010019,144288,216432,72146,1442885
2025-09,CUS-0389,1010019,144288,216432,72146,1442885
2025-09,CUS-0390,1010019,144288,216432,72146,1442885
2025-09,CUS-0391,1010019,144288,216432,72146,1442885
2025-09,CUS-0392,1010019,144288,216432,72146,1442885
2025-09,CUS-0393,1010019,144288,216432,72146,1442885
2025-09,CUS-0394,1010019,144288,216432,72146,1442885
2025-09,CUS-0395,1010019,144288,216432,72146,1442885
2025-09,CUS-0396,1010019,144288,216432,72146,1442885
2025-09,CUS-0397,1010019,144288,216432,72146,1442885
2025-09,CUS-0398,1010019,144288,216432,72146,1442885
2025-09,CUS-0399,1010019,144288,216432,72146,1442885
2025-09,CUS-0400,1010019,144288,216432,72146,1442885
2025-09,CUS-0401,1010019,144288,216432,72146,1442885
2025-09,CUS-0402,1010019,144288,216432,72146,1442885
2025-09,CUS-0403,1010019,144288,216432,72146,1442885
2025-09,CUS-0404,1010019,144288,216432,72146,1442885
2025-09,CUS-0405,1010019,144288,216432,72146,1442885
2025-09,CUS-0406,1010019,144288,216432,72146,1442885
2025-09,CUS-0407,1010019,144288,216432,72146,1442885
2025-09,CUS-0408,1010019,144288,216432,72146,1442885
2025-09,CUS-0409,1010019,144288,216432,72146,1442885
2025-09,CUS-0410,1010019,144288,216432,72146,1442885
2025-09,CUS-0411,1010019,144288,216432,72146,1442885
2025-09,CUS-0412,1010019,144288,216432,72146,1442885
2025-09,CUS-0413,1010019,144288,216432,72146,1442885
2025-09,CUS-0414,1010019,144288,216432,72146,1442885
2025-09,CUS-0415,1010019,144288,216432,72146,1442885
2025-09,CUS-0416,1010019,144288,216432,72146,1442885
2025-09,CUS-0417,1010019,144288,216432,72146,1442885
2025-09,CUS-0418,1010019,144288,216432,72146,1442885
2025-09,CUS-0419,1010019,144288,216432,72146,1442885
2025-09,CUS-0420,1010019,144288,216432,72146,1442885
2025-09,CUS-0421,1010019,144288,216432,72146,1442885
2025-09,CUS-0422,1010019,144288,216432,72146,1442885
2025-09,CUS-0423,1010019,144288,216432,72146,1442885
2025-09,CUS-0424,1010019,144288,216432,72146,1442885
2025-09,CUS-0425,1010019,144288,216432,72146,1442885
2025-09,CUS-0426,1010019,144288,216432,72146,1442885
2025-09,CUS-0427,1010019,144288,216432,72146,1442885
2025-09,CUS-0428,1010019,144288,216432,72146,1442885
2025-09,CUS-0429,1010019,144288,216432,72146,1442885
2025-09,CUS-0430,1010019,144288,216432,72146,1442885
2025-09,CUS-0431,1010019,144288,216432,72146,1442885
2025-09,CUS-0432,1010019,144288,216432,72146,1442885
2025-09,CUS-0433,1010019,144288,216432,72146,1442885
2025-09,CUS-0434,1010019,144288,216432,72146,1442885
2025-09,CUS-0435,1010019,144288,216432,72146,1442885
2025-09,CUS-0436,1010019,144288,216432,72146,1442885
2025-09,CUS-0437,1010019,144288,216432,72146,1442885
2025-09,CUS-0438,1010019,144288,216432,72146,1442885
2025-09,CUS-0439,1010019,144288,216432,72146,1442885
2025-09,CUS-0440,1010019,144288,216432,72146,1442885
2025-09,CUS-0441,1010019,144288,216432,72146,1442885
2025-09,CUS-0442,1010019,144288,216432,72146,1442885
2025-09,CUS-0443,1010019,144288,216432,72146,1442885
2025-09,CUS-0444,1010019,144288,216432,72146,1442885
2025-09,CUS-0445,1010019,144288,216432,72146,1442885
2025-09,CUS-0446,1010019,144288,216432,72146,1442885
2025-09,CUS-0447,1010019,144288,216432,72146,1442885
2025-09,CUS-0448,1010019,144288,216432,72146,1442885
2025-09,CUS-0449,1010019,144288,216432,72146,1442885
2025-09,CUS-0450,1010019,144288,216432,72146,1442885
2025-09,CUS-0451,1010019,144288,216432,72146,1442885
2025-09,CUS-0452,1010019,144288,216432,72146,1442885
2025-09,CUS-0453,1010019,144288,216432,72146,1442885
2025-09,CUS-0454,1010019,144288,216432,72146,1442885
2025-09,CUS-0455,1010019,144288,216432,72146,1442885
2025-09,CUS-0456,1010019,144288,216432,72146,1442885
2025-09,CUS-0457,1010019,144288,216432,72146,1442885
2025-09,CUS-0458,1010019,144288,216432,72146,1442885
2025-09,CUS-0459,1010019,144288,216432,72146,1442885
2025-09,CUS-0460,1010019,144288,216432,72146,1442885
2025-09,CUS-0461,1010019,144288,216432,72146,1442885
2025-09,CUS-0462,1010019,144288,216432,72146,1442885
2025-09,CUS-0463,1010019,144288,216432,72146,1442885
2025-09,CUS-0464,1010019,144288,216432,72146,1442885
2025-09,CUS-0465,1010019,144288,216432,72146,1442885
2025-09,CUS-0466,1010019,144288,216432,72146,1442885
2025-09,CUS-0467,1010019,144288,216432,72146,1442885
2025-09,CUS-0468,1010019,144288,216432,72146,1442885
2025-09,CUS-0469,1010019,144288,216432,72146,1442885
2025-09,CUS-0470,1010019,144288,216432,72146,1442885
2025-09,CUS-0471,1010019,144288,216432,72146,1442885
2025-09,CUS-0472,1010019,144288,216432,72146,1442885
2025-09,CUS-0473,1010019,144288,216432,72146,1442885
2025-09,CUS-0474,1010019,144288,216432,72146,1442885
2025-09,CUS-0475,1010019,144288,216432,72146,1442885
2025-09,CUS-0476,1010019,144288,216432,72146,1442885
2025-09,CUS-0477,1010019,144288,216432,72146,1442885
2025-09,CUS-0478,1010019,144288,216432,72146,1442885
2025-09,CUS-0479,1010019,144288,216432,72146,1442885
2025-09,CUS-0480,1010019,144288,216432,72146,1442885
2025-09,CUS-0481,1010019,144288,216432,72146,1442885
2025-09,CUS-0482,1010019,144288,216432,72146,1442885
2025-09,CUS-0483,1010019,144288,216432,72146,1442885
2025-09,CUS-0484,1010019,144288,216432,72146,1442885
2025-09,CUS-0485,1010019,144288,216432,72146,1442885
2025-09,CUS-0486,1010019,144288,216432,72146,1442885
2025-09,CUS-0487,1010019,144288,216432,72146,1442885
2025-09,CUS-0488,1010019,144288,216432,72146,1442885
2025-09,CUS-0489,1010019,144288,216432,72146,1442885
2025-09,CUS-0490,1010019,144288,216432,72146,1442885
2025-09,CUS-0491,1010019,144288,216432,72146,1442885
2025-09,CUS-0492,1010019,144288,216432,72146,1442885
2025-09,CUS-0493,1010019,144288,216432,72146,1442885
2025-09,CUS-0494,1010019,144288,216432,72146,1442885
2025-09,CUS-0495,1010019,144288,216432,72146,1442885
2025-09,CUS-0496,1010019,144288,216432,72146,1442885
2025-09,CUS-0497,1010019,144288,216432,72146,1442885
2025-09,CUS-0498,1010019,144288,216432,72146,1442885
2025-09,CUS-0499,1010019,144288,216432,72146,1442885
2025-09,CUS-0500,1010019,144288,216432,72146,1442885
2025-10,CUS-0001,231000000,33000000,49500000,16500000,330000000
2025-10,CUS-0002,1010020,144288,216432,72146,1442886
2025-10,CUS-0003,1010020,144288,216432,72146,1442886
2025-10,CUS-0004,1010020,144288,216432,72146,1442886
2025-10,CUS-0005,1010020,144288,216432,72146,1442886
2025-10,CUS-0006,1010020,144288,216432,72146,1442886
2025-10,CUS-0007,1010020,144288,216432,72146,1442886
2025-10,CUS-0008,1010020,144288,216432,72146,1442886
2025-10,CUS-0009,1010020,144288,216432,72146,1442886
2025-10,CUS-0010,1010020,144288,216432,72146,1442886
2025-10,CUS-0011,1010020,144288,216432,72146,1442886
2025-10,CUS-0012,1010020,144288,216432,72146,1442886
2025-10,CUS-0013,1010020,144288,216432,72146,1442886
2025-10,CUS-0014,1010020,144288,216432,72146,1442886
2025-10,CUS-0015,1010020,144288,216432,72146,1442886
2025-10,CUS-0016,1010020,144288,216432,72146,1442886
2025-10,CUS-0017,1010020,144288,216432,72146,1442886
2025-10,CUS-0018,1010020,144288,216432,72146,1442886
2025-10,CUS-0019,1010020,144288,216432,72146,1442886
2025-10,CUS-0020,1010020,144288,216432,72146,1442886
2025-10,CUS-0021,1010020,144288,216432,72146,1442886
2025-10,CUS-0022,1010020,144288,216432,72146,1442886
2025-10,CUS-0023,1010020,144288,216432,72146,1442886
2025-10,CUS-0024,1010020,144288,216432,72146,1442886
2025-10,CUS-0025,1010020,144288,216432,72146,1442886
2025-10,CUS-0026,1010020,144288,216432,72146,1442886
2025-10,CUS-0027,1010020,144288,216432,72146,1442886
2025-10,CUS-0028,1010020,144288,216432,72146,1442886
2025-10,CUS-0029,1010020,144288,216432,72146,1442886
2025-10,CUS-0030,1010020,144288,216432,72146,1442886
2025-10,CUS-0031,1010020,144288,216432,72146,1442886
2025-10,CUS-0032,1010020,144288,216432,72146,1442886
2025-10,CUS-0033,1010020,144288,216432,72146,1442886
2025-10,CUS-0034,1010020,144288,216432,72146,1442886
2025-10,CUS-0035,1010020,144288,216432,72146,1442886
2025-10,CUS-0036,1010020,144288,216432,72146,1442886
2025-10,CUS-0037,1010020,144288,216432,72146,1442886
2025-10,CUS-0038,1010020,144288,216432,72146,1442886
2025-10,CUS-0039,1010020,144288,216432,72146,1442886
2025-10,CUS-0040,1010020,144288,216432,72146,1442886
2025-10,CUS-0041,1010020,144288,216432,72146,1442886
2025-10,CUS-0042,1010020,144288,216432,72146,1442886
2025-10,CUS-0043,1010020,144288,216432,72146,1442886
2025-10,CUS-0044,1010020,144288,216432,72146,1442886
2025-10,CUS-0045,1010020,144288,216432,72146,1442886
2025-10,CUS-0046,1010020,144288,216432,72146,1442886
2025-10,CUS-0047,1010020,144288,216432,72146,1442886
2025-10,CUS-0048,1010020,144288,216432,72146,1442886
2025-10,CUS-0049,1010020,144288,216432,72146,1442886
2025-10,CUS-0050,1010020,144288,216432,72146,1442886
2025-10,CUS-0051,1010020,144288,216432,72146,1442886
2025-10,CUS-0052,1010020,144288,216432,72146,1442886
2025-10,CUS-0053,1010020,144288,216432,72146,1442886
2025-10,CUS-0054,1010020,144288,216432,72146,1442886
2025-10,CUS-0055,1010020,144288,216432,72146,1442886
2025-10,CUS-0056,1010020,144288,216432,72146,1442886
2025-10,CUS-0057,1010020,144288,216432,72146,1442886
2025-10,CUS-0058,1010020,144288,216432,72146,1442886
2025-10,CUS-0059,1010020,144288,216432,72146,1442886
2025-10,CUS-0060,1010020,144288,216432,72146,1442886
2025-10,CUS-0061,1010020,144288,216432,72146,1442886
2025-10,CUS-0062,1010020,144288,216432,72146,1442886
2025-10,CUS-0063,1010020,144288,216432,72146,1442886
2025-10,CUS-0064,1010020,144288,216432,72146,1442886
2025-10,CUS-0065,1010020,144288,216432,72146,1442886
2025-10,CUS-0066,1010020,144288,216432,72146,1442886
2025-10,CUS-0067,1010020,144288,216432,72146,1442886
2025-10,CUS-0068,1010020,144288,216432,72146,1442886
2025-10,CUS-0069,1010020,144288,216432,72146,1442886
2025-10,CUS-0070,1010020,144288,216432,72146,1442886
2025-10,CUS-0071,1010020,144288,216432,72146,1442886
2025-10,CUS-0072,1010020,144288,216432,72146,1442886
2025-10,CUS-0073,1010020,144288,216432,72146,1442886
2025-10,CUS-0074,1010020,144288,216432,72146,1442886
2025-10,CUS-0075,1010020,144288,216432,72146,1442886
2025-10,CUS-0076,1010020,144288,216432,72146,1442886
2025-10,CUS-0077,1010020,144288,216432,72146,1442886
2025-10,CUS-0078,1010020,144288,216432,72146,1442886
2025-10,CUS-0079,1010020,144288,216432,72146,1442886
2025-10,CUS-0080,1010020,144288,216432,72146,1442886
2025-10,CUS-0081,1010020,144288,216432,72146,1442886
2025-10,CUS-0082,1010020,144288,216432,72146,1442886
2025-10,CUS-0083,1010020,144288,216432,72146,1442886
2025-10,CUS-0084,1010020,144288,216432,72146,1442886
2025-10,CUS-0085,1010020,144288,216432,72146,1442886
2025-10,CUS-0086,1010020,144288,216432,72146,1442886
2025-10,CUS-0087,1010020,144288,216432,72146,1442886
2025-10,CUS-0088,1010020,144288,216432,72146,1442886
2025-10,CUS-0089,1010020,144288,216432,72146,1442886
2025-10,CUS-0090,1010020,144288,216432,72146,1442886
2025-10,CUS-0091,1010020,144288,216432,72146,1442886
2025-10,CUS-0092,1010020,144288,216432,72146,1442886
2025-10,CUS-0093,1010020,144288,216432,72146,1442886
2025-10,CUS-0094,1010020,144288,216432,72146,1442886
2025-10,CUS-0095,1010020,144288,216432,72146,1442886
2025-10,CUS-0096,1010020,144288,216432,72146,1442886
2025-10,CUS-0097,1010020,144288,216432,72146,1442886
2025-10,CUS-0098,1010020,144288,216432,72146,1442886
2025-10,CUS-0099,1010020,144288,216432,72146,1442886
2025-10,CUS-0100,1010020,144288,216432,72146,1442886
2025-10,CUS-0101,1010020,144288,216432,72146,1442886
2025-10,CUS-0102,1010020,144288,216432,72146,1442886
2025-10,CUS-0103,1010020,144288,216432,72146,1442886
2025-10,CUS-0104,1010020,144288,216432,72146,1442886
2025-10,CUS-0105,1010020,144288,216432,72146,1442886
2025-10,CUS-0106,1010020,144288,216432,72146,1442886
2025-10,CUS-0107,1010020,144288,216432,72146,1442886
2025-10,CUS-0108,1010020,144288,216432,72146,1442886
2025-10,CUS-0109,1010020,144288,216432,72146,1442886
2025-10,CUS-0110,1010020,144288,216432,72146,1442886
2025-10,CUS-0111,1010020,144288,216432,72146,1442886
2025-10,CUS-0112,1010020,144288,216432,72146,1442886
2025-10,CUS-0113,1010020,144288,216432,72146,1442886
2025-10,CUS-0114,1010020,144288,216432,72146,1442886
2025-10,CUS-0115,1010020,144288,216432,72146,1442886
2025-10,CUS-0116,1010020,144288,216432,72146,1442886
2025-10,CUS-0117,1010020,144288,216432,72146,1442886
2025-10,CUS-0118,1010020,144288,216432,72146,1442886
2025-10,CUS-0119,1010020,144288,216432,72146,1442886
2025-10,CUS-0120,1010020,144288,216432,72146,1442886
2025-10,CUS-0121,1010020,144288,216432,72146,1442886
2025-10,CUS-0122,1010020,144288,216432,72146,1442886
2025-10,CUS-0123,1010020,144288,216432,72146,1442886
2025-10,CUS-0124,1010020,144288,216432,72146,1442886
2025-10,CUS-0125,1010020,144288,216432,72146,1442886
2025-10,CUS-0126,1010020,144288,216432,72146,1442886
2025-10,CUS-0127,1010020,144288,216432,72146,1442886
2025-10,CUS-0128,1010020,144288,216432,72146,1442886
2025-10,CUS-0129,1010020,144288,216432,72146,1442886
2025-10,CUS-0130,1010020,144288,216432,72146,1442886
2025-10,CUS-0131,1010020,144288,216432,72146,1442886
2025-10,CUS-0132,1010020,144288,216432,72146,1442886
2025-10,CUS-0133,1010020,144288,216432,72146,1442886
2025-10,CUS-0134,1010020,144288,216432,72146,1442886
2025-10,CUS-0135,1010020,144288,216432,72146,1442886
2025-10,CUS-0136,1010020,144288,216432,72146,1442886
2025-10,CUS-0137,1010020,144288,216432,72146,1442886
2025-10,CUS-0138,1010020,144288,216432,72146,1442886
2025-10,CUS-0139,1010020,144288,216432,72146,1442886
2025-10,CUS-0140,1010020,144288,216432,72146,1442886
2025-10,CUS-0141,1010020,144288,216432,72146,1442886
2025-10,CUS-0142,1010020,144288,216432,72146,1442886
2025-10,CUS-0143,1010020,144288,216432,72146,1442886
2025-10,CUS-0144,1010020,144288,216432,72146,1442886
2025-10,CUS-0145,1010020,144288,216432,72146,1442886
2025-10,CUS-0146,1010020,144288,216432,72146,1442886
2025-10,CUS-0147,1010020,144288,216432,72146,1442886
2025-10,CUS-0148,1010020,144288,216432,72146,1442886
2025-10,CUS-0149,1010020,144288,216432,72146,1442886
2025-10,CUS-0150,1010020,144288,216432,72146,1442886
2025-10,CUS-0151,1010020,144288,216432,72146,1442886
2025-10,CUS-0152,1010020,144288,216432,72146,1442886
2025-10,CUS-0153,1010020,144288,216432,72146,1442886
2025-10,CUS-0154,1010020,144288,216432,72146,1442886
2025-10,CUS-0155,1010020,144288,216432,72146,1442886
2025-10,CUS-0156,1010020,144288,216432,72146,1442886
2025-10,CUS-0157,1010020,144288,216432,72146,1442886
2025-10,CUS-0158,1010020,144288,216432,72146,1442886
2025-10,CUS-0159,1010020,144288,216432,72146,1442886
2025-10,CUS-0160,1010020,144288,216432,72146,1442886
2025-10,CUS-0161,1010020,144288,216432,72146,1442886
2025-10,CUS-0162,1010020,144288,216432,72146,1442886
2025-10,CUS-0163,1010020,144288,216432,72146,1442886
2025-10,CUS-0164,1010020,144288,216432,72146,1442886
2025-10,CUS-0165,1010020,144288,216432,72146,1442886
2025-10,CUS-0166,1010020,144288,216432,72146,1442886
2025-10,CUS-0167,1010020,144288,216432,72146,1442886
2025-10,CUS-0168,1010020,144288,216432,72146,1442886
2025-10,CUS-0169,1010020,144288,216432,72146,1442886
2025-10,CUS-0170,1010020,144288,216432,72146,1442886
2025-10,CUS-0171,1010020,144288,216432,72146,1442886
2025-10,CUS-0172,1010020,144288,216432,72146,1442886
2025-10,CUS-0173,1010020,144288,216432,72146,1442886
2025-10,CUS-0174,1010020,144288,216432,72146,1442886
2025-10,CUS-0175,1010020,144288,216432,72146,1442886
2025-10,CUS-0176,1010020,144288,216432,72146,1442886
2025-10,CUS-0177,1010020,144288,216432,72146,1442886
2025-10,CUS-0178,1010020,144288,216432,72146,1442886
2025-10,CUS-0179,1010020,144288,216432,72146,1442886
2025-10,CUS-0180,1010020,144288,216432,72146,1442886
2025-10,CUS-0181,1010020,144288,216432,72146,1442886
2025-10,CUS-0182,1010020,144288,216432,72146,1442886
2025-10,CUS-0183,1010020,144288,216432,72146,1442886
2025-10,CUS-0184,1010020,144288,216432,72146,1442886
2025-10,CUS-0185,1010020,144288,216432,72146,1442886
2025-10,CUS-0186,1010020,144288,216432,72146,1442886
2025-10,CUS-0187,1010020,144288,216432,72146,1442886
2025-10,CUS-0188,1010020,144288,216432,72146,1442886
2025-10,CUS-0189,1010020,144288,216432,72146,1442886
2025-10,CUS-0190,1010020,144288,216432,72146,1442886
2025-10,CUS-0191,1010020,144288,216432,72146,1442886
2025-10,CUS-0192,1010020,144288,216432,72146,1442886
2025-10,CUS-0193,1010020,144288,216432,72146,1442886
2025-10,CUS-0194,1010020,144288,216432,72146,1442886
2025-10,CUS-0195,1010020,144288,216432,72146,1442886
2025-10,CUS-0196,1010020,144288,216432,72146,1442886
2025-10,CUS-0197,1010020,144288,216432,72146,1442886
2025-10,CUS-0198,1010020,144288,216432,72146,1442886
2025-10,CUS-0199,1010020,144288,216432,72146,1442886
2025-10,CUS-0200,1010020,144288,216432,72146,1442886
2025-10,CUS-0201,1010020,144288,216432,72146,1442886
2025-10,CUS-0202,1010020,144288,216432,72146,1442886
2025-10,CUS-0203,1010020,144288,216432,72146,1442886
2025-10,CUS-0204,1010020,144288,216432,72146,1442886
2025-10,CUS-0205,1010020,144288,216432,72146,1442886
2025-10,CUS-0206,1010020,144288,216432,72146,1442886
2025-10,CUS-0207,1010020,144288,216432,72146,1442886
2025-10,CUS-0208,1010020,144288,216432,72146,1442886
2025-10,CUS-0209,1010020,144288,216432,72146,1442886
2025-10,CUS-0210,1010020,144288,216432,72146,1442886
2025-10,CUS-0211,1010020,144288,216432,72146,1442886
2025-10,CUS-0212,1010020,144288,216432,72146,1442886
2025-10,CUS-0213,1010020,144288,216432,72146,1442886
2025-10,CUS-0214,1010020,144288,216432,72146,1442886
2025-10,CUS-0215,1010020,144288,216432,72146,1442886
2025-10,CUS-0216,1010020,144288,216432,72146,1442886
2025-10,CUS-0217,1010020,144288,216432,72146,1442886
2025-10,CUS-0218,1010020,144288,216432,72146,1442886
2025-10,CUS-0219,1010020,144288,216432,72146,1442886
2025-10,CUS-0220,1010020,144288,216432,72146,1442886
2025-10,CUS-0221,1010020,144288,216432,72146,1442886
2025-10,CUS-0222,1010020,144288,216432,72146,1442886
2025-10,CUS-0223,1010020,144288,216432,72146,1442886
2025-10,CUS-0224,1010020,144288,216432,72146,1442886
2025-10,CUS-0225,1010020,144288,216432,72146,1442886
2025-10,CUS-0226,1010020,144288,216432,72146,1442886
2025-10,CUS-0227,1010020,144288,216432,72146,1442886
2025-10,CUS-0228,1010020,144288,216432,72146,1442886
2025-10,CUS-0229,1010020,144288,216432,72146,1442886
2025-10,CUS-0230,1010020,144288,216432,72146,1442886
2025-10,CUS-0231,1010020,144288,216432,72146,1442886
2025-10,CUS-0232,1010020,144288,216432,72146,1442886
2025-10,CUS-0233,1010020,144288,216432,72146,1442886
2025-10,CUS-0234,1010020,144288,216432,72146,1442886
2025-10,CUS-0235,1010020,144288,216432,72146,1442886
2025-10,CUS-0236,1010020,144288,216432,72146,1442886
2025-10,CUS-0237,1010020,144288,216432,72146,1442886
2025-10,CUS-0238,1010020,144288,216432,72146,1442886
2025-10,CUS-0239,1010020,144288,216432,72146,1442886
2025-10,CUS-0240,1010020,144288,216432,72146,1442886
2025-10,CUS-0241,1010020,144288,216432,72146,1442886
2025-10,CUS-0242,1010020,144288,216432,72146,1442886
2025-10,CUS-0243,1010020,144288,216432,72146,1442886
2025-10,CUS-0244,1010020,144288,216432,72146,1442886
2025-10,CUS-0245,1010020,144288,216432,72146,1442886
2025-10,CUS-0246,1010020,144288,216432,72146,1442886
2025-10,CUS-0247,1010020,144288,216432,72146,1442886
2025-10,CUS-0248,1010020,144288,216432,72146,1442886
2025-10,CUS-0249,1010020,144288,216432,72146,1442886
2025-10,CUS-0250,1010020,144288,216432,72146,1442886
2025-10,CUS-0251,1010020,144288,216432,72146,1442886
2025-10,CUS-0252,1010020,144288,216432,72146,1442886
2025-10,CUS-0253,1010020,144288,216432,72146,1442886
2025-10,CUS-0254,1010020,144288,216432,72146,1442886
2025-10,CUS-0255,1010020,144288,216432,72146,1442886
2025-10,CUS-0256,1010020,144288,216432,72146,1442886
2025-10,CUS-0257,1010020,144288,216432,72146,1442886
2025-10,CUS-0258,1010020,144288,216432,72146,1442886
2025-10,CUS-0259,1010020,144288,216432,72146,1442886
2025-10,CUS-0260,1010020,144288,216432,72146,1442886
2025-10,CUS-0261,1010020,144288,216432,72146,1442886
2025-10,CUS-0262,1010020,144288,216432,72146,1442886
2025-10,CUS-0263,1010020,144288,216432,72146,1442886
2025-10,CUS-0264,1010020,144288,216432,72146,1442886
2025-10,CUS-0265,1010020,144288,216432,72146,1442886
2025-10,CUS-0266,1010020,144288,216432,72146,1442886
2025-10,CUS-0267,1010020,144288,216432,72146,1442886
2025-10,CUS-0268,1010020,144288,216432,72146,1442886
2025-10,CUS-0269,1010020,144288,216432,72146,1442886
2025-10,CUS-0270,1010020,144288,216432,72146,1442886
2025-10,CUS-0271,1010020,144288,216432,72146,1442886
2025-10,CUS-0272,1010020,144288,216432,72146,1442886
2025-10,CUS-0273,1010020,144288,216432,72146,1442886
2025-10,CUS-0274,1010020,144288,216432,72146,1442886
2025-10,CUS-0275,1010020,144288,216432,72146,1442886
2025-10,CUS-0276,1010020,144288,216432,72146,1442886
2025-10,CUS-0277,1010020,144288,216432,72146,1442886
2025-10,CUS-0278,1010020,144288,216432,72146,1442886
2025-10,CUS-0279,1010020,144288,216432,72146,1442886
2025-10,CUS-0280,1010020,144288,216432,72146,1442886
2025-10,CUS-0281,1010020,144288,216432,72146,1442886
2025-10,CUS-0282,1010020,144288,216432,72146,1442886
2025-10,CUS-0283,1010020,144288,216432,72146,1442886
2025-10,CUS-0284,1010020,144288,216432,72146,1442886
2025-10,CUS-0285,1010020,144288,216432,72146,1442886
2025-10,CUS-0286,1010020,144288,216432,72146,1442886
2025-10,CUS-0287,1010020,144288,216432,72146,1442886
2025-10,CUS-0288,1010020,144288,216432,72146,1442886
2025-10,CUS-0289,1010020,144288,216432,72146,1442886
2025-10,CUS-0290,1010020,144288,216432,72146,1442886
2025-10,CUS-0291,1010020,144288,216432,72146,1442886
2025-10,CUS-0292,1010020,144288,216432,72146,1442886
2025-10,CUS-0293,1010020,144288,216432,72146,1442886
2025-10,CUS-0294,1010020,144288,216432,72146,1442886
2025-10,CUS-0295,1010020,144288,216432,72146,1442886
2025-10,CUS-0296,1010020,144288,216432,72146,1442886
2025-10,CUS-0297,1010020,144288,216432,72146,1442886
2025-10,CUS-0298,1010020,144288,216432,72146,1442886
2025-10,CUS-0299,1010020,144288,216432,72146,1442886
2025-10,CUS-0300,1010020,144288,216432,72146,1442886
2025-10,CUS-0301,1010020,144288,216432,72146,1442886
2025-10,CUS-0302,1010020,144288,216432,72146,1442886
2025-10,CUS-0303,1010020,144288,216432,72146,1442886
2025-10,CUS-0304,1010020,144288,216432,72146,1442886
2025-10,CUS-0305,1010020,144288,216432,72146,1442886
2025-10,CUS-0306,1010020,144288,216432,72146,1442886
2025-10,CUS-0307,1010020,144288,216432,72146,1442886
2025-10,CUS-0308,1010020,144288,216432,72146,1442886
2025-10,CUS-0309,1010020,144288,216432,72146,1442886
2025-10,CUS-0310,1010020,144288,216432,72146,1442886
2025-10,CUS-0311,1010019,144288,216432,72146,1442885
2025-10,CUS-0312,1010019,144288,216432,72146,1442885
2025-10,CUS-0313,1010019,144288,216432,72146,1442885
2025-10,CUS-0314,1010019,144288,216432,72146,1442885
2025-10,CUS-0315,1010019,144288,216432,72146,1442885
2025-10,CUS-0316,1010019,144288,216432,72146,1442885
2025-10,CUS-0317,1010019,144288,216432,72146,1442885
2025-10,CUS-0318,1010019,144288,216432,72146,1442885
2025-10,CUS-0319,1010019,144288,216432,72146,1442885
2025-10,CUS-0320,1010019,144288,216432,72146,1442885
2025-10,CUS-0321,1010019,144288,216432,72146,1442885
2025-10,CUS-0322,1010019,144288,216432,72146,1442885
2025-10,CUS-0323,1010019,144288,216432,72146,1442885
2025-10,CUS-0324,1010019,144288,216432,72146,1442885
2025-10,CUS-0325,1010019,144288,216432,72146,1442885
2025-10,CUS-0326,1010019,144288,216432,72146,1442885
2025-10,CUS-0327,1010019,144288,216432,72146,1442885
2025-10,CUS-0328,1010019,144288,216432,72146,1442885
2025-10,CUS-0329,1010019,144288,216432,72146,1442885
2025-10,CUS-0330,1010019,144288,216432,72146,1442885
2025-10,CUS-0331,1010019,144288,216432,72146,1442885
2025-10,CUS-0332,1010019,144288,216432,72146,1442885
2025-10,CUS-0333,1010019,144288,216432,72146,1442885
2025-10,CUS-0334,1010019,144288,216432,72146,1442885
2025-10,CUS-0335,1010019,144288,216432,72146,1442885
2025-10,CUS-0336,1010019,144288,216432,72146,1442885
2025-10,CUS-0337,1010019,144288,216432,72146,1442885
2025-10,CUS-0338,1010019,144288,216432,72146,1442885
2025-10,CUS-0339,1010019,144288,216432,72146,1442885
2025-10,CUS-0340,1010019,144288,216432,72146,1442885
2025-10,CUS-0341,1010019,144288,216432,72146,1442885
2025-10,CUS-0342,1010019,144288,216432,72146,1442885
2025-10,CUS-0343,1010019,144288,216432,72146,1442885
2025-10,CUS-0344,1010019,144288,216432,72146,1442885
2025-10,CUS-0345,1010019,144288,216432,72146,1442885
2025-10,CUS-0346,1010019,144288,216432,72146,1442885
2025-10,CUS-0347,1010019,144288,216432,72146,1442885
2025-10,CUS-0348,1010019,144288,216432,72146,1442885
2025-10,CUS-0349,1010019,144288,216432,72146,1442885
2025-10,CUS-0350,1010019,144288,216432,72146,1442885
2025-10,CUS-0351,1010019,144288,216432,72146,1442885
2025-10,CUS-0352,1010019,144288,216432,72146,1442885
2025-10,CUS-0353,1010019,144288,216432,72146,1442885
2025-10,CUS-0354,1010019,144288,216432,72146,1442885
2025-10,CUS-0355,1010019,144288,216432,72146,1442885
2025-10,CUS-0356,1010019,144288,216432,72146,1442885
2025-10,CUS-0357,1010019,144288,216432,72146,1442885
2025-10,CUS-0358,1010019,144288,216432,72146,1442885
2025-10,CUS-0359,1010019,144288,216432,72146,1442885
2025-10,CUS-0360,1010019,144288,216432,72146,1442885
2025-10,CUS-0361,1010019,144288,216432,72146,1442885
2025-10,CUS-0362,1010019,144288,216432,72146,1442885
2025-10,CUS-0363,1010019,144288,216432,72146,1442885
2025-10,CUS-0364,1010019,144288,216432,72146,1442885
2025-10,CUS-0365,1010019,144288,216432,72146,1442885
2025-10,CUS-0366,1010019,144288,216432,72146,1442885
2025-10,CUS-0367,1010019,144288,216432,72146,1442885
2025-10,CUS-0368,1010019,144288,216432,72146,1442885
2025-10,CUS-0369,1010019,144288,216432,72146,1442885
2025-10,CUS-0370,1010019,144288,216432,72146,1442885
2025-10,CUS-0371,1010019,144288,216432,72146,1442885
2025-10,CUS-0372,1010019,144288,216432,72146,1442885
2025-10,CUS-0373,1010019,144288,216432,72146,1442885
2025-10,CUS-0374,1010019,144288,216432,72146,1442885
2025-10,CUS-0375,1010019,144288,216432,72146,1442885
2025-10,CUS-0376,1010019,144288,216432,72146,1442885
2025-10,CUS-0377,1010019,144288,216432,72146,1442885
2025-10,CUS-0378,1010019,144288,216432,72146,1442885
2025-10,CUS-0379,1010019,144288,216432,72146,1442885
2025-10,CUS-0380,1010019,144288,216432,72146,1442885
2025-10,CUS-0381,1010019,144288,216432,72146,1442885
2025-10,CUS-0382,1010019,144288,216432,72146,1442885
2025-10,CUS-0383,1010019,144288,216432,72146,1442885
2025-10,CUS-0384,1010019,144288,216432,72146,1442885
2025-10,CUS-0385,1010019,144288,216432,72146,1442885
2025-10,CUS-0386,1010019,144288,216432,72146,1442885
2025-10,CUS-0387,1010019,144288,216432,72146,1442885
2025-10,CUS-0388,1010019,144288,216432,72146,1442885
2025-10,CUS-0389,1010019,144288,216432,72146,1442885
2025-10,CUS-0390,1010019,144288,216432,72146,1442885
2025-10,CUS-0391,1010019,144288,216432,72146,1442885
2025-10,CUS-0392,1010019,144288,216432,72146,1442885
2025-10,CUS-0393,1010019,144288,216432,72146,1442885
2025-10,CUS-0394,1010019,144288,216432,72146,1442885
2025-10,CUS-0395,1010019,144288,216432,72146,1442885
2025-10,CUS-0396,1010019,144288,216432,72146,1442885
2025-10,CUS-0397,1010019,144288,216432,72146,1442885
2025-10,CUS-0398,1010019,144288,216432,72146,1442885
2025-10,CUS-0399,1010019,144288,216432,72146,1442885
2025-10,CUS-0400,1010019,144288,216432,72146,1442885
2025-10,CUS-0401,1010019,144288,216432,72146,1442885
2025-10,CUS-0402,1010019,144288,216432,72146,1442885
2025-10,CUS-0403,1010019,144288,216432,72146,1442885
2025-10,CUS-0404,1010019,144288,216432,72146,1442885
2025-10,CUS-0405,1010019,144288,216432,72146,1442885
2025-10,CUS-0406,1010019,144288,216432,72146,1442885
2025-10,CUS-0407,1010019,144288,216432,72146,1442885
2025-10,CUS-0408,1010019,144288,216432,72146,1442885
2025-10,CUS-0409,1010019,144288,216432,72146,1442885
2025-10,CUS-0410,1010019,144288,216432,72146,1442885
2025-10,CUS-0411,1010019,144288,216432,72146,1442885
2025-10,CUS-0412,1010019,144288,216432,72146,1442885
2025-10,CUS-0413,1010019,144288,216432,72146,1442885
2025-10,CUS-0414,1010019,144288,216432,72146,1442885
2025-10,CUS-0415,1010019,144288,216432,72146,1442885
2025-10,CUS-0416,1010019,144288,216432,72146,1442885
2025-10,CUS-0417,1010019,144288,216432,72146,1442885
2025-10,CUS-0418,1010019,144288,216432,72146,1442885
2025-10,CUS-0419,1010019,144288,216432,72146,1442885
2025-10,CUS-0420,1010019,144288,216432,72146,1442885
2025-10,CUS-0421,1010019,144288,216432,72146,1442885
2025-10,CUS-0422,1010019,144288,216432,72146,1442885
2025-10,CUS-0423,1010019,144288,216432,72146,1442885
2025-10,CUS-0424,1010019,144288,216432,72146,1442885
2025-10,CUS-0425,1010019,144288,216432,72146,1442885
2025-10,CUS-0426,1010019,144288,216432,72146,1442885
2025-10,CUS-0427,1010019,144288,216432,72146,1442885
2025-10,CUS-0428,1010019,144288,216432,72146,1442885
2025-10,CUS-0429,1010019,144288,216432,72146,1442885
2025-10,CUS-0430,1010019,144288,216432,72146,1442885
2025-10,CUS-0431,1010019,144288,216432,72146,1442885
2025-10,CUS-0432,1010019,144288,216432,72146,1442885
2025-10,CUS-0433,1010019,144288,216432,72146,1442885
2025-10,CUS-0434,1010019,144288,216432,72146,1442885
2025-10,CUS-0435,1010019,144288,216432,72146,1442885
2025-10,CUS-0436,1010019,144288,216432,72146,1442885
2025-10,CUS-0437,1010019,144288,216432,72146,1442885
2025-10,CUS-0438,1010019,144288,216432,72146,1442885
2025-10,CUS-0439,1010019,144288,216432,72146,1442885
2025-10,CUS-0440,1010019,144288,216432,72146,1442885
2025-10,CUS-0441,1010019,144288,216432,72146,1442885
2025-10,CUS-0442,1010019,144288,216432,72146,1442885
2025-10,CUS-0443,1010019,144288,216432,72146,1442885
2025-10,CUS-0444,1010019,144288,216432,72146,1442885
2025-10,CUS-0445,1010019,144288,216432,72146,1442885
2025-10,CUS-0446,1010019,144288,216432,72146,1442885
2025-10,CUS-0447,1010019,144288,216432,72146,1442885
2025-10,CUS-0448,1010019,144288,216432,72146,1442885
2025-10,CUS-0449,1010019,144288,216432,72146,1442885
2025-10,CUS-0450,1010019,144288,216432,72146,1442885
2025-10,CUS-0451,1010019,144288,216432,72146,1442885
2025-10,CUS-0452,1010019,144288,216432,72146,1442885
2025-10,CUS-0453,1010019,144288,216432,72146,1442885
2025-10,CUS-0454,1010019,144288,216432,72146,1442885
2025-10,CUS-0455,1010019,144288,216432,72146,1442885
2025-10,CUS-0456,1010019,144288,216432,72146,1442885
2025-10,CUS-0457,1010019,144288,216432,72146,1442885
2025-10,CUS-0458,1010019,144288,216432,72146,1442885
2025-10,CUS-0459,1010019,144288,216432,72146,1442885
2025-10,CUS-0460,1010019,144288,216432,72146,1442885
2025-10,CUS-0461,1010019,144288,216432,72146,1442885
2025-10,CUS-0462,1010019,144288,216432,72146,1442885
2025-10,CUS-0463,1010019,144288,216432,72146,1442885
2025-10,CUS-0464,1010019,144288,216432,72146,1442885
2025-10,CUS-0465,1010019,144288,216432,72146,1442885
2025-10,CUS-0466,1010019,144288,216432,72146,1442885
2025-10,CUS-0467,1010019,144288,216432,72146,1442885
2025-10,CUS-0468,1010019,144288,216432,72146,1442885
2025-10,CUS-0469,1010019,144288,216432,72146,1442885
2025-10,CUS-0470,1010019,144288,216432,72146,1442885
2025-10,CUS-0471,1010019,144288,216432,72146,1442885
2025-10,CUS-0472,1010019,144288,216432,72146,1442885
2025-10,CUS-0473,1010019,144288,216432,72146,1442885
2025-10,CUS-0474,1010019,144288,216432,72146,1442885
2025-10,CUS-0475,1010019,144288,216432,72146,1442885
2025-10,CUS-0476,1010019,144288,216432,72146,1442885
2025-10,CUS-0477,1010019,144288,216432,72146,1442885
2025-10,CUS-0478,1010019,144288,216432,72146,1442885
2025-10,CUS-0479,1010019,144288,216432,72146,1442885
2025-10,CUS-0480,1010019,144288,216432,72146,1442885
2025-10,CUS-0481,1010019,144288,216432,72146,1442885
2025-10,CUS-0482,1010019,144288,216432,72146,1442885
2025-10,CUS-0483,1010019,144288,216432,72146,1442885
2025-10,CUS-0484,1010019,144288,216432,72146,1442885
2025-10,CUS-0485,1010019,144288,216432,72146,1442885
2025-10,CUS-0486,1010019,144288,216432,72146,1442885
2025-10,CUS-0487,1010019,144288,216432,72146,1442885
2025-10,CUS-0488,1010019,144288,216432,72146,1442885
2025-10,CUS-0489,1010019,144288,216432,72146,1442885
2025-10,CUS-0490,1010019,144288,216432,72146,1442885
2025-10,CUS-0491,1010019,144288,216432,72146,1442885
2025-10,CUS-0492,1010019,144288,216432,72146,1442885
2025-10,CUS-0493,1010019,144288,216432,72146,1442885
2025-10,CUS-0494,1010019,144288,216432,72146,1442885
2025-10,CUS-0495,1010019,144288,216432,72146,1442885
2025-10,CUS-0496,1010019,144288,216432,72146,1442885
2025-10,CUS-0497,1010019,144288,216432,72146,1442885
2025-10,CUS-0498,1010019,144288,216432,72146,1442885
2025-10,CUS-0499,1010019,144288,216432,72146,1442885
2025-10,CUS-0500,1010019,144288,216432,72146,1442885
2025-11,CUS-0001,231000000,33000000,49500000,16500000,330000000
2025-11,CUS-0002,1010020,144288,216432,72146,1442886
2025-11,CUS-0003,1010020,144288,216432,72146,1442886
2025-11,CUS-0004,1010020,144288,216432,72146,1442886
2025-11,CUS-0005,1010020,144288,216432,72146,1442886
2025-11,CUS-0006,1010020,144288,216432,72146,1442886
2025-11,CUS-0007,1010020,144288,216432,72146,1442886
2025-11,CUS-0008,1010020,144288,216432,72146,1442886
2025-11,CUS-0009,1010020,144288,216432,72146,1442886
2025-11,CUS-0010,1010020,144288,216432,72146,1442886
2025-11,CUS-0011,1010020,144288,216432,72146,1442886
2025-11,CUS-0012,1010020,144288,216432,72146,1442886
2025-11,CUS-0013,1010020,144288,216432,72146,1442886
2025-11,CUS-0014,1010020,144288,216432,72146,1442886
2025-11,CUS-0015,1010020,144288,216432,72146,1442886
2025-11,CUS-0016,1010020,144288,216432,72146,1442886
2025-11,CUS-0017,1010020,144288,216432,72146,1442886
2025-11,CUS-0018,1010020,144288,216432,72146,1442886
2025-11,CUS-0019,1010020,144288,216432,72146,1442886
2025-11,CUS-0020,1010020,144288,216432,72146,1442886
2025-11,CUS-0021,1010020,144288,216432,72146,1442886
2025-11,CUS-0022,1010020,144288,216432,72146,1442886
2025-11,CUS-0023,1010020,144288,216432,72146,1442886
2025-11,CUS-0024,1010020,144288,216432,72146,1442886
2025-11,CUS-0025,1010020,144288,216432,72146,1442886
2025-11,CUS-0026,1010020,144288,216432,72146,1442886
2025-11,CUS-0027,1010020,144288,216432,72146,1442886
2025-11,CUS-0028,1010020,144288,216432,72146,1442886
2025-11,CUS-0029,1010020,144288,216432,72146,1442886
2025-11,CUS-0030,1010020,144288,216432,72146,1442886
2025-11,CUS-0031,1010020,144288,216432,72146,1442886
2025-11,CUS-0032,1010020,144288,216432,72146,1442886
2025-11,CUS-0033,1010020,144288,216432,72146,1442886
2025-11,CUS-0034,1010020,144288,216432,72146,1442886
2025-11,CUS-0035,1010020,144288,216432,72146,1442886
2025-11,CUS-0036,1010020,144288,216432,72146,1442886
2025-11,CUS-0037,1010020,144288,216432,72146,1442886
2025-11,CUS-0038,1010020,144288,216432,72146,1442886
2025-11,CUS-0039,1010020,144288,216432,72146,1442886
2025-11,CUS-0040,1010020,144288,216432,72146,1442886
2025-11,CUS-0041,1010020,144288,216432,72146,1442886
2025-11,CUS-0042,1010020,144288,216432,72146,1442886
2025-11,CUS-0043,1010020,144288,216432,72146,1442886
2025-11,CUS-0044,1010020,144288,216432,72146,1442886
2025-11,CUS-0045,1010020,144288,216432,72146,1442886
2025-11,CUS-0046,1010020,144288,216432,72146,1442886
2025-11,CUS-0047,1010020,144288,216432,72146,1442886
2025-11,CUS-0048,1010020,144288,216432,72146,1442886
2025-11,CUS-0049,1010020,144288,216432,72146,1442886
2025-11,CUS-0050,1010020,144288,216432,72146,1442886
2025-11,CUS-0051,1010020,144288,216432,72146,1442886
2025-11,CUS-0052,1010020,144288,216432,72146,1442886
2025-11,CUS-0053,1010020,144288,216432,72146,1442886
2025-11,CUS-0054,1010020,144288,216432,72146,1442886
2025-11,CUS-0055,1010020,144288,216432,72146,1442886
2025-11,CUS-0056,1010020,144288,216432,72146,1442886
2025-11,CUS-0057,1010020,144288,216432,72146,1442886
2025-11,CUS-0058,1010020,144288,216432,72146,1442886
2025-11,CUS-0059,1010020,144288,216432,72146,1442886
2025-11,CUS-0060,1010020,144288,216432,72146,1442886
2025-11,CUS-0061,1010020,144288,216432,72146,1442886
2025-11,CUS-0062,1010020,144288,216432,72146,1442886
2025-11,CUS-0063,1010020,144288,216432,72146,1442886
2025-11,CUS-0064,1010020,144288,216432,72146,1442886
2025-11,CUS-0065,1010020,144288,216432,72146,1442886
2025-11,CUS-0066,1010020,144288,216432,72146,1442886
2025-11,CUS-0067,1010020,144288,216432,72146,1442886
2025-11,CUS-0068,1010020,144288,216432,72146,1442886
2025-11,CUS-0069,1010020,144288,216432,72146,1442886
2025-11,CUS-0070,1010020,144288,216432,72146,1442886
2025-11,CUS-0071,1010020,144288,216432,72146,1442886
2025-11,CUS-0072,1010020,144288,216432,72146,1442886
2025-11,CUS-0073,1010020,144288,216432,72146,1442886
2025-11,CUS-0074,1010020,144288,216432,72146,1442886
2025-11,CUS-0075,1010020,144288,216432,72146,1442886
2025-11,CUS-0076,1010020,144288,216432,72146,1442886
2025-11,CUS-0077,1010020,144288,216432,72146,1442886
2025-11,CUS-0078,1010020,144288,216432,72146,1442886
2025-11,CUS-0079,1010020,144288,216432,72146,1442886
2025-11,CUS-0080,1010020,144288,216432,72146,1442886
2025-11,CUS-0081,1010020,144288,216432,72146,1442886
2025-11,CUS-0082,1010020,144288,216432,72146,1442886
2025-11,CUS-0083,1010020,144288,216432,72146,1442886
2025-11,CUS-0084,1010020,144288,216432,72146,1442886
2025-11,CUS-0085,1010020,144288,216432,72146,1442886
2025-11,CUS-0086,1010020,144288,216432,72146,1442886
2025-11,CUS-0087,1010020,144288,216432,72146,1442886
2025-11,CUS-0088,1010020,144288,216432,72146,1442886
2025-11,CUS-0089,1010020,144288,216432,72146,1442886
2025-11,CUS-0090,1010020,144288,216432,72146,1442886
2025-11,CUS-0091,1010020,144288,216432,72146,1442886
2025-11,CUS-0092,1010020,144288,216432,72146,1442886
2025-11,CUS-0093,1010020,144288,216432,72146,1442886
2025-11,CUS-0094,1010020,144288,216432,72146,1442886
2025-11,CUS-0095,1010020,144288,216432,72146,1442886
2025-11,CUS-0096,1010020,144288,216432,72146,1442886
2025-11,CUS-0097,1010020,144288,216432,72146,1442886
2025-11,CUS-0098,1010020,144288,216432,72146,1442886
2025-11,CUS-0099,1010020,144288,216432,72146,1442886
2025-11,CUS-0100,1010020,144288,216432,72146,1442886
2025-11,CUS-0101,1010020,144288,216432,72146,1442886
2025-11,CUS-0102,1010020,144288,216432,72146,1442886
2025-11,CUS-0103,1010020,144288,216432,72146,1442886
2025-11,CUS-0104,1010020,144288,216432,72146,1442886
2025-11,CUS-0105,1010020,144288,216432,72146,1442886
2025-11,CUS-0106,1010020,144288,216432,72146,1442886
2025-11,CUS-0107,1010020,144288,216432,72146,1442886
2025-11,CUS-0108,1010020,144288,216432,72146,1442886
2025-11,CUS-0109,1010020,144288,216432,72146,1442886
2025-11,CUS-0110,1010020,144288,216432,72146,1442886
2025-11,CUS-0111,1010020,144288,216432,72146,1442886
2025-11,CUS-0112,1010020,144288,216432,72146,1442886
2025-11,CUS-0113,1010020,144288,216432,72146,1442886
2025-11,CUS-0114,1010020,144288,216432,72146,1442886
2025-11,CUS-0115,1010020,144288,216432,72146,1442886
2025-11,CUS-0116,1010020,144288,216432,72146,1442886
2025-11,CUS-0117,1010020,144288,216432,72146,1442886
2025-11,CUS-0118,1010020,144288,216432,72146,1442886
2025-11,CUS-0119,1010020,144288,216432,72146,1442886
2025-11,CUS-0120,1010020,144288,216432,72146,1442886
2025-11,CUS-0121,1010020,144288,216432,72146,1442886
2025-11,CUS-0122,1010020,144288,216432,72146,1442886
2025-11,CUS-0123,1010020,144288,216432,72146,1442886
2025-11,CUS-0124,1010020,144288,216432,72146,1442886
2025-11,CUS-0125,1010020,144288,216432,72146,1442886
2025-11,CUS-0126,1010020,144288,216432,72146,1442886
2025-11,CUS-0127,1010020,144288,216432,72146,1442886
2025-11,CUS-0128,1010020,144288,216432,72146,1442886
2025-11,CUS-0129,1010020,144288,216432,72146,1442886
2025-11,CUS-0130,1010020,144288,216432,72146,1442886
2025-11,CUS-0131,1010020,144288,216432,72146,1442886
2025-11,CUS-0132,1010020,144288,216432,72146,1442886
2025-11,CUS-0133,1010020,144288,216432,72146,1442886
2025-11,CUS-0134,1010020,144288,216432,72146,1442886
2025-11,CUS-0135,1010020,144288,216432,72146,1442886
2025-11,CUS-0136,1010020,144288,216432,72146,1442886
2025-11,CUS-0137,1010020,144288,216432,72146,1442886
2025-11,CUS-0138,1010020,144288,216432,72146,1442886
2025-11,CUS-0139,1010020,144288,216432,72146,1442886
2025-11,CUS-0140,1010020,144288,216432,72146,1442886
2025-11,CUS-0141,1010020,144288,216432,72146,1442886
2025-11,CUS-0142,1010020,144288,216432,72146,1442886
2025-11,CUS-0143,1010020,144288,216432,72146,1442886
2025-11,CUS-0144,1010020,144288,216432,72146,1442886
2025-11,CUS-0145,1010020,144288,216432,72146,1442886
2025-11,CUS-0146,1010020,144288,216432,72146,1442886
2025-11,CUS-0147,1010020,144288,216432,72146,1442886
2025-11,CUS-0148,1010020,144288,216432,72146,1442886
2025-11,CUS-0149,1010020,144288,216432,72146,1442886
2025-11,CUS-0150,1010020,144288,216432,72146,1442886
2025-11,CUS-0151,1010020,144288,216432,72146,1442886
2025-11,CUS-0152,1010020,144288,216432,72146,1442886
2025-11,CUS-0153,1010020,144288,216432,72146,1442886
2025-11,CUS-0154,1010020,144288,216432,72146,1442886
2025-11,CUS-0155,1010020,144288,216432,72146,1442886
2025-11,CUS-0156,1010020,144288,216432,72146,1442886
2025-11,CUS-0157,1010020,144288,216432,72146,1442886
2025-11,CUS-0158,1010020,144288,216432,72146,1442886
2025-11,CUS-0159,1010020,144288,216432,72146,1442886
2025-11,CUS-0160,1010020,144288,216432,72146,1442886
2025-11,CUS-0161,1010020,144288,216432,72146,1442886
2025-11,CUS-0162,1010020,144288,216432,72146,1442886
2025-11,CUS-0163,1010020,144288,216432,72146,1442886
2025-11,CUS-0164,1010020,144288,216432,72146,1442886
2025-11,CUS-0165,1010020,144288,216432,72146,1442886
2025-11,CUS-0166,1010020,144288,216432,72146,1442886
2025-11,CUS-0167,1010020,144288,216432,72146,1442886
2025-11,CUS-0168,1010020,144288,216432,72146,1442886
2025-11,CUS-0169,1010020,144288,216432,72146,1442886
2025-11,CUS-0170,1010020,144288,216432,72146,1442886
2025-11,CUS-0171,1010020,144288,216432,72146,1442886
2025-11,CUS-0172,1010020,144288,216432,72146,1442886
2025-11,CUS-0173,1010020,144288,216432,72146,1442886
2025-11,CUS-0174,1010020,144288,216432,72146,1442886
2025-11,CUS-0175,1010020,144288,216432,72146,1442886
2025-11,CUS-0176,1010020,144288,216432,72146,1442886
2025-11,CUS-0177,1010020,144288,216432,72146,1442886
2025-11,CUS-0178,1010020,144288,216432,72146,1442886
2025-11,CUS-0179,1010020,144288,216432,72146,1442886
2025-11,CUS-0180,1010020,144288,216432,72146,1442886
2025-11,CUS-0181,1010020,144288,216432,72146,1442886
2025-11,CUS-0182,1010020,144288,216432,72146,1442886
2025-11,CUS-0183,1010020,144288,216432,72146,1442886
2025-11,CUS-0184,1010020,144288,216432,72146,1442886
2025-11,CUS-0185,1010020,144288,216432,72146,1442886
2025-11,CUS-0186,1010020,144288,216432,72146,1442886
2025-11,CUS-0187,1010020,144288,216432,72146,1442886
2025-11,CUS-0188,1010020,144288,216432,72146,1442886
2025-11,CUS-0189,1010020,144288,216432,72146,1442886
2025-11,CUS-0190,1010020,144288,216432,72146,1442886
2025-11,CUS-0191,1010020,144288,216432,72146,1442886
2025-11,CUS-0192,1010020,144288,216432,72146,1442886
2025-11,CUS-0193,1010020,144288,216432,72146,1442886
2025-11,CUS-0194,1010020,144288,216432,72146,1442886
2025-11,CUS-0195,1010020,144288,216432,72146,1442886
2025-11,CUS-0196,1010020,144288,216432,72146,1442886
2025-11,CUS-0197,1010020,144288,216432,72146,1442886
2025-11,CUS-0198,1010020,144288,216432,72146,1442886
2025-11,CUS-0199,1010020,144288,216432,72146,1442886
2025-11,CUS-0200,1010020,144288,216432,72146,1442886
2025-11,CUS-0201,1010020,144288,216432,72146,1442886
2025-11,CUS-0202,1010020,144288,216432,72146,1442886
2025-11,CUS-0203,1010020,144288,216432,72146,1442886
2025-11,CUS-0204,1010020,144288,216432,72146,1442886
2025-11,CUS-0205,1010020,144288,216432,72146,1442886
2025-11,CUS-0206,1010020,144288,216432,72146,1442886
2025-11,CUS-0207,1010020,144288,216432,72146,1442886
2025-11,CUS-0208,1010020,144288,216432,72146,1442886
2025-11,CUS-0209,1010020,144288,216432,72146,1442886
2025-11,CUS-0210,1010020,144288,216432,72146,1442886
2025-11,CUS-0211,1010020,144288,216432,72146,1442886
2025-11,CUS-0212,1010020,144288,216432,72146,1442886
2025-11,CUS-0213,1010020,144288,216432,72146,1442886
2025-11,CUS-0214,1010020,144288,216432,72146,1442886
2025-11,CUS-0215,1010020,144288,216432,72146,1442886
2025-11,CUS-0216,1010020,144288,216432,72146,1442886
2025-11,CUS-0217,1010020,144288,216432,72146,1442886
2025-11,CUS-0218,1010020,144288,216432,72146,1442886
2025-11,CUS-0219,1010020,144288,216432,72146,1442886
2025-11,CUS-0220,1010020,144288,216432,72146,1442886
2025-11,CUS-0221,1010020,144288,216432,72146,1442886
2025-11,CUS-0222,1010020,144288,216432,72146,1442886
2025-11,CUS-0223,1010020,144288,216432,72146,1442886
2025-11,CUS-0224,1010020,144288,216432,72146,1442886
2025-11,CUS-0225,1010020,144288,216432,72146,1442886
2025-11,CUS-0226,1010020,144288,216432,72146,1442886
2025-11,CUS-0227,1010020,144288,216432,72146,1442886
2025-11,CUS-0228,1010020,144288,216432,72146,1442886
2025-11,CUS-0229,1010020,144288,216432,72146,1442886
2025-11,CUS-0230,1010020,144288,216432,72146,1442886
2025-11,CUS-0231,1010020,144288,216432,72146,1442886
2025-11,CUS-0232,1010020,144288,216432,72146,1442886
2025-11,CUS-0233,1010020,144288,216432,72146,1442886
2025-11,CUS-0234,1010020,144288,216432,72146,1442886
2025-11,CUS-0235,1010020,144288,216432,72146,1442886
2025-11,CUS-0236,1010020,144288,216432,72146,1442886
2025-11,CUS-0237,1010020,144288,216432,72146,1442886
2025-11,CUS-0238,1010020,144288,216432,72146,1442886
2025-11,CUS-0239,1010020,144288,216432,72146,1442886
2025-11,CUS-0240,1010020,144288,216432,72146,1442886
2025-11,CUS-0241,1010020,144288,216432,72146,1442886
2025-11,CUS-0242,1010020,144288,216432,72146,1442886
2025-11,CUS-0243,1010020,144288,216432,72146,1442886
2025-11,CUS-0244,1010020,144288,216432,72146,1442886
2025-11,CUS-0245,1010020,144288,216432,72146,1442886
2025-11,CUS-0246,1010020,144288,216432,72146,1442886
2025-11,CUS-0247,1010020,144288,216432,72146,1442886
2025-11,CUS-0248,1010020,144288,216432,72146,1442886
2025-11,CUS-0249,1010020,144288,216432,72146,1442886
2025-11,CUS-0250,1010020,144288,216432,72146,1442886
2025-11,CUS-0251,1010020,144288,216432,72146,1442886
2025-11,CUS-0252,1010020,144288,216432,72146,1442886
2025-11,CUS-0253,1010020,144288,216432,72146,1442886
2025-11,CUS-0254,1010020,144288,216432,72146,1442886
2025-11,CUS-0255,1010020,144288,216432,72146,1442886
2025-11,CUS-0256,1010020,144288,216432,72146,1442886
2025-11,CUS-0257,1010020,144288,216432,72146,1442886
2025-11,CUS-0258,1010020,144288,216432,72146,1442886
2025-11,CUS-0259,1010020,144288,216432,72146,1442886
2025-11,CUS-0260,1010020,144288,216432,72146,1442886
2025-11,CUS-0261,1010020,144288,216432,72146,1442886
2025-11,CUS-0262,1010020,144288,216432,72146,1442886
2025-11,CUS-0263,1010020,144288,216432,72146,1442886
2025-11,CUS-0264,1010020,144288,216432,72146,1442886
2025-11,CUS-0265,1010020,144288,216432,72146,1442886
2025-11,CUS-0266,1010020,144288,216432,72146,1442886
2025-11,CUS-0267,1010020,144288,216432,72146,1442886
2025-11,CUS-0268,1010020,144288,216432,72146,1442886
2025-11,CUS-0269,1010020,144288,216432,72146,1442886
2025-11,CUS-0270,1010020,144288,216432,72146,1442886
2025-11,CUS-0271,1010020,144288,216432,72146,1442886
2025-11,CUS-0272,1010020,144288,216432,72146,1442886
2025-11,CUS-0273,1010020,144288,216432,72146,1442886
2025-11,CUS-0274,1010020,144288,216432,72146,1442886
2025-11,CUS-0275,1010020,144288,216432,72146,1442886
2025-11,CUS-0276,1010020,144288,216432,72146,1442886
2025-11,CUS-0277,1010020,144288,216432,72146,1442886
2025-11,CUS-0278,1010020,144288,216432,72146,1442886
2025-11,CUS-0279,1010020,144288,216432,72146,1442886
2025-11,CUS-0280,1010020,144288,216432,72146,1442886
2025-11,CUS-0281,1010020,144288,216432,72146,1442886
2025-11,CUS-0282,1010020,144288,216432,72146,1442886
2025-11,CUS-0283,1010020,144288,216432,72146,1442886
2025-11,CUS-0284,1010020,144288,216432,72146,1442886
2025-11,CUS-0285,1010020,144288,216432,72146,1442886
2025-11,CUS-0286,1010020,144288,216432,72146,1442886
2025-11,CUS-0287,1010020,144288,216432,72146,1442886
2025-11,CUS-0288,1010020,144288,216432,72146,1442886
2025-11,CUS-0289,1010020,144288,216432,72146,1442886
2025-11,CUS-0290,1010020,144288,216432,72146,1442886
2025-11,CUS-0291,1010020,144288,216432,72146,1442886
2025-11,CUS-0292,1010020,144288,216432,72146,1442886
2025-11,CUS-0293,1010020,144288,216432,72146,1442886
2025-11,CUS-0294,1010020,144288,216432,72146,1442886
2025-11,CUS-0295,1010020,144288,216432,72146,1442886
2025-11,CUS-0296,1010020,144288,216432,72146,1442886
2025-11,CUS-0297,1010020,144288,216432,72146,1442886
2025-11,CUS-0298,1010020,144288,216432,72146,1442886
2025-11,CUS-0299,1010020,144288,216432,72146,1442886
2025-11,CUS-0300,1010020,144288,216432,72146,1442886
2025-11,CUS-0301,1010020,144288,216432,72146,1442886
2025-11,CUS-0302,1010020,144288,216432,72146,1442886
2025-11,CUS-0303,1010020,144288,216432,72146,1442886
2025-11,CUS-0304,1010020,144288,216432,72146,1442886
2025-11,CUS-0305,1010020,144288,216432,72146,1442886
2025-11,CUS-0306,1010020,144288,216432,72146,1442886
2025-11,CUS-0307,1010020,144288,216432,72146,1442886
2025-11,CUS-0308,1010020,144288,216432,72146,1442886
2025-11,CUS-0309,1010020,144288,216432,72146,1442886
2025-11,CUS-0310,1010020,144288,216432,72146,1442886
2025-11,CUS-0311,1010019,144288,216432,72146,1442885
2025-11,CUS-0312,1010019,144288,216432,72146,1442885
2025-11,CUS-0313,1010019,144288,216432,72146,1442885
2025-11,CUS-0314,1010019,144288,216432,72146,1442885
2025-11,CUS-0315,1010019,144288,216432,72146,1442885
2025-11,CUS-0316,1010019,144288,216432,72146,1442885
2025-11,CUS-0317,1010019,144288,216432,72146,1442885
2025-11,CUS-0318,1010019,144288,216432,72146,1442885
2025-11,CUS-0319,1010019,144288,216432,72146,1442885
2025-11,CUS-0320,1010019,144288,216432,72146,1442885
2025-11,CUS-0321,1010019,144288,216432,72146,1442885
2025-11,CUS-0322,1010019,144288,216432,72146,1442885
2025-11,CUS-0323,1010019,144288,216432,72146,1442885
2025-11,CUS-0324,1010019,144288,216432,72146,1442885
2025-11,CUS-0325,1010019,144288,216432,72146,1442885
2025-11,CUS-0326,1010019,144288,216432,72146,1442885
2025-11,CUS-0327,1010019,144288,216432,72146,1442885
2025-11,CUS-0328,1010019,144288,216432,72146,1442885
2025-11,CUS-0329,1010019,144288,216432,72146,1442885
2025-11,CUS-0330,1010019,144288,216432,72146,1442885
2025-11,CUS-0331,1010019,144288,216432,72146,1442885
2025-11,CUS-0332,1010019,144288,216432,72146,1442885
2025-11,CUS-0333,1010019,144288,216432,72146,1442885
2025-11,CUS-0334,1010019,144288,216432,72146,1442885
2025-11,CUS-0335,1010019,144288,216432,72146,1442885
2025-11,CUS-0336,1010019,144288,216432,72146,1442885
2025-11,CUS-0337,1010019,144288,216432,72146,1442885
2025-11,CUS-0338,1010019,144288,216432,72146,1442885
2025-11,CUS-0339,1010019,144288,216432,72146,1442885
2025-11,CUS-0340,1010019,144288,216432,72146,1442885
2025-11,CUS-0341,1010019,144288,216432,72146,1442885
2025-11,CUS-0342,1010019,144288,216432,72146,1442885
2025-11,CUS-0343,1010019,144288,216432,72146,1442885
2025-11,CUS-0344,1010019,144288,216432,72146,1442885
2025-11,CUS-0345,1010019,144288,216432,72146,1442885
2025-11,CUS-0346,1010019,144288,216432,72146,1442885
2025-11,CUS-0347,1010019,144288,216432,72146,1442885
2025-11,CUS-0348,1010019,144288,216432,72146,1442885
2025-11,CUS-0349,1010019,144288,216432,72146,1442885
2025-11,CUS-0350,1010019,144288,216432,72146,1442885
2025-11,CUS-0351,1010019,144288,216432,72146,1442885
2025-11,CUS-0352,1010019,144288,216432,72146,1442885
2025-11,CUS-0353,1010019,144288,216432,72146,1442885
2025-11,CUS-0354,1010019,144288,216432,72146,1442885
2025-11,CUS-0355,1010019,144288,216432,72146,1442885
2025-11,CUS-0356,1010019,144288,216432,72146,1442885
2025-11,CUS-0357,1010019,144288,216432,72146,1442885
2025-11,CUS-0358,1010019,144288,216432,72146,1442885
2025-11,CUS-0359,1010019,144288,216432,72146,1442885
2025-11,CUS-0360,1010019,144288,216432,72146,1442885
2025-11,CUS-0361,1010019,144288,216432,72146,1442885
2025-11,CUS-0362,1010019,144288,216432,72146,1442885
2025-11,CUS-0363,1010019,144288,216432,72146,1442885
2025-11,CUS-0364,1010019,144288,216432,72146,1442885
2025-11,CUS-0365,1010019,144288,216432,72146,1442885
2025-11,CUS-0366,1010019,144288,216432,72146,1442885
2025-11,CUS-0367,1010019,144288,216432,72146,1442885
2025-11,CUS-0368,1010019,144288,216432,72146,1442885
2025-11,CUS-0369,1010019,144288,216432,72146,1442885
2025-11,CUS-0370,1010019,144288,216432,72146,1442885
2025-11,CUS-0371,1010019,144288,216432,72146,1442885
2025-11,CUS-0372,1010019,144288,216432,72146,1442885
2025-11,CUS-0373,1010019,144288,216432,72146,1442885
2025-11,CUS-0374,1010019,144288,216432,72146,1442885
2025-11,CUS-0375,1010019,144288,216432,72146,1442885
2025-11,CUS-0376,1010019,144288,216432,72146,1442885
2025-11,CUS-0377,1010019,144288,216432,72146,1442885
2025-11,CUS-0378,1010019,144288,216432,72146,1442885
2025-11,CUS-0379,1010019,144288,216432,72146,1442885
2025-11,CUS-0380,1010019,144288,216432,72146,1442885
2025-11,CUS-0381,1010019,144288,216432,72146,1442885
2025-11,CUS-0382,1010019,144288,216432,72146,1442885
2025-11,CUS-0383,1010019,144288,216432,72146,1442885
2025-11,CUS-0384,1010019,144288,216432,72146,1442885
2025-11,CUS-0385,1010019,144288,216432,72146,1442885
2025-11,CUS-0386,1010019,144288,216432,72146,1442885
2025-11,CUS-0387,1010019,144288,216432,72146,1442885
2025-11,CUS-0388,1010019,144288,216432,72146,1442885
2025-11,CUS-0389,1010019,144288,216432,72146,1442885
2025-11,CUS-0390,1010019,144288,216432,72146,1442885
2025-11,CUS-0391,1010019,144288,216432,72146,1442885
2025-11,CUS-0392,1010019,144288,216432,72146,1442885
2025-11,CUS-0393,1010019,144288,216432,72146,1442885
2025-11,CUS-0394,1010019,144288,216432,72146,1442885
2025-11,CUS-0395,1010019,144288,216432,72146,1442885
2025-11,CUS-0396,1010019,144288,216432,72146,1442885
2025-11,CUS-0397,1010019,144288,216432,72146,1442885
2025-11,CUS-0398,1010019,144288,216432,72146,1442885
2025-11,CUS-0399,1010019,144288,216432,72146,1442885
2025-11,CUS-0400,1010019,144288,216432,72146,1442885
2025-11,CUS-0401,1010019,144288,216432,72146,1442885
2025-11,CUS-0402,1010019,144288,216432,72146,1442885
2025-11,CUS-0403,1010019,144288,216432,72146,1442885
2025-11,CUS-0404,1010019,144288,216432,72146,1442885
2025-11,CUS-0405,1010019,144288,216432,72146,1442885
2025-11,CUS-0406,1010019,144288,216432,72146,1442885
2025-11,CUS-0407,1010019,144288,216432,72146,1442885
2025-11,CUS-0408,1010019,144288,216432,72146,1442885
2025-11,CUS-0409,1010019,144288,216432,72146,1442885
2025-11,CUS-0410,1010019,144288,216432,72146,1442885
2025-11,CUS-0411,1010019,144288,216432,72146,1442885
2025-11,CUS-0412,1010019,144288,216432,72146,1442885
2025-11,CUS-0413,1010019,144288,216432,72146,1442885
2025-11,CUS-0414,1010019,144288,216432,72146,1442885
2025-11,CUS-0415,1010019,144288,216432,72146,1442885
2025-11,CUS-0416,1010019,144288,216432,72146,1442885
2025-11,CUS-0417,1010019,144288,216432,72146,1442885
2025-11,CUS-0418,1010019,144288,216432,72146,1442885
2025-11,CUS-0419,1010019,144288,216432,72146,1442885
2025-11,CUS-0420,1010019,144288,216432,72146,1442885
2025-11,CUS-0421,1010019,144288,216432,72146,1442885
2025-11,CUS-0422,1010019,144288,216432,72146,1442885
2025-11,CUS-0423,1010019,144288,216432,72146,1442885
2025-11,CUS-0424,1010019,144288,216432,72146,1442885
2025-11,CUS-0425,1010019,144288,216432,72146,1442885
2025-11,CUS-0426,1010019,144288,216432,72146,1442885
2025-11,CUS-0427,1010019,144288,216432,72146,1442885
2025-11,CUS-0428,1010019,144288,216432,72146,1442885
2025-11,CUS-0429,1010019,144288,216432,72146,1442885
2025-11,CUS-0430,1010019,144288,216432,72146,1442885
2025-11,CUS-0431,1010019,144288,216432,72146,1442885
2025-11,CUS-0432,1010019,144288,216432,72146,1442885
2025-11,CUS-0433,1010019,144288,216432,72146,1442885
2025-11,CUS-0434,1010019,144288,216432,72146,1442885
2025-11,CUS-0435,1010019,144288,216432,72146,1442885
2025-11,CUS-0436,1010019,144288,216432,72146,1442885
2025-11,CUS-0437,1010019,144288,216432,72146,1442885
2025-11,CUS-0438,1010019,144288,216432,72146,1442885
2025-11,CUS-0439,1010019,144288,216432,72146,1442885
2025-11,CUS-0440,1010019,144288,216432,72146,1442885
2025-11,CUS-0441,1010019,144288,216432,72146,1442885
2025-11,CUS-0442,1010019,144288,216432,72146,1442885
2025-11,CUS-0443,1010019,144288,216432,72146,1442885
2025-11,CUS-0444,1010019,144288,216432,72146,1442885
2025-11,CUS-0445,1010019,144288,216432,72146,1442885
2025-11,CUS-0446,1010019,144288,216432,72146,1442885
2025-11,CUS-0447,1010019,144288,216432,72146,1442885
2025-11,CUS-0448,1010019,144288,216432,72146,1442885
2025-11,CUS-0449,1010019,144288,216432,72146,1442885
2025-11,CUS-0450,1010019,144288,216432,72146,1442885
2025-11,CUS-0451,1010019,144288,216432,72146,1442885
2025-11,CUS-0452,1010019,144288,216432,72146,1442885
2025-11,CUS-0453,1010019,144288,216432,72146,1442885
2025-11,CUS-0454,1010019,144288,216432,72146,1442885
2025-11,CUS-0455,1010019,144288,216432,72146,1442885
2025-11,CUS-0456,1010019,144288,216432,72146,1442885
2025-11,CUS-0457,1010019,144288,216432,72146,1442885
2025-11,CUS-0458,1010019,144288,216432,72146,1442885
2025-11,CUS-0459,1010019,144288,216432,72146,1442885
2025-11,CUS-0460,1010019,144288,216432,72146,1442885
2025-11,CUS-0461,1010019,144288,216432,72146,1442885
2025-11,CUS-0462,1010019,144288,216432,72146,1442885
2025-11,CUS-0463,1010019,144288,216432,72146,1442885
2025-11,CUS-0464,1010019,144288,216432,72146,1442885
2025-11,CUS-0465,1010019,144288,216432,72146,1442885
2025-11,CUS-0466,1010019,144288,216432,72146,1442885
2025-11,CUS-0467,1010019,144288,216432,72146,1442885
2025-11,CUS-0468,1010019,144288,216432,72146,1442885
2025-11,CUS-0469,1010019,144288,216432,72146,1442885
2025-11,CUS-0470,1010019,144288,216432,72146,1442885
2025-11,CUS-0471,1010019,144288,216432,72146,1442885
2025-11,CUS-0472,1010019,144288,216432,72146,1442885
2025-11,CUS-0473,1010019,144288,216432,72146,1442885
2025-11,CUS-0474,1010019,144288,216432,72146,1442885
2025-11,CUS-0475,1010019,144288,216432,72146,1442885
2025-11,CUS-0476,1010019,144288,216432,72146,1442885
2025-11,CUS-0477,1010019,144288,216432,72146,1442885
2025-11,CUS-0478,1010019,144288,216432,72146,1442885
2025-11,CUS-0479,1010019,144288,216432,72146,1442885
2025-11,CUS-0480,1010019,144288,216432,72146,1442885
2025-11,CUS-0481,1010019,144288,216432,72146,1442885
2025-11,CUS-0482,1010019,144288,216432,72146,1442885
2025-11,CUS-0483,1010019,144288,216432,72146,1442885
2025-11,CUS-0484,1010019,144288,216432,72146,1442885
2025-11,CUS-0485,1010019,144288,216432,72146,1442885
2025-11,CUS-0486,1010019,144288,216432,72146,1442885
2025-11,CUS-0487,1010019,144288,216432,72146,1442885
2025-11,CUS-0488,1010019,144288,216432,72146,1442885
2025-11,CUS-0489,1010019,144288,216432,72146,1442885
2025-11,CUS-0490,1010019,144288,216432,72146,1442885
2025-11,CUS-0491,1010019,144288,216432,72146,1442885
2025-11,CUS-0492,1010019,144288,216432,72146,1442885
2025-11,CUS-0493,1010019,144288,216432,72146,1442885
2025-11,CUS-0494,1010019,144288,216432,72146,1442885
2025-11,CUS-0495,1010019,144288,216432,72146,1442885
2025-11,CUS-0496,1010019,144288,216432,72146,1442885
2025-11,CUS-0497,1010019,144288,216432,72146,1442885
2025-11,CUS-0498,1010019,144288,216432,72146,1442885
2025-11,CUS-0499,1010019,144288,216432,72146,1442885
2025-11,CUS-0500,1010019,144288,216432,72146,1442885
2025-12,CUS-0001,231000000,33000000,49500000,16500000,330000000
2025-12,CUS-0002,1010020,144288,216432,72146,1442886
2025-12,CUS-0003,1010020,144288,216432,72146,1442886
2025-12,CUS-0004,1010020,144288,216432,72146,1442886
2025-12,CUS-0005,1010020,144288,216432,72146,1442886
2025-12,CUS-0006,1010020,144288,216432,72146,1442886
2025-12,CUS-0007,1010020,144288,216432,72146,1442886
2025-12,CUS-0008,1010020,144288,216432,72146,1442886
2025-12,CUS-0009,1010020,144288,216432,72146,1442886
2025-12,CUS-0010,1010020,144288,216432,72146,1442886
2025-12,CUS-0011,1010020,144288,216432,72146,1442886
2025-12,CUS-0012,1010020,144288,216432,72146,1442886
2025-12,CUS-0013,1010020,144288,216432,72146,1442886
2025-12,CUS-0014,1010020,144288,216432,72146,1442886
2025-12,CUS-0015,1010020,144288,216432,72146,1442886
2025-12,CUS-0016,1010020,144288,216432,72146,1442886
2025-12,CUS-0017,1010020,144288,216432,72146,1442886
2025-12,CUS-0018,1010020,144288,216432,72146,1442886
2025-12,CUS-0019,1010020,144288,216432,72146,1442886
2025-12,CUS-0020,1010020,144288,216432,72146,1442886
2025-12,CUS-0021,1010020,144288,216432,72146,1442886
2025-12,CUS-0022,1010020,144288,216432,72146,1442886
2025-12,CUS-0023,1010020,144288,216432,72146,1442886
2025-12,CUS-0024,1010020,144288,216432,72146,1442886
2025-12,CUS-0025,1010020,144288,216432,72146,1442886
2025-12,CUS-0026,1010020,144288,216432,72146,1442886
2025-12,CUS-0027,1010020,144288,216432,72146,1442886
2025-12,CUS-0028,1010020,144288,216432,72146,1442886
2025-12,CUS-0029,1010020,144288,216432,72146,1442886
2025-12,CUS-0030,1010020,144288,216432,72146,1442886
2025-12,CUS-0031,1010020,144288,216432,72146,1442886
2025-12,CUS-0032,1010020,144288,216432,72146,1442886
2025-12,CUS-0033,1010020,144288,216432,72146,1442886
2025-12,CUS-0034,1010020,144288,216432,72146,1442886
2025-12,CUS-0035,1010020,144288,216432,72146,1442886
2025-12,CUS-0036,1010020,144288,216432,72146,1442886
2025-12,CUS-0037,1010020,144288,216432,72146,1442886
2025-12,CUS-0038,1010020,144288,216432,72146,1442886
2025-12,CUS-0039,1010020,144288,216432,72146,1442886
2025-12,CUS-0040,1010020,144288,216432,72146,1442886
2025-12,CUS-0041,1010020,144288,216432,72146,1442886
2025-12,CUS-0042,1010020,144288,216432,72146,1442886
2025-12,CUS-0043,1010020,144288,216432,72146,1442886
2025-12,CUS-0044,1010020,144288,216432,72146,1442886
2025-12,CUS-0045,1010020,144288,216432,72146,1442886
2025-12,CUS-0046,1010020,144288,216432,72146,1442886
2025-12,CUS-0047,1010020,144288,216432,72146,1442886
2025-12,CUS-0048,1010020,144288,216432,72146,1442886
2025-12,CUS-0049,1010020,144288,216432,72146,1442886
2025-12,CUS-0050,1010020,144288,216432,72146,1442886
2025-12,CUS-0051,1010020,144288,216432,72146,1442886
2025-12,CUS-0052,1010020,144288,216432,72146,1442886
2025-12,CUS-0053,1010020,144288,216432,72146,1442886
2025-12,CUS-0054,1010020,144288,216432,72146,1442886
2025-12,CUS-0055,1010020,144288,216432,72146,1442886
2025-12,CUS-0056,1010020,144288,216432,72146,1442886
2025-12,CUS-0057,1010020,144288,216432,72146,1442886
2025-12,CUS-0058,1010020,144288,216432,72146,1442886
2025-12,CUS-0059,1010020,144288,216432,72146,1442886
2025-12,CUS-0060,1010020,144288,216432,72146,1442886
2025-12,CUS-0061,1010020,144288,216432,72146,1442886
2025-12,CUS-0062,1010020,144288,216432,72146,1442886
2025-12,CUS-0063,1010020,144288,216432,72146,1442886
2025-12,CUS-0064,1010020,144288,216432,72146,1442886
2025-12,CUS-0065,1010020,144288,216432,72146,1442886
2025-12,CUS-0066,1010020,144288,216432,72146,1442886
2025-12,CUS-0067,1010020,144288,216432,72146,1442886
2025-12,CUS-0068,1010020,144288,216432,72146,1442886
2025-12,CUS-0069,1010020,144288,216432,72146,1442886
2025-12,CUS-0070,1010020,144288,216432,72146,1442886
2025-12,CUS-0071,1010020,144288,216432,72146,1442886
2025-12,CUS-0072,1010020,144288,216432,72146,1442886
2025-12,CUS-0073,1010020,144288,216432,72146,1442886
2025-12,CUS-0074,1010020,144288,216432,72146,1442886
2025-12,CUS-0075,1010020,144288,216432,72146,1442886
2025-12,CUS-0076,1010020,144288,216432,72146,1442886
2025-12,CUS-0077,1010020,144288,216432,72146,1442886
2025-12,CUS-0078,1010020,144288,216432,72146,1442886
2025-12,CUS-0079,1010020,144288,216432,72146,1442886
2025-12,CUS-0080,1010020,144288,216432,72146,1442886
2025-12,CUS-0081,1010020,144288,216432,72146,1442886
2025-12,CUS-0082,1010020,144288,216432,72146,1442886
2025-12,CUS-0083,1010020,144288,216432,72146,1442886
2025-12,CUS-0084,1010020,144288,216432,72146,1442886
2025-12,CUS-0085,1010020,144288,216432,72146,1442886
2025-12,CUS-0086,1010020,144288,216432,72146,1442886
2025-12,CUS-0087,1010020,144288,216432,72146,1442886
2025-12,CUS-0088,1010020,144288,216432,72146,1442886
2025-12,CUS-0089,1010020,144288,216432,72146,1442886
2025-12,CUS-0090,1010020,144288,216432,72146,1442886
2025-12,CUS-0091,1010020,144288,216432,72146,1442886
2025-12,CUS-0092,1010020,144288,216432,72146,1442886
2025-12,CUS-0093,1010020,144288,216432,72146,1442886
2025-12,CUS-0094,1010020,144288,216432,72146,1442886
2025-12,CUS-0095,1010020,144288,216432,72146,1442886
2025-12,CUS-0096,1010020,144288,216432,72146,1442886
2025-12,CUS-0097,1010020,144288,216432,72146,1442886
2025-12,CUS-0098,1010020,144288,216432,72146,1442886
2025-12,CUS-0099,1010020,144288,216432,72146,1442886
2025-12,CUS-0100,1010020,144288,216432,72146,1442886
2025-12,CUS-0101,1010020,144288,216432,72146,1442886
2025-12,CUS-0102,1010020,144288,216432,72146,1442886
2025-12,CUS-0103,1010020,144288,216432,72146,1442886
2025-12,CUS-0104,1010020,144288,216432,72146,1442886
2025-12,CUS-0105,1010020,144288,216432,72146,1442886
2025-12,CUS-0106,1010020,144288,216432,72146,1442886
2025-12,CUS-0107,1010020,144288,216432,72146,1442886
2025-12,CUS-0108,1010020,144288,216432,72146,1442886
2025-12,CUS-0109,1010020,144288,216432,72146,1442886
2025-12,CUS-0110,1010020,144288,216432,72146,1442886
2025-12,CUS-0111,1010020,144288,216432,72146,1442886
2025-12,CUS-0112,1010020,144288,216432,72146,1442886
2025-12,CUS-0113,1010020,144288,216432,72146,1442886
2025-12,CUS-0114,1010020,144288,216432,72146,1442886
2025-12,CUS-0115,1010020,144288,216432,72146,1442886
2025-12,CUS-0116,1010020,144288,216432,72146,1442886
2025-12,CUS-0117,1010020,144288,216432,72146,1442886
2025-12,CUS-0118,1010020,144288,216432,72146,1442886
2025-12,CUS-0119,1010020,144288,216432,72146,1442886
2025-12,CUS-0120,1010020,144288,216432,72146,1442886
2025-12,CUS-0121,1010020,144288,216432,72146,1442886
2025-12,CUS-0122,1010020,144288,216432,72146,1442886
2025-12,CUS-0123,1010020,144288,216432,72146,1442886
2025-12,CUS-0124,1010020,144288,216432,72146,1442886
2025-12,CUS-0125,1010020,144288,216432,72146,1442886
2025-12,CUS-0126,1010020,144288,216432,72146,1442886
2025-12,CUS-0127,1010020,144288,216432,72146,1442886
2025-12,CUS-0128,1010020,144288,216432,72146,1442886
2025-12,CUS-0129,1010020,144288,216432,72146,1442886
2025-12,CUS-0130,1010020,144288,216432,72146,1442886
2025-12,CUS-0131,1010020,144288,216432,72146,1442886
2025-12,CUS-0132,1010020,144288,216432,72146,1442886
2025-12,CUS-0133,1010020,144288,216432,72146,1442886
2025-12,CUS-0134,1010020,144288,216432,72146,1442886
2025-12,CUS-0135,1010020,144288,216432,72146,1442886
2025-12,CUS-0136,1010020,144288,216432,72146,1442886
2025-12,CUS-0137,1010020,144288,216432,72146,1442886
2025-12,CUS-0138,1010020,144288,216432,72146,1442886
2025-12,CUS-0139,1010020,144288,216432,72146,1442886
2025-12,CUS-0140,1010020,144288,216432,72146,1442886
2025-12,CUS-0141,1010020,144288,216432,72146,1442886
2025-12,CUS-0142,1010020,144288,216432,72146,1442886
2025-12,CUS-0143,1010020,144288,216432,72146,1442886
2025-12,CUS-0144,1010020,144288,216432,72146,1442886
2025-12,CUS-0145,1010020,144288,216432,72146,1442886
2025-12,CUS-0146,1010020,144288,216432,72146,1442886
2025-12,CUS-0147,1010020,144288,216432,72146,1442886
2025-12,CUS-0148,1010020,144288,216432,72146,1442886
2025-12,CUS-0149,1010020,144288,216432,72146,1442886
2025-12,CUS-0150,1010020,144288,216432,72146,1442886
2025-12,CUS-0151,1010020,144288,216432,72146,1442886
2025-12,CUS-0152,1010020,144288,216432,72146,1442886
2025-12,CUS-0153,1010020,144288,216432,72146,1442886
2025-12,CUS-0154,1010020,144288,216432,72146,1442886
2025-12,CUS-0155,1010020,144288,216432,72146,1442886
2025-12,CUS-0156,1010020,144288,216432,72146,1442886
2025-12,CUS-0157,1010020,144288,216432,72146,1442886
2025-12,CUS-0158,1010020,144288,216432,72146,1442886
2025-12,CUS-0159,1010020,144288,216432,72146,1442886
2025-12,CUS-0160,1010020,144288,216432,72146,1442886
2025-12,CUS-0161,1010020,144288,216432,72146,1442886
2025-12,CUS-0162,1010020,144288,216432,72146,1442886
2025-12,CUS-0163,1010020,144288,216432,72146,1442886
2025-12,CUS-0164,1010020,144288,216432,72146,1442886
2025-12,CUS-0165,1010020,144288,216432,72146,1442886
2025-12,CUS-0166,1010020,144288,216432,72146,1442886
2025-12,CUS-0167,1010020,144288,216432,72146,1442886
2025-12,CUS-0168,1010020,144288,216432,72146,1442886
2025-12,CUS-0169,1010020,144288,216432,72146,1442886
2025-12,CUS-0170,1010020,144288,216432,72146,1442886
2025-12,CUS-0171,1010020,144288,216432,72146,1442886
2025-12,CUS-0172,1010020,144288,216432,72146,1442886
2025-12,CUS-0173,1010020,144288,216432,72146,1442886
2025-12,CUS-0174,1010020,144288,216432,72146,1442886
2025-12,CUS-0175,1010020,144288,216432,72146,1442886
2025-12,CUS-0176,1010020,144288,216432,72146,1442886
2025-12,CUS-0177,1010020,144288,216432,72146,1442886
2025-12,CUS-0178,1010020,144288,216432,72146,1442886
2025-12,CUS-0179,1010020,144288,216432,72146,1442886
2025-12,CUS-0180,1010020,144288,216432,72146,1442886
2025-12,CUS-0181,1010020,144288,216432,72146,1442886
2025-12,CUS-0182,1010020,144288,216432,72146,1442886
2025-12,CUS-0183,1010020,144288,216432,72146,1442886
2025-12,CUS-0184,1010020,144288,216432,72146,1442886
2025-12,CUS-0185,1010020,144288,216432,72146,1442886
2025-12,CUS-0186,1010020,144288,216432,72146,1442886
2025-12,CUS-0187,1010020,144288,216432,72146,1442886
2025-12,CUS-0188,1010020,144288,216432,72146,1442886
2025-12,CUS-0189,1010020,144288,216432,72146,1442886
2025-12,CUS-0190,1010020,144288,216432,72146,1442886
2025-12,CUS-0191,1010020,144288,216432,72146,1442886
2025-12,CUS-0192,1010020,144288,216432,72146,1442886
2025-12,CUS-0193,1010020,144288,216432,72146,1442886
2025-12,CUS-0194,1010020,144288,216432,72146,1442886
2025-12,CUS-0195,1010020,144288,216432,72146,1442886
2025-12,CUS-0196,1010020,144288,216432,72146,1442886
2025-12,CUS-0197,1010020,144288,216432,72146,1442886
2025-12,CUS-0198,1010020,144288,216432,72146,1442886
2025-12,CUS-0199,1010020,144288,216432,72146,1442886
2025-12,CUS-0200,1010020,144288,216432,72146,1442886
2025-12,CUS-0201,1010020,144288,216432,72146,1442886
2025-12,CUS-0202,1010020,144288,216432,72146,1442886
2025-12,CUS-0203,1010020,144288,216432,72146,1442886
2025-12,CUS-0204,1010020,144288,216432,72146,1442886
2025-12,CUS-0205,1010020,144288,216432,72146,1442886
2025-12,CUS-0206,1010020,144288,216432,72146,1442886
2025-12,CUS-0207,1010020,144288,216432,72146,1442886
2025-12,CUS-0208,1010020,144288,216432,72146,1442886
2025-12,CUS-0209,1010020,144288,216432,72146,1442886
2025-12,CUS-0210,1010020,144288,216432,72146,1442886
2025-12,CUS-0211,1010020,144288,216432,72146,1442886
2025-12,CUS-0212,1010020,144288,216432,72146,1442886
2025-12,CUS-0213,1010020,144288,216432,72146,1442886
2025-12,CUS-0214,1010020,144288,216432,72146,1442886
2025-12,CUS-0215,1010020,144288,216432,72146,1442886
2025-12,CUS-0216,1010020,144288,216432,72146,1442886
2025-12,CUS-0217,1010020,144288,216432,72146,1442886
2025-12,CUS-0218,1010020,144288,216432,72146,1442886
2025-12,CUS-0219,1010020,144288,216432,72146,1442886
2025-12,CUS-0220,1010020,144288,216432,72146,1442886
2025-12,CUS-0221,1010020,144288,216432,72146,1442886
2025-12,CUS-0222,1010020,144288,216432,72146,1442886
2025-12,CUS-0223,1010020,144288,216432,72146,1442886
2025-12,CUS-0224,1010020,144288,216432,72146,1442886
2025-12,CUS-0225,1010020,144288,216432,72146,1442886
2025-12,CUS-0226,1010020,144288,216432,72146,1442886
2025-12,CUS-0227,1010020,144288,216432,72146,1442886
2025-12,CUS-0228,1010020,144288,216432,72146,1442886
2025-12,CUS-0229,1010020,144288,216432,72146,1442886
2025-12,CUS-0230,1010020,144288,216432,72146,1442886
2025-12,CUS-0231,1010020,144288,216432,72146,1442886
2025-12,CUS-0232,1010020,144288,216432,72146,1442886
2025-12,CUS-0233,1010020,144288,216432,72146,1442886
2025-12,CUS-0234,1010020,144288,216432,72146,1442886
2025-12,CUS-0235,1010020,144288,216432,72146,1442886
2025-12,CUS-0236,1010020,144288,216432,72146,1442886
2025-12,CUS-0237,1010020,144288,216432,72146,1442886
2025-12,CUS-0238,1010020,144288,216432,72146,1442886
2025-12,CUS-0239,1010020,144288,216432,72146,1442886
2025-12,CUS-0240,1010020,144288,216432,72146,1442886
2025-12,CUS-0241,1010020,144288,216432,72146,1442886
2025-12,CUS-0242,1010020,144288,216432,72146,1442886
2025-12,CUS-0243,1010020,144288,216432,72146,1442886
2025-12,CUS-0244,1010020,144288,216432,72146,1442886
2025-12,CUS-0245,1010020,144288,216432,72146,1442886
2025-12,CUS-0246,1010020,144288,216432,72146,1442886
2025-12,CUS-0247,1010020,144288,216432,72146,1442886
2025-12,CUS-0248,1010020,144288,216432,72146,1442886
2025-12,CUS-0249,1010020,144288,216432,72146,1442886
2025-12,CUS-0250,1010020,144288,216432,72146,1442886
2025-12,CUS-0251,1010020,144288,216432,72146,1442886
2025-12,CUS-0252,1010020,144288,216432,72146,1442886
2025-12,CUS-0253,1010020,144288,216432,72146,1442886
2025-12,CUS-0254,1010020,144288,216432,72146,1442886
2025-12,CUS-0255,1010020,144288,216432,72146,1442886
2025-12,CUS-0256,1010020,144288,216432,72146,1442886
2025-12,CUS-0257,1010020,144288,216432,72146,1442886
2025-12,CUS-0258,1010020,144288,216432,72146,1442886
2025-12,CUS-0259,1010020,144288,216432,72146,1442886
2025-12,CUS-0260,1010020,144288,216432,72146,1442886
2025-12,CUS-0261,1010020,144288,216432,72146,1442886
2025-12,CUS-0262,1010020,144288,216432,72146,1442886
2025-12,CUS-0263,1010020,144288,216432,72146,1442886
2025-12,CUS-0264,1010020,144288,216432,72146,1442886
2025-12,CUS-0265,1010020,144288,216432,72146,1442886
2025-12,CUS-0266,1010020,144288,216432,72146,1442886
2025-12,CUS-0267,1010020,144288,216432,72146,1442886
2025-12,CUS-0268,1010020,144288,216432,72146,1442886
2025-12,CUS-0269,1010020,144288,216432,72146,1442886
2025-12,CUS-0270,1010020,144288,216432,72146,1442886
2025-12,CUS-0271,1010020,144288,216432,72146,1442886
2025-12,CUS-0272,1010020,144288,216432,72146,1442886
2025-12,CUS-0273,1010020,144288,216432,72146,1442886
2025-12,CUS-0274,1010020,144288,216432,72146,1442886
2025-12,CUS-0275,1010020,144288,216432,72146,1442886
2025-12,CUS-0276,1010020,144288,216432,72146,1442886
2025-12,CUS-0277,1010020,144288,216432,72146,1442886
2025-12,CUS-0278,1010020,144288,216432,72146,1442886
2025-12,CUS-0279,1010020,144288,216432,72146,1442886
2025-12,CUS-0280,1010020,144288,216432,72146,1442886
2025-12,CUS-0281,1010020,144288,216432,72146,1442886
2025-12,CUS-0282,1010020,144288,216432,72146,1442886
2025-12,CUS-0283,1010020,144288,216432,72146,1442886
2025-12,CUS-0284,1010020,144288,216432,72146,1442886
2025-12,CUS-0285,1010020,144288,216432,72146,1442886
2025-12,CUS-0286,1010020,144288,216432,72146,1442886
2025-12,CUS-0287,1010020,144288,216432,72146,1442886
2025-12,CUS-0288,1010020,144288,216432,72146,1442886
2025-12,CUS-0289,1010020,144288,216432,72146,1442886
2025-12,CUS-0290,1010020,144288,216432,72146,1442886
2025-12,CUS-0291,1010020,144288,216432,72146,1442886
2025-12,CUS-0292,1010020,144288,216432,72146,1442886
2025-12,CUS-0293,1010020,144288,216432,72146,1442886
2025-12,CUS-0294,1010020,144288,216432,72146,1442886
2025-12,CUS-0295,1010020,144288,216432,72146,1442886
2025-12,CUS-0296,1010020,144288,216432,72146,1442886
2025-12,CUS-0297,1010020,144288,216432,72146,1442886
2025-12,CUS-0298,1010020,144288,216432,72146,1442886
2025-12,CUS-0299,1010020,144288,216432,72146,1442886
2025-12,CUS-0300,1010020,144288,216432,72146,1442886
2025-12,CUS-0301,1010020,144288,216432,72146,1442886
2025-12,CUS-0302,1010020,144288,216432,72146,1442886
2025-12,CUS-0303,1010020,144288,216432,72146,1442886
2025-12,CUS-0304,1010020,144288,216432,72146,1442886
2025-12,CUS-0305,1010020,144288,216432,72146,1442886
2025-12,CUS-0306,1010020,144288,216432,72146,1442886
2025-12,CUS-0307,1010020,144288,216432,72146,1442886
2025-12,CUS-0308,1010020,144288,216432,72146,1442886
2025-12,CUS-0309,1010020,144288,216432,72146,1442886
2025-12,CUS-0310,1010020,144288,216432,72146,1442886
2025-12,CUS-0311,1010019,144288,216432,72146,1442885
2025-12,CUS-0312,1010019,144288,216432,72146,1442885
2025-12,CUS-0313,1010019,144288,216432,72146,1442885
2025-12,CUS-0314,1010019,144288,216432,72146,1442885
2025-12,CUS-0315,1010019,144288,216432,72146,1442885
2025-12,CUS-0316,1010019,144288,216432,72146,1442885
2025-12,CUS-0317,1010019,144288,216432,72146,1442885
2025-12,CUS-0318,1010019,144288,216432,72146,1442885
2025-12,CUS-0319,1010019,144288,216432,72146,1442885
2025-12,CUS-0320,1010019,144288,216432,72146,1442885
2025-12,CUS-0321,1010019,144288,216432,72146,1442885
2025-12,CUS-0322,1010019,144288,216432,72146,1442885
2025-12,CUS-0323,1010019,144288,216432,72146,1442885
2025-12,CUS-0324,1010019,144288,216432,72146,1442885
2025-12,CUS-0325,1010019,144288,216432,72146,1442885
2025-12,CUS-0326,1010019,144288,216432,72146,1442885
2025-12,CUS-0327,1010019,144288,216432,72146,1442885
2025-12,CUS-0328,1010019,144288,216432,72146,1442885
2025-12,CUS-0329,1010019,144288,216432,72146,1442885
2025-12,CUS-0330,1010019,144288,216432,72146,1442885
2025-12,CUS-0331,1010019,144288,216432,72146,1442885
2025-12,CUS-0332,1010019,144288,216432,72146,1442885
2025-12,CUS-0333,1010019,144288,216432,72146,1442885
2025-12,CUS-0334,1010019,144288,216432,72146,1442885
2025-12,CUS-0335,1010019,144288,216432,72146,1442885
2025-12,CUS-0336,1010019,144288,216432,72146,1442885
2025-12,CUS-0337,1010019,144288,216432,72146,1442885
2025-12,CUS-0338,1010019,144288,216432,72146,1442885
2025-12,CUS-0339,1010019,144288,216432,72146,1442885
2025-12,CUS-0340,1010019,144288,216432,72146,1442885
2025-12,CUS-0341,1010019,144288,216432,72146,1442885
2025-12,CUS-0342,1010019,144288,216432,72146,1442885
2025-12,CUS-0343,1010019,144288,216432,72146,1442885
2025-12,CUS-0344,1010019,144288,216432,72146,1442885
2025-12,CUS-0345,1010019,144288,216432,72146,1442885
2025-12,CUS-0346,1010019,144288,216432,72146,1442885
2025-12,CUS-0347,1010019,144288,216432,72146,1442885
2025-12,CUS-0348,1010019,144288,216432,72146,1442885
2025-12,CUS-0349,1010019,144288,216432,72146,1442885
2025-12,CUS-0350,1010019,144288,216432,72146,1442885
2025-12,CUS-0351,1010019,144288,216432,72146,1442885
2025-12,CUS-0352,1010019,144288,216432,72146,1442885
2025-12,CUS-0353,1010019,144288,216432,72146,1442885
2025-12,CUS-0354,1010019,144288,216432,72146,1442885
2025-12,CUS-0355,1010019,144288,216432,72146,1442885
2025-12,CUS-0356,1010019,144288,216432,72146,1442885
2025-12,CUS-0357,1010019,144288,216432,72146,1442885
2025-12,CUS-0358,1010019,144288,216432,72146,1442885
2025-12,CUS-0359,1010019,144288,216432,72146,1442885
2025-12,CUS-0360,1010019,144288,216432,72146,1442885
2025-12,CUS-0361,1010019,144288,216432,72146,1442885
2025-12,CUS-0362,1010019,144288,216432,72146,1442885
2025-12,CUS-0363,1010019,144288,216432,72146,1442885
2025-12,CUS-0364,1010019,144288,216432,72146,1442885
2025-12,CUS-0365,1010019,144288,216432,72146,1442885
2025-12,CUS-0366,1010019,144288,216432,72146,1442885
2025-12,CUS-0367,1010019,144288,216432,72146,1442885
2025-12,CUS-0368,1010019,144288,216432,72146,1442885
2025-12,CUS-0369,1010019,144288,216432,72146,1442885
2025-12,CUS-0370,1010019,144288,216432,72146,1442885
2025-12,CUS-0371,1010019,144288,216432,72146,1442885
2025-12,CUS-0372,1010019,144288,216432,72146,1442885
2025-12,CUS-0373,1010019,144288,216432,72146,1442885
2025-12,CUS-0374,1010019,144288,216432,72146,1442885
2025-12,CUS-0375,1010019,144288,216432,72146,1442885
2025-12,CUS-0376,1010019,144288,216432,72146,1442885
2025-12,CUS-0377,1010019,144288,216432,72146,1442885
2025-12,CUS-0378,1010019,144288,216432,72146,1442885
2025-12,CUS-0379,1010019,144288,216432,72146,1442885
2025-12,CUS-0380,1010019,144288,216432,72146,1442885
2025-12,CUS-0381,1010019,144288,216432,72146,1442885
2025-12,CUS-0382,1010019,144288,216432,72146,1442885
2025-12,CUS-0383,1010019,144288,216432,72146,1442885
2025-12,CUS-0384,1010019,144288,216432,72146,1442885
2025-12,CUS-0385,1010019,144288,216432,72146,1442885
2025-12,CUS-0386,1010019,144288,216432,72146,1442885
2025-12,CUS-0387,1010019,144288,216432,72146,1442885
2025-12,CUS-0388,1010019,144288,216432,72146,1442885
2025-12,CUS-0389,1010019,144288,216432,72146,1442885
2025-12,CUS-0390,1010019,144288,216432,72146,1442885
2025-12,CUS-0391,1010019,144288,216432,72146,1442885
2025-12,CUS-0392,1010019,144288,216432,72146,1442885
2025-12,CUS-0393,1010019,144288,216432,72146,1442885
2025-12,CUS-0394,1010019,144288,216432,72146,1442885
2025-12,CUS-0395,1010019,144288,216432,72146,1442885
2025-12,CUS-0396,1010019,144288,216432,72146,1442885
2025-12,CUS-0397,1010019,144288,216432,72146,1442885
2025-12,CUS-0398,1010019,144288,216432,72146,1442885
2025-12,CUS-0399,1010019,144288,216432,72146,1442885
2025-12,CUS-0400,1010019,144288,216432,72146,1442885
2025-12,CUS-0401,1010019,144288,216432,72146,1442885
2025-12,CUS-0402,1010019,144288,216432,72146,1442885
2025-12,CUS-0403,1010019,144288,216432,72146,1442885
2025-12,CUS-0404,1010019,144288,216432,72146,1442885
2025-12,CUS-0405,1010019,144288,216432,72146,1442885
2025-12,CUS-0406,1010019,144288,216432,72146,1442885
2025-12,CUS-0407,1010019,144288,216432,72146,1442885
2025-12,CUS-0408,1010019,144288,216432,72146,1442885
2025-12,CUS-0409,1010019,144288,216432,72146,1442885
2025-12,CUS-0410,1010019,144288,216432,72146,1442885
2025-12,CUS-0411,1010019,144288,216432,72146,1442885
2025-12,CUS-0412,1010019,144288,216432,72146,1442885
2025-12,CUS-0413,1010019,144288,216432,72146,1442885
2025-12,CUS-0414,1010019,144288,216432,72146,1442885
2025-12,CUS-0415,1010019,144288,216432,72146,1442885
2025-12,CUS-0416,1010019,144288,216432,72146,1442885
2025-12,CUS-0417,1010019,144288,216432,72146,1442885
2025-12,CUS-0418,1010019,144288,216432,72146,1442885
2025-12,CUS-0419,1010019,144288,216432,72146,1442885
2025-12,CUS-0420,1010019,144288,216432,72146,1442885
2025-12,CUS-0421,1010019,144288,216432,72146,1442885
2025-12,CUS-0422,1010019,144288,216432,72146,1442885
2025-12,CUS-0423,1010019,144288,216432,72146,1442885
2025-12,CUS-0424,1010019,144288,216432,72146,1442885
2025-12,CUS-0425,1010019,144288,216432,72146,1442885
2025-12,CUS-0426,1010019,144288,216432,72146,1442885
2025-12,CUS-0427,1010019,144288,216432,72146,1442885
2025-12,CUS-0428,1010019,144288,216432,72146,1442885
2025-12,CUS-0429,1010019,144288,216432,72146,1442885
2025-12,CUS-0430,1010019,144288,216432,72146,1442885
2025-12,CUS-0431,1010019,144288,216432,72146,1442885
2025-12,CUS-0432,1010019,144288,216432,72146,1442885
2025-12,CUS-0433,1010019,144288,216432,72146,1442885
2025-12,CUS-0434,1010019,144288,216432,72146,1442885
2025-12,CUS-0435,1010019,144288,216432,72146,1442885
2025-12,CUS-0436,1010019,144288,216432,72146,1442885
2025-12,CUS-0437,1010019,144288,216432,72146,1442885
2025-12,CUS-0438,1010019,144288,216432,72146,1442885
2025-12,CUS-0439,1010019,144288,216432,72146,1442885
2025-12,CUS-0440,1010019,144288,216432,72146,1442885
2025-12,CUS-0441,1010019,144288,216432,72146,1442885
2025-12,CUS-0442,1010019,144288,216432,72146,1442885
2025-12,CUS-0443,1010019,144288,216432,72146,1442885
2025-12,CUS-0444,1010019,144288,216432,72146,1442885
2025-12,CUS-0445,1010019,144288,216432,72146,1442885
2025-12,CUS-0446,1010019,144288,216432,72146,1442885
2025-12,CUS-0447,1010019,144288,216432,72146,1442885
2025-12,CUS-0448,1010019,144288,216432,72146,1442885
2025-12,CUS-0449,1010019,144288,216432,72146,1442885
2025-12,CUS-0450,1010019,144288,216432,72146,1442885
2025-12,CUS-0451,1010019,144288,216432,72146,1442885
2025-12,CUS-0452,1010019,144288,216432,72146,1442885
2025-12,CUS-0453,1010019,144288,216432,72146,1442885
2025-12,CUS-0454,1010019,144288,216432,72146,1442885
2025-12,CUS-0455,1010019,144288,216432,72146,1442885
2025-12,CUS-0456,1010019,144288,216432,72146,1442885
2025-12,CUS-0457,1010019,144288,216432,72146,1442885
2025-12,CUS-0458,1010019,144288,216432,72146,1442885
2025-12,CUS-0459,1010019,144288,216432,72146,1442885
2025-12,CUS-0460,1010019,144288,216432,72146,1442885
2025-12,CUS-0461,1010019,144288,216432,72146,1442885
2025-12,CUS-0462,1010019,144288,216432,72146,1442885
2025-12,CUS-0463,1010019,144288,216432,72146,1442885
2025-12,CUS-0464,1010019,144288,216432,72146,1442885
2025-12,CUS-0465,1010019,144288,216432,72146,1442885
2025-12,CUS-0466,1010019,144288,216432,72146,1442885
2025-12,CUS-0467,1010019,144288,216432,72146,1442885
2025-12,CUS-0468,1010019,144288,216432,72146,1442885
2025-12,CUS-0469,1010019,144288,216432,72146,1442885
2025-12,CUS-0470,1010019,144288,216432,72146,1442885
2025-12,CUS-0471,1010019,144288,216432,72146,1442885
2025-12,CUS-0472,1010019,144288,216432,72146,1442885
2025-12,CUS-0473,1010019,144288,216432,72146,1442885
2025-12,CUS-0474,1010019,144288,216432,72146,1442885
2025-12,CUS-0475,1010019,144288,216432,72146,1442885
2025-12,CUS-0476,1010019,144288,216432,72146,1442885
2025-12,CUS-0477,1010019,144288,216432,72146,1442885
2025-12,CUS-0478,1010019,144288,216432,72146,1442885
2025-12,CUS-0479,1010019,144288,216432,72146,1442885
2025-12,CUS-0480,1010019,144288,216432,72146,1442885
2025-12,CUS-0481,1010019,144288,216432,72146,1442885
2025-12,CUS-0482,1010019,144288,216432,72146,1442885
2025-12,CUS-0483,1010019,144288,216432,72146,1442885
2025-12,CUS-0484,1010019,144288,216432,72146,1442885
2025-12,CUS-0485,1010019,144288,216432,72146,1442885
2025-12,CUS-0486,1010019,144288,216432,72146,1442885
2025-12,CUS-0487,1010019,144288,216432,72146,1442885
2025-12,CUS-0488,1010019,144288,216432,72146,1442885
2025-12,CUS-0489,1010019,144288,216432,72146,1442885
2025-12,CUS-0490,1010019,144288,216432,72146,1442885
2025-12,CUS-0491,1010019,144288,216432,72146,1442885
2025-12,CUS-0492,1010019,144288,216432,72146,1442885
2025-12,CUS-0493,1010019,144288,216432,72146,1442885
2025-12,CUS-0494,1010019,144288,216432,72146,1442885
2025-12,CUS-0495,1010019,144288,216432,72146,1442885
2025-12,CUS-0496,1010019,144288,216432,72146,1442885
2025-12,CUS-0497,1010019,144288,216432,72146,1442885
2025-12,CUS-0498,1010019,144288,216432,72146,1442885
2025-12,CUS-0499,1010019,144288,216432,72146,1442885
2025-12,CUS-0500,1010019,144288,216432,72146,1442885
2026-01,CUS-0001,231000000,33000000,49500000,16500000,330000000
2026-01,CUS-0002,1010020,144288,216432,72146,1442886
2026-01,CUS-0003,1010020,144288,216432,72146,1442886
2026-01,CUS-0004,1010020,144288,216432,72146,1442886
2026-01,CUS-0005,1010020,144288,216432,72146,1442886
2026-01,CUS-0006,1010020,144288,216432,72146,1442886
2026-01,CUS-0007,1010020,144288,216432,72146,1442886
2026-01,CUS-0008,1010020,144288,216432,72146,1442886
2026-01,CUS-0009,1010020,144288,216432,72146,1442886
2026-01,CUS-0010,1010020,144288,216432,72146,1442886
2026-01,CUS-0011,1010020,144288,216432,72146,1442886
2026-01,CUS-0012,1010020,144288,216432,72146,1442886
2026-01,CUS-0013,1010020,144288,216432,72146,1442886
2026-01,CUS-0014,1010020,144288,216432,72146,1442886
2026-01,CUS-0015,1010020,144288,216432,72146,1442886
2026-01,CUS-0016,1010020,144288,216432,72146,1442886
2026-01,CUS-0017,1010020,144288,216432,72146,1442886
2026-01,CUS-0018,1010020,144288,216432,72146,1442886
2026-01,CUS-0019,1010020,144288,216432,72146,1442886
2026-01,CUS-0020,1010020,144288,216432,72146,1442886
2026-01,CUS-0021,1010020,144288,216432,72146,1442886
2026-01,CUS-0022,1010020,144288,216432,72146,1442886
2026-01,CUS-0023,1010020,144288,216432,72146,1442886
2026-01,CUS-0024,1010020,144288,216432,72146,1442886
2026-01,CUS-0025,1010020,144288,216432,72146,1442886
2026-01,CUS-0026,1010020,144288,216432,72146,1442886
2026-01,CUS-0027,1010020,144288,216432,72146,1442886
2026-01,CUS-0028,1010020,144288,216432,72146,1442886
2026-01,CUS-0029,1010020,144288,216432,72146,1442886
2026-01,CUS-0030,1010020,144288,216432,72146,1442886
2026-01,CUS-0031,1010020,144288,216432,72146,1442886
2026-01,CUS-0032,1010020,144288,216432,72146,1442886
2026-01,CUS-0033,1010020,144288,216432,72146,1442886
2026-01,CUS-0034,1010020,144288,216432,72146,1442886
2026-01,CUS-0035,1010020,144288,216432,72146,1442886
2026-01,CUS-0036,1010020,144288,216432,72146,1442886
2026-01,CUS-0037,1010020,144288,216432,72146,1442886
2026-01,CUS-0038,1010020,144288,216432,72146,1442886
2026-01,CUS-0039,1010020,144288,216432,72146,1442886
2026-01,CUS-0040,1010020,144288,216432,72146,1442886
2026-01,CUS-0041,1010020,144288,216432,72146,1442886
2026-01,CUS-0042,1010020,144288,216432,72146,1442886
2026-01,CUS-0043,1010020,144288,216432,72146,1442886
2026-01,CUS-0044,1010020,144288,216432,72146,1442886
2026-01,CUS-0045,1010020,144288,216432,72146,1442886
2026-01,CUS-0046,1010020,144288,216432,72146,1442886
2026-01,CUS-0047,1010020,144288,216432,72146,1442886
2026-01,CUS-0048,1010020,144288,216432,72146,1442886
2026-01,CUS-0049,1010020,144288,216432,72146,1442886
2026-01,CUS-0050,1010020,144288,216432,72146,1442886
2026-01,CUS-0051,1010020,144288,216432,72146,1442886
2026-01,CUS-0052,1010020,144288,216432,72146,1442886
2026-01,CUS-0053,1010020,144288,216432,72146,1442886
2026-01,CUS-0054,1010020,144288,216432,72146,1442886
2026-01,CUS-0055,1010020,144288,216432,72146,1442886
2026-01,CUS-0056,1010020,144288,216432,72146,1442886
2026-01,CUS-0057,1010020,144288,216432,72146,1442886
2026-01,CUS-0058,1010020,144288,216432,72146,1442886
2026-01,CUS-0059,1010020,144288,216432,72146,1442886
2026-01,CUS-0060,1010020,144288,216432,72146,1442886
2026-01,CUS-0061,1010020,144288,216432,72146,1442886
2026-01,CUS-0062,1010020,144288,216432,72146,1442886
2026-01,CUS-0063,1010020,144288,216432,72146,1442886
2026-01,CUS-0064,1010020,144288,216432,72146,1442886
2026-01,CUS-0065,1010020,144288,216432,72146,1442886
2026-01,CUS-0066,1010020,144288,216432,72146,1442886
2026-01,CUS-0067,1010020,144288,216432,72146,1442886
2026-01,CUS-0068,1010020,144288,216432,72146,1442886
2026-01,CUS-0069,1010020,144288,216432,72146,1442886
2026-01,CUS-0070,1010020,144288,216432,72146,1442886
2026-01,CUS-0071,1010020,144288,216432,72146,1442886
2026-01,CUS-0072,1010020,144288,216432,72146,1442886
2026-01,CUS-0073,1010020,144288,216432,72146,1442886
2026-01,CUS-0074,1010020,144288,216432,72146,1442886
2026-01,CUS-0075,1010020,144288,216432,72146,1442886
2026-01,CUS-0076,1010020,144288,216432,72146,1442886
2026-01,CUS-0077,1010020,144288,216432,72146,1442886
2026-01,CUS-0078,1010020,144288,216432,72146,1442886
2026-01,CUS-0079,1010020,144288,216432,72146,1442886
2026-01,CUS-0080,1010020,144288,216432,72146,1442886
2026-01,CUS-0081,1010020,144288,216432,72146,1442886
2026-01,CUS-0082,1010020,144288,216432,72146,1442886
2026-01,CUS-0083,1010020,144288,216432,72146,1442886
2026-01,CUS-0084,1010020,144288,216432,72146,1442886
2026-01,CUS-0085,1010020,144288,216432,72146,1442886
2026-01,CUS-0086,1010020,144288,216432,72146,1442886
2026-01,CUS-0087,1010020,144288,216432,72146,1442886
2026-01,CUS-0088,1010020,144288,216432,72146,1442886
2026-01,CUS-0089,1010020,144288,216432,72146,1442886
2026-01,CUS-0090,1010020,144288,216432,72146,1442886
2026-01,CUS-0091,1010020,144288,216432,72146,1442886
2026-01,CUS-0092,1010020,144288,216432,72146,1442886
2026-01,CUS-0093,1010020,144288,216432,72146,1442886
2026-01,CUS-0094,1010020,144288,216432,72146,1442886
2026-01,CUS-0095,1010020,144288,216432,72146,1442886
2026-01,CUS-0096,1010020,144288,216432,72146,1442886
2026-01,CUS-0097,1010020,144288,216432,72146,1442886
2026-01,CUS-0098,1010020,144288,216432,72146,1442886
2026-01,CUS-0099,1010020,144288,216432,72146,1442886
2026-01,CUS-0100,1010020,144288,216432,72146,1442886
2026-01,CUS-0101,1010020,144288,216432,72146,1442886
2026-01,CUS-0102,1010020,144288,216432,72146,1442886
2026-01,CUS-0103,1010020,144288,216432,72146,1442886
2026-01,CUS-0104,1010020,144288,216432,72146,1442886
2026-01,CUS-0105,1010020,144288,216432,72146,1442886
2026-01,CUS-0106,1010020,144288,216432,72146,1442886
2026-01,CUS-0107,1010020,144288,216432,72146,1442886
2026-01,CUS-0108,1010020,144288,216432,72146,1442886
2026-01,CUS-0109,1010020,144288,216432,72146,1442886
2026-01,CUS-0110,1010020,144288,216432,72146,1442886
2026-01,CUS-0111,1010020,144288,216432,72146,1442886
2026-01,CUS-0112,1010020,144288,216432,72146,1442886
2026-01,CUS-0113,1010020,144288,216432,72146,1442886
2026-01,CUS-0114,1010020,144288,216432,72146,1442886
2026-01,CUS-0115,1010020,144288,216432,72146,1442886
2026-01,CUS-0116,1010020,144288,216432,72146,1442886
2026-01,CUS-0117,1010020,144288,216432,72146,1442886
2026-01,CUS-0118,1010020,144288,216432,72146,1442886
2026-01,CUS-0119,1010020,144288,216432,72146,1442886
2026-01,CUS-0120,1010020,144288,216432,72146,1442886
2026-01,CUS-0121,1010020,144288,216432,72146,1442886
2026-01,CUS-0122,1010020,144288,216432,72146,1442886
2026-01,CUS-0123,1010020,144288,216432,72146,1442886
2026-01,CUS-0124,1010020,144288,216432,72146,1442886
2026-01,CUS-0125,1010020,144288,216432,72146,1442886
2026-01,CUS-0126,1010020,144288,216432,72146,1442886
2026-01,CUS-0127,1010020,144288,216432,72146,1442886
2026-01,CUS-0128,1010020,144288,216432,72146,1442886
2026-01,CUS-0129,1010020,144288,216432,72146,1442886
2026-01,CUS-0130,1010020,144288,216432,72146,1442886
2026-01,CUS-0131,1010020,144288,216432,72146,1442886
2026-01,CUS-0132,1010020,144288,216432,72146,1442886
2026-01,CUS-0133,1010020,144288,216432,72146,1442886
2026-01,CUS-0134,1010020,144288,216432,72146,1442886
2026-01,CUS-0135,1010020,144288,216432,72146,1442886
2026-01,CUS-0136,1010020,144288,216432,72146,1442886
2026-01,CUS-0137,1010020,144288,216432,72146,1442886
2026-01,CUS-0138,1010020,144288,216432,72146,1442886
2026-01,CUS-0139,1010020,144288,216432,72146,1442886
2026-01,CUS-0140,1010020,144288,216432,72146,1442886
2026-01,CUS-0141,1010020,144288,216432,72146,1442886
2026-01,CUS-0142,1010020,144288,216432,72146,1442886
2026-01,CUS-0143,1010020,144288,216432,72146,1442886
2026-01,CUS-0144,1010020,144288,216432,72146,1442886
2026-01,CUS-0145,1010020,144288,216432,72146,1442886
2026-01,CUS-0146,1010020,144288,216432,72146,1442886
2026-01,CUS-0147,1010020,144288,216432,72146,1442886
2026-01,CUS-0148,1010020,144288,216432,72146,1442886
2026-01,CUS-0149,1010020,144288,216432,72146,1442886
2026-01,CUS-0150,1010020,144288,216432,72146,1442886
2026-01,CUS-0151,1010020,144288,216432,72146,1442886
2026-01,CUS-0152,1010020,144288,216432,72146,1442886
2026-01,CUS-0153,1010020,144288,216432,72146,1442886
2026-01,CUS-0154,1010020,144288,216432,72146,1442886
2026-01,CUS-0155,1010020,144288,216432,72146,1442886
2026-01,CUS-0156,1010020,144288,216432,72146,1442886
2026-01,CUS-0157,1010020,144288,216432,72146,1442886
2026-01,CUS-0158,1010020,144288,216432,72146,1442886
2026-01,CUS-0159,1010020,144288,216432,72146,1442886
2026-01,CUS-0160,1010020,144288,216432,72146,1442886
2026-01,CUS-0161,1010020,144288,216432,72146,1442886
2026-01,CUS-0162,1010020,144288,216432,72146,1442886
2026-01,CUS-0163,1010020,144288,216432,72146,1442886
2026-01,CUS-0164,1010020,144288,216432,72146,1442886
2026-01,CUS-0165,1010020,144288,216432,72146,1442886
2026-01,CUS-0166,1010020,144288,216432,72146,1442886
2026-01,CUS-0167,1010020,144288,216432,72146,1442886
2026-01,CUS-0168,1010020,144288,216432,72146,1442886
2026-01,CUS-0169,1010020,144288,216432,72146,1442886
2026-01,CUS-0170,1010020,144288,216432,72146,1442886
2026-01,CUS-0171,1010020,144288,216432,72146,1442886
2026-01,CUS-0172,1010020,144288,216432,72146,1442886
2026-01,CUS-0173,1010020,144288,216432,72146,1442886
2026-01,CUS-0174,1010020,144288,216432,72146,1442886
2026-01,CUS-0175,1010020,144288,216432,72146,1442886
2026-01,CUS-0176,1010020,144288,216432,72146,1442886
2026-01,CUS-0177,1010020,144288,216432,72146,1442886
2026-01,CUS-0178,1010020,144288,216432,72146,1442886
2026-01,CUS-0179,1010020,144288,216432,72146,1442886
2026-01,CUS-0180,1010020,144288,216432,72146,1442886
2026-01,CUS-0181,1010020,144288,216432,72146,1442886
2026-01,CUS-0182,1010020,144288,216432,72146,1442886
2026-01,CUS-0183,1010020,144288,216432,72146,1442886
2026-01,CUS-0184,1010020,144288,216432,72146,1442886
2026-01,CUS-0185,1010020,144288,216432,72146,1442886
2026-01,CUS-0186,1010020,144288,216432,72146,1442886
2026-01,CUS-0187,1010020,144288,216432,72146,1442886
2026-01,CUS-0188,1010020,144288,216432,72146,1442886
2026-01,CUS-0189,1010020,144288,216432,72146,1442886
2026-01,CUS-0190,1010020,144288,216432,72146,1442886
2026-01,CUS-0191,1010020,144288,216432,72146,1442886
2026-01,CUS-0192,1010020,144288,216432,72146,1442886
2026-01,CUS-0193,1010020,144288,216432,72146,1442886
2026-01,CUS-0194,1010020,144288,216432,72146,1442886
2026-01,CUS-0195,1010020,144288,216432,72146,1442886
2026-01,CUS-0196,1010020,144288,216432,72146,1442886
2026-01,CUS-0197,1010020,144288,216432,72146,1442886
2026-01,CUS-0198,1010020,144288,216432,72146,1442886
2026-01,CUS-0199,1010020,144288,216432,72146,1442886
2026-01,CUS-0200,1010020,144288,216432,72146,1442886
2026-01,CUS-0201,1010020,144288,216432,72146,1442886
2026-01,CUS-0202,1010020,144288,216432,72146,1442886
2026-01,CUS-0203,1010020,144288,216432,72146,1442886
2026-01,CUS-0204,1010020,144288,216432,72146,1442886
2026-01,CUS-0205,1010020,144288,216432,72146,1442886
2026-01,CUS-0206,1010020,144288,216432,72146,1442886
2026-01,CUS-0207,1010020,144288,216432,72146,1442886
2026-01,CUS-0208,1010020,144288,216432,72146,1442886
2026-01,CUS-0209,1010020,144288,216432,72146,1442886
2026-01,CUS-0210,1010020,144288,216432,72146,1442886
2026-01,CUS-0211,1010020,144288,216432,72146,1442886
2026-01,CUS-0212,1010020,144288,216432,72146,1442886
2026-01,CUS-0213,1010020,144288,216432,72146,1442886
2026-01,CUS-0214,1010020,144288,216432,72146,1442886
2026-01,CUS-0215,1010020,144288,216432,72146,1442886
2026-01,CUS-0216,1010020,144288,216432,72146,1442886
2026-01,CUS-0217,1010020,144288,216432,72146,1442886
2026-01,CUS-0218,1010020,144288,216432,72146,1442886
2026-01,CUS-0219,1010020,144288,216432,72146,1442886
2026-01,CUS-0220,1010020,144288,216432,72146,1442886
2026-01,CUS-0221,1010020,144288,216432,72146,1442886
2026-01,CUS-0222,1010020,144288,216432,72146,1442886
2026-01,CUS-0223,1010020,144288,216432,72146,1442886
2026-01,CUS-0224,1010020,144288,216432,72146,1442886
2026-01,CUS-0225,1010020,144288,216432,72146,1442886
2026-01,CUS-0226,1010020,144288,216432,72146,1442886
2026-01,CUS-0227,1010020,144288,216432,72146,1442886
2026-01,CUS-0228,1010020,144288,216432,72146,1442886
2026-01,CUS-0229,1010020,144288,216432,72146,1442886
2026-01,CUS-0230,1010020,144288,216432,72146,1442886
2026-01,CUS-0231,1010020,144288,216432,72146,1442886
2026-01,CUS-0232,1010020,144288,216432,72146,1442886
2026-01,CUS-0233,1010020,144288,216432,72146,1442886
2026-01,CUS-0234,1010020,144288,216432,72146,1442886
2026-01,CUS-0235,1010020,144288,216432,72146,1442886
2026-01,CUS-0236,1010020,144288,216432,72146,1442886
2026-01,CUS-0237,1010020,144288,216432,72146,1442886
2026-01,CUS-0238,1010020,144288,216432,72146,1442886
2026-01,CUS-0239,1010020,144288,216432,72146,1442886
2026-01,CUS-0240,1010020,144288,216432,72146,1442886
2026-01,CUS-0241,1010020,144288,216432,72146,1442886
2026-01,CUS-0242,1010020,144288,216432,72146,1442886
2026-01,CUS-0243,1010020,144288,216432,72146,1442886
2026-01,CUS-0244,1010020,144288,216432,72146,1442886
2026-01,CUS-0245,1010020,144288,216432,72146,1442886
2026-01,CUS-0246,1010020,144288,216432,72146,1442886
2026-01,CUS-0247,1010020,144288,216432,72146,1442886
2026-01,CUS-0248,1010020,144288,216432,72146,1442886
2026-01,CUS-0249,1010020,144288,216432,72146,1442886
2026-01,CUS-0250,1010020,144288,216432,72146,1442886
2026-01,CUS-0251,1010020,144288,216432,72146,1442886
2026-01,CUS-0252,1010020,144288,216432,72146,1442886
2026-01,CUS-0253,1010020,144288,216432,72146,1442886
2026-01,CUS-0254,1010020,144288,216432,72146,1442886
2026-01,CUS-0255,1010020,144288,216432,72146,1442886
2026-01,CUS-0256,1010020,144288,216432,72146,1442886
2026-01,CUS-0257,1010020,144288,216432,72146,1442886
2026-01,CUS-0258,1010020,144288,216432,72146,1442886
2026-01,CUS-0259,1010020,144288,216432,72146,1442886
2026-01,CUS-0260,1010020,144288,216432,72146,1442886
2026-01,CUS-0261,1010020,144288,216432,72146,1442886
2026-01,CUS-0262,1010020,144288,216432,72146,1442886
2026-01,CUS-0263,1010020,144288,216432,72146,1442886
2026-01,CUS-0264,1010020,144288,216432,72146,1442886
2026-01,CUS-0265,1010020,144288,216432,72146,1442886
2026-01,CUS-0266,1010020,144288,216432,72146,1442886
2026-01,CUS-0267,1010020,144288,216432,72146,1442886
2026-01,CUS-0268,1010020,144288,216432,72146,1442886
2026-01,CUS-0269,1010020,144288,216432,72146,1442886
2026-01,CUS-0270,1010020,144288,216432,72146,1442886
2026-01,CUS-0271,1010020,144288,216432,72146,1442886
2026-01,CUS-0272,1010020,144288,216432,72146,1442886
2026-01,CUS-0273,1010020,144288,216432,72146,1442886
2026-01,CUS-0274,1010020,144288,216432,72146,1442886
2026-01,CUS-0275,1010020,144288,216432,72146,1442886
2026-01,CUS-0276,1010020,144288,216432,72146,1442886
2026-01,CUS-0277,1010020,144288,216432,72146,1442886
2026-01,CUS-0278,1010020,144288,216432,72146,1442886
2026-01,CUS-0279,1010020,144288,216432,72146,1442886
2026-01,CUS-0280,1010020,144288,216432,72146,1442886
2026-01,CUS-0281,1010020,144288,216432,72146,1442886
2026-01,CUS-0282,1010020,144288,216432,72146,1442886
2026-01,CUS-0283,1010020,144288,216432,72146,1442886
2026-01,CUS-0284,1010020,144288,216432,72146,1442886
2026-01,CUS-0285,1010020,144288,216432,72146,1442886
2026-01,CUS-0286,1010020,144288,216432,72146,1442886
2026-01,CUS-0287,1010020,144288,216432,72146,1442886
2026-01,CUS-0288,1010020,144288,216432,72146,1442886
2026-01,CUS-0289,1010020,144288,216432,72146,1442886
2026-01,CUS-0290,1010020,144288,216432,72146,1442886
2026-01,CUS-0291,1010020,144288,216432,72146,1442886
2026-01,CUS-0292,1010020,144288,216432,72146,1442886
2026-01,CUS-0293,1010020,144288,216432,72146,1442886
2026-01,CUS-0294,1010020,144288,216432,72146,1442886
2026-01,CUS-0295,1010020,144288,216432,72146,1442886
2026-01,CUS-0296,1010020,144288,216432,72146,1442886
2026-01,CUS-0297,1010020,144288,216432,72146,1442886
2026-01,CUS-0298,1010020,144288,216432,72146,1442886
2026-01,CUS-0299,1010020,144288,216432,72146,1442886
2026-01,CUS-0300,1010020,144288,216432,72146,1442886
2026-01,CUS-0301,1010020,144288,216432,72146,1442886
2026-01,CUS-0302,1010020,144288,216432,72146,1442886
2026-01,CUS-0303,1010020,144288,216432,72146,1442886
2026-01,CUS-0304,1010020,144288,216432,72146,1442886
2026-01,CUS-0305,1010020,144288,216432,72146,1442886
2026-01,CUS-0306,1010020,144288,216432,72146,1442886
2026-01,CUS-0307,1010020,144288,216432,72146,1442886
2026-01,CUS-0308,1010020,144288,216432,72146,1442886
2026-01,CUS-0309,1010020,144288,216432,72146,1442886
2026-01,CUS-0310,1010020,144288,216432,72146,1442886
2026-01,CUS-0311,1010019,144288,216432,72146,1442885
2026-01,CUS-0312,1010019,144288,216432,72146,1442885
2026-01,CUS-0313,1010019,144288,216432,72146,1442885
2026-01,CUS-0314,1010019,144288,216432,72146,1442885
2026-01,CUS-0315,1010019,144288,216432,72146,1442885
2026-01,CUS-0316,1010019,144288,216432,72146,1442885
2026-01,CUS-0317,1010019,144288,216432,72146,1442885
2026-01,CUS-0318,1010019,144288,216432,72146,1442885
2026-01,CUS-0319,1010019,144288,216432,72146,1442885
2026-01,CUS-0320,1010019,144288,216432,72146,1442885
2026-01,CUS-0321,1010019,144288,216432,72146,1442885
2026-01,CUS-0322,1010019,144288,216432,72146,1442885
2026-01,CUS-0323,1010019,144288,216432,72146,1442885
2026-01,CUS-0324,1010019,144288,216432,72146,1442885
2026-01,CUS-0325,1010019,144288,216432,72146,1442885
2026-01,CUS-0326,1010019,144288,216432,72146,1442885
2026-01,CUS-0327,1010019,144288,216432,72146,1442885
2026-01,CUS-0328,1010019,144288,216432,72146,1442885
2026-01,CUS-0329,1010019,144288,216432,72146,1442885
2026-01,CUS-0330,1010019,144288,216432,72146,1442885
2026-01,CUS-0331,1010019,144288,216432,72146,1442885
2026-01,CUS-0332,1010019,144288,216432,72146,1442885
2026-01,CUS-0333,1010019,144288,216432,72146,1442885
2026-01,CUS-0334,1010019,144288,216432,72146,1442885
2026-01,CUS-0335,1010019,144288,216432,72146,1442885
2026-01,CUS-0336,1010019,144288,216432,72146,1442885
2026-01,CUS-0337,1010019,144288,216432,72146,1442885
2026-01,CUS-0338,1010019,144288,216432,72146,1442885
2026-01,CUS-0339,1010019,144288,216432,72146,1442885
2026-01,CUS-0340,1010019,144288,216432,72146,1442885
2026-01,CUS-0341,1010019,144288,216432,72146,1442885
2026-01,CUS-0342,1010019,144288,216432,72146,1442885
2026-01,CUS-0343,1010019,144288,216432,72146,1442885
2026-01,CUS-0344,1010019,144288,216432,72146,1442885
2026-01,CUS-0345,1010019,144288,216432,72146,1442885
2026-01,CUS-0346,1010019,144288,216432,72146,1442885
2026-01,CUS-0347,1010019,144288,216432,72146,1442885
2026-01,CUS-0348,1010019,144288,216432,72146,1442885
2026-01,CUS-0349,1010019,144288,216432,72146,1442885
2026-01,CUS-0350,1010019,144288,216432,72146,1442885
2026-01,CUS-0351,1010019,144288,216432,72146,1442885
2026-01,CUS-0352,1010019,144288,216432,72146,1442885
2026-01,CUS-0353,1010019,144288,216432,72146,1442885
2026-01,CUS-0354,1010019,144288,216432,72146,1442885
2026-01,CUS-0355,1010019,144288,216432,72146,1442885
2026-01,CUS-0356,1010019,144288,216432,72146,1442885
2026-01,CUS-0357,1010019,144288,216432,72146,1442885
2026-01,CUS-0358,1010019,144288,216432,72146,1442885
2026-01,CUS-0359,1010019,144288,216432,72146,1442885
2026-01,CUS-0360,1010019,144288,216432,72146,1442885
2026-01,CUS-0361,1010019,144288,216432,72146,1442885
2026-01,CUS-0362,1010019,144288,216432,72146,1442885
2026-01,CUS-0363,1010019,144288,216432,72146,1442885
2026-01,CUS-0364,1010019,144288,216432,72146,1442885
2026-01,CUS-0365,1010019,144288,216432,72146,1442885
2026-01,CUS-0366,1010019,144288,216432,72146,1442885
2026-01,CUS-0367,1010019,144288,216432,72146,1442885
2026-01,CUS-0368,1010019,144288,216432,72146,1442885
2026-01,CUS-0369,1010019,144288,216432,72146,1442885
2026-01,CUS-0370,1010019,144288,216432,72146,1442885
2026-01,CUS-0371,1010019,144288,216432,72146,1442885
2026-01,CUS-0372,1010019,144288,216432,72146,1442885
2026-01,CUS-0373,1010019,144288,216432,72146,1442885
2026-01,CUS-0374,1010019,144288,216432,72146,1442885
2026-01,CUS-0375,1010019,144288,216432,72146,1442885
2026-01,CUS-0376,1010019,144288,216432,72146,1442885
2026-01,CUS-0377,1010019,144288,216432,72146,1442885
2026-01,CUS-0378,1010019,144288,216432,72146,1442885
2026-01,CUS-0379,1010019,144288,216432,72146,1442885
2026-01,CUS-0380,1010019,144288,216432,72146,1442885
2026-01,CUS-0381,1010019,144288,216432,72146,1442885
2026-01,CUS-0382,1010019,144288,216432,72146,1442885
2026-01,CUS-0383,1010019,144288,216432,72146,1442885
2026-01,CUS-0384,1010019,144288,216432,72146,1442885
2026-01,CUS-0385,1010019,144288,216432,72146,1442885
2026-01,CUS-0386,1010019,144288,216432,72146,1442885
2026-01,CUS-0387,1010019,144288,216432,72146,1442885
2026-01,CUS-0388,1010019,144288,216432,72146,1442885
2026-01,CUS-0389,1010019,144288,216432,72146,1442885
2026-01,CUS-0390,1010019,144288,216432,72146,1442885
2026-01,CUS-0391,1010019,144288,216432,72146,1442885
2026-01,CUS-0392,1010019,144288,216432,72146,1442885
2026-01,CUS-0393,1010019,144288,216432,72146,1442885
2026-01,CUS-0394,1010019,144288,216432,72146,1442885
2026-01,CUS-0395,1010019,144288,216432,72146,1442885
2026-01,CUS-0396,1010019,144288,216432,72146,1442885
2026-01,CUS-0397,1010019,144288,216432,72146,1442885
2026-01,CUS-0398,1010019,144288,216432,72146,1442885
2026-01,CUS-0399,1010019,144288,216432,72146,1442885
2026-01,CUS-0400,1010019,144288,216432,72146,1442885
2026-01,CUS-0401,1010019,144288,216432,72146,1442885
2026-01,CUS-0402,1010019,144288,216432,72146,1442885
2026-01,CUS-0403,1010019,144288,216432,72146,1442885
2026-01,CUS-0404,1010019,144288,216432,72146,1442885
2026-01,CUS-0405,1010019,144288,216432,72146,1442885
2026-01,CUS-0406,1010019,144288,216432,72146,1442885
2026-01,CUS-0407,1010019,144288,216432,72146,1442885
2026-01,CUS-0408,1010019,144288,216432,72146,1442885
2026-01,CUS-0409,1010019,144288,216432,72146,1442885
2026-01,CUS-0410,1010019,144288,216432,72146,1442885
2026-01,CUS-0411,1010019,144288,216432,72146,1442885
2026-01,CUS-0412,1010019,144288,216432,72146,1442885
2026-01,CUS-0413,1010019,144288,216432,72146,1442885
2026-01,CUS-0414,1010019,144288,216432,72146,1442885
2026-01,CUS-0415,1010019,144288,216432,72146,1442885
2026-01,CUS-0416,1010019,144288,216432,72146,1442885
2026-01,CUS-0417,1010019,144288,216432,72146,1442885
2026-01,CUS-0418,1010019,144288,216432,72146,1442885
2026-01,CUS-0419,1010019,144288,216432,72146,1442885
2026-01,CUS-0420,1010019,144288,216432,72146,1442885
2026-01,CUS-0421,1010019,144288,216432,72146,1442885
2026-01,CUS-0422,1010019,144288,216432,72146,1442885
2026-01,CUS-0423,1010019,144288,216432,72146,1442885
2026-01,CUS-0424,1010019,144288,216432,72146,1442885
2026-01,CUS-0425,1010019,144288,216432,72146,1442885
2026-01,CUS-0426,1010019,144288,216432,72146,1442885
2026-01,CUS-0427,1010019,144288,216432,72146,1442885
2026-01,CUS-0428,1010019,144288,216432,72146,1442885
2026-01,CUS-0429,1010019,144288,216432,72146,1442885
2026-01,CUS-0430,1010019,144288,216432,72146,1442885
2026-01,CUS-0431,1010019,144288,216432,72146,1442885
2026-01,CUS-0432,1010019,144288,216432,72146,1442885
2026-01,CUS-0433,1010019,144288,216432,72146,1442885
2026-01,CUS-0434,1010019,144288,216432,72146,1442885
2026-01,CUS-0435,1010019,144288,216432,72146,1442885
2026-01,CUS-0436,1010019,144288,216432,72146,1442885
2026-01,CUS-0437,1010019,144288,216432,72146,1442885
2026-01,CUS-0438,1010019,144288,216432,72146,1442885
2026-01,CUS-0439,1010019,144288,216432,72146,1442885
2026-01,CUS-0440,1010019,144288,216432,72146,1442885
2026-01,CUS-0441,1010019,144288,216432,72146,1442885
2026-01,CUS-0442,1010019,144288,216432,72146,1442885
2026-01,CUS-0443,1010019,144288,216432,72146,1442885
2026-01,CUS-0444,1010019,144288,216432,72146,1442885
2026-01,CUS-0445,1010019,144288,216432,72146,1442885
2026-01,CUS-0446,1010019,144288,216432,72146,1442885
2026-01,CUS-0447,1010019,144288,216432,72146,1442885
2026-01,CUS-0448,1010019,144288,216432,72146,1442885
2026-01,CUS-0449,1010019,144288,216432,72146,1442885
2026-01,CUS-0450,1010019,144288,216432,72146,1442885
2026-01,CUS-0451,1010019,144288,216432,72146,1442885
2026-01,CUS-0452,1010019,144288,216432,72146,1442885
2026-01,CUS-0453,1010019,144288,216432,72146,1442885
2026-01,CUS-0454,1010019,144288,216432,72146,1442885
2026-01,CUS-0455,1010019,144288,216432,72146,1442885
2026-01,CUS-0456,1010019,144288,216432,72146,1442885
2026-01,CUS-0457,1010019,144288,216432,72146,1442885
2026-01,CUS-0458,1010019,144288,216432,72146,1442885
2026-01,CUS-0459,1010019,144288,216432,72146,1442885
2026-01,CUS-0460,1010019,144288,216432,72146,1442885
2026-01,CUS-0461,1010019,144288,216432,72146,1442885
2026-01,CUS-0462,1010019,144288,216432,72146,1442885
2026-01,CUS-0463,1010019,144288,216432,72146,1442885
2026-01,CUS-0464,1010019,144288,216432,72146,1442885
2026-01,CUS-0465,1010019,144288,216432,72146,1442885
2026-01,CUS-0466,1010019,144288,216432,72146,1442885
2026-01,CUS-0467,1010019,144288,216432,72146,1442885
2026-01,CUS-0468,1010019,144288,216432,72146,1442885
2026-01,CUS-0469,1010019,144288,216432,72146,1442885
2026-01,CUS-0470,1010019,144288,216432,72146,1442885
2026-01,CUS-0471,1010019,144288,216432,72146,1442885
2026-01,CUS-0472,1010019,144288,216432,72146,1442885
2026-01,CUS-0473,1010019,144288,216432,72146,1442885
2026-01,CUS-0474,1010019,144288,216432,72146,1442885
2026-01,CUS-0475,1010019,144288,216432,72146,1442885
2026-01,CUS-0476,1010019,144288,216432,72146,1442885
2026-01,CUS-0477,1010019,144288,216432,72146,1442885
2026-01,CUS-0478,1010019,144288,216432,72146,1442885
2026-01,CUS-0479,1010019,144288,216432,72146,1442885
2026-01,CUS-0480,1010019,144288,216432,72146,1442885
2026-01,CUS-0481,1010019,144288,216432,72146,1442885
2026-01,CUS-0482,1010019,144288,216432,72146,1442885
2026-01,CUS-0483,1010019,144288,216432,72146,1442885
2026-01,CUS-0484,1010019,144288,216432,72146,1442885
2026-01,CUS-0485,1010019,144288,216432,72146,1442885
2026-01,CUS-0486,1010019,144288,216432,72146,1442885
2026-01,CUS-0487,1010019,144288,216432,72146,1442885
2026-01,CUS-0488,1010019,144288,216432,72146,1442885
2026-01,CUS-0489,1010019,144288,216432,72146,1442885
2026-01,CUS-0490,1010019,144288,216432,72146,1442885
2026-01,CUS-0491,1010019,144288,216432,72146,1442885
2026-01,CUS-0492,1010019,144288,216432,72146,1442885
2026-01,CUS-0493,1010019,144288,216432,72146,1442885
2026-01,CUS-0494,1010019,144288,216432,72146,1442885
2026-01,CUS-0495,1010019,144288,216432,72146,1442885
2026-01,CUS-0496,1010019,144288,216432,72146,1442885
2026-01,CUS-0497,1010019,144288,216432,72146,1442885
2026-01,CUS-0498,1010019,144288,216432,72146,1442885
2026-01,CUS-0499,1010019,144288,216432,72146,1442885
2026-01,CUS-0500,1010019,144288,216432,72146,1442885
2026-02,CUS-0001,231000000,33000000,49500000,16500000,330000000
2026-02,CUS-0002,1010020,144288,216432,72146,1442886
2026-02,CUS-0003,1010020,144288,216432,72146,1442886
2026-02,CUS-0004,1010020,144288,216432,72146,1442886
2026-02,CUS-0005,1010020,144288,216432,72146,1442886
2026-02,CUS-0006,1010020,144288,216432,72146,1442886
2026-02,CUS-0007,1010020,144288,216432,72146,1442886
2026-02,CUS-0008,1010020,144288,216432,72146,1442886
2026-02,CUS-0009,1010020,144288,216432,72146,1442886
2026-02,CUS-0010,1010020,144288,216432,72146,1442886
2026-02,CUS-0011,1010020,144288,216432,72146,1442886
2026-02,CUS-0012,1010020,144288,216432,72146,1442886
2026-02,CUS-0013,1010020,144288,216432,72146,1442886
2026-02,CUS-0014,1010020,144288,216432,72146,1442886
2026-02,CUS-0015,1010020,144288,216432,72146,1442886
2026-02,CUS-0016,1010020,144288,216432,72146,1442886
2026-02,CUS-0017,1010020,144288,216432,72146,1442886
2026-02,CUS-0018,1010020,144288,216432,72146,1442886
2026-02,CUS-0019,1010020,144288,216432,72146,1442886
2026-02,CUS-0020,1010020,144288,216432,72146,1442886
2026-02,CUS-0021,1010020,144288,216432,72146,1442886
2026-02,CUS-0022,1010020,144288,216432,72146,1442886
2026-02,CUS-0023,1010020,144288,216432,72146,1442886
2026-02,CUS-0024,1010020,144288,216432,72146,1442886
2026-02,CUS-0025,1010020,144288,216432,72146,1442886
2026-02,CUS-0026,1010020,144288,216432,72146,1442886
2026-02,CUS-0027,1010020,144288,216432,72146,1442886
2026-02,CUS-0028,1010020,144288,216432,72146,1442886
2026-02,CUS-0029,1010020,144288,216432,72146,1442886
2026-02,CUS-0030,1010020,144288,216432,72146,1442886
2026-02,CUS-0031,1010020,144288,216432,72146,1442886
2026-02,CUS-0032,1010020,144288,216432,72146,1442886
2026-02,CUS-0033,1010020,144288,216432,72146,1442886
2026-02,CUS-0034,1010020,144288,216432,72146,1442886
2026-02,CUS-0035,1010020,144288,216432,72146,1442886
2026-02,CUS-0036,1010020,144288,216432,72146,1442886
2026-02,CUS-0037,1010020,144288,216432,72146,1442886
2026-02,CUS-0038,1010020,144288,216432,72146,1442886
2026-02,CUS-0039,1010020,144288,216432,72146,1442886
2026-02,CUS-0040,1010020,144288,216432,72146,1442886
2026-02,CUS-0041,1010020,144288,216432,72146,1442886
2026-02,CUS-0042,1010020,144288,216432,72146,1442886
2026-02,CUS-0043,1010020,144288,216432,72146,1442886
2026-02,CUS-0044,1010020,144288,216432,72146,1442886
2026-02,CUS-0045,1010020,144288,216432,72146,1442886
2026-02,CUS-0046,1010020,144288,216432,72146,1442886
2026-02,CUS-0047,1010020,144288,216432,72146,1442886
2026-02,CUS-0048,1010020,144288,216432,72146,1442886
2026-02,CUS-0049,1010020,144288,216432,72146,1442886
2026-02,CUS-0050,1010020,144288,216432,72146,1442886
2026-02,CUS-0051,1010020,144288,216432,72146,1442886
2026-02,CUS-0052,1010020,144288,216432,72146,1442886
2026-02,CUS-0053,1010020,144288,216432,72146,1442886
2026-02,CUS-0054,1010020,144288,216432,72146,1442886
2026-02,CUS-0055,1010020,144288,216432,72146,1442886
2026-02,CUS-0056,1010020,144288,216432,72146,1442886
2026-02,CUS-0057,1010020,144288,216432,72146,1442886
2026-02,CUS-0058,1010020,144288,216432,72146,1442886
2026-02,CUS-0059,1010020,144288,216432,72146,1442886
2026-02,CUS-0060,1010020,144288,216432,72146,1442886
2026-02,CUS-0061,1010020,144288,216432,72146,1442886
2026-02,CUS-0062,1010020,144288,216432,72146,1442886
2026-02,CUS-0063,1010020,144288,216432,72146,1442886
2026-02,CUS-0064,1010020,144288,216432,72146,1442886
2026-02,CUS-0065,1010020,144288,216432,72146,1442886
2026-02,CUS-0066,1010020,144288,216432,72146,1442886
2026-02,CUS-0067,1010020,144288,216432,72146,1442886
2026-02,CUS-0068,1010020,144288,216432,72146,1442886
2026-02,CUS-0069,1010020,144288,216432,72146,1442886
2026-02,CUS-0070,1010020,144288,216432,72146,1442886
2026-02,CUS-0071,1010020,144288,216432,72146,1442886
2026-02,CUS-0072,1010020,144288,216432,72146,1442886
2026-02,CUS-0073,1010020,144288,216432,72146,1442886
2026-02,CUS-0074,1010020,144288,216432,72146,1442886
2026-02,CUS-0075,1010020,144288,216432,72146,1442886
2026-02,CUS-0076,1010020,144288,216432,72146,1442886
2026-02,CUS-0077,1010020,144288,216432,72146,1442886
2026-02,CUS-0078,1010020,144288,216432,72146,1442886
2026-02,CUS-0079,1010020,144288,216432,72146,1442886
2026-02,CUS-0080,1010020,144288,216432,72146,1442886
2026-02,CUS-0081,1010020,144288,216432,72146,1442886
2026-02,CUS-0082,1010020,144288,216432,72146,1442886
2026-02,CUS-0083,1010020,144288,216432,72146,1442886
2026-02,CUS-0084,1010020,144288,216432,72146,1442886
2026-02,CUS-0085,1010020,144288,216432,72146,1442886
2026-02,CUS-0086,1010020,144288,216432,72146,1442886
2026-02,CUS-0087,1010020,144288,216432,72146,1442886
2026-02,CUS-0088,1010020,144288,216432,72146,1442886
2026-02,CUS-0089,1010020,144288,216432,72146,1442886
2026-02,CUS-0090,1010020,144288,216432,72146,1442886
2026-02,CUS-0091,1010020,144288,216432,72146,1442886
2026-02,CUS-0092,1010020,144288,216432,72146,1442886
2026-02,CUS-0093,1010020,144288,216432,72146,1442886
2026-02,CUS-0094,1010020,144288,216432,72146,1442886
2026-02,CUS-0095,1010020,144288,216432,72146,1442886
2026-02,CUS-0096,1010020,144288,216432,72146,1442886
2026-02,CUS-0097,1010020,144288,216432,72146,1442886
2026-02,CUS-0098,1010020,144288,216432,72146,1442886
2026-02,CUS-0099,1010020,144288,216432,72146,1442886
2026-02,CUS-0100,1010020,144288,216432,72146,1442886
2026-02,CUS-0101,1010020,144288,216432,72146,1442886
2026-02,CUS-0102,1010020,144288,216432,72146,1442886
2026-02,CUS-0103,1010020,144288,216432,72146,1442886
2026-02,CUS-0104,1010020,144288,216432,72146,1442886
2026-02,CUS-0105,1010020,144288,216432,72146,1442886
2026-02,CUS-0106,1010020,144288,216432,72146,1442886
2026-02,CUS-0107,1010020,144288,216432,72146,1442886
2026-02,CUS-0108,1010020,144288,216432,72146,1442886
2026-02,CUS-0109,1010020,144288,216432,72146,1442886
2026-02,CUS-0110,1010020,144288,216432,72146,1442886
2026-02,CUS-0111,1010020,144288,216432,72146,1442886
2026-02,CUS-0112,1010020,144288,216432,72146,1442886
2026-02,CUS-0113,1010020,144288,216432,72146,1442886
2026-02,CUS-0114,1010020,144288,216432,72146,1442886
2026-02,CUS-0115,1010020,144288,216432,72146,1442886
2026-02,CUS-0116,1010020,144288,216432,72146,1442886
2026-02,CUS-0117,1010020,144288,216432,72146,1442886
2026-02,CUS-0118,1010020,144288,216432,72146,1442886
2026-02,CUS-0119,1010020,144288,216432,72146,1442886
2026-02,CUS-0120,1010020,144288,216432,72146,1442886
2026-02,CUS-0121,1010020,144288,216432,72146,1442886
2026-02,CUS-0122,1010020,144288,216432,72146,1442886
2026-02,CUS-0123,1010020,144288,216432,72146,1442886
2026-02,CUS-0124,1010020,144288,216432,72146,1442886
2026-02,CUS-0125,1010020,144288,216432,72146,1442886
2026-02,CUS-0126,1010020,144288,216432,72146,1442886
2026-02,CUS-0127,1010020,144288,216432,72146,1442886
2026-02,CUS-0128,1010020,144288,216432,72146,1442886
2026-02,CUS-0129,1010020,144288,216432,72146,1442886
2026-02,CUS-0130,1010020,144288,216432,72146,1442886
2026-02,CUS-0131,1010020,144288,216432,72146,1442886
2026-02,CUS-0132,1010020,144288,216432,72146,1442886
2026-02,CUS-0133,1010020,144288,216432,72146,1442886
2026-02,CUS-0134,1010020,144288,216432,72146,1442886
2026-02,CUS-0135,1010020,144288,216432,72146,1442886
2026-02,CUS-0136,1010020,144288,216432,72146,1442886
2026-02,CUS-0137,1010020,144288,216432,72146,1442886
2026-02,CUS-0138,1010020,144288,216432,72146,1442886
2026-02,CUS-0139,1010020,144288,216432,72146,1442886
2026-02,CUS-0140,1010020,144288,216432,72146,1442886
2026-02,CUS-0141,1010020,144288,216432,72146,1442886
2026-02,CUS-0142,1010020,144288,216432,72146,1442886
2026-02,CUS-0143,1010020,144288,216432,72146,1442886
2026-02,CUS-0144,1010020,144288,216432,72146,1442886
2026-02,CUS-0145,1010020,144288,216432,72146,1442886
2026-02,CUS-0146,1010020,144288,216432,72146,1442886
2026-02,CUS-0147,1010020,144288,216432,72146,1442886
2026-02,CUS-0148,1010020,144288,216432,72146,1442886
2026-02,CUS-0149,1010020,144288,216432,72146,1442886
2026-02,CUS-0150,1010020,144288,216432,72146,1442886
2026-02,CUS-0151,1010020,144288,216432,72146,1442886
2026-02,CUS-0152,1010020,144288,216432,72146,1442886
2026-02,CUS-0153,1010020,144288,216432,72146,1442886
2026-02,CUS-0154,1010020,144288,216432,72146,1442886
2026-02,CUS-0155,1010020,144288,216432,72146,1442886
2026-02,CUS-0156,1010020,144288,216432,72146,1442886
2026-02,CUS-0157,1010020,144288,216432,72146,1442886
2026-02,CUS-0158,1010020,144288,216432,72146,1442886
2026-02,CUS-0159,1010020,144288,216432,72146,1442886
2026-02,CUS-0160,1010020,144288,216432,72146,1442886
2026-02,CUS-0161,1010020,144288,216432,72146,1442886
2026-02,CUS-0162,1010020,144288,216432,72146,1442886
2026-02,CUS-0163,1010020,144288,216432,72146,1442886
2026-02,CUS-0164,1010020,144288,216432,72146,1442886
2026-02,CUS-0165,1010020,144288,216432,72146,1442886
2026-02,CUS-0166,1010020,144288,216432,72146,1442886
2026-02,CUS-0167,1010020,144288,216432,72146,1442886
2026-02,CUS-0168,1010020,144288,216432,72146,1442886
2026-02,CUS-0169,1010020,144288,216432,72146,1442886
2026-02,CUS-0170,1010020,144288,216432,72146,1442886
2026-02,CUS-0171,1010020,144288,216432,72146,1442886
2026-02,CUS-0172,1010020,144288,216432,72146,1442886
2026-02,CUS-0173,1010020,144288,216432,72146,1442886
2026-02,CUS-0174,1010020,144288,216432,72146,1442886
2026-02,CUS-0175,1010020,144288,216432,72146,1442886
2026-02,CUS-0176,1010020,144288,216432,72146,1442886
2026-02,CUS-0177,1010020,144288,216432,72146,1442886
2026-02,CUS-0178,1010020,144288,216432,72146,1442886
2026-02,CUS-0179,1010020,144288,216432,72146,1442886
2026-02,CUS-0180,1010020,144288,216432,72146,1442886
2026-02,CUS-0181,1010020,144288,216432,72146,1442886
2026-02,CUS-0182,1010020,144288,216432,72146,1442886
2026-02,CUS-0183,1010020,144288,216432,72146,1442886
2026-02,CUS-0184,1010020,144288,216432,72146,1442886
2026-02,CUS-0185,1010020,144288,216432,72146,1442886
2026-02,CUS-0186,1010020,144288,216432,72146,1442886
2026-02,CUS-0187,1010020,144288,216432,72146,1442886
2026-02,CUS-0188,1010020,144288,216432,72146,1442886
2026-02,CUS-0189,1010020,144288,216432,72146,1442886
2026-02,CUS-0190,1010020,144288,216432,72146,1442886
2026-02,CUS-0191,1010020,144288,216432,72146,1442886
2026-02,CUS-0192,1010020,144288,216432,72146,1442886
2026-02,CUS-0193,1010020,144288,216432,72146,1442886
2026-02,CUS-0194,1010020,144288,216432,72146,1442886
2026-02,CUS-0195,1010020,144288,216432,72146,1442886
2026-02,CUS-0196,1010020,144288,216432,72146,1442886
2026-02,CUS-0197,1010020,144288,216432,72146,1442886
2026-02,CUS-0198,1010020,144288,216432,72146,1442886
2026-02,CUS-0199,1010020,144288,216432,72146,1442886
2026-02,CUS-0200,1010020,144288,216432,72146,1442886
2026-02,CUS-0201,1010020,144288,216432,72146,1442886
2026-02,CUS-0202,1010020,144288,216432,72146,1442886
2026-02,CUS-0203,1010020,144288,216432,72146,1442886
2026-02,CUS-0204,1010020,144288,216432,72146,1442886
2026-02,CUS-0205,1010020,144288,216432,72146,1442886
2026-02,CUS-0206,1010020,144288,216432,72146,1442886
2026-02,CUS-0207,1010020,144288,216432,72146,1442886
2026-02,CUS-0208,1010020,144288,216432,72146,1442886
2026-02,CUS-0209,1010020,144288,216432,72146,1442886
2026-02,CUS-0210,1010020,144288,216432,72146,1442886
2026-02,CUS-0211,1010020,144288,216432,72146,1442886
2026-02,CUS-0212,1010020,144288,216432,72146,1442886
2026-02,CUS-0213,1010020,144288,216432,72146,1442886
2026-02,CUS-0214,1010020,144288,216432,72146,1442886
2026-02,CUS-0215,1010020,144288,216432,72146,1442886
2026-02,CUS-0216,1010020,144288,216432,72146,1442886
2026-02,CUS-0217,1010020,144288,216432,72146,1442886
2026-02,CUS-0218,1010020,144288,216432,72146,1442886
2026-02,CUS-0219,1010020,144288,216432,72146,1442886
2026-02,CUS-0220,1010020,144288,216432,72146,1442886
2026-02,CUS-0221,1010020,144288,216432,72146,1442886
2026-02,CUS-0222,1010020,144288,216432,72146,1442886
2026-02,CUS-0223,1010020,144288,216432,72146,1442886
2026-02,CUS-0224,1010020,144288,216432,72146,1442886
2026-02,CUS-0225,1010020,144288,216432,72146,1442886
2026-02,CUS-0226,1010020,144288,216432,72146,1442886
2026-02,CUS-0227,1010020,144288,216432,72146,1442886
2026-02,CUS-0228,1010020,144288,216432,72146,1442886
2026-02,CUS-0229,1010020,144288,216432,72146,1442886
2026-02,CUS-0230,1010020,144288,216432,72146,1442886
2026-02,CUS-0231,1010020,144288,216432,72146,1442886
2026-02,CUS-0232,1010020,144288,216432,72146,1442886
2026-02,CUS-0233,1010020,144288,216432,72146,1442886
2026-02,CUS-0234,1010020,144288,216432,72146,1442886
2026-02,CUS-0235,1010020,144288,216432,72146,1442886
2026-02,CUS-0236,1010020,144288,216432,72146,1442886
2026-02,CUS-0237,1010020,144288,216432,72146,1442886
2026-02,CUS-0238,1010020,144288,216432,72146,1442886
2026-02,CUS-0239,1010020,144288,216432,72146,1442886
2026-02,CUS-0240,1010020,144288,216432,72146,1442886
2026-02,CUS-0241,1010020,144288,216432,72146,1442886
2026-02,CUS-0242,1010020,144288,216432,72146,1442886
2026-02,CUS-0243,1010020,144288,216432,72146,1442886
2026-02,CUS-0244,1010020,144288,216432,72146,1442886
2026-02,CUS-0245,1010020,144288,216432,72146,1442886
2026-02,CUS-0246,1010020,144288,216432,72146,1442886
2026-02,CUS-0247,1010020,144288,216432,72146,1442886
2026-02,CUS-0248,1010020,144288,216432,72146,1442886
2026-02,CUS-0249,1010020,144288,216432,72146,1442886
2026-02,CUS-0250,1010020,144288,216432,72146,1442886
2026-02,CUS-0251,1010020,144288,216432,72146,1442886
2026-02,CUS-0252,1010020,144288,216432,72146,1442886
2026-02,CUS-0253,1010020,144288,216432,72146,1442886
2026-02,CUS-0254,1010020,144288,216432,72146,1442886
2026-02,CUS-0255,1010020,144288,216432,72146,1442886
2026-02,CUS-0256,1010020,144288,216432,72146,1442886
2026-02,CUS-0257,1010020,144288,216432,72146,1442886
2026-02,CUS-0258,1010020,144288,216432,72146,1442886
2026-02,CUS-0259,1010020,144288,216432,72146,1442886
2026-02,CUS-0260,1010020,144288,216432,72146,1442886
2026-02,CUS-0261,1010020,144288,216432,72146,1442886
2026-02,CUS-0262,1010020,144288,216432,72146,1442886
2026-02,CUS-0263,1010020,144288,216432,72146,1442886
2026-02,CUS-0264,1010020,144288,216432,72146,1442886
2026-02,CUS-0265,1010020,144288,216432,72146,1442886
2026-02,CUS-0266,1010020,144288,216432,72146,1442886
2026-02,CUS-0267,1010020,144288,216432,72146,1442886
2026-02,CUS-0268,1010020,144288,216432,72146,1442886
2026-02,CUS-0269,1010020,144288,216432,72146,1442886
2026-02,CUS-0270,1010020,144288,216432,72146,1442886
2026-02,CUS-0271,1010020,144288,216432,72146,1442886
2026-02,CUS-0272,1010020,144288,216432,72146,1442886
2026-02,CUS-0273,1010020,144288,216432,72146,1442886
2026-02,CUS-0274,1010020,144288,216432,72146,1442886
2026-02,CUS-0275,1010020,144288,216432,72146,1442886
2026-02,CUS-0276,1010020,144288,216432,72146,1442886
2026-02,CUS-0277,1010020,144288,216432,72146,1442886
2026-02,CUS-0278,1010020,144288,216432,72146,1442886
2026-02,CUS-0279,1010020,144288,216432,72146,1442886
2026-02,CUS-0280,1010020,144288,216432,72146,1442886
2026-02,CUS-0281,1010020,144288,216432,72146,1442886
2026-02,CUS-0282,1010020,144288,216432,72146,1442886
2026-02,CUS-0283,1010020,144288,216432,72146,1442886
2026-02,CUS-0284,1010020,144288,216432,72146,1442886
2026-02,CUS-0285,1010020,144288,216432,72146,1442886
2026-02,CUS-0286,1010020,144288,216432,72146,1442886
2026-02,CUS-0287,1010020,144288,216432,72146,1442886
2026-02,CUS-0288,1010020,144288,216432,72146,1442886
2026-02,CUS-0289,1010020,144288,216432,72146,1442886
2026-02,CUS-0290,1010020,144288,216432,72146,1442886
2026-02,CUS-0291,1010020,144288,216432,72146,1442886
2026-02,CUS-0292,1010020,144288,216432,72146,1442886
2026-02,CUS-0293,1010020,144288,216432,72146,1442886
2026-02,CUS-0294,1010020,144288,216432,72146,1442886
2026-02,CUS-0295,1010020,144288,216432,72146,1442886
2026-02,CUS-0296,1010020,144288,216432,72146,1442886
2026-02,CUS-0297,1010020,144288,216432,72146,1442886
2026-02,CUS-0298,1010020,144288,216432,72146,1442886
2026-02,CUS-0299,1010020,144288,216432,72146,1442886
2026-02,CUS-0300,1010020,144288,216432,72146,1442886
2026-02,CUS-0301,1010020,144288,216432,72146,1442886
2026-02,CUS-0302,1010020,144288,216432,72146,1442886
2026-02,CUS-0303,1010020,144288,216432,72146,1442886
2026-02,CUS-0304,1010020,144288,216432,72146,1442886
2026-02,CUS-0305,1010020,144288,216432,72146,1442886
2026-02,CUS-0306,1010020,144288,216432,72146,1442886
2026-02,CUS-0307,1010020,144288,216432,72146,1442886
2026-02,CUS-0308,1010020,144288,216432,72146,1442886
2026-02,CUS-0309,1010020,144288,216432,72146,1442886
2026-02,CUS-0310,1010020,144288,216432,72146,1442886
2026-02,CUS-0311,1010019,144288,216432,72146,1442885
2026-02,CUS-0312,1010019,144288,216432,72146,1442885
2026-02,CUS-0313,1010019,144288,216432,72146,1442885
2026-02,CUS-0314,1010019,144288,216432,72146,1442885
2026-02,CUS-0315,1010019,144288,216432,72146,1442885
2026-02,CUS-0316,1010019,144288,216432,72146,1442885
2026-02,CUS-0317,1010019,144288,216432,72146,1442885
2026-02,CUS-0318,1010019,144288,216432,72146,1442885
2026-02,CUS-0319,1010019,144288,216432,72146,1442885
2026-02,CUS-0320,1010019,144288,216432,72146,1442885
2026-02,CUS-0321,1010019,144288,216432,72146,1442885
2026-02,CUS-0322,1010019,144288,216432,72146,1442885
2026-02,CUS-0323,1010019,144288,216432,72146,1442885
2026-02,CUS-0324,1010019,144288,216432,72146,1442885
2026-02,CUS-0325,1010019,144288,216432,72146,1442885
2026-02,CUS-0326,1010019,144288,216432,72146,1442885
2026-02,CUS-0327,1010019,144288,216432,72146,1442885
2026-02,CUS-0328,1010019,144288,216432,72146,1442885
2026-02,CUS-0329,1010019,144288,216432,72146,1442885
2026-02,CUS-0330,1010019,144288,216432,72146,1442885
2026-02,CUS-0331,1010019,144288,216432,72146,1442885
2026-02,CUS-0332,1010019,144288,216432,72146,1442885
2026-02,CUS-0333,1010019,144288,216432,72146,1442885
2026-02,CUS-0334,1010019,144288,216432,72146,1442885
2026-02,CUS-0335,1010019,144288,216432,72146,1442885
2026-02,CUS-0336,1010019,144288,216432,72146,1442885
2026-02,CUS-0337,1010019,144288,216432,72146,1442885
2026-02,CUS-0338,1010019,144288,216432,72146,1442885
2026-02,CUS-0339,1010019,144288,216432,72146,1442885
2026-02,CUS-0340,1010019,144288,216432,72146,1442885
2026-02,CUS-0341,1010019,144288,216432,72146,1442885
2026-02,CUS-0342,1010019,144288,216432,72146,1442885
2026-02,CUS-0343,1010019,144288,216432,72146,1442885
2026-02,CUS-0344,1010019,144288,216432,72146,1442885
2026-02,CUS-0345,1010019,144288,216432,72146,1442885
2026-02,CUS-0346,1010019,144288,216432,72146,1442885
2026-02,CUS-0347,1010019,144288,216432,72146,1442885
2026-02,CUS-0348,1010019,144288,216432,72146,1442885
2026-02,CUS-0349,1010019,144288,216432,72146,1442885
2026-02,CUS-0350,1010019,144288,216432,72146,1442885
2026-02,CUS-0351,1010019,144288,216432,72146,1442885
2026-02,CUS-0352,1010019,144288,216432,72146,1442885
2026-02,CUS-0353,1010019,144288,216432,72146,1442885
2026-02,CUS-0354,1010019,144288,216432,72146,1442885
2026-02,CUS-0355,1010019,144288,216432,72146,1442885
2026-02,CUS-0356,1010019,144288,216432,72146,1442885
2026-02,CUS-0357,1010019,144288,216432,72146,1442885
2026-02,CUS-0358,1010019,144288,216432,72146,1442885
2026-02,CUS-0359,1010019,144288,216432,72146,1442885
2026-02,CUS-0360,1010019,144288,216432,72146,1442885
2026-02,CUS-0361,1010019,144288,216432,72146,1442885
2026-02,CUS-0362,1010019,144288,216432,72146,1442885
2026-02,CUS-0363,1010019,144288,216432,72146,1442885
2026-02,CUS-0364,1010019,144288,216432,72146,1442885
2026-02,CUS-0365,1010019,144288,216432,72146,1442885
2026-02,CUS-0366,1010019,144288,216432,72146,1442885
2026-02,CUS-0367,1010019,144288,216432,72146,1442885
2026-02,CUS-0368,1010019,144288,216432,72146,1442885
2026-02,CUS-0369,1010019,144288,216432,72146,1442885
2026-02,CUS-0370,1010019,144288,216432,72146,1442885
2026-02,CUS-0371,1010019,144288,216432,72146,1442885
2026-02,CUS-0372,1010019,144288,216432,72146,1442885
2026-02,CUS-0373,1010019,144288,216432,72146,1442885
2026-02,CUS-0374,1010019,144288,216432,72146,1442885
2026-02,CUS-0375,1010019,144288,216432,72146,1442885
2026-02,CUS-0376,1010019,144288,216432,72146,1442885
2026-02,CUS-0377,1010019,144288,216432,72146,1442885
2026-02,CUS-0378,1010019,144288,216432,72146,1442885
2026-02,CUS-0379,1010019,144288,216432,72146,1442885
2026-02,CUS-0380,1010019,144288,216432,72146,1442885
2026-02,CUS-0381,1010019,144288,216432,72146,1442885
2026-02,CUS-0382,1010019,144288,216432,72146,1442885
2026-02,CUS-0383,1010019,144288,216432,72146,1442885
2026-02,CUS-0384,1010019,144288,216432,72146,1442885
2026-02,CUS-0385,1010019,144288,216432,72146,1442885
2026-02,CUS-0386,1010019,144288,216432,72146,1442885
2026-02,CUS-0387,1010019,144288,216432,72146,1442885
2026-02,CUS-0388,1010019,144288,216432,72146,1442885
2026-02,CUS-0389,1010019,144288,216432,72146,1442885
2026-02,CUS-0390,1010019,144288,216432,72146,1442885
2026-02,CUS-0391,1010019,144288,216432,72146,1442885
2026-02,CUS-0392,1010019,144288,216432,72146,1442885
2026-02,CUS-0393,1010019,144288,216432,72146,1442885
2026-02,CUS-0394,1010019,144288,216432,72146,1442885
2026-02,CUS-0395,1010019,144288,216432,72146,1442885
2026-02,CUS-0396,1010019,144288,216432,72146,1442885
2026-02,CUS-0397,1010019,144288,216432,72146,1442885
2026-02,CUS-0398,1010019,144288,216432,72146,1442885
2026-02,CUS-0399,1010019,144288,216432,72146,1442885
2026-02,CUS-0400,1010019,144288,216432,72146,1442885
2026-02,CUS-0401,1010019,144288,216432,72146,1442885
2026-02,CUS-0402,1010019,144288,216432,72146,1442885
2026-02,CUS-0403,1010019,144288,216432,72146,1442885
2026-02,CUS-0404,1010019,144288,216432,72146,1442885
2026-02,CUS-0405,1010019,144288,216432,72146,1442885
2026-02,CUS-0406,1010019,144288,216432,72146,1442885
2026-02,CUS-0407,1010019,144288,216432,72146,1442885
2026-02,CUS-0408,1010019,144288,216432,72146,1442885
2026-02,CUS-0409,1010019,144288,216432,72146,1442885
2026-02,CUS-0410,1010019,144288,216432,72146,1442885
2026-02,CUS-0411,1010019,144288,216432,72146,1442885
2026-02,CUS-0412,1010019,144288,216432,72146,1442885
2026-02,CUS-0413,1010019,144288,216432,72146,1442885
2026-02,CUS-0414,1010019,144288,216432,72146,1442885
2026-02,CUS-0415,1010019,144288,216432,72146,1442885
2026-02,CUS-0416,1010019,144288,216432,72146,1442885
2026-02,CUS-0417,1010019,144288,216432,72146,1442885
2026-02,CUS-0418,1010019,144288,216432,72146,1442885
2026-02,CUS-0419,1010019,144288,216432,72146,1442885
2026-02,CUS-0420,1010019,144288,216432,72146,1442885
2026-02,CUS-0421,1010019,144288,216432,72146,1442885
2026-02,CUS-0422,1010019,144288,216432,72146,1442885
2026-02,CUS-0423,1010019,144288,216432,72146,1442885
2026-02,CUS-0424,1010019,144288,216432,72146,1442885
2026-02,CUS-0425,1010019,144288,216432,72146,1442885
2026-02,CUS-0426,1010019,144288,216432,72146,1442885
2026-02,CUS-0427,1010019,144288,216432,72146,1442885
2026-02,CUS-0428,1010019,144288,216432,72146,1442885
2026-02,CUS-0429,1010019,144288,216432,72146,1442885
2026-02,CUS-0430,1010019,144288,216432,72146,1442885
2026-02,CUS-0431,1010019,144288,216432,72146,1442885
2026-02,CUS-0432,1010019,144288,216432,72146,1442885
2026-02,CUS-0433,1010019,144288,216432,72146,1442885
2026-02,CUS-0434,1010019,144288,216432,72146,1442885
2026-02,CUS-0435,1010019,144288,216432,72146,1442885
2026-02,CUS-0436,1010019,144288,216432,72146,1442885
2026-02,CUS-0437,1010019,144288,216432,72146,1442885
2026-02,CUS-0438,1010019,144288,216432,72146,1442885
2026-02,CUS-0439,1010019,144288,216432,72146,1442885
2026-02,CUS-0440,1010019,144288,216432,72146,1442885
2026-02,CUS-0441,1010019,144288,216432,72146,1442885
2026-02,CUS-0442,1010019,144288,216432,72146,1442885
2026-02,CUS-0443,1010019,144288,216432,72146,1442885
2026-02,CUS-0444,1010019,144288,216432,72146,1442885
2026-02,CUS-0445,1010019,144288,216432,72146,1442885
2026-02,CUS-0446,1010019,144288,216432,72146,1442885
2026-02,CUS-0447,1010019,144288,216432,72146,1442885
2026-02,CUS-0448,1010019,144288,216432,72146,1442885
2026-02,CUS-0449,1010019,144288,216432,72146,1442885
2026-02,CUS-0450,1010019,144288,216432,72146,1442885
2026-02,CUS-0451,1010019,144288,216432,72146,1442885
2026-02,CUS-0452,1010019,144288,216432,72146,1442885
2026-02,CUS-0453,1010019,144288,216432,72146,1442885
2026-02,CUS-0454,1010019,144288,216432,72146,1442885
2026-02,CUS-0455,1010019,144288,216432,72146,1442885
2026-02,CUS-0456,1010019,144288,216432,72146,1442885
2026-02,CUS-0457,1010019,144288,216432,72146,1442885
2026-02,CUS-0458,1010019,144288,216432,72146,1442885
2026-02,CUS-0459,1010019,144288,216432,72146,1442885
2026-02,CUS-0460,1010019,144288,216432,72146,1442885
2026-02,CUS-0461,1010019,144288,216432,72146,1442885
2026-02,CUS-0462,1010019,144288,216432,72146,1442885
2026-02,CUS-0463,1010019,144288,216432,72146,1442885
2026-02,CUS-0464,1010019,144288,216432,72146,1442885
2026-02,CUS-0465,1010019,144288,216432,72146,1442885
2026-02,CUS-0466,1010019,144288,216432,72146,1442885
2026-02,CUS-0467,1010019,144288,216432,72146,1442885
2026-02,CUS-0468,1010019,144288,216432,72146,1442885
2026-02,CUS-0469,1010019,144288,216432,72146,1442885
2026-02,CUS-0470,1010019,144288,216432,72146,1442885
2026-02,CUS-0471,1010019,144288,216432,72146,1442885
2026-02,CUS-0472,1010019,144288,216432,72146,1442885
2026-02,CUS-0473,1010019,144288,216432,72146,1442885
2026-02,CUS-0474,1010019,144288,216432,72146,1442885
2026-02,CUS-0475,1010019,144288,216432,72146,1442885
2026-02,CUS-0476,1010019,144288,216432,72146,1442885
2026-02,CUS-0477,1010019,144288,216432,72146,1442885
2026-02,CUS-0478,1010019,144288,216432,72146,1442885
2026-02,CUS-0479,1010019,144288,216432,72146,1442885
2026-02,CUS-0480,1010019,144288,216432,72146,1442885
2026-02,CUS-0481,1010019,144288,216432,72146,1442885
2026-02,CUS-0482,1010019,144288,216432,72146,1442885
2026-02,CUS-0483,1010019,144288,216432,72146,1442885
2026-02,CUS-0484,1010019,144288,216432,72146,1442885
2026-02,CUS-0485,1010019,144288,216432,72146,1442885
2026-02,CUS-0486,1010019,144288,216432,72146,1442885
2026-02,CUS-0487,1010019,144288,216432,72146,1442885
2026-02,CUS-0488,1010019,144288,216432,72146,1442885
2026-02,CUS-0489,1010019,144288,216432,72146,1442885
2026-02,CUS-0490,1010019,144288,216432,72146,1442885
2026-02,CUS-0491,1010019,144288,216432,72146,1442885
2026-02,CUS-0492,1010019,144288,216432,72146,1442885
2026-02,CUS-0493,1010019,144288,216432,72146,1442885
2026-02,CUS-0494,1010019,144288,216432,72146,1442885
2026-02,CUS-0495,1010019,144288,216432,72146,1442885
2026-02,CUS-0496,1010019,144288,216432,72146,1442885
2026-02,CUS-0497,1010019,144288,216432,72146,1442885
2026-02,CUS-0498,1010019,144288,216432,72146,1442885
2026-02,CUS-0499,1010019,144288,216432,72146,1442885
2026-02,CUS-0500,1010019,144288,216432,72146,1442885
2026-03,CUS-0001,231000000,33000000,49500000,16500000,330000000
2026-03,CUS-0002,1010020,144288,216432,72146,1442886
2026-03,CUS-0003,1010020,144288,216432,72146,1442886
2026-03,CUS-0004,1010020,144288,216432,72146,1442886
2026-03,CUS-0005,1010020,144288,216432,72146,1442886
2026-03,CUS-0006,1010020,144288,216432,72146,1442886
2026-03,CUS-0007,1010020,144288,216432,72146,1442886
2026-03,CUS-0008,1010020,144288,216432,72146,1442886
2026-03,CUS-0009,1010020,144288,216432,72146,1442886
2026-03,CUS-0010,1010020,144288,216432,72146,1442886
2026-03,CUS-0011,1010020,144288,216432,72146,1442886
2026-03,CUS-0012,1010020,144288,216432,72146,1442886
2026-03,CUS-0013,1010020,144288,216432,72146,1442886
2026-03,CUS-0014,1010020,144288,216432,72146,1442886
2026-03,CUS-0015,1010020,144288,216432,72146,1442886
2026-03,CUS-0016,1010020,144288,216432,72146,1442886
2026-03,CUS-0017,1010020,144288,216432,72146,1442886
2026-03,CUS-0018,1010020,144288,216432,72146,1442886
2026-03,CUS-0019,1010020,144288,216432,72146,1442886
2026-03,CUS-0020,1010020,144288,216432,72146,1442886
2026-03,CUS-0021,1010020,144288,216432,72146,1442886
2026-03,CUS-0022,1010020,144288,216432,72146,1442886
2026-03,CUS-0023,1010020,144288,216432,72146,1442886
2026-03,CUS-0024,1010020,144288,216432,72146,1442886
2026-03,CUS-0025,1010020,144288,216432,72146,1442886
2026-03,CUS-0026,1010020,144288,216432,72146,1442886
2026-03,CUS-0027,1010020,144288,216432,72146,1442886
2026-03,CUS-0028,1010020,144288,216432,72146,1442886
2026-03,CUS-0029,1010020,144288,216432,72146,1442886
2026-03,CUS-0030,1010020,144288,216432,72146,1442886
2026-03,CUS-0031,1010020,144288,216432,72146,1442886
2026-03,CUS-0032,1010020,144288,216432,72146,1442886
2026-03,CUS-0033,1010020,144288,216432,72146,1442886
2026-03,CUS-0034,1010020,144288,216432,72146,1442886
2026-03,CUS-0035,1010020,144288,216432,72146,1442886
2026-03,CUS-0036,1010020,144288,216432,72146,1442886
2026-03,CUS-0037,1010020,144288,216432,72146,1442886
2026-03,CUS-0038,1010020,144288,216432,72146,1442886
2026-03,CUS-0039,1010020,144288,216432,72146,1442886
2026-03,CUS-0040,1010020,144288,216432,72146,1442886
2026-03,CUS-0041,1010020,144288,216432,72146,1442886
2026-03,CUS-0042,1010020,144288,216432,72146,1442886
2026-03,CUS-0043,1010020,144288,216432,72146,1442886
2026-03,CUS-0044,1010020,144288,216432,72146,1442886
2026-03,CUS-0045,1010020,144288,216432,72146,1442886
2026-03,CUS-0046,1010020,144288,216432,72146,1442886
2026-03,CUS-0047,1010020,144288,216432,72146,1442886
2026-03,CUS-0048,1010020,144288,216432,72146,1442886
2026-03,CUS-0049,1010020,144288,216432,72146,1442886
2026-03,CUS-0050,1010020,144288,216432,72146,1442886
2026-03,CUS-0051,1010020,144288,216432,72146,1442886
2026-03,CUS-0052,1010020,144288,216432,72146,1442886
2026-03,CUS-0053,1010020,144288,216432,72146,1442886
2026-03,CUS-0054,1010020,144288,216432,72146,1442886
2026-03,CUS-0055,1010020,144288,216432,72146,1442886
2026-03,CUS-0056,1010020,144288,216432,72146,1442886
2026-03,CUS-0057,1010020,144288,216432,72146,1442886
2026-03,CUS-0058,1010020,144288,216432,72146,1442886
2026-03,CUS-0059,1010020,144288,216432,72146,1442886
2026-03,CUS-0060,1010020,144288,216432,72146,1442886
2026-03,CUS-0061,1010020,144288,216432,72146,1442886
2026-03,CUS-0062,1010020,144288,216432,72146,1442886
2026-03,CUS-0063,1010020,144288,216432,72146,1442886
2026-03,CUS-0064,1010020,144288,216432,72146,1442886
2026-03,CUS-0065,1010020,144288,216432,72146,1442886
2026-03,CUS-0066,1010020,144288,216432,72146,1442886
2026-03,CUS-0067,1010020,144288,216432,72146,1442886
2026-03,CUS-0068,1010020,144288,216432,72146,1442886
2026-03,CUS-0069,1010020,144288,216432,72146,1442886
2026-03,CUS-0070,1010020,144288,216432,72146,1442886
2026-03,CUS-0071,1010020,144288,216432,72146,1442886
2026-03,CUS-0072,1010020,144288,216432,72146,1442886
2026-03,CUS-0073,1010020,144288,216432,72146,1442886
2026-03,CUS-0074,1010020,144288,216432,72146,1442886
2026-03,CUS-0075,1010020,144288,216432,72146,1442886
2026-03,CUS-0076,1010020,144288,216432,72146,1442886
2026-03,CUS-0077,1010020,144288,216432,72146,1442886
2026-03,CUS-0078,1010020,144288,216432,72146,1442886
2026-03,CUS-0079,1010020,144288,216432,72146,1442886
2026-03,CUS-0080,1010020,144288,216432,72146,1442886
2026-03,CUS-0081,1010020,144288,216432,72146,1442886
2026-03,CUS-0082,1010020,144288,216432,72146,1442886
2026-03,CUS-0083,1010020,144288,216432,72146,1442886
2026-03,CUS-0084,1010020,144288,216432,72146,1442886
2026-03,CUS-0085,1010020,144288,216432,72146,1442886
2026-03,CUS-0086,1010020,144288,216432,72146,1442886
2026-03,CUS-0087,1010020,144288,216432,72146,1442886
2026-03,CUS-0088,1010020,144288,216432,72146,1442886
2026-03,CUS-0089,1010020,144288,216432,72146,1442886
2026-03,CUS-0090,1010020,144288,216432,72146,1442886
2026-03,CUS-0091,1010020,144288,216432,72146,1442886
2026-03,CUS-0092,1010020,144288,216432,72146,1442886
2026-03,CUS-0093,1010020,144288,216432,72146,1442886
2026-03,CUS-0094,1010020,144288,216432,72146,1442886
2026-03,CUS-0095,1010020,144288,216432,72146,1442886
2026-03,CUS-0096,1010020,144288,216432,72146,1442886
2026-03,CUS-0097,1010020,144288,216432,72146,1442886
2026-03,CUS-0098,1010020,144288,216432,72146,1442886
2026-03,CUS-0099,1010020,144288,216432,72146,1442886
2026-03,CUS-0100,1010020,144288,216432,72146,1442886
2026-03,CUS-0101,1010020,144288,216432,72146,1442886
2026-03,CUS-0102,1010020,144288,216432,72146,1442886
2026-03,CUS-0103,1010020,144288,216432,72146,1442886
2026-03,CUS-0104,1010020,144288,216432,72146,1442886
2026-03,CUS-0105,1010020,144288,216432,72146,1442886
2026-03,CUS-0106,1010020,144288,216432,72146,1442886
2026-03,CUS-0107,1010020,144288,216432,72146,1442886
2026-03,CUS-0108,1010020,144288,216432,72146,1442886
2026-03,CUS-0109,1010020,144288,216432,72146,1442886
2026-03,CUS-0110,1010020,144288,216432,72146,1442886
2026-03,CUS-0111,1010020,144288,216432,72146,1442886
2026-03,CUS-0112,1010020,144288,216432,72146,1442886
2026-03,CUS-0113,1010020,144288,216432,72146,1442886
2026-03,CUS-0114,1010020,144288,216432,72146,1442886
2026-03,CUS-0115,1010020,144288,216432,72146,1442886
2026-03,CUS-0116,1010020,144288,216432,72146,1442886
2026-03,CUS-0117,1010020,144288,216432,72146,1442886
2026-03,CUS-0118,1010020,144288,216432,72146,1442886
2026-03,CUS-0119,1010020,144288,216432,72146,1442886
2026-03,CUS-0120,1010020,144288,216432,72146,1442886
2026-03,CUS-0121,1010020,144288,216432,72146,1442886
2026-03,CUS-0122,1010020,144288,216432,72146,1442886
2026-03,CUS-0123,1010020,144288,216432,72146,1442886
2026-03,CUS-0124,1010020,144288,216432,72146,1442886
2026-03,CUS-0125,1010020,144288,216432,72146,1442886
2026-03,CUS-0126,1010020,144288,216432,72146,1442886
2026-03,CUS-0127,1010020,144288,216432,72146,1442886
2026-03,CUS-0128,1010020,144288,216432,72146,1442886
2026-03,CUS-0129,1010020,144288,216432,72146,1442886
2026-03,CUS-0130,1010020,144288,216432,72146,1442886
2026-03,CUS-0131,1010020,144288,216432,72146,1442886
2026-03,CUS-0132,1010020,144288,216432,72146,1442886
2026-03,CUS-0133,1010020,144288,216432,72146,1442886
2026-03,CUS-0134,1010020,144288,216432,72146,1442886
2026-03,CUS-0135,1010020,144288,216432,72146,1442886
2026-03,CUS-0136,1010020,144288,216432,72146,1442886
2026-03,CUS-0137,1010020,144288,216432,72146,1442886
2026-03,CUS-0138,1010020,144288,216432,72146,1442886
2026-03,CUS-0139,1010020,144288,216432,72146,1442886
2026-03,CUS-0140,1010020,144288,216432,72146,1442886
2026-03,CUS-0141,1010020,144288,216432,72146,1442886
2026-03,CUS-0142,1010020,144288,216432,72146,1442886
2026-03,CUS-0143,1010020,144288,216432,72146,1442886
2026-03,CUS-0144,1010020,144288,216432,72146,1442886
2026-03,CUS-0145,1010020,144288,216432,72146,1442886
2026-03,CUS-0146,1010020,144288,216432,72146,1442886
2026-03,CUS-0147,1010020,144288,216432,72146,1442886
2026-03,CUS-0148,1010020,144288,216432,72146,1442886
2026-03,CUS-0149,1010020,144288,216432,72146,1442886
2026-03,CUS-0150,1010020,144288,216432,72146,1442886
2026-03,CUS-0151,1010020,144288,216432,72146,1442886
2026-03,CUS-0152,1010020,144288,216432,72146,1442886
2026-03,CUS-0153,1010020,144288,216432,72146,1442886
2026-03,CUS-0154,1010020,144288,216432,72146,1442886
2026-03,CUS-0155,1010020,144288,216432,72146,1442886
2026-03,CUS-0156,1010020,144288,216432,72146,1442886
2026-03,CUS-0157,1010020,144288,216432,72146,1442886
2026-03,CUS-0158,1010020,144288,216432,72146,1442886
2026-03,CUS-0159,1010020,144288,216432,72146,1442886
2026-03,CUS-0160,1010020,144288,216432,72146,1442886
2026-03,CUS-0161,1010020,144288,216432,72146,1442886
2026-03,CUS-0162,1010020,144288,216432,72146,1442886
2026-03,CUS-0163,1010020,144288,216432,72146,1442886
2026-03,CUS-0164,1010020,144288,216432,72146,1442886
2026-03,CUS-0165,1010020,144288,216432,72146,1442886
2026-03,CUS-0166,1010020,144288,216432,72146,1442886
2026-03,CUS-0167,1010020,144288,216432,72146,1442886
2026-03,CUS-0168,1010020,144288,216432,72146,1442886
2026-03,CUS-0169,1010020,144288,216432,72146,1442886
2026-03,CUS-0170,1010020,144288,216432,72146,1442886
2026-03,CUS-0171,1010020,144288,216432,72146,1442886
2026-03,CUS-0172,1010020,144288,216432,72146,1442886
2026-03,CUS-0173,1010020,144288,216432,72146,1442886
2026-03,CUS-0174,1010020,144288,216432,72146,1442886
2026-03,CUS-0175,1010020,144288,216432,72146,1442886
2026-03,CUS-0176,1010020,144288,216432,72146,1442886
2026-03,CUS-0177,1010020,144288,216432,72146,1442886
2026-03,CUS-0178,1010020,144288,216432,72146,1442886
2026-03,CUS-0179,1010020,144288,216432,72146,1442886
2026-03,CUS-0180,1010020,144288,216432,72146,1442886
2026-03,CUS-0181,1010020,144288,216432,72146,1442886
2026-03,CUS-0182,1010020,144288,216432,72146,1442886
2026-03,CUS-0183,1010020,144288,216432,72146,1442886
2026-03,CUS-0184,1010020,144288,216432,72146,1442886
2026-03,CUS-0185,1010020,144288,216432,72146,1442886
2026-03,CUS-0186,1010020,144288,216432,72146,1442886
2026-03,CUS-0187,1010020,144288,216432,72146,1442886
2026-03,CUS-0188,1010020,144288,216432,72146,1442886
2026-03,CUS-0189,1010020,144288,216432,72146,1442886
2026-03,CUS-0190,1010020,144288,216432,72146,1442886
2026-03,CUS-0191,1010020,144288,216432,72146,1442886
2026-03,CUS-0192,1010020,144288,216432,72146,1442886
2026-03,CUS-0193,1010020,144288,216432,72146,1442886
2026-03,CUS-0194,1010020,144288,216432,72146,1442886
2026-03,CUS-0195,1010020,144288,216432,72146,1442886
2026-03,CUS-0196,1010020,144288,216432,72146,1442886
2026-03,CUS-0197,1010020,144288,216432,72146,1442886
2026-03,CUS-0198,1010020,144288,216432,72146,1442886
2026-03,CUS-0199,1010020,144288,216432,72146,1442886
2026-03,CUS-0200,1010020,144288,216432,72146,1442886
2026-03,CUS-0201,1010020,144288,216432,72146,1442886
2026-03,CUS-0202,1010020,144288,216432,72146,1442886
2026-03,CUS-0203,1010020,144288,216432,72146,1442886
2026-03,CUS-0204,1010020,144288,216432,72146,1442886
2026-03,CUS-0205,1010020,144288,216432,72146,1442886
2026-03,CUS-0206,1010020,144288,216432,72146,1442886
2026-03,CUS-0207,1010020,144288,216432,72146,1442886
2026-03,CUS-0208,1010020,144288,216432,72146,1442886
2026-03,CUS-0209,1010020,144288,216432,72146,1442886
2026-03,CUS-0210,1010020,144288,216432,72146,1442886
2026-03,CUS-0211,1010020,144288,216432,72146,1442886
2026-03,CUS-0212,1010020,144288,216432,72146,1442886
2026-03,CUS-0213,1010020,144288,216432,72146,1442886
2026-03,CUS-0214,1010020,144288,216432,72146,1442886
2026-03,CUS-0215,1010020,144288,216432,72146,1442886
2026-03,CUS-0216,1010020,144288,216432,72146,1442886
2026-03,CUS-0217,1010020,144288,216432,72146,1442886
2026-03,CUS-0218,1010020,144288,216432,72146,1442886
2026-03,CUS-0219,1010020,144288,216432,72146,1442886
2026-03,CUS-0220,1010020,144288,216432,72146,1442886
2026-03,CUS-0221,1010020,144288,216432,72146,1442886
2026-03,CUS-0222,1010020,144288,216432,72146,1442886
2026-03,CUS-0223,1010020,144288,216432,72146,1442886
2026-03,CUS-0224,1010020,144288,216432,72146,1442886
2026-03,CUS-0225,1010020,144288,216432,72146,1442886
2026-03,CUS-0226,1010020,144288,216432,72146,1442886
2026-03,CUS-0227,1010020,144288,216432,72146,1442886
2026-03,CUS-0228,1010020,144288,216432,72146,1442886
2026-03,CUS-0229,1010020,144288,216432,72146,1442886
2026-03,CUS-0230,1010020,144288,216432,72146,1442886
2026-03,CUS-0231,1010020,144288,216432,72146,1442886
2026-03,CUS-0232,1010020,144288,216432,72146,1442886
2026-03,CUS-0233,1010020,144288,216432,72146,1442886
2026-03,CUS-0234,1010020,144288,216432,72146,1442886
2026-03,CUS-0235,1010020,144288,216432,72146,1442886
2026-03,CUS-0236,1010020,144288,216432,72146,1442886
2026-03,CUS-0237,1010020,144288,216432,72146,1442886
2026-03,CUS-0238,1010020,144288,216432,72146,1442886
2026-03,CUS-0239,1010020,144288,216432,72146,1442886
2026-03,CUS-0240,1010020,144288,216432,72146,1442886
2026-03,CUS-0241,1010020,144288,216432,72146,1442886
2026-03,CUS-0242,1010020,144288,216432,72146,1442886
2026-03,CUS-0243,1010020,144288,216432,72146,1442886
2026-03,CUS-0244,1010020,144288,216432,72146,1442886
2026-03,CUS-0245,1010020,144288,216432,72146,1442886
2026-03,CUS-0246,1010020,144288,216432,72146,1442886
2026-03,CUS-0247,1010020,144288,216432,72146,1442886
2026-03,CUS-0248,1010020,144288,216432,72146,1442886
2026-03,CUS-0249,1010020,144288,216432,72146,1442886
2026-03,CUS-0250,1010020,144288,216432,72146,1442886
2026-03,CUS-0251,1010020,144288,216432,72146,1442886
2026-03,CUS-0252,1010020,144288,216432,72146,1442886
2026-03,CUS-0253,1010020,144288,216432,72146,1442886
2026-03,CUS-0254,1010020,144288,216432,72146,1442886
2026-03,CUS-0255,1010020,144288,216432,72146,1442886
2026-03,CUS-0256,1010020,144288,216432,72146,1442886
2026-03,CUS-0257,1010020,144288,216432,72146,1442886
2026-03,CUS-0258,1010020,144288,216432,72146,1442886
2026-03,CUS-0259,1010020,144288,216432,72146,1442886
2026-03,CUS-0260,1010020,144288,216432,72146,1442886
2026-03,CUS-0261,1010020,144288,216432,72146,1442886
2026-03,CUS-0262,1010020,144288,216432,72146,1442886
2026-03,CUS-0263,1010020,144288,216432,72146,1442886
2026-03,CUS-0264,1010020,144288,216432,72146,1442886
2026-03,CUS-0265,1010020,144288,216432,72146,1442886
2026-03,CUS-0266,1010020,144288,216432,72146,1442886
2026-03,CUS-0267,1010020,144288,216432,72146,1442886
2026-03,CUS-0268,1010020,144288,216432,72146,1442886
2026-03,CUS-0269,1010020,144288,216432,72146,1442886
2026-03,CUS-0270,1010020,144288,216432,72146,1442886
2026-03,CUS-0271,1010020,144288,216432,72146,1442886
2026-03,CUS-0272,1010020,144288,216432,72146,1442886
2026-03,CUS-0273,1010020,144288,216432,72146,1442886
2026-03,CUS-0274,1010020,144288,216432,72146,1442886
2026-03,CUS-0275,1010020,144288,216432,72146,1442886
2026-03,CUS-0276,1010020,144288,216432,72146,1442886
2026-03,CUS-0277,1010020,144288,216432,72146,1442886
2026-03,CUS-0278,1010020,144288,216432,72146,1442886
2026-03,CUS-0279,1010020,144288,216432,72146,1442886
2026-03,CUS-0280,1010020,144288,216432,72146,1442886
2026-03,CUS-0281,1010020,144288,216432,72146,1442886
2026-03,CUS-0282,1010020,144288,216432,72146,1442886
2026-03,CUS-0283,1010020,144288,216432,72146,1442886
2026-03,CUS-0284,1010020,144288,216432,72146,1442886
2026-03,CUS-0285,1010020,144288,216432,72146,1442886
2026-03,CUS-0286,1010020,144288,216432,72146,1442886
2026-03,CUS-0287,1010020,144288,216432,72146,1442886
2026-03,CUS-0288,1010020,144288,216432,72146,1442886
2026-03,CUS-0289,1010020,144288,216432,72146,1442886
2026-03,CUS-0290,1010020,144288,216432,72146,1442886
2026-03,CUS-0291,1010020,144288,216432,72146,1442886
2026-03,CUS-0292,1010020,144288,216432,72146,1442886
2026-03,CUS-0293,1010020,144288,216432,72146,1442886
2026-03,CUS-0294,1010020,144288,216432,72146,1442886
2026-03,CUS-0295,1010020,144288,216432,72146,1442886
2026-03,CUS-0296,1010020,144288,216432,72146,1442886
2026-03,CUS-0297,1010020,144288,216432,72146,1442886
2026-03,CUS-0298,1010020,144288,216432,72146,1442886
2026-03,CUS-0299,1010020,144288,216432,72146,1442886
2026-03,CUS-0300,1010020,144288,216432,72146,1442886
2026-03,CUS-0301,1010020,144288,216432,72146,1442886
2026-03,CUS-0302,1010020,144288,216432,72146,1442886
2026-03,CUS-0303,1010020,144288,216432,72146,1442886
2026-03,CUS-0304,1010020,144288,216432,72146,1442886
2026-03,CUS-0305,1010020,144288,216432,72146,1442886
2026-03,CUS-0306,1010020,144288,216432,72146,1442886
2026-03,CUS-0307,1010020,144288,216432,72146,1442886
2026-03,CUS-0308,1010020,144288,216432,72146,1442886
2026-03,CUS-0309,1010020,144288,216432,72146,1442886
2026-03,CUS-0310,1010020,144288,216432,72146,1442886
2026-03,CUS-0311,1010019,144288,216432,72146,1442885
2026-03,CUS-0312,1010019,144288,216432,72146,1442885
2026-03,CUS-0313,1010019,144288,216432,72146,1442885
2026-03,CUS-0314,1010019,144288,216432,72146,1442885
2026-03,CUS-0315,1010019,144288,216432,72146,1442885
2026-03,CUS-0316,1010019,144288,216432,72146,1442885
2026-03,CUS-0317,1010019,144288,216432,72146,1442885
2026-03,CUS-0318,1010019,144288,216432,72146,1442885
2026-03,CUS-0319,1010019,144288,216432,72146,1442885
2026-03,CUS-0320,1010019,144288,216432,72146,1442885
2026-03,CUS-0321,1010019,144288,216432,72146,1442885
2026-03,CUS-0322,1010019,144288,216432,72146,1442885
2026-03,CUS-0323,1010019,144288,216432,72146,1442885
2026-03,CUS-0324,1010019,144288,216432,72146,1442885
2026-03,CUS-0325,1010019,144288,216432,72146,1442885
2026-03,CUS-0326,1010019,144288,216432,72146,1442885
2026-03,CUS-0327,1010019,144288,216432,72146,1442885
2026-03,CUS-0328,1010019,144288,216432,72146,1442885
2026-03,CUS-0329,1010019,144288,216432,72146,1442885
2026-03,CUS-0330,1010019,144288,216432,72146,1442885
2026-03,CUS-0331,1010019,144288,216432,72146,1442885
2026-03,CUS-0332,1010019,144288,216432,72146,1442885
2026-03,CUS-0333,1010019,144288,216432,72146,1442885
2026-03,CUS-0334,1010019,144288,216432,72146,1442885
2026-03,CUS-0335,1010019,144288,216432,72146,1442885
2026-03,CUS-0336,1010019,144288,216432,72146,1442885
2026-03,CUS-0337,1010019,144288,216432,72146,1442885
2026-03,CUS-0338,1010019,144288,216432,72146,1442885
2026-03,CUS-0339,1010019,144288,216432,72146,1442885
2026-03,CUS-0340,1010019,144288,216432,72146,1442885
2026-03,CUS-0341,1010019,144288,216432,72146,1442885
2026-03,CUS-0342,1010019,144288,216432,72146,1442885
2026-03,CUS-0343,1010019,144288,216432,72146,1442885
2026-03,CUS-0344,1010019,144288,216432,72146,1442885
2026-03,CUS-0345,1010019,144288,216432,72146,1442885
2026-03,CUS-0346,1010019,144288,216432,72146,1442885
2026-03,CUS-0347,1010019,144288,216432,72146,1442885
2026-03,CUS-0348,1010019,144288,216432,72146,1442885
2026-03,CUS-0349,1010019,144288,216432,72146,1442885
2026-03,CUS-0350,1010019,144288,216432,72146,1442885
2026-03,CUS-0351,1010019,144288,216432,72146,1442885
2026-03,CUS-0352,1010019,144288,216432,72146,1442885
2026-03,CUS-0353,1010019,144288,216432,72146,1442885
2026-03,CUS-0354,1010019,144288,216432,72146,1442885
2026-03,CUS-0355,1010019,144288,216432,72146,1442885
2026-03,CUS-0356,1010019,144288,216432,72146,1442885
2026-03,CUS-0357,1010019,144288,216432,72146,1442885
2026-03,CUS-0358,1010019,144288,216432,72146,1442885
2026-03,CUS-0359,1010019,144288,216432,72146,1442885
2026-03,CUS-0360,1010019,144288,216432,72146,1442885
2026-03,CUS-0361,1010019,144288,216432,72146,1442885
2026-03,CUS-0362,1010019,144288,216432,72146,1442885
2026-03,CUS-0363,1010019,144288,216432,72146,1442885
2026-03,CUS-0364,1010019,144288,216432,72146,1442885
2026-03,CUS-0365,1010019,144288,216432,72146,1442885
2026-03,CUS-0366,1010019,144288,216432,72146,1442885
2026-03,CUS-0367,1010019,144288,216432,72146,1442885
2026-03,CUS-0368,1010019,144288,216432,72146,1442885
2026-03,CUS-0369,1010019,144288,216432,72146,1442885
2026-03,CUS-0370,1010019,144288,216432,72146,1442885
2026-03,CUS-0371,1010019,144288,216432,72146,1442885
2026-03,CUS-0372,1010019,144288,216432,72146,1442885
2026-03,CUS-0373,1010019,144288,216432,72146,1442885
2026-03,CUS-0374,1010019,144288,216432,72146,1442885
2026-03,CUS-0375,1010019,144288,216432,72146,1442885
2026-03,CUS-0376,1010019,144288,216432,72146,1442885
2026-03,CUS-0377,1010019,144288,216432,72146,1442885
2026-03,CUS-0378,1010019,144288,216432,72146,1442885
2026-03,CUS-0379,1010019,144288,216432,72146,1442885
2026-03,CUS-0380,1010019,144288,216432,72146,1442885
2026-03,CUS-0381,1010019,144288,216432,72146,1442885
2026-03,CUS-0382,1010019,144288,216432,72146,1442885
2026-03,CUS-0383,1010019,144288,216432,72146,1442885
2026-03,CUS-0384,1010019,144288,216432,72146,1442885
2026-03,CUS-0385,1010019,144288,216432,72146,1442885
2026-03,CUS-0386,1010019,144288,216432,72146,1442885
2026-03,CUS-0387,1010019,144288,216432,72146,1442885
2026-03,CUS-0388,1010019,144288,216432,72146,1442885
2026-03,CUS-0389,1010019,144288,216432,72146,1442885
2026-03,CUS-0390,1010019,144288,216432,72146,1442885
2026-03,CUS-0391,1010019,144288,216432,72146,1442885
2026-03,CUS-0392,1010019,144288,216432,72146,1442885
2026-03,CUS-0393,1010019,144288,216432,72146,1442885
2026-03,CUS-0394,1010019,144288,216432,72146,1442885
2026-03,CUS-0395,1010019,144288,216432,72146,1442885
2026-03,CUS-0396,1010019,144288,216432,72146,1442885
2026-03,CUS-0397,1010019,144288,216432,72146,1442885
2026-03,CUS-0398,1010019,144288,216432,72146,1442885
2026-03,CUS-0399,1010019,144288,216432,72146,1442885
2026-03,CUS-0400,1010019,144288,216432,72146,1442885
2026-03,CUS-0401,1010019,144288,216432,72146,1442885
2026-03,CUS-0402,1010019,144288,216432,72146,1442885
2026-03,CUS-0403,1010019,144288,216432,72146,1442885
2026-03,CUS-0404,1010019,144288,216432,72146,1442885
2026-03,CUS-0405,1010019,144288,216432,72146,1442885
2026-03,CUS-0406,1010019,144288,216432,72146,1442885
2026-03,CUS-0407,1010019,144288,216432,72146,1442885
2026-03,CUS-0408,1010019,144288,216432,72146,1442885
2026-03,CUS-0409,1010019,144288,216432,72146,1442885
2026-03,CUS-0410,1010019,144288,216432,72146,1442885
2026-03,CUS-0411,1010019,144288,216432,72146,1442885
2026-03,CUS-0412,1010019,144288,216432,72146,1442885
2026-03,CUS-0413,1010019,144288,216432,72146,1442885
2026-03,CUS-0414,1010019,144288,216432,72146,1442885
2026-03,CUS-0415,1010019,144288,216432,72146,1442885
2026-03,CUS-0416,1010019,144288,216432,72146,1442885
2026-03,CUS-0417,1010019,144288,216432,72146,1442885
2026-03,CUS-0418,1010019,144288,216432,72146,1442885
2026-03,CUS-0419,1010019,144288,216432,72146,1442885
2026-03,CUS-0420,1010019,144288,216432,72146,1442885
2026-03,CUS-0421,1010019,144288,216432,72146,1442885
2026-03,CUS-0422,1010019,144288,216432,72146,1442885
2026-03,CUS-0423,1010019,144288,216432,72146,1442885
2026-03,CUS-0424,1010019,144288,216432,72146,1442885
2026-03,CUS-0425,1010019,144288,216432,72146,1442885
2026-03,CUS-0426,1010019,144288,216432,72146,1442885
2026-03,CUS-0427,1010019,144288,216432,72146,1442885
2026-03,CUS-0428,1010019,144288,216432,72146,1442885
2026-03,CUS-0429,1010019,144288,216432,72146,1442885
2026-03,CUS-0430,1010019,144288,216432,72146,1442885
2026-03,CUS-0431,1010019,144288,216432,72146,1442885
2026-03,CUS-0432,1010019,144288,216432,72146,1442885
2026-03,CUS-0433,1010019,144288,216432,72146,1442885
2026-03,CUS-0434,1010019,144288,216432,72146,1442885
2026-03,CUS-0435,1010019,144288,216432,72146,1442885
2026-03,CUS-0436,1010019,144288,216432,72146,1442885
2026-03,CUS-0437,1010019,144288,216432,72146,1442885
2026-03,CUS-0438,1010019,144288,216432,72146,1442885
2026-03,CUS-0439,1010019,144288,216432,72146,1442885
2026-03,CUS-0440,1010019,144288,216432,72146,1442885
2026-03,CUS-0441,1010019,144288,216432,72146,1442885
2026-03,CUS-0442,1010019,144288,216432,72146,1442885
2026-03,CUS-0443,1010019,144288,216432,72146,1442885
2026-03,CUS-0444,1010019,144288,216432,72146,1442885
2026-03,CUS-0445,1010019,144288,216432,72146,1442885
2026-03,CUS-0446,1010019,144288,216432,72146,1442885
2026-03,CUS-0447,1010019,144288,216432,72146,1442885
2026-03,CUS-0448,1010019,144288,216432,72146,1442885
2026-03,CUS-0449,1010019,144288,216432,72146,1442885
2026-03,CUS-0450,1010019,144288,216432,72146,1442885
2026-03,CUS-0451,1010019,144288,216432,72146,1442885
2026-03,CUS-0452,1010019,144288,216432,72146,1442885
2026-03,CUS-0453,1010019,144288,216432,72146,1442885
2026-03,CUS-0454,1010019,144288,216432,72146,1442885
2026-03,CUS-0455,1010019,144288,216432,72146,1442885
2026-03,CUS-0456,1010019,144288,216432,72146,1442885
2026-03,CUS-0457,1010019,144288,216432,72146,1442885
2026-03,CUS-0458,1010019,144288,216432,72146,1442885
2026-03,CUS-0459,1010019,144288,216432,72146,1442885
2026-03,CUS-0460,1010019,144288,216432,72146,1442885
2026-03,CUS-0461,1010019,144288,216432,72146,1442885
2026-03,CUS-0462,1010019,144288,216432,72146,1442885
2026-03,CUS-0463,1010019,144288,216432,72146,1442885
2026-03,CUS-0464,1010019,144288,216432,72146,1442885
2026-03,CUS-0465,1010019,144288,216432,72146,1442885
2026-03,CUS-0466,1010019,144288,216432,72146,1442885
2026-03,CUS-0467,1010019,144288,216432,72146,1442885
2026-03,CUS-0468,1010019,144288,216432,72146,1442885
2026-03,CUS-0469,1010019,144288,216432,72146,1442885
2026-03,CUS-0470,1010019,144288,216432,72146,1442885
2026-03,CUS-0471,1010019,144288,216432,72146,1442885
2026-03,CUS-0472,1010019,144288,216432,72146,1442885
2026-03,CUS-0473,1010019,144288,216432,72146,1442885
2026-03,CUS-0474,1010019,144288,216432,72146,1442885
2026-03,CUS-0475,1010019,144288,216432,72146,1442885
2026-03,CUS-0476,1010019,144288,216432,72146,1442885
2026-03,CUS-0477,1010019,144288,216432,72146,1442885
2026-03,CUS-0478,1010019,144288,216432,72146,1442885
2026-03,CUS-0479,1010019,144288,216432,72146,1442885
2026-03,CUS-0480,1010019,144288,216432,72146,1442885
2026-03,CUS-0481,1010019,144288,216432,72146,1442885
2026-03,CUS-0482,1010019,144288,216432,72146,1442885
2026-03,CUS-0483,1010019,144288,216432,72146,1442885
2026-03,CUS-0484,1010019,144288,216432,72146,1442885
2026-03,CUS-0485,1010019,144288,216432,72146,1442885
2026-03,CUS-0486,1010019,144288,216432,72146,1442885
2026-03,CUS-0487,1010019,144288,216432,72146,1442885
2026-03,CUS-0488,1010019,144288,216432,72146,1442885
2026-03,CUS-0489,1010019,144288,216432,72146,1442885
2026-03,CUS-0490,1010019,144288,216432,72146,1442885
2026-03,CUS-0491,1010019,144288,216432,72146,1442885
2026-03,CUS-0492,1010019,144288,216432,72146,1442885
2026-03,CUS-0493,1010019,144288,216432,72146,1442885
2026-03,CUS-0494,1010019,144288,216432,72146,1442885
2026-03,CUS-0495,1010019,144288,216432,72146,1442885
2026-03,CUS-0496,1010019,144288,216432,72146,1442885
2026-03,CUS-0497,1010019,144288,216432,72146,1442885
2026-03,CUS-0498,1010019,144288,216432,72146,1442885
2026-03,CUS-0499,1010019,144288,216432,72146,1442885
2026-03,CUS-0500,1010019,144288,216432,72146,1442885
2026-04,CUS-0001,231000000,33000000,49500000,16500000,330000000
2026-04,CUS-0002,1010020,144288,216432,72146,1442886
2026-04,CUS-0003,1010020,144288,216432,72146,1442886
2026-04,CUS-0004,1010020,144288,216432,72146,1442886
2026-04,CUS-0005,1010020,144288,216432,72146,1442886
2026-04,CUS-0006,1010020,144288,216432,72146,1442886
2026-04,CUS-0007,1010020,144288,216432,72146,1442886
2026-04,CUS-0008,1010020,144288,216432,72146,1442886
2026-04,CUS-0009,1010020,144288,216432,72146,1442886
2026-04,CUS-0010,1010020,144288,216432,72146,1442886
2026-04,CUS-0011,1010020,144288,216432,72146,1442886
2026-04,CUS-0012,1010020,144288,216432,72146,1442886
2026-04,CUS-0013,1010020,144288,216432,72146,1442886
2026-04,CUS-0014,1010020,144288,216432,72146,1442886
2026-04,CUS-0015,1010020,144288,216432,72146,1442886
2026-04,CUS-0016,1010020,144288,216432,72146,1442886
2026-04,CUS-0017,1010020,144288,216432,72146,1442886
2026-04,CUS-0018,1010020,144288,216432,72146,1442886
2026-04,CUS-0019,1010020,144288,216432,72146,1442886
2026-04,CUS-0020,1010020,144288,216432,72146,1442886
2026-04,CUS-0021,1010020,144288,216432,72146,1442886
2026-04,CUS-0022,1010020,144288,216432,72146,1442886
2026-04,CUS-0023,1010020,144288,216432,72146,1442886
2026-04,CUS-0024,1010020,144288,216432,72146,1442886
2026-04,CUS-0025,1010020,144288,216432,72146,1442886
2026-04,CUS-0026,1010020,144288,216432,72146,1442886
2026-04,CUS-0027,1010020,144288,216432,72146,1442886
2026-04,CUS-0028,1010020,144288,216432,72146,1442886
2026-04,CUS-0029,1010020,144288,216432,72146,1442886
2026-04,CUS-0030,1010020,144288,216432,72146,1442886
2026-04,CUS-0031,1010020,144288,216432,72146,1442886
2026-04,CUS-0032,1010020,144288,216432,72146,1442886
2026-04,CUS-0033,1010020,144288,216432,72146,1442886
2026-04,CUS-0034,1010020,144288,216432,72146,1442886
2026-04,CUS-0035,1010020,144288,216432,72146,1442886
2026-04,CUS-0036,1010020,144288,216432,72146,1442886
2026-04,CUS-0037,1010020,144288,216432,72146,1442886
2026-04,CUS-0038,1010020,144288,216432,72146,1442886
2026-04,CUS-0039,1010020,144288,216432,72146,1442886
2026-04,CUS-0040,1010020,144288,216432,72146,1442886
2026-04,CUS-0041,1010020,144288,216432,72146,1442886
2026-04,CUS-0042,1010020,144288,216432,72146,1442886
2026-04,CUS-0043,1010020,144288,216432,72146,1442886
2026-04,CUS-0044,1010020,144288,216432,72146,1442886
2026-04,CUS-0045,1010020,144288,216432,72146,1442886
2026-04,CUS-0046,1010020,144288,216432,72146,1442886
2026-04,CUS-0047,1010020,144288,216432,72146,1442886
2026-04,CUS-0048,1010020,144288,216432,72146,1442886
2026-04,CUS-0049,1010020,144288,216432,72146,1442886
2026-04,CUS-0050,1010020,144288,216432,72146,1442886
2026-04,CUS-0051,1010020,144288,216432,72146,1442886
2026-04,CUS-0052,1010020,144288,216432,72146,1442886
2026-04,CUS-0053,1010020,144288,216432,72146,1442886
2026-04,CUS-0054,1010020,144288,216432,72146,1442886
2026-04,CUS-0055,1010020,144288,216432,72146,1442886
2026-04,CUS-0056,1010020,144288,216432,72146,1442886
2026-04,CUS-0057,1010020,144288,216432,72146,1442886
2026-04,CUS-0058,1010020,144288,216432,72146,1442886
2026-04,CUS-0059,1010020,144288,216432,72146,1442886
2026-04,CUS-0060,1010020,144288,216432,72146,1442886
2026-04,CUS-0061,1010020,144288,216432,72146,1442886
2026-04,CUS-0062,1010020,144288,216432,72146,1442886
2026-04,CUS-0063,1010020,144288,216432,72146,1442886
2026-04,CUS-0064,1010020,144288,216432,72146,1442886
2026-04,CUS-0065,1010020,144288,216432,72146,1442886
2026-04,CUS-0066,1010020,144288,216432,72146,1442886
2026-04,CUS-0067,1010020,144288,216432,72146,1442886
2026-04,CUS-0068,1010020,144288,216432,72146,1442886
2026-04,CUS-0069,1010020,144288,216432,72146,1442886
2026-04,CUS-0070,1010020,144288,216432,72146,1442886
2026-04,CUS-0071,1010020,144288,216432,72146,1442886
2026-04,CUS-0072,1010020,144288,216432,72146,1442886
2026-04,CUS-0073,1010020,144288,216432,72146,1442886
2026-04,CUS-0074,1010020,144288,216432,72146,1442886
2026-04,CUS-0075,1010020,144288,216432,72146,1442886
2026-04,CUS-0076,1010020,144288,216432,72146,1442886
2026-04,CUS-0077,1010020,144288,216432,72146,1442886
2026-04,CUS-0078,1010020,144288,216432,72146,1442886
2026-04,CUS-0079,1010020,144288,216432,72146,1442886
2026-04,CUS-0080,1010020,144288,216432,72146,1442886
2026-04,CUS-0081,1010020,144288,216432,72146,1442886
2026-04,CUS-0082,1010020,144288,216432,72146,1442886
2026-04,CUS-0083,1010020,144288,216432,72146,1442886
2026-04,CUS-0084,1010020,144288,216432,72146,1442886
2026-04,CUS-0085,1010020,144288,216432,72146,1442886
2026-04,CUS-0086,1010020,144288,216432,72146,1442886
2026-04,CUS-0087,1010020,144288,216432,72146,1442886
2026-04,CUS-0088,1010020,144288,216432,72146,1442886
2026-04,CUS-0089,1010020,144288,216432,72146,1442886
2026-04,CUS-0090,1010020,144288,216432,72146,1442886
2026-04,CUS-0091,1010020,144288,216432,72146,1442886
2026-04,CUS-0092,1010020,144288,216432,72146,1442886
2026-04,CUS-0093,1010020,144288,216432,72146,1442886
2026-04,CUS-0094,1010020,144288,216432,72146,1442886
2026-04,CUS-0095,1010020,144288,216432,72146,1442886
2026-04,CUS-0096,1010020,144288,216432,72146,1442886
2026-04,CUS-0097,1010020,144288,216432,72146,1442886
2026-04,CUS-0098,1010020,144288,216432,72146,1442886
2026-04,CUS-0099,1010020,144288,216432,72146,1442886
2026-04,CUS-0100,1010020,144288,216432,72146,1442886
2026-04,CUS-0101,1010020,144288,216432,72146,1442886
2026-04,CUS-0102,1010020,144288,216432,72146,1442886
2026-04,CUS-0103,1010020,144288,216432,72146,1442886
2026-04,CUS-0104,1010020,144288,216432,72146,1442886
2026-04,CUS-0105,1010020,144288,216432,72146,1442886
2026-04,CUS-0106,1010020,144288,216432,72146,1442886
2026-04,CUS-0107,1010020,144288,216432,72146,1442886
2026-04,CUS-0108,1010020,144288,216432,72146,1442886
2026-04,CUS-0109,1010020,144288,216432,72146,1442886
2026-04,CUS-0110,1010020,144288,216432,72146,1442886
2026-04,CUS-0111,1010020,144288,216432,72146,1442886
2026-04,CUS-0112,1010020,144288,216432,72146,1442886
2026-04,CUS-0113,1010020,144288,216432,72146,1442886
2026-04,CUS-0114,1010020,144288,216432,72146,1442886
2026-04,CUS-0115,1010020,144288,216432,72146,1442886
2026-04,CUS-0116,1010020,144288,216432,72146,1442886
2026-04,CUS-0117,1010020,144288,216432,72146,1442886
2026-04,CUS-0118,1010020,144288,216432,72146,1442886
2026-04,CUS-0119,1010020,144288,216432,72146,1442886
2026-04,CUS-0120,1010020,144288,216432,72146,1442886
2026-04,CUS-0121,1010020,144288,216432,72146,1442886
2026-04,CUS-0122,1010020,144288,216432,72146,1442886
2026-04,CUS-0123,1010020,144288,216432,72146,1442886
2026-04,CUS-0124,1010020,144288,216432,72146,1442886
2026-04,CUS-0125,1010020,144288,216432,72146,1442886
2026-04,CUS-0126,1010020,144288,216432,72146,1442886
2026-04,CUS-0127,1010020,144288,216432,72146,1442886
2026-04,CUS-0128,1010020,144288,216432,72146,1442886
2026-04,CUS-0129,1010020,144288,216432,72146,1442886
2026-04,CUS-0130,1010020,144288,216432,72146,1442886
2026-04,CUS-0131,1010020,144288,216432,72146,1442886
2026-04,CUS-0132,1010020,144288,216432,72146,1442886
2026-04,CUS-0133,1010020,144288,216432,72146,1442886
2026-04,CUS-0134,1010020,144288,216432,72146,1442886
2026-04,CUS-0135,1010020,144288,216432,72146,1442886
2026-04,CUS-0136,1010020,144288,216432,72146,1442886
2026-04,CUS-0137,1010020,144288,216432,72146,1442886
2026-04,CUS-0138,1010020,144288,216432,72146,1442886
2026-04,CUS-0139,1010020,144288,216432,72146,1442886
2026-04,CUS-0140,1010020,144288,216432,72146,1442886
2026-04,CUS-0141,1010020,144288,216432,72146,1442886
2026-04,CUS-0142,1010020,144288,216432,72146,1442886
2026-04,CUS-0143,1010020,144288,216432,72146,1442886
2026-04,CUS-0144,1010020,144288,216432,72146,1442886
2026-04,CUS-0145,1010020,144288,216432,72146,1442886
2026-04,CUS-0146,1010020,144288,216432,72146,1442886
2026-04,CUS-0147,1010020,144288,216432,72146,1442886
2026-04,CUS-0148,1010020,144288,216432,72146,1442886
2026-04,CUS-0149,1010020,144288,216432,72146,1442886
2026-04,CUS-0150,1010020,144288,216432,72146,1442886
2026-04,CUS-0151,1010020,144288,216432,72146,1442886
2026-04,CUS-0152,1010020,144288,216432,72146,1442886
2026-04,CUS-0153,1010020,144288,216432,72146,1442886
2026-04,CUS-0154,1010020,144288,216432,72146,1442886
2026-04,CUS-0155,1010020,144288,216432,72146,1442886
2026-04,CUS-0156,1010020,144288,216432,72146,1442886
2026-04,CUS-0157,1010020,144288,216432,72146,1442886
2026-04,CUS-0158,1010020,144288,216432,72146,1442886
2026-04,CUS-0159,1010020,144288,216432,72146,1442886
2026-04,CUS-0160,1010020,144288,216432,72146,1442886
2026-04,CUS-0161,1010020,144288,216432,72146,1442886
2026-04,CUS-0162,1010020,144288,216432,72146,1442886
2026-04,CUS-0163,1010020,144288,216432,72146,1442886
2026-04,CUS-0164,1010020,144288,216432,72146,1442886
2026-04,CUS-0165,1010020,144288,216432,72146,1442886
2026-04,CUS-0166,1010020,144288,216432,72146,1442886
2026-04,CUS-0167,1010020,144288,216432,72146,1442886
2026-04,CUS-0168,1010020,144288,216432,72146,1442886
2026-04,CUS-0169,1010020,144288,216432,72146,1442886
2026-04,CUS-0170,1010020,144288,216432,72146,1442886
2026-04,CUS-0171,1010020,144288,216432,72146,1442886
2026-04,CUS-0172,1010020,144288,216432,72146,1442886
2026-04,CUS-0173,1010020,144288,216432,72146,1442886
2026-04,CUS-0174,1010020,144288,216432,72146,1442886
2026-04,CUS-0175,1010020,144288,216432,72146,1442886
2026-04,CUS-0176,1010020,144288,216432,72146,1442886
2026-04,CUS-0177,1010020,144288,216432,72146,1442886
2026-04,CUS-0178,1010020,144288,216432,72146,1442886
2026-04,CUS-0179,1010020,144288,216432,72146,1442886
2026-04,CUS-0180,1010020,144288,216432,72146,1442886
2026-04,CUS-0181,1010020,144288,216432,72146,1442886
2026-04,CUS-0182,1010020,144288,216432,72146,1442886
2026-04,CUS-0183,1010020,144288,216432,72146,1442886
2026-04,CUS-0184,1010020,144288,216432,72146,1442886
2026-04,CUS-0185,1010020,144288,216432,72146,1442886
2026-04,CUS-0186,1010020,144288,216432,72146,1442886
2026-04,CUS-0187,1010020,144288,216432,72146,1442886
2026-04,CUS-0188,1010020,144288,216432,72146,1442886
2026-04,CUS-0189,1010020,144288,216432,72146,1442886
2026-04,CUS-0190,1010020,144288,216432,72146,1442886
2026-04,CUS-0191,1010020,144288,216432,72146,1442886
2026-04,CUS-0192,1010020,144288,216432,72146,1442886
2026-04,CUS-0193,1010020,144288,216432,72146,1442886
2026-04,CUS-0194,1010020,144288,216432,72146,1442886
2026-04,CUS-0195,1010020,144288,216432,72146,1442886
2026-04,CUS-0196,1010020,144288,216432,72146,1442886
2026-04,CUS-0197,1010020,144288,216432,72146,1442886
2026-04,CUS-0198,1010020,144288,216432,72146,1442886
2026-04,CUS-0199,1010020,144288,216432,72146,1442886
2026-04,CUS-0200,1010020,144288,216432,72146,1442886
2026-04,CUS-0201,1010020,144288,216432,72146,1442886
2026-04,CUS-0202,1010020,144288,216432,72146,1442886
2026-04,CUS-0203,1010020,144288,216432,72146,1442886
2026-04,CUS-0204,1010020,144288,216432,72146,1442886
2026-04,CUS-0205,1010020,144288,216432,72146,1442886
2026-04,CUS-0206,1010020,144288,216432,72146,1442886
2026-04,CUS-0207,1010020,144288,216432,72146,1442886
2026-04,CUS-0208,1010020,144288,216432,72146,1442886
2026-04,CUS-0209,1010020,144288,216432,72146,1442886
2026-04,CUS-0210,1010020,144288,216432,72146,1442886
2026-04,CUS-0211,1010020,144288,216432,72146,1442886
2026-04,CUS-0212,1010020,144288,216432,72146,1442886
2026-04,CUS-0213,1010020,144288,216432,72146,1442886
2026-04,CUS-0214,1010020,144288,216432,72146,1442886
2026-04,CUS-0215,1010020,144288,216432,72146,1442886
2026-04,CUS-0216,1010020,144288,216432,72146,1442886
2026-04,CUS-0217,1010020,144288,216432,72146,1442886
2026-04,CUS-0218,1010020,144288,216432,72146,1442886
2026-04,CUS-0219,1010020,144288,216432,72146,1442886
2026-04,CUS-0220,1010020,144288,216432,72146,1442886
2026-04,CUS-0221,1010020,144288,216432,72146,1442886
2026-04,CUS-0222,1010020,144288,216432,72146,1442886
2026-04,CUS-0223,1010020,144288,216432,72146,1442886
2026-04,CUS-0224,1010020,144288,216432,72146,1442886
2026-04,CUS-0225,1010020,144288,216432,72146,1442886
2026-04,CUS-0226,1010020,144288,216432,72146,1442886
2026-04,CUS-0227,1010020,144288,216432,72146,1442886
2026-04,CUS-0228,1010020,144288,216432,72146,1442886
2026-04,CUS-0229,1010020,144288,216432,72146,1442886
2026-04,CUS-0230,1010020,144288,216432,72146,1442886
2026-04,CUS-0231,1010020,144288,216432,72146,1442886
2026-04,CUS-0232,1010020,144288,216432,72146,1442886
2026-04,CUS-0233,1010020,144288,216432,72146,1442886
2026-04,CUS-0234,1010020,144288,216432,72146,1442886
2026-04,CUS-0235,1010020,144288,216432,72146,1442886
2026-04,CUS-0236,1010020,144288,216432,72146,1442886
2026-04,CUS-0237,1010020,144288,216432,72146,1442886
2026-04,CUS-0238,1010020,144288,216432,72146,1442886
2026-04,CUS-0239,1010020,144288,216432,72146,1442886
2026-04,CUS-0240,1010020,144288,216432,72146,1442886
2026-04,CUS-0241,1010020,144288,216432,72146,1442886
2026-04,CUS-0242,1010020,144288,216432,72146,1442886
2026-04,CUS-0243,1010020,144288,216432,72146,1442886
2026-04,CUS-0244,1010020,144288,216432,72146,1442886
2026-04,CUS-0245,1010020,144288,216432,72146,1442886
2026-04,CUS-0246,1010020,144288,216432,72146,1442886
2026-04,CUS-0247,1010020,144288,216432,72146,1442886
2026-04,CUS-0248,1010020,144288,216432,72146,1442886
2026-04,CUS-0249,1010020,144288,216432,72146,1442886
2026-04,CUS-0250,1010020,144288,216432,72146,1442886
2026-04,CUS-0251,1010020,144288,216432,72146,1442886
2026-04,CUS-0252,1010020,144288,216432,72146,1442886
2026-04,CUS-0253,1010020,144288,216432,72146,1442886
2026-04,CUS-0254,1010020,144288,216432,72146,1442886
2026-04,CUS-0255,1010020,144288,216432,72146,1442886
2026-04,CUS-0256,1010020,144288,216432,72146,1442886
2026-04,CUS-0257,1010020,144288,216432,72146,1442886
2026-04,CUS-0258,1010020,144288,216432,72146,1442886
2026-04,CUS-0259,1010020,144288,216432,72146,1442886
2026-04,CUS-0260,1010020,144288,216432,72146,1442886
2026-04,CUS-0261,1010020,144288,216432,72146,1442886
2026-04,CUS-0262,1010020,144288,216432,72146,1442886
2026-04,CUS-0263,1010020,144288,216432,72146,1442886
2026-04,CUS-0264,1010020,144288,216432,72146,1442886
2026-04,CUS-0265,1010020,144288,216432,72146,1442886
2026-04,CUS-0266,1010020,144288,216432,72146,1442886
2026-04,CUS-0267,1010020,144288,216432,72146,1442886
2026-04,CUS-0268,1010020,144288,216432,72146,1442886
2026-04,CUS-0269,1010020,144288,216432,72146,1442886
2026-04,CUS-0270,1010020,144288,216432,72146,1442886
2026-04,CUS-0271,1010020,144288,216432,72146,1442886
2026-04,CUS-0272,1010020,144288,216432,72146,1442886
2026-04,CUS-0273,1010020,144288,216432,72146,1442886
2026-04,CUS-0274,1010020,144288,216432,72146,1442886
2026-04,CUS-0275,1010020,144288,216432,72146,1442886
2026-04,CUS-0276,1010020,144288,216432,72146,1442886
2026-04,CUS-0277,1010020,144288,216432,72146,1442886
2026-04,CUS-0278,1010020,144288,216432,72146,1442886
2026-04,CUS-0279,1010020,144288,216432,72146,1442886
2026-04,CUS-0280,1010020,144288,216432,72146,1442886
2026-04,CUS-0281,1010020,144288,216432,72146,1442886
2026-04,CUS-0282,1010020,144288,216432,72146,1442886
2026-04,CUS-0283,1010020,144288,216432,72146,1442886
2026-04,CUS-0284,1010020,144288,216432,72146,1442886
2026-04,CUS-0285,1010020,144288,216432,72146,1442886
2026-04,CUS-0286,1010020,144288,216432,72146,1442886
2026-04,CUS-0287,1010020,144288,216432,72146,1442886
2026-04,CUS-0288,1010020,144288,216432,72146,1442886
2026-04,CUS-0289,1010020,144288,216432,72146,1442886
2026-04,CUS-0290,1010020,144288,216432,72146,1442886
2026-04,CUS-0291,1010020,144288,216432,72146,1442886
2026-04,CUS-0292,1010020,144288,216432,72146,1442886
2026-04,CUS-0293,1010020,144288,216432,72146,1442886
2026-04,CUS-0294,1010020,144288,216432,72146,1442886
2026-04,CUS-0295,1010020,144288,216432,72146,1442886
2026-04,CUS-0296,1010020,144288,216432,72146,1442886
2026-04,CUS-0297,1010020,144288,216432,72146,1442886
2026-04,CUS-0298,1010020,144288,216432,72146,1442886
2026-04,CUS-0299,1010020,144288,216432,72146,1442886
2026-04,CUS-0300,1010020,144288,216432,72146,1442886
2026-04,CUS-0301,1010020,144288,216432,72146,1442886
2026-04,CUS-0302,1010020,144288,216432,72146,1442886
2026-04,CUS-0303,1010020,144288,216432,72146,1442886
2026-04,CUS-0304,1010020,144288,216432,72146,1442886
2026-04,CUS-0305,1010020,144288,216432,72146,1442886
2026-04,CUS-0306,1010020,144288,216432,72146,1442886
2026-04,CUS-0307,1010020,144288,216432,72146,1442886
2026-04,CUS-0308,1010020,144288,216432,72146,1442886
2026-04,CUS-0309,1010020,144288,216432,72146,1442886
2026-04,CUS-0310,1010020,144288,216432,72146,1442886
2026-04,CUS-0311,1010019,144288,216432,72146,1442885
2026-04,CUS-0312,1010019,144288,216432,72146,1442885
2026-04,CUS-0313,1010019,144288,216432,72146,1442885
2026-04,CUS-0314,1010019,144288,216432,72146,1442885
2026-04,CUS-0315,1010019,144288,216432,72146,1442885
2026-04,CUS-0316,1010019,144288,216432,72146,1442885
2026-04,CUS-0317,1010019,144288,216432,72146,1442885
2026-04,CUS-0318,1010019,144288,216432,72146,1442885
2026-04,CUS-0319,1010019,144288,216432,72146,1442885
2026-04,CUS-0320,1010019,144288,216432,72146,1442885
2026-04,CUS-0321,1010019,144288,216432,72146,1442885
2026-04,CUS-0322,1010019,144288,216432,72146,1442885
2026-04,CUS-0323,1010019,144288,216432,72146,1442885
2026-04,CUS-0324,1010019,144288,216432,72146,1442885
2026-04,CUS-0325,1010019,144288,216432,72146,1442885
2026-04,CUS-0326,1010019,144288,216432,72146,1442885
2026-04,CUS-0327,1010019,144288,216432,72146,1442885
2026-04,CUS-0328,1010019,144288,216432,72146,1442885
2026-04,CUS-0329,1010019,144288,216432,72146,1442885
2026-04,CUS-0330,1010019,144288,216432,72146,1442885
2026-04,CUS-0331,1010019,144288,216432,72146,1442885
2026-04,CUS-0332,1010019,144288,216432,72146,1442885
2026-04,CUS-0333,1010019,144288,216432,72146,1442885
2026-04,CUS-0334,1010019,144288,216432,72146,1442885
2026-04,CUS-0335,1010019,144288,216432,72146,1442885
2026-04,CUS-0336,1010019,144288,216432,72146,1442885
2026-04,CUS-0337,1010019,144288,216432,72146,1442885
2026-04,CUS-0338,1010019,144288,216432,72146,1442885
2026-04,CUS-0339,1010019,144288,216432,72146,1442885
2026-04,CUS-0340,1010019,144288,216432,72146,1442885
2026-04,CUS-0341,1010019,144288,216432,72146,1442885
2026-04,CUS-0342,1010019,144288,216432,72146,1442885
2026-04,CUS-0343,1010019,144288,216432,72146,1442885
2026-04,CUS-0344,1010019,144288,216432,72146,1442885
2026-04,CUS-0345,1010019,144288,216432,72146,1442885
2026-04,CUS-0346,1010019,144288,216432,72146,1442885
2026-04,CUS-0347,1010019,144288,216432,72146,1442885
2026-04,CUS-0348,1010019,144288,216432,72146,1442885
2026-04,CUS-0349,1010019,144288,216432,72146,1442885
2026-04,CUS-0350,1010019,144288,216432,72146,1442885
2026-04,CUS-0351,1010019,144288,216432,72146,1442885
2026-04,CUS-0352,1010019,144288,216432,72146,1442885
2026-04,CUS-0353,1010019,144288,216432,72146,1442885
2026-04,CUS-0354,1010019,144288,216432,72146,1442885
2026-04,CUS-0355,1010019,144288,216432,72146,1442885
2026-04,CUS-0356,1010019,144288,216432,72146,1442885
2026-04,CUS-0357,1010019,144288,216432,72146,1442885
2026-04,CUS-0358,1010019,144288,216432,72146,1442885
2026-04,CUS-0359,1010019,144288,216432,72146,1442885
2026-04,CUS-0360,1010019,144288,216432,72146,1442885
2026-04,CUS-0361,1010019,144288,216432,72146,1442885
2026-04,CUS-0362,1010019,144288,216432,72146,1442885
2026-04,CUS-0363,1010019,144288,216432,72146,1442885
2026-04,CUS-0364,1010019,144288,216432,72146,1442885
2026-04,CUS-0365,1010019,144288,216432,72146,1442885
2026-04,CUS-0366,1010019,144288,216432,72146,1442885
2026-04,CUS-0367,1010019,144288,216432,72146,1442885
2026-04,CUS-0368,1010019,144288,216432,72146,1442885
2026-04,CUS-0369,1010019,144288,216432,72146,1442885
2026-04,CUS-0370,1010019,144288,216432,72146,1442885
2026-04,CUS-0371,1010019,144288,216432,72146,1442885
2026-04,CUS-0372,1010019,144288,216432,72146,1442885
2026-04,CUS-0373,1010019,144288,216432,72146,1442885
2026-04,CUS-0374,1010019,144288,216432,72146,1442885
2026-04,CUS-0375,1010019,144288,216432,72146,1442885
2026-04,CUS-0376,1010019,144288,216432,72146,1442885
2026-04,CUS-0377,1010019,144288,216432,72146,1442885
2026-04,CUS-0378,1010019,144288,216432,72146,1442885
2026-04,CUS-0379,1010019,144288,216432,72146,1442885
2026-04,CUS-0380,1010019,144288,216432,72146,1442885
2026-04,CUS-0381,1010019,144288,216432,72146,1442885
2026-04,CUS-0382,1010019,144288,216432,72146,1442885
2026-04,CUS-0383,1010019,144288,216432,72146,1442885
2026-04,CUS-0384,1010019,144288,216432,72146,1442885
2026-04,CUS-0385,1010019,144288,216432,72146,1442885
2026-04,CUS-0386,1010019,144288,216432,72146,1442885
2026-04,CUS-0387,1010019,144288,216432,72146,1442885
2026-04,CUS-0388,1010019,144288,216432,72146,1442885
2026-04,CUS-0389,1010019,144288,216432,72146,1442885
2026-04,CUS-0390,1010019,144288,216432,72146,1442885
2026-04,CUS-0391,1010019,144288,216432,72146,1442885
2026-04,CUS-0392,1010019,144288,216432,72146,1442885
2026-04,CUS-0393,1010019,144288,216432,72146,1442885
2026-04,CUS-0394,1010019,144288,216432,72146,1442885
2026-04,CUS-0395,1010019,144288,216432,72146,1442885
2026-04,CUS-0396,1010019,144288,216432,72146,1442885
2026-04,CUS-0397,1010019,144288,216432,72146,1442885
2026-04,CUS-0398,1010019,144288,216432,72146,1442885
2026-04,CUS-0399,1010019,144288,216432,72146,1442885
2026-04,CUS-0400,1010019,144288,216432,72146,1442885
2026-04,CUS-0401,1010019,144288,216432,72146,1442885
2026-04,CUS-0402,1010019,144288,216432,72146,1442885
2026-04,CUS-0403,1010019,144288,216432,72146,1442885
2026-04,CUS-0404,1010019,144288,216432,72146,1442885
2026-04,CUS-0405,1010019,144288,216432,72146,1442885
2026-04,CUS-0406,1010019,144288,216432,72146,1442885
2026-04,CUS-0407,1010019,144288,216432,72146,1442885
2026-04,CUS-0408,1010019,144288,216432,72146,1442885
2026-04,CUS-0409,1010019,144288,216432,72146,1442885
2026-04,CUS-0410,1010019,144288,216432,72146,1442885
2026-04,CUS-0411,1010019,144288,216432,72146,1442885
2026-04,CUS-0412,1010019,144288,216432,72146,1442885
2026-04,CUS-0413,1010019,144288,216432,72146,1442885
2026-04,CUS-0414,1010019,144288,216432,72146,1442885
2026-04,CUS-0415,1010019,144288,216432,72146,1442885
2026-04,CUS-0416,1010019,144288,216432,72146,1442885
2026-04,CUS-0417,1010019,144288,216432,72146,1442885
2026-04,CUS-0418,1010019,144288,216432,72146,1442885
2026-04,CUS-0419,1010019,144288,216432,72146,1442885
2026-04,CUS-0420,1010019,144288,216432,72146,1442885
2026-04,CUS-0421,1010019,144288,216432,72146,1442885
2026-04,CUS-0422,1010019,144288,216432,72146,1442885
2026-04,CUS-0423,1010019,144288,216432,72146,1442885
2026-04,CUS-0424,1010019,144288,216432,72146,1442885
2026-04,CUS-0425,1010019,144288,216432,72146,1442885
2026-04,CUS-0426,1010019,144288,216432,72146,1442885
2026-04,CUS-0427,1010019,144288,216432,72146,1442885
2026-04,CUS-0428,1010019,144288,216432,72146,1442885
2026-04,CUS-0429,1010019,144288,216432,72146,1442885
2026-04,CUS-0430,1010019,144288,216432,72146,1442885
2026-04,CUS-0431,1010019,144288,216432,72146,1442885
2026-04,CUS-0432,1010019,144288,216432,72146,1442885
2026-04,CUS-0433,1010019,144288,216432,72146,1442885
2026-04,CUS-0434,1010019,144288,216432,72146,1442885
2026-04,CUS-0435,1010019,144288,216432,72146,1442885
2026-04,CUS-0436,1010019,144288,216432,72146,1442885
2026-04,CUS-0437,1010019,144288,216432,72146,1442885
2026-04,CUS-0438,1010019,144288,216432,72146,1442885
2026-04,CUS-0439,1010019,144288,216432,72146,1442885
2026-04,CUS-0440,1010019,144288,216432,72146,1442885
2026-04,CUS-0441,1010019,144288,216432,72146,1442885
2026-04,CUS-0442,1010019,144288,216432,72146,1442885
2026-04,CUS-0443,1010019,144288,216432,72146,1442885
2026-04,CUS-0444,1010019,144288,216432,72146,1442885
2026-04,CUS-0445,1010019,144288,216432,72146,1442885
2026-04,CUS-0446,1010019,144288,216432,72146,1442885
2026-04,CUS-0447,1010019,144288,216432,72146,1442885
2026-04,CUS-0448,1010019,144288,216432,72146,1442885
2026-04,CUS-0449,1010019,144288,216432,72146,1442885
2026-04,CUS-0450,1010019,144288,216432,72146,1442885
2026-04,CUS-0451,1010019,144288,216432,72146,1442885
2026-04,CUS-0452,1010019,144288,216432,72146,1442885
2026-04,CUS-0453,1010019,144288,216432,72146,1442885
2026-04,CUS-0454,1010019,144288,216432,72146,1442885
2026-04,CUS-0455,1010019,144288,216432,72146,1442885
2026-04,CUS-0456,1010019,144288,216432,72146,1442885
2026-04,CUS-0457,1010019,144288,216432,72146,1442885
2026-04,CUS-0458,1010019,144288,216432,72146,1442885
2026-04,CUS-0459,1010019,144288,216432,72146,1442885
2026-04,CUS-0460,1010019,144288,216432,72146,1442885
2026-04,CUS-0461,1010019,144288,216432,72146,1442885
2026-04,CUS-0462,1010019,144288,216432,72146,1442885
2026-04,CUS-0463,1010019,144288,216432,72146,1442885
2026-04,CUS-0464,1010019,144288,216432,72146,1442885
2026-04,CUS-0465,1010019,144288,216432,72146,1442885
2026-04,CUS-0466,1010019,144288,216432,72146,1442885
2026-04,CUS-0467,1010019,144288,216432,72146,1442885
2026-04,CUS-0468,1010019,144288,216432,72146,1442885
2026-04,CUS-0469,1010019,144288,216432,72146,1442885
2026-04,CUS-0470,1010019,144288,216432,72146,1442885
2026-04,CUS-0471,1010019,144288,216432,72146,1442885
2026-04,CUS-0472,1010019,144288,216432,72146,1442885
2026-04,CUS-0473,1010019,144288,216432,72146,1442885
2026-04,CUS-0474,1010019,144288,216432,72146,1442885
2026-04,CUS-0475,1010019,144288,216432,72146,1442885
2026-04,CUS-0476,1010019,144288,216432,72146,1442885
2026-04,CUS-0477,1010019,144288,216432,72146,1442885
2026-04,CUS-0478,1010019,144288,216432,72146,1442885
2026-04,CUS-0479,1010019,144288,216432,72146,1442885
2026-04,CUS-0480,1010019,144288,216432,72146,1442885
2026-04,CUS-0481,1010019,144288,216432,72146,1442885
2026-04,CUS-0482,1010019,144288,216432,72146,1442885
2026-04,CUS-0483,1010019,144288,216432,72146,1442885
2026-04,CUS-0484,1010019,144288,216432,72146,1442885
2026-04,CUS-0485,1010019,144288,216432,72146,1442885
2026-04,CUS-0486,1010019,144288,216432,72146,1442885
2026-04,CUS-0487,1010019,144288,216432,72146,1442885
2026-04,CUS-0488,1010019,144288,216432,72146,1442885
2026-04,CUS-0489,1010019,144288,216432,72146,1442885
2026-04,CUS-0490,1010019,144288,216432,72146,1442885
2026-04,CUS-0491,1010019,144288,216432,72146,1442885
2026-04,CUS-0492,1010019,144288,216432,72146,1442885
2026-04,CUS-0493,1010019,144288,216432,72146,1442885
2026-04,CUS-0494,1010019,144288,216432,72146,1442885
2026-04,CUS-0495,1010019,144288,216432,72146,1442885
2026-04,CUS-0496,1010019,144288,216432,72146,1442885
2026-04,CUS-0497,1010019,144288,216432,72146,1442885
2026-04,CUS-0498,1010019,144288,216432,72146,1442885
2026-04,CUS-0499,1010019,144288,216432,72146,1442885
2026-04,CUS-0500,1010019,144288,216432,72146,1442885
2026-05,CUS-0001,231000000,33000000,49500000,16500000,330000000
2026-05,CUS-0002,1010020,144288,216432,72146,1442886
2026-05,CUS-0003,1010020,144288,216432,72146,1442886
2026-05,CUS-0004,1010020,144288,216432,72146,1442886
2026-05,CUS-0005,1010020,144288,216432,72146,1442886
2026-05,CUS-0006,1010020,144288,216432,72146,1442886
2026-05,CUS-0007,1010020,144288,216432,72146,1442886
2026-05,CUS-0008,1010020,144288,216432,72146,1442886
2026-05,CUS-0009,1010020,144288,216432,72146,1442886
2026-05,CUS-0010,1010020,144288,216432,72146,1442886
2026-05,CUS-0011,1010020,144288,216432,72146,1442886
2026-05,CUS-0012,1010020,144288,216432,72146,1442886
2026-05,CUS-0013,1010020,144288,216432,72146,1442886
2026-05,CUS-0014,1010020,144288,216432,72146,1442886
2026-05,CUS-0015,1010020,144288,216432,72146,1442886
2026-05,CUS-0016,1010020,144288,216432,72146,1442886
2026-05,CUS-0017,1010020,144288,216432,72146,1442886
2026-05,CUS-0018,1010020,144288,216432,72146,1442886
2026-05,CUS-0019,1010020,144288,216432,72146,1442886
2026-05,CUS-0020,1010020,144288,216432,72146,1442886
2026-05,CUS-0021,1010020,144288,216432,72146,1442886
2026-05,CUS-0022,1010020,144288,216432,72146,1442886
2026-05,CUS-0023,1010020,144288,216432,72146,1442886
2026-05,CUS-0024,1010020,144288,216432,72146,1442886
2026-05,CUS-0025,1010020,144288,216432,72146,1442886
2026-05,CUS-0026,1010020,144288,216432,72146,1442886
2026-05,CUS-0027,1010020,144288,216432,72146,1442886
2026-05,CUS-0028,1010020,144288,216432,72146,1442886
2026-05,CUS-0029,1010020,144288,216432,72146,1442886
2026-05,CUS-0030,1010020,144288,216432,72146,1442886
2026-05,CUS-0031,1010020,144288,216432,72146,1442886
2026-05,CUS-0032,1010020,144288,216432,72146,1442886
2026-05,CUS-0033,1010020,144288,216432,72146,1442886
2026-05,CUS-0034,1010020,144288,216432,72146,1442886
2026-05,CUS-0035,1010020,144288,216432,72146,1442886
2026-05,CUS-0036,1010020,144288,216432,72146,1442886
2026-05,CUS-0037,1010020,144288,216432,72146,1442886
2026-05,CUS-0038,1010020,144288,216432,72146,1442886
2026-05,CUS-0039,1010020,144288,216432,72146,1442886
2026-05,CUS-0040,1010020,144288,216432,72146,1442886
2026-05,CUS-0041,1010020,144288,216432,72146,1442886
2026-05,CUS-0042,1010020,144288,216432,72146,1442886
2026-05,CUS-0043,1010020,144288,216432,72146,1442886
2026-05,CUS-0044,1010020,144288,216432,72146,1442886
2026-05,CUS-0045,1010020,144288,216432,72146,1442886
2026-05,CUS-0046,1010020,144288,216432,72146,1442886
2026-05,CUS-0047,1010020,144288,216432,72146,1442886
2026-05,CUS-0048,1010020,144288,216432,72146,1442886
2026-05,CUS-0049,1010020,144288,216432,72146,1442886
2026-05,CUS-0050,1010020,144288,216432,72146,1442886
2026-05,CUS-0051,1010020,144288,216432,72146,1442886
2026-05,CUS-0052,1010020,144288,216432,72146,1442886
2026-05,CUS-0053,1010020,144288,216432,72146,1442886
2026-05,CUS-0054,1010020,144288,216432,72146,1442886
2026-05,CUS-0055,1010020,144288,216432,72146,1442886
2026-05,CUS-0056,1010020,144288,216432,72146,1442886
2026-05,CUS-0057,1010020,144288,216432,72146,1442886
2026-05,CUS-0058,1010020,144288,216432,72146,1442886
2026-05,CUS-0059,1010020,144288,216432,72146,1442886
2026-05,CUS-0060,1010020,144288,216432,72146,1442886
2026-05,CUS-0061,1010020,144288,216432,72146,1442886
2026-05,CUS-0062,1010020,144288,216432,72146,1442886
2026-05,CUS-0063,1010020,144288,216432,72146,1442886
2026-05,CUS-0064,1010020,144288,216432,72146,1442886
2026-05,CUS-0065,1010020,144288,216432,72146,1442886
2026-05,CUS-0066,1010020,144288,216432,72146,1442886
2026-05,CUS-0067,1010020,144288,216432,72146,1442886
2026-05,CUS-0068,1010020,144288,216432,72146,1442886
2026-05,CUS-0069,1010020,144288,216432,72146,1442886
2026-05,CUS-0070,1010020,144288,216432,72146,1442886
2026-05,CUS-0071,1010020,144288,216432,72146,1442886
2026-05,CUS-0072,1010020,144288,216432,72146,1442886
2026-05,CUS-0073,1010020,144288,216432,72146,1442886
2026-05,CUS-0074,1010020,144288,216432,72146,1442886
2026-05,CUS-0075,1010020,144288,216432,72146,1442886
2026-05,CUS-0076,1010020,144288,216432,72146,1442886
2026-05,CUS-0077,1010020,144288,216432,72146,1442886
2026-05,CUS-0078,1010020,144288,216432,72146,1442886
2026-05,CUS-0079,1010020,144288,216432,72146,1442886
2026-05,CUS-0080,1010020,144288,216432,72146,1442886
2026-05,CUS-0081,1010020,144288,216432,72146,1442886
2026-05,CUS-0082,1010020,144288,216432,72146,1442886
2026-05,CUS-0083,1010020,144288,216432,72146,1442886
2026-05,CUS-0084,1010020,144288,216432,72146,1442886
2026-05,CUS-0085,1010020,144288,216432,72146,1442886
2026-05,CUS-0086,1010020,144288,216432,72146,1442886
2026-05,CUS-0087,1010020,144288,216432,72146,1442886
2026-05,CUS-0088,1010020,144288,216432,72146,1442886
2026-05,CUS-0089,1010020,144288,216432,72146,1442886
2026-05,CUS-0090,1010020,144288,216432,72146,1442886
2026-05,CUS-0091,1010020,144288,216432,72146,1442886
2026-05,CUS-0092,1010020,144288,216432,72146,1442886
2026-05,CUS-0093,1010020,144288,216432,72146,1442886
2026-05,CUS-0094,1010020,144288,216432,72146,1442886
2026-05,CUS-0095,1010020,144288,216432,72146,1442886
2026-05,CUS-0096,1010020,144288,216432,72146,1442886
2026-05,CUS-0097,1010020,144288,216432,72146,1442886
2026-05,CUS-0098,1010020,144288,216432,72146,1442886
2026-05,CUS-0099,1010020,144288,216432,72146,1442886
2026-05,CUS-0100,1010020,144288,216432,72146,1442886
2026-05,CUS-0101,1010020,144288,216432,72146,1442886
2026-05,CUS-0102,1010020,144288,216432,72146,1442886
2026-05,CUS-0103,1010020,144288,216432,72146,1442886
2026-05,CUS-0104,1010020,144288,216432,72146,1442886
2026-05,CUS-0105,1010020,144288,216432,72146,1442886
2026-05,CUS-0106,1010020,144288,216432,72146,1442886
2026-05,CUS-0107,1010020,144288,216432,72146,1442886
2026-05,CUS-0108,1010020,144288,216432,72146,1442886
2026-05,CUS-0109,1010020,144288,216432,72146,1442886
2026-05,CUS-0110,1010020,144288,216432,72146,1442886
2026-05,CUS-0111,1010020,144288,216432,72146,1442886
2026-05,CUS-0112,1010020,144288,216432,72146,1442886
2026-05,CUS-0113,1010020,144288,216432,72146,1442886
2026-05,CUS-0114,1010020,144288,216432,72146,1442886
2026-05,CUS-0115,1010020,144288,216432,72146,1442886
2026-05,CUS-0116,1010020,144288,216432,72146,1442886
2026-05,CUS-0117,1010020,144288,216432,72146,1442886
2026-05,CUS-0118,1010020,144288,216432,72146,1442886
2026-05,CUS-0119,1010020,144288,216432,72146,1442886
2026-05,CUS-0120,1010020,144288,216432,72146,1442886
2026-05,CUS-0121,1010020,144288,216432,72146,1442886
2026-05,CUS-0122,1010020,144288,216432,72146,1442886
2026-05,CUS-0123,1010020,144288,216432,72146,1442886
2026-05,CUS-0124,1010020,144288,216432,72146,1442886
2026-05,CUS-0125,1010020,144288,216432,72146,1442886
2026-05,CUS-0126,1010020,144288,216432,72146,1442886
2026-05,CUS-0127,1010020,144288,216432,72146,1442886
2026-05,CUS-0128,1010020,144288,216432,72146,1442886
2026-05,CUS-0129,1010020,144288,216432,72146,1442886
2026-05,CUS-0130,1010020,144288,216432,72146,1442886
2026-05,CUS-0131,1010020,144288,216432,72146,1442886
2026-05,CUS-0132,1010020,144288,216432,72146,1442886
2026-05,CUS-0133,1010020,144288,216432,72146,1442886
2026-05,CUS-0134,1010020,144288,216432,72146,1442886
2026-05,CUS-0135,1010020,144288,216432,72146,1442886
2026-05,CUS-0136,1010020,144288,216432,72146,1442886
2026-05,CUS-0137,1010020,144288,216432,72146,1442886
2026-05,CUS-0138,1010020,144288,216432,72146,1442886
2026-05,CUS-0139,1010020,144288,216432,72146,1442886
2026-05,CUS-0140,1010020,144288,216432,72146,1442886
2026-05,CUS-0141,1010020,144288,216432,72146,1442886
2026-05,CUS-0142,1010020,144288,216432,72146,1442886
2026-05,CUS-0143,1010020,144288,216432,72146,1442886
2026-05,CUS-0144,1010020,144288,216432,72146,1442886
2026-05,CUS-0145,1010020,144288,216432,72146,1442886
2026-05,CUS-0146,1010020,144288,216432,72146,1442886
2026-05,CUS-0147,1010020,144288,216432,72146,1442886
2026-05,CUS-0148,1010020,144288,216432,72146,1442886
2026-05,CUS-0149,1010020,144288,216432,72146,1442886
2026-05,CUS-0150,1010020,144288,216432,72146,1442886
2026-05,CUS-0151,1010020,144288,216432,72146,1442886
2026-05,CUS-0152,1010020,144288,216432,72146,1442886
2026-05,CUS-0153,1010020,144288,216432,72146,1442886
2026-05,CUS-0154,1010020,144288,216432,72146,1442886
2026-05,CUS-0155,1010020,144288,216432,72146,1442886
2026-05,CUS-0156,1010020,144288,216432,72146,1442886
2026-05,CUS-0157,1010020,144288,216432,72146,1442886
2026-05,CUS-0158,1010020,144288,216432,72146,1442886
2026-05,CUS-0159,1010020,144288,216432,72146,1442886
2026-05,CUS-0160,1010020,144288,216432,72146,1442886
2026-05,CUS-0161,1010020,144288,216432,72146,1442886
2026-05,CUS-0162,1010020,144288,216432,72146,1442886
2026-05,CUS-0163,1010020,144288,216432,72146,1442886
2026-05,CUS-0164,1010020,144288,216432,72146,1442886
2026-05,CUS-0165,1010020,144288,216432,72146,1442886
2026-05,CUS-0166,1010020,144288,216432,72146,1442886
2026-05,CUS-0167,1010020,144288,216432,72146,1442886
2026-05,CUS-0168,1010020,144288,216432,72146,1442886
2026-05,CUS-0169,1010020,144288,216432,72146,1442886
2026-05,CUS-0170,1010020,144288,216432,72146,1442886
2026-05,CUS-0171,1010020,144288,216432,72146,1442886
2026-05,CUS-0172,1010020,144288,216432,72146,1442886
2026-05,CUS-0173,1010020,144288,216432,72146,1442886
2026-05,CUS-0174,1010020,144288,216432,72146,1442886
2026-05,CUS-0175,1010020,144288,216432,72146,1442886
2026-05,CUS-0176,1010020,144288,216432,72146,1442886
2026-05,CUS-0177,1010020,144288,216432,72146,1442886
2026-05,CUS-0178,1010020,144288,216432,72146,1442886
2026-05,CUS-0179,1010020,144288,216432,72146,1442886
2026-05,CUS-0180,1010020,144288,216432,72146,1442886
2026-05,CUS-0181,1010020,144288,216432,72146,1442886
2026-05,CUS-0182,1010020,144288,216432,72146,1442886
2026-05,CUS-0183,1010020,144288,216432,72146,1442886
2026-05,CUS-0184,1010020,144288,216432,72146,1442886
2026-05,CUS-0185,1010020,144288,216432,72146,1442886
2026-05,CUS-0186,1010020,144288,216432,72146,1442886
2026-05,CUS-0187,1010020,144288,216432,72146,1442886
2026-05,CUS-0188,1010020,144288,216432,72146,1442886
2026-05,CUS-0189,1010020,144288,216432,72146,1442886
2026-05,CUS-0190,1010020,144288,216432,72146,1442886
2026-05,CUS-0191,1010020,144288,216432,72146,1442886
2026-05,CUS-0192,1010020,144288,216432,72146,1442886
2026-05,CUS-0193,1010020,144288,216432,72146,1442886
2026-05,CUS-0194,1010020,144288,216432,72146,1442886
2026-05,CUS-0195,1010020,144288,216432,72146,1442886
2026-05,CUS-0196,1010020,144288,216432,72146,1442886
2026-05,CUS-0197,1010020,144288,216432,72146,1442886
2026-05,CUS-0198,1010020,144288,216432,72146,1442886
2026-05,CUS-0199,1010020,144288,216432,72146,1442886
2026-05,CUS-0200,1010020,144288,216432,72146,1442886
2026-05,CUS-0201,1010020,144288,216432,72146,1442886
2026-05,CUS-0202,1010020,144288,216432,72146,1442886
2026-05,CUS-0203,1010020,144288,216432,72146,1442886
2026-05,CUS-0204,1010020,144288,216432,72146,1442886
2026-05,CUS-0205,1010020,144288,216432,72146,1442886
2026-05,CUS-0206,1010020,144288,216432,72146,1442886
2026-05,CUS-0207,1010020,144288,216432,72146,1442886
2026-05,CUS-0208,1010020,144288,216432,72146,1442886
2026-05,CUS-0209,1010020,144288,216432,72146,1442886
2026-05,CUS-0210,1010020,144288,216432,72146,1442886
2026-05,CUS-0211,1010020,144288,216432,72146,1442886
2026-05,CUS-0212,1010020,144288,216432,72146,1442886
2026-05,CUS-0213,1010020,144288,216432,72146,1442886
2026-05,CUS-0214,1010020,144288,216432,72146,1442886
2026-05,CUS-0215,1010020,144288,216432,72146,1442886
2026-05,CUS-0216,1010020,144288,216432,72146,1442886
2026-05,CUS-0217,1010020,144288,216432,72146,1442886
2026-05,CUS-0218,1010020,144288,216432,72146,1442886
2026-05,CUS-0219,1010020,144288,216432,72146,1442886
2026-05,CUS-0220,1010020,144288,216432,72146,1442886
2026-05,CUS-0221,1010020,144288,216432,72146,1442886
2026-05,CUS-0222,1010020,144288,216432,72146,1442886
2026-05,CUS-0223,1010020,144288,216432,72146,1442886
2026-05,CUS-0224,1010020,144288,216432,72146,1442886
2026-05,CUS-0225,1010020,144288,216432,72146,1442886
2026-05,CUS-0226,1010020,144288,216432,72146,1442886
2026-05,CUS-0227,1010020,144288,216432,72146,1442886
2026-05,CUS-0228,1010020,144288,216432,72146,1442886
2026-05,CUS-0229,1010020,144288,216432,72146,1442886
2026-05,CUS-0230,1010020,144288,216432,72146,1442886
2026-05,CUS-0231,1010020,144288,216432,72146,1442886
2026-05,CUS-0232,1010020,144288,216432,72146,1442886
2026-05,CUS-0233,1010020,144288,216432,72146,1442886
2026-05,CUS-0234,1010020,144288,216432,72146,1442886
2026-05,CUS-0235,1010020,144288,216432,72146,1442886
2026-05,CUS-0236,1010020,144288,216432,72146,1442886
2026-05,CUS-0237,1010020,144288,216432,72146,1442886
2026-05,CUS-0238,1010020,144288,216432,72146,1442886
2026-05,CUS-0239,1010020,144288,216432,72146,1442886
2026-05,CUS-0240,1010020,144288,216432,72146,1442886
2026-05,CUS-0241,1010020,144288,216432,72146,1442886
2026-05,CUS-0242,1010020,144288,216432,72146,1442886
2026-05,CUS-0243,1010020,144288,216432,72146,1442886
2026-05,CUS-0244,1010020,144288,216432,72146,1442886
2026-05,CUS-0245,1010020,144288,216432,72146,1442886
2026-05,CUS-0246,1010020,144288,216432,72146,1442886
2026-05,CUS-0247,1010020,144288,216432,72146,1442886
2026-05,CUS-0248,1010020,144288,216432,72146,1442886
2026-05,CUS-0249,1010020,144288,216432,72146,1442886
2026-05,CUS-0250,1010020,144288,216432,72146,1442886
2026-05,CUS-0251,1010020,144288,216432,72146,1442886
2026-05,CUS-0252,1010020,144288,216432,72146,1442886
2026-05,CUS-0253,1010020,144288,216432,72146,1442886
2026-05,CUS-0254,1010020,144288,216432,72146,1442886
2026-05,CUS-0255,1010020,144288,216432,72146,1442886
2026-05,CUS-0256,1010020,144288,216432,72146,1442886
2026-05,CUS-0257,1010020,144288,216432,72146,1442886
2026-05,CUS-0258,1010020,144288,216432,72146,1442886
2026-05,CUS-0259,1010020,144288,216432,72146,1442886
2026-05,CUS-0260,1010020,144288,216432,72146,1442886
2026-05,CUS-0261,1010020,144288,216432,72146,1442886
2026-05,CUS-0262,1010020,144288,216432,72146,1442886
2026-05,CUS-0263,1010020,144288,216432,72146,1442886
2026-05,CUS-0264,1010020,144288,216432,72146,1442886
2026-05,CUS-0265,1010020,144288,216432,72146,1442886
2026-05,CUS-0266,1010020,144288,216432,72146,1442886
2026-05,CUS-0267,1010020,144288,216432,72146,1442886
2026-05,CUS-0268,1010020,144288,216432,72146,1442886
2026-05,CUS-0269,1010020,144288,216432,72146,1442886
2026-05,CUS-0270,1010020,144288,216432,72146,1442886
2026-05,CUS-0271,1010020,144288,216432,72146,1442886
2026-05,CUS-0272,1010020,144288,216432,72146,1442886
2026-05,CUS-0273,1010020,144288,216432,72146,1442886
2026-05,CUS-0274,1010020,144288,216432,72146,1442886
2026-05,CUS-0275,1010020,144288,216432,72146,1442886
2026-05,CUS-0276,1010020,144288,216432,72146,1442886
2026-05,CUS-0277,1010020,144288,216432,72146,1442886
2026-05,CUS-0278,1010020,144288,216432,72146,1442886
2026-05,CUS-0279,1010020,144288,216432,72146,1442886
2026-05,CUS-0280,1010020,144288,216432,72146,1442886
2026-05,CUS-0281,1010020,144288,216432,72146,1442886
2026-05,CUS-0282,1010020,144288,216432,72146,1442886
2026-05,CUS-0283,1010020,144288,216432,72146,1442886
2026-05,CUS-0284,1010020,144288,216432,72146,1442886
2026-05,CUS-0285,1010020,144288,216432,72146,1442886
2026-05,CUS-0286,1010020,144288,216432,72146,1442886
2026-05,CUS-0287,1010020,144288,216432,72146,1442886
2026-05,CUS-0288,1010020,144288,216432,72146,1442886
2026-05,CUS-0289,1010020,144288,216432,72146,1442886
2026-05,CUS-0290,1010020,144288,216432,72146,1442886
2026-05,CUS-0291,1010020,144288,216432,72146,1442886
2026-05,CUS-0292,1010020,144288,216432,72146,1442886
2026-05,CUS-0293,1010020,144288,216432,72146,1442886
2026-05,CUS-0294,1010020,144288,216432,72146,1442886
2026-05,CUS-0295,1010020,144288,216432,72146,1442886
2026-05,CUS-0296,1010020,144288,216432,72146,1442886
2026-05,CUS-0297,1010020,144288,216432,72146,1442886
2026-05,CUS-0298,1010020,144288,216432,72146,1442886
2026-05,CUS-0299,1010020,144288,216432,72146,1442886
2026-05,CUS-0300,1010020,144288,216432,72146,1442886
2026-05,CUS-0301,1010020,144288,216432,72146,1442886
2026-05,CUS-0302,1010020,144288,216432,72146,1442886
2026-05,CUS-0303,1010020,144288,216432,72146,1442886
2026-05,CUS-0304,1010020,144288,216432,72146,1442886
2026-05,CUS-0305,1010020,144288,216432,72146,1442886
2026-05,CUS-0306,1010020,144288,216432,72146,1442886
2026-05,CUS-0307,1010020,144288,216432,72146,1442886
2026-05,CUS-0308,1010020,144288,216432,72146,1442886
2026-05,CUS-0309,1010020,144288,216432,72146,1442886
2026-05,CUS-0310,1010020,144288,216432,72146,1442886
2026-05,CUS-0311,1010019,144288,216432,72146,1442885
2026-05,CUS-0312,1010019,144288,216432,72146,1442885
2026-05,CUS-0313,1010019,144288,216432,72146,1442885
2026-05,CUS-0314,1010019,144288,216432,72146,1442885
2026-05,CUS-0315,1010019,144288,216432,72146,1442885
2026-05,CUS-0316,1010019,144288,216432,72146,1442885
2026-05,CUS-0317,1010019,144288,216432,72146,1442885
2026-05,CUS-0318,1010019,144288,216432,72146,1442885
2026-05,CUS-0319,1010019,144288,216432,72146,1442885
2026-05,CUS-0320,1010019,144288,216432,72146,1442885
2026-05,CUS-0321,1010019,144288,216432,72146,1442885
2026-05,CUS-0322,1010019,144288,216432,72146,1442885
2026-05,CUS-0323,1010019,144288,216432,72146,1442885
2026-05,CUS-0324,1010019,144288,216432,72146,1442885
2026-05,CUS-0325,1010019,144288,216432,72146,1442885
2026-05,CUS-0326,1010019,144288,216432,72146,1442885
2026-05,CUS-0327,1010019,144288,216432,72146,1442885
2026-05,CUS-0328,1010019,144288,216432,72146,1442885
2026-05,CUS-0329,1010019,144288,216432,72146,1442885
2026-05,CUS-0330,1010019,144288,216432,72146,1442885
2026-05,CUS-0331,1010019,144288,216432,72146,1442885
2026-05,CUS-0332,1010019,144288,216432,72146,1442885
2026-05,CUS-0333,1010019,144288,216432,72146,1442885
2026-05,CUS-0334,1010019,144288,216432,72146,1442885
2026-05,CUS-0335,1010019,144288,216432,72146,1442885
2026-05,CUS-0336,1010019,144288,216432,72146,1442885
2026-05,CUS-0337,1010019,144288,216432,72146,1442885
2026-05,CUS-0338,1010019,144288,216432,72146,1442885
2026-05,CUS-0339,1010019,144288,216432,72146,1442885
2026-05,CUS-0340,1010019,144288,216432,72146,1442885
2026-05,CUS-0341,1010019,144288,216432,72146,1442885
2026-05,CUS-0342,1010019,144288,216432,72146,1442885
2026-05,CUS-0343,1010019,144288,216432,72146,1442885
2026-05,CUS-0344,1010019,144288,216432,72146,1442885
2026-05,CUS-0345,1010019,144288,216432,72146,1442885
2026-05,CUS-0346,1010019,144288,216432,72146,1442885
2026-05,CUS-0347,1010019,144288,216432,72146,1442885
2026-05,CUS-0348,1010019,144288,216432,72146,1442885
2026-05,CUS-0349,1010019,144288,216432,72146,1442885
2026-05,CUS-0350,1010019,144288,216432,72146,1442885
2026-05,CUS-0351,1010019,144288,216432,72146,1442885
2026-05,CUS-0352,1010019,144288,216432,72146,1442885
2026-05,CUS-0353,1010019,144288,216432,72146,1442885
2026-05,CUS-0354,1010019,144288,216432,72146,1442885
2026-05,CUS-0355,1010019,144288,216432,72146,1442885
2026-05,CUS-0356,1010019,144288,216432,72146,1442885
2026-05,CUS-0357,1010019,144288,216432,72146,1442885
2026-05,CUS-0358,1010019,144288,216432,72146,1442885
2026-05,CUS-0359,1010019,144288,216432,72146,1442885
2026-05,CUS-0360,1010019,144288,216432,72146,1442885
2026-05,CUS-0361,1010019,144288,216432,72146,1442885
2026-05,CUS-0362,1010019,144288,216432,72146,1442885
2026-05,CUS-0363,1010019,144288,216432,72146,1442885
2026-05,CUS-0364,1010019,144288,216432,72146,1442885
2026-05,CUS-0365,1010019,144288,216432,72146,1442885
2026-05,CUS-0366,1010019,144288,216432,72146,1442885
2026-05,CUS-0367,1010019,144288,216432,72146,1442885
2026-05,CUS-0368,1010019,144288,216432,72146,1442885
2026-05,CUS-0369,1010019,144288,216432,72146,1442885
2026-05,CUS-0370,1010019,144288,216432,72146,1442885
2026-05,CUS-0371,1010019,144288,216432,72146,1442885
2026-05,CUS-0372,1010019,144288,216432,72146,1442885
2026-05,CUS-0373,1010019,144288,216432,72146,1442885
2026-05,CUS-0374,1010019,144288,216432,72146,1442885
2026-05,CUS-0375,1010019,144288,216432,72146,1442885
2026-05,CUS-0376,1010019,144288,216432,72146,1442885
2026-05,CUS-0377,1010019,144288,216432,72146,1442885
2026-05,CUS-0378,1010019,144288,216432,72146,1442885
2026-05,CUS-0379,1010019,144288,216432,72146,1442885
2026-05,CUS-0380,1010019,144288,216432,72146,1442885
2026-05,CUS-0381,1010019,144288,216432,72146,1442885
2026-05,CUS-0382,1010019,144288,216432,72146,1442885
2026-05,CUS-0383,1010019,144288,216432,72146,1442885
2026-05,CUS-0384,1010019,144288,216432,72146,1442885
2026-05,CUS-0385,1010019,144288,216432,72146,1442885
2026-05,CUS-0386,1010019,144288,216432,72146,1442885
2026-05,CUS-0387,1010019,144288,216432,72146,1442885
2026-05,CUS-0388,1010019,144288,216432,72146,1442885
2026-05,CUS-0389,1010019,144288,216432,72146,1442885
2026-05,CUS-0390,1010019,144288,216432,72146,1442885
2026-05,CUS-0391,1010019,144288,216432,72146,1442885
2026-05,CUS-0392,1010019,144288,216432,72146,1442885
2026-05,CUS-0393,1010019,144288,216432,72146,1442885
2026-05,CUS-0394,1010019,144288,216432,72146,1442885
2026-05,CUS-0395,1010019,144288,216432,72146,1442885
2026-05,CUS-0396,1010019,144288,216432,72146,1442885
2026-05,CUS-0397,1010019,144288,216432,72146,1442885
2026-05,CUS-0398,1010019,144288,216432,72146,1442885
2026-05,CUS-0399,1010019,144288,216432,72146,1442885
2026-05,CUS-0400,1010019,144288,216432,72146,1442885
2026-05,CUS-0401,1010019,144288,216432,72146,1442885
2026-05,CUS-0402,1010019,144288,216432,72146,1442885
2026-05,CUS-0403,1010019,144288,216432,72146,1442885
2026-05,CUS-0404,1010019,144288,216432,72146,1442885
2026-05,CUS-0405,1010019,144288,216432,72146,1442885
2026-05,CUS-0406,1010019,144288,216432,72146,1442885
2026-05,CUS-0407,1010019,144288,216432,72146,1442885
2026-05,CUS-0408,1010019,144288,216432,72146,1442885
2026-05,CUS-0409,1010019,144288,216432,72146,1442885
2026-05,CUS-0410,1010019,144288,216432,72146,1442885
2026-05,CUS-0411,1010019,144288,216432,72146,1442885
2026-05,CUS-0412,1010019,144288,216432,72146,1442885
2026-05,CUS-0413,1010019,144288,216432,72146,1442885
2026-05,CUS-0414,1010019,144288,216432,72146,1442885
2026-05,CUS-0415,1010019,144288,216432,72146,1442885
2026-05,CUS-0416,1010019,144288,216432,72146,1442885
2026-05,CUS-0417,1010019,144288,216432,72146,1442885
2026-05,CUS-0418,1010019,144288,216432,72146,1442885
2026-05,CUS-0419,1010019,144288,216432,72146,1442885
2026-05,CUS-0420,1010019,144288,216432,72146,1442885
2026-05,CUS-0421,1010019,144288,216432,72146,1442885
2026-05,CUS-0422,1010019,144288,216432,72146,1442885
2026-05,CUS-0423,1010019,144288,216432,72146,1442885
2026-05,CUS-0424,1010019,144288,216432,72146,1442885
2026-05,CUS-0425,1010019,144288,216432,72146,1442885
2026-05,CUS-0426,1010019,144288,216432,72146,1442885
2026-05,CUS-0427,1010019,144288,216432,72146,1442885
2026-05,CUS-0428,1010019,144288,216432,72146,1442885
2026-05,CUS-0429,1010019,144288,216432,72146,1442885
2026-05,CUS-0430,1010019,144288,216432,72146,1442885
2026-05,CUS-0431,1010019,144288,216432,72146,1442885
2026-05,CUS-0432,1010019,144288,216432,72146,1442885
2026-05,CUS-0433,1010019,144288,216432,72146,1442885
2026-05,CUS-0434,1010019,144288,216432,72146,1442885
2026-05,CUS-0435,1010019,144288,216432,72146,1442885
2026-05,CUS-0436,1010019,144288,216432,72146,1442885
2026-05,CUS-0437,1010019,144288,216432,72146,1442885
2026-05,CUS-0438,1010019,144288,216432,72146,1442885
2026-05,CUS-0439,1010019,144288,216432,72146,1442885
2026-05,CUS-0440,1010019,144288,216432,72146,1442885
2026-05,CUS-0441,1010019,144288,216432,72146,1442885
2026-05,CUS-0442,1010019,144288,216432,72146,1442885
2026-05,CUS-0443,1010019,144288,216432,72146,1442885
2026-05,CUS-0444,1010019,144288,216432,72146,1442885
2026-05,CUS-0445,1010019,144288,216432,72146,1442885
2026-05,CUS-0446,1010019,144288,216432,72146,1442885
2026-05,CUS-0447,1010019,144288,216432,72146,1442885
2026-05,CUS-0448,1010019,144288,216432,72146,1442885
2026-05,CUS-0449,1010019,144288,216432,72146,1442885
2026-05,CUS-0450,1010019,144288,216432,72146,1442885
2026-05,CUS-0451,1010019,144288,216432,72146,1442885
2026-05,CUS-0452,1010019,144288,216432,72146,1442885
2026-05,CUS-0453,1010019,144288,216432,72146,1442885
2026-05,CUS-0454,1010019,144288,216432,72146,1442885
2026-05,CUS-0455,1010019,144288,216432,72146,1442885
2026-05,CUS-0456,1010019,144288,216432,72146,1442885
2026-05,CUS-0457,1010019,144288,216432,72146,1442885
2026-05,CUS-0458,1010019,144288,216432,72146,1442885
2026-05,CUS-0459,1010019,144288,216432,72146,1442885
2026-05,CUS-0460,1010019,144288,216432,72146,1442885
2026-05,CUS-0461,1010019,144288,216432,72146,1442885
2026-05,CUS-0462,1010019,144288,216432,72146,1442885
2026-05,CUS-0463,1010019,144288,216432,72146,1442885
2026-05,CUS-0464,1010019,144288,216432,72146,1442885
2026-05,CUS-0465,1010019,144288,216432,72146,1442885
2026-05,CUS-0466,1010019,144288,216432,72146,1442885
2026-05,CUS-0467,1010019,144288,216432,72146,1442885
2026-05,CUS-0468,1010019,144288,216432,72146,1442885
2026-05,CUS-0469,1010019,144288,216432,72146,1442885
2026-05,CUS-0470,1010019,144288,216432,72146,1442885
2026-05,CUS-0471,1010019,144288,216432,72146,1442885
2026-05,CUS-0472,1010019,144288,216432,72146,1442885
2026-05,CUS-0473,1010019,144288,216432,72146,1442885
2026-05,CUS-0474,1010019,144288,216432,72146,1442885
2026-05,CUS-0475,1010019,144288,216432,72146,1442885
2026-05,CUS-0476,1010019,144288,216432,72146,1442885
2026-05,CUS-0477,1010019,144288,216432,72146,1442885
2026-05,CUS-0478,1010019,144288,216432,72146,1442885
2026-05,CUS-0479,1010019,144288,216432,72146,1442885
2026-05,CUS-0480,1010019,144288,216432,72146,1442885
2026-05,CUS-0481,1010019,144288,216432,72146,1442885
2026-05,CUS-0482,1010019,144288,216432,72146,1442885
2026-05,CUS-0483,1010019,144288,216432,72146,1442885
2026-05,CUS-0484,1010019,144288,216432,72146,1442885
2026-05,CUS-0485,1010019,144288,216432,72146,1442885
2026-05,CUS-0486,1010019,144288,216432,72146,1442885
2026-05,CUS-0487,1010019,144288,216432,72146,1442885
2026-05,CUS-0488,1010019,144288,216432,72146,1442885
2026-05,CUS-0489,1010019,144288,216432,72146,1442885
2026-05,CUS-0490,1010019,144288,216432,72146,1442885
2026-05,CUS-0491,1010019,144288,216432,72146,1442885
2026-05,CUS-0492,1010019,144288,216432,72146,1442885
2026-05,CUS-0493,1010019,144288,216432,72146,1442885
2026-05,CUS-0494,1010019,144288,216432,72146,1442885
2026-05,CUS-0495,1010019,144288,216432,72146,1442885
2026-05,CUS-0496,1010019,144288,216432,72146,1442885
2026-05,CUS-0497,1010019,144288,216432,72146,1442885
2026-05,CUS-0498,1010019,144288,216432,72146,1442885
2026-05,CUS-0499,1010019,144288,216432,72146,1442885
2026-05,CUS-0500,1010019,144288,216432,72146,1442885
2026-06,CUS-0001,231000000,33000000,49500000,16500000,330000000
2026-06,CUS-0002,1010020,144288,216432,72146,1442886
2026-06,CUS-0003,1010020,144288,216432,72146,1442886
2026-06,CUS-0004,1010020,144288,216432,72146,1442886
2026-06,CUS-0005,1010020,144288,216432,72146,1442886
2026-06,CUS-0006,1010020,144288,216432,72146,1442886
2026-06,CUS-0007,1010020,144288,216432,72146,1442886
2026-06,CUS-0008,1010020,144288,216432,72146,1442886
2026-06,CUS-0009,1010020,144288,216432,72146,1442886
2026-06,CUS-0010,1010020,144288,216432,72146,1442886
2026-06,CUS-0011,1010020,144288,216432,72146,1442886
2026-06,CUS-0012,1010020,144288,216432,72146,1442886
2026-06,CUS-0013,1010020,144288,216432,72146,1442886
2026-06,CUS-0014,1010020,144288,216432,72146,1442886
2026-06,CUS-0015,1010020,144288,216432,72146,1442886
2026-06,CUS-0016,1010020,144288,216432,72146,1442886
2026-06,CUS-0017,1010020,144288,216432,72146,1442886
2026-06,CUS-0018,1010020,144288,216432,72146,1442886
2026-06,CUS-0019,1010020,144288,216432,72146,1442886
2026-06,CUS-0020,1010020,144288,216432,72146,1442886
2026-06,CUS-0021,1010020,144288,216432,72146,1442886
2026-06,CUS-0022,1010020,144288,216432,72146,1442886
2026-06,CUS-0023,1010020,144288,216432,72146,1442886
2026-06,CUS-0024,1010020,144288,216432,72146,1442886
2026-06,CUS-0025,1010020,144288,216432,72146,1442886
2026-06,CUS-0026,1010020,144288,216432,72146,1442886
2026-06,CUS-0027,1010020,144288,216432,72146,1442886
2026-06,CUS-0028,1010020,144288,216432,72146,1442886
2026-06,CUS-0029,1010020,144288,216432,72146,1442886
2026-06,CUS-0030,1010020,144288,216432,72146,1442886
2026-06,CUS-0031,1010020,144288,216432,72146,1442886
2026-06,CUS-0032,1010020,144288,216432,72146,1442886
2026-06,CUS-0033,1010020,144288,216432,72146,1442886
2026-06,CUS-0034,1010020,144288,216432,72146,1442886
2026-06,CUS-0035,1010020,144288,216432,72146,1442886
2026-06,CUS-0036,1010020,144288,216432,72146,1442886
2026-06,CUS-0037,1010020,144288,216432,72146,1442886
2026-06,CUS-0038,1010020,144288,216432,72146,1442886
2026-06,CUS-0039,1010020,144288,216432,72146,1442886
2026-06,CUS-0040,1010020,144288,216432,72146,1442886
2026-06,CUS-0041,1010020,144288,216432,72146,1442886
2026-06,CUS-0042,1010020,144288,216432,72146,1442886
2026-06,CUS-0043,1010020,144288,216432,72146,1442886
2026-06,CUS-0044,1010020,144288,216432,72146,1442886
2026-06,CUS-0045,1010020,144288,216432,72146,1442886
2026-06,CUS-0046,1010020,144288,216432,72146,1442886
2026-06,CUS-0047,1010020,144288,216432,72146,1442886
2026-06,CUS-0048,1010020,144288,216432,72146,1442886
2026-06,CUS-0049,1010020,144288,216432,72146,1442886
2026-06,CUS-0050,1010020,144288,216432,72146,1442886
2026-06,CUS-0051,1010020,144288,216432,72146,1442886
2026-06,CUS-0052,1010020,144288,216432,72146,1442886
2026-06,CUS-0053,1010020,144288,216432,72146,1442886
2026-06,CUS-0054,1010020,144288,216432,72146,1442886
2026-06,CUS-0055,1010020,144288,216432,72146,1442886
2026-06,CUS-0056,1010020,144288,216432,72146,1442886
2026-06,CUS-0057,1010020,144288,216432,72146,1442886
2026-06,CUS-0058,1010020,144288,216432,72146,1442886
2026-06,CUS-0059,1010020,144288,216432,72146,1442886
2026-06,CUS-0060,1010020,144288,216432,72146,1442886
2026-06,CUS-0061,1010020,144288,216432,72146,1442886
2026-06,CUS-0062,1010020,144288,216432,72146,1442886
2026-06,CUS-0063,1010020,144288,216432,72146,1442886
2026-06,CUS-0064,1010020,144288,216432,72146,1442886
2026-06,CUS-0065,1010020,144288,216432,72146,1442886
2026-06,CUS-0066,1010020,144288,216432,72146,1442886
2026-06,CUS-0067,1010020,144288,216432,72146,1442886
2026-06,CUS-0068,1010020,144288,216432,72146,1442886
2026-06,CUS-0069,1010020,144288,216432,72146,1442886
2026-06,CUS-0070,1010020,144288,216432,72146,1442886
2026-06,CUS-0071,1010020,144288,216432,72146,1442886
2026-06,CUS-0072,1010020,144288,216432,72146,1442886
2026-06,CUS-0073,1010020,144288,216432,72146,1442886
2026-06,CUS-0074,1010020,144288,216432,72146,1442886
2026-06,CUS-0075,1010020,144288,216432,72146,1442886
2026-06,CUS-0076,1010020,144288,216432,72146,1442886
2026-06,CUS-0077,1010020,144288,216432,72146,1442886
2026-06,CUS-0078,1010020,144288,216432,72146,1442886
2026-06,CUS-0079,1010020,144288,216432,72146,1442886
2026-06,CUS-0080,1010020,144288,216432,72146,1442886
2026-06,CUS-0081,1010020,144288,216432,72146,1442886
2026-06,CUS-0082,1010020,144288,216432,72146,1442886
2026-06,CUS-0083,1010020,144288,216432,72146,1442886
2026-06,CUS-0084,1010020,144288,216432,72146,1442886
2026-06,CUS-0085,1010020,144288,216432,72146,1442886
2026-06,CUS-0086,1010020,144288,216432,72146,1442886
2026-06,CUS-0087,1010020,144288,216432,72146,1442886
2026-06,CUS-0088,1010020,144288,216432,72146,1442886
2026-06,CUS-0089,1010020,144288,216432,72146,1442886
2026-06,CUS-0090,1010020,144288,216432,72146,1442886
2026-06,CUS-0091,1010020,144288,216432,72146,1442886
2026-06,CUS-0092,1010020,144288,216432,72146,1442886
2026-06,CUS-0093,1010020,144288,216432,72146,1442886
2026-06,CUS-0094,1010020,144288,216432,72146,1442886
2026-06,CUS-0095,1010020,144288,216432,72146,1442886
2026-06,CUS-0096,1010020,144288,216432,72146,1442886
2026-06,CUS-0097,1010020,144288,216432,72146,1442886
2026-06,CUS-0098,1010020,144288,216432,72146,1442886
2026-06,CUS-0099,1010020,144288,216432,72146,1442886
2026-06,CUS-0100,1010020,144288,216432,72146,1442886
2026-06,CUS-0101,1010020,144288,216432,72146,1442886
2026-06,CUS-0102,1010020,144288,216432,72146,1442886
2026-06,CUS-0103,1010020,144288,216432,72146,1442886
2026-06,CUS-0104,1010020,144288,216432,72146,1442886
2026-06,CUS-0105,1010020,144288,216432,72146,1442886
2026-06,CUS-0106,1010020,144288,216432,72146,1442886
2026-06,CUS-0107,1010020,144288,216432,72146,1442886
2026-06,CUS-0108,1010020,144288,216432,72146,1442886
2026-06,CUS-0109,1010020,144288,216432,72146,1442886
2026-06,CUS-0110,1010020,144288,216432,72146,1442886
2026-06,CUS-0111,1010020,144288,216432,72146,1442886
2026-06,CUS-0112,1010020,144288,216432,72146,1442886
2026-06,CUS-0113,1010020,144288,216432,72146,1442886
2026-06,CUS-0114,1010020,144288,216432,72146,1442886
2026-06,CUS-0115,1010020,144288,216432,72146,1442886
2026-06,CUS-0116,1010020,144288,216432,72146,1442886
2026-06,CUS-0117,1010020,144288,216432,72146,1442886
2026-06,CUS-0118,1010020,144288,216432,72146,1442886
2026-06,CUS-0119,1010020,144288,216432,72146,1442886
2026-06,CUS-0120,1010020,144288,216432,72146,1442886
2026-06,CUS-0121,1010020,144288,216432,72146,1442886
2026-06,CUS-0122,1010020,144288,216432,72146,1442886
2026-06,CUS-0123,1010020,144288,216432,72146,1442886
2026-06,CUS-0124,1010020,144288,216432,72146,1442886
2026-06,CUS-0125,1010020,144288,216432,72146,1442886
2026-06,CUS-0126,1010020,144288,216432,72146,1442886
2026-06,CUS-0127,1010020,144288,216432,72146,1442886
2026-06,CUS-0128,1010020,144288,216432,72146,1442886
2026-06,CUS-0129,1010020,144288,216432,72146,1442886
2026-06,CUS-0130,1010020,144288,216432,72146,1442886
2026-06,CUS-0131,1010020,144288,216432,72146,1442886
2026-06,CUS-0132,1010020,144288,216432,72146,1442886
2026-06,CUS-0133,1010020,144288,216432,72146,1442886
2026-06,CUS-0134,1010020,144288,216432,72146,1442886
2026-06,CUS-0135,1010020,144288,216432,72146,1442886
2026-06,CUS-0136,1010020,144288,216432,72146,1442886
2026-06,CUS-0137,1010020,144288,216432,72146,1442886
2026-06,CUS-0138,1010020,144288,216432,72146,1442886
2026-06,CUS-0139,1010020,144288,216432,72146,1442886
2026-06,CUS-0140,1010020,144288,216432,72146,1442886
2026-06,CUS-0141,1010020,144288,216432,72146,1442886
2026-06,CUS-0142,1010020,144288,216432,72146,1442886
2026-06,CUS-0143,1010020,144288,216432,72146,1442886
2026-06,CUS-0144,1010020,144288,216432,72146,1442886
2026-06,CUS-0145,1010020,144288,216432,72146,1442886
2026-06,CUS-0146,1010020,144288,216432,72146,1442886
2026-06,CUS-0147,1010020,144288,216432,72146,1442886
2026-06,CUS-0148,1010020,144288,216432,72146,1442886
2026-06,CUS-0149,1010020,144288,216432,72146,1442886
2026-06,CUS-0150,1010020,144288,216432,72146,1442886
2026-06,CUS-0151,1010020,144288,216432,72146,1442886
2026-06,CUS-0152,1010020,144288,216432,72146,1442886
2026-06,CUS-0153,1010020,144288,216432,72146,1442886
2026-06,CUS-0154,1010020,144288,216432,72146,1442886
2026-06,CUS-0155,1010020,144288,216432,72146,1442886
2026-06,CUS-0156,1010020,144288,216432,72146,1442886
2026-06,CUS-0157,1010020,144288,216432,72146,1442886
2026-06,CUS-0158,1010020,144288,216432,72146,1442886
2026-06,CUS-0159,1010020,144288,216432,72146,1442886
2026-06,CUS-0160,1010020,144288,216432,72146,1442886
2026-06,CUS-0161,1010020,144288,216432,72146,1442886
2026-06,CUS-0162,1010020,144288,216432,72146,1442886
2026-06,CUS-0163,1010020,144288,216432,72146,1442886
2026-06,CUS-0164,1010020,144288,216432,72146,1442886
2026-06,CUS-0165,1010020,144288,216432,72146,1442886
2026-06,CUS-0166,1010020,144288,216432,72146,1442886
2026-06,CUS-0167,1010020,144288,216432,72146,1442886
2026-06,CUS-0168,1010020,144288,216432,72146,1442886
2026-06,CUS-0169,1010020,144288,216432,72146,1442886
2026-06,CUS-0170,1010020,144288,216432,72146,1442886
2026-06,CUS-0171,1010020,144288,216432,72146,1442886
2026-06,CUS-0172,1010020,144288,216432,72146,1442886
2026-06,CUS-0173,1010020,144288,216432,72146,1442886
2026-06,CUS-0174,1010020,144288,216432,72146,1442886
2026-06,CUS-0175,1010020,144288,216432,72146,1442886
2026-06,CUS-0176,1010020,144288,216432,72146,1442886
2026-06,CUS-0177,1010020,144288,216432,72146,1442886
2026-06,CUS-0178,1010020,144288,216432,72146,1442886
2026-06,CUS-0179,1010020,144288,216432,72146,1442886
2026-06,CUS-0180,1010020,144288,216432,72146,1442886
2026-06,CUS-0181,1010020,144288,216432,72146,1442886
2026-06,CUS-0182,1010020,144288,216432,72146,1442886
2026-06,CUS-0183,1010020,144288,216432,72146,1442886
2026-06,CUS-0184,1010020,144288,216432,72146,1442886
2026-06,CUS-0185,1010020,144288,216432,72146,1442886
2026-06,CUS-0186,1010020,144288,216432,72146,1442886
2026-06,CUS-0187,1010020,144288,216432,72146,1442886
2026-06,CUS-0188,1010020,144288,216432,72146,1442886
2026-06,CUS-0189,1010020,144288,216432,72146,1442886
2026-06,CUS-0190,1010020,144288,216432,72146,1442886
2026-06,CUS-0191,1010020,144288,216432,72146,1442886
2026-06,CUS-0192,1010020,144288,216432,72146,1442886
2026-06,CUS-0193,1010020,144288,216432,72146,1442886
2026-06,CUS-0194,1010020,144288,216432,72146,1442886
2026-06,CUS-0195,1010020,144288,216432,72146,1442886
2026-06,CUS-0196,1010020,144288,216432,72146,1442886
2026-06,CUS-0197,1010020,144288,216432,72146,1442886
2026-06,CUS-0198,1010020,144288,216432,72146,1442886
2026-06,CUS-0199,1010020,144288,216432,72146,1442886
2026-06,CUS-0200,1010020,144288,216432,72146,1442886
2026-06,CUS-0201,1010020,144288,216432,72146,1442886
2026-06,CUS-0202,1010020,144288,216432,72146,1442886
2026-06,CUS-0203,1010020,144288,216432,72146,1442886
2026-06,CUS-0204,1010020,144288,216432,72146,1442886
2026-06,CUS-0205,1010020,144288,216432,72146,1442886
2026-06,CUS-0206,1010020,144288,216432,72146,1442886
2026-06,CUS-0207,1010020,144288,216432,72146,1442886
2026-06,CUS-0208,1010020,144288,216432,72146,1442886
2026-06,CUS-0209,1010020,144288,216432,72146,1442886
2026-06,CUS-0210,1010020,144288,216432,72146,1442886
2026-06,CUS-0211,1010020,144288,216432,72146,1442886
2026-06,CUS-0212,1010020,144288,216432,72146,1442886
2026-06,CUS-0213,1010020,144288,216432,72146,1442886
2026-06,CUS-0214,1010020,144288,216432,72146,1442886
2026-06,CUS-0215,1010020,144288,216432,72146,1442886
2026-06,CUS-0216,1010020,144288,216432,72146,1442886
2026-06,CUS-0217,1010020,144288,216432,72146,1442886
2026-06,CUS-0218,1010020,144288,216432,72146,1442886
2026-06,CUS-0219,1010020,144288,216432,72146,1442886
2026-06,CUS-0220,1010020,144288,216432,72146,1442886
2026-06,CUS-0221,1010020,144288,216432,72146,1442886
2026-06,CUS-0222,1010020,144288,216432,72146,1442886
2026-06,CUS-0223,1010020,144288,216432,72146,1442886
2026-06,CUS-0224,1010020,144288,216432,72146,1442886
2026-06,CUS-0225,1010020,144288,216432,72146,1442886
2026-06,CUS-0226,1010020,144288,216432,72146,1442886
2026-06,CUS-0227,1010020,144288,216432,72146,1442886
2026-06,CUS-0228,1010020,144288,216432,72146,1442886
2026-06,CUS-0229,1010020,144288,216432,72146,1442886
2026-06,CUS-0230,1010020,144288,216432,72146,1442886
2026-06,CUS-0231,1010020,144288,216432,72146,1442886
2026-06,CUS-0232,1010020,144288,216432,72146,1442886
2026-06,CUS-0233,1010020,144288,216432,72146,1442886
2026-06,CUS-0234,1010020,144288,216432,72146,1442886
2026-06,CUS-0235,1010020,144288,216432,72146,1442886
2026-06,CUS-0236,1010020,144288,216432,72146,1442886
2026-06,CUS-0237,1010020,144288,216432,72146,1442886
2026-06,CUS-0238,1010020,144288,216432,72146,1442886
2026-06,CUS-0239,1010020,144288,216432,72146,1442886
2026-06,CUS-0240,1010020,144288,216432,72146,1442886
2026-06,CUS-0241,1010020,144288,216432,72146,1442886
2026-06,CUS-0242,1010020,144288,216432,72146,1442886
2026-06,CUS-0243,1010020,144288,216432,72146,1442886
2026-06,CUS-0244,1010020,144288,216432,72146,1442886
2026-06,CUS-0245,1010020,144288,216432,72146,1442886
2026-06,CUS-0246,1010020,144288,216432,72146,1442886
2026-06,CUS-0247,1010020,144288,216432,72146,1442886
2026-06,CUS-0248,1010020,144288,216432,72146,1442886
2026-06,CUS-0249,1010020,144288,216432,72146,1442886
2026-06,CUS-0250,1010020,144288,216432,72146,1442886
2026-06,CUS-0251,1010020,144288,216432,72146,1442886
2026-06,CUS-0252,1010020,144288,216432,72146,1442886
2026-06,CUS-0253,1010020,144288,216432,72146,1442886
2026-06,CUS-0254,1010020,144288,216432,72146,1442886
2026-06,CUS-0255,1010020,144288,216432,72146,1442886
2026-06,CUS-0256,1010020,144288,216432,72146,1442886
2026-06,CUS-0257,1010020,144288,216432,72146,1442886
2026-06,CUS-0258,1010020,144288,216432,72146,1442886
2026-06,CUS-0259,1010020,144288,216432,72146,1442886
2026-06,CUS-0260,1010020,144288,216432,72146,1442886
2026-06,CUS-0261,1010020,144288,216432,72146,1442886
2026-06,CUS-0262,1010020,144288,216432,72146,1442886
2026-06,CUS-0263,1010020,144288,216432,72146,1442886
2026-06,CUS-0264,1010020,144288,216432,72146,1442886
2026-06,CUS-0265,1010020,144288,216432,72146,1442886
2026-06,CUS-0266,1010020,144288,216432,72146,1442886
2026-06,CUS-0267,1010020,144288,216432,72146,1442886
2026-06,CUS-0268,1010020,144288,216432,72146,1442886
2026-06,CUS-0269,1010020,144288,216432,72146,1442886
2026-06,CUS-0270,1010020,144288,216432,72146,1442886
2026-06,CUS-0271,1010020,144288,216432,72146,1442886
2026-06,CUS-0272,1010020,144288,216432,72146,1442886
2026-06,CUS-0273,1010020,144288,216432,72146,1442886
2026-06,CUS-0274,1010020,144288,216432,72146,1442886
2026-06,CUS-0275,1010020,144288,216432,72146,1442886
2026-06,CUS-0276,1010020,144288,216432,72146,1442886
2026-06,CUS-0277,1010020,144288,216432,72146,1442886
2026-06,CUS-0278,1010020,144288,216432,72146,1442886
2026-06,CUS-0279,1010020,144288,216432,72146,1442886
2026-06,CUS-0280,1010020,144288,216432,72146,1442886
2026-06,CUS-0281,1010020,144288,216432,72146,1442886
2026-06,CUS-0282,1010020,144288,216432,72146,1442886
2026-06,CUS-0283,1010020,144288,216432,72146,1442886
2026-06,CUS-0284,1010020,144288,216432,72146,1442886
2026-06,CUS-0285,1010020,144288,216432,72146,1442886
2026-06,CUS-0286,1010020,144288,216432,72146,1442886
2026-06,CUS-0287,1010020,144288,216432,72146,1442886
2026-06,CUS-0288,1010020,144288,216432,72146,1442886
2026-06,CUS-0289,1010020,144288,216432,72146,1442886
2026-06,CUS-0290,1010020,144288,216432,72146,1442886
2026-06,CUS-0291,1010020,144288,216432,72146,1442886
2026-06,CUS-0292,1010020,144288,216432,72146,1442886
2026-06,CUS-0293,1010020,144288,216432,72146,1442886
2026-06,CUS-0294,1010020,144288,216432,72146,1442886
2026-06,CUS-0295,1010020,144288,216432,72146,1442886
2026-06,CUS-0296,1010020,144288,216432,72146,1442886
2026-06,CUS-0297,1010020,144288,216432,72146,1442886
2026-06,CUS-0298,1010020,144288,216432,72146,1442886
2026-06,CUS-0299,1010020,144288,216432,72146,1442886
2026-06,CUS-0300,1010020,144288,216432,72146,1442886
2026-06,CUS-0301,1010020,144288,216432,72146,1442886
2026-06,CUS-0302,1010020,144288,216432,72146,1442886
2026-06,CUS-0303,1010020,144288,216432,72146,1442886
2026-06,CUS-0304,1010020,144288,216432,72146,1442886
2026-06,CUS-0305,1010020,144288,216432,72146,1442886
2026-06,CUS-0306,1010020,144288,216432,72146,1442886
2026-06,CUS-0307,1010020,144288,216432,72146,1442886
2026-06,CUS-0308,1010020,144288,216432,72146,1442886
2026-06,CUS-0309,1010020,144288,216432,72146,1442886
2026-06,CUS-0310,1010020,144288,216432,72146,1442886
2026-06,CUS-0311,1010019,144288,216432,72146,1442885
2026-06,CUS-0312,1010019,144288,216432,72146,1442885
2026-06,CUS-0313,1010019,144288,216432,72146,1442885
2026-06,CUS-0314,1010019,144288,216432,72146,1442885
2026-06,CUS-0315,1010019,144288,216432,72146,1442885
2026-06,CUS-0316,1010019,144288,216432,72146,1442885
2026-06,CUS-0317,1010019,144288,216432,72146,1442885
2026-06,CUS-0318,1010019,144288,216432,72146,1442885
2026-06,CUS-0319,1010019,144288,216432,72146,1442885
2026-06,CUS-0320,1010019,144288,216432,72146,1442885
2026-06,CUS-0321,1010019,144288,216432,72146,1442885
2026-06,CUS-0322,1010019,144288,216432,72146,1442885
2026-06,CUS-0323,1010019,144288,216432,72146,1442885
2026-06,CUS-0324,1010019,144288,216432,72146,1442885
2026-06,CUS-0325,1010019,144288,216432,72146,1442885
2026-06,CUS-0326,1010019,144288,216432,72146,1442885
2026-06,CUS-0327,1010019,144288,216432,72146,1442885
2026-06,CUS-0328,1010019,144288,216432,72146,1442885
2026-06,CUS-0329,1010019,144288,216432,72146,1442885
2026-06,CUS-0330,1010019,144288,216432,72146,1442885
2026-06,CUS-0331,1010019,144288,216432,72146,1442885
2026-06,CUS-0332,1010019,144288,216432,72146,1442885
2026-06,CUS-0333,1010019,144288,216432,72146,1442885
2026-06,CUS-0334,1010019,144288,216432,72146,1442885
2026-06,CUS-0335,1010019,144288,216432,72146,1442885
2026-06,CUS-0336,1010019,144288,216432,72146,1442885
2026-06,CUS-0337,1010019,144288,216432,72146,1442885
2026-06,CUS-0338,1010019,144288,216432,72146,1442885
2026-06,CUS-0339,1010019,144288,216432,72146,1442885
2026-06,CUS-0340,1010019,144288,216432,72146,1442885
2026-06,CUS-0341,1010019,144288,216432,72146,1442885
2026-06,CUS-0342,1010019,144288,216432,72146,1442885
2026-06,CUS-0343,1010019,144288,216432,72146,1442885
2026-06,CUS-0344,1010019,144288,216432,72146,1442885
2026-06,CUS-0345,1010019,144288,216432,72146,1442885
2026-06,CUS-0346,1010019,144288,216432,72146,1442885
2026-06,CUS-0347,1010019,144288,216432,72146,1442885
2026-06,CUS-0348,1010019,144288,216432,72146,1442885
2026-06,CUS-0349,1010019,144288,216432,72146,1442885
2026-06,CUS-0350,1010019,144288,216432,72146,1442885
2026-06,CUS-0351,1010019,144288,216432,72146,1442885
2026-06,CUS-0352,1010019,144288,216432,72146,1442885
2026-06,CUS-0353,1010019,144288,216432,72146,1442885
2026-06,CUS-0354,1010019,144288,216432,72146,1442885
2026-06,CUS-0355,1010019,144288,216432,72146,1442885
2026-06,CUS-0356,1010019,144288,216432,72146,1442885
2026-06,CUS-0357,1010019,144288,216432,72146,1442885
2026-06,CUS-0358,1010019,144288,216432,72146,1442885
2026-06,CUS-0359,1010019,144288,216432,72146,1442885
2026-06,CUS-0360,1010019,144288,216432,72146,1442885
2026-06,CUS-0361,1010019,144288,216432,72146,1442885
2026-06,CUS-0362,1010019,144288,216432,72146,1442885
2026-06,CUS-0363,1010019,144288,216432,72146,1442885
2026-06,CUS-0364,1010019,144288,216432,72146,1442885
2026-06,CUS-0365,1010019,144288,216432,72146,1442885
2026-06,CUS-0366,1010019,144288,216432,72146,1442885
2026-06,CUS-0367,1010019,144288,216432,72146,1442885
2026-06,CUS-0368,1010019,144288,216432,72146,1442885
2026-06,CUS-0369,1010019,144288,216432,72146,1442885
2026-06,CUS-0370,1010019,144288,216432,72146,1442885
2026-06,CUS-0371,1010019,144288,216432,72146,1442885
2026-06,CUS-0372,1010019,144288,216432,72146,1442885
2026-06,CUS-0373,1010019,144288,216432,72146,1442885
2026-06,CUS-0374,1010019,144288,216432,72146,1442885
2026-06,CUS-0375,1010019,144288,216432,72146,1442885
2026-06,CUS-0376,1010019,144288,216432,72146,1442885
2026-06,CUS-0377,1010019,144288,216432,72146,1442885
2026-06,CUS-0378,1010019,144288,216432,72146,1442885
2026-06,CUS-0379,1010019,144288,216432,72146,1442885
2026-06,CUS-0380,1010019,144288,216432,72146,1442885
2026-06,CUS-0381,1010019,144288,216432,72146,1442885
2026-06,CUS-0382,1010019,144288,216432,72146,1442885
2026-06,CUS-0383,1010019,144288,216432,72146,1442885
2026-06,CUS-0384,1010019,144288,216432,72146,1442885
2026-06,CUS-0385,1010019,144288,216432,72146,1442885
2026-06,CUS-0386,1010019,144288,216432,72146,1442885
2026-06,CUS-0387,1010019,144288,216432,72146,1442885
2026-06,CUS-0388,1010019,144288,216432,72146,1442885
2026-06,CUS-0389,1010019,144288,216432,72146,1442885
2026-06,CUS-0390,1010019,144288,216432,72146,1442885
2026-06,CUS-0391,1010019,144288,216432,72146,1442885
2026-06,CUS-0392,1010019,144288,216432,72146,1442885
2026-06,CUS-0393,1010019,144288,216432,72146,1442885
2026-06,CUS-0394,1010019,144288,216432,72146,1442885
2026-06,CUS-0395,1010019,144288,216432,72146,1442885
2026-06,CUS-0396,1010019,144288,216432,72146,1442885
2026-06,CUS-0397,1010019,144288,216432,72146,1442885
2026-06,CUS-0398,1010019,144288,216432,72146,1442885
2026-06,CUS-0399,1010019,144288,216432,72146,1442885
2026-06,CUS-0400,1010019,144288,216432,72146,1442885
2026-06,CUS-0401,1010019,144288,216432,72146,1442885
2026-06,CUS-0402,1010019,144288,216432,72146,1442885
2026-06,CUS-0403,1010019,144288,216432,72146,1442885
2026-06,CUS-0404,1010019,144288,216432,72146,1442885
2026-06,CUS-0405,1010019,144288,216432,72146,1442885
2026-06,CUS-0406,1010019,144288,216432,72146,1442885
2026-06,CUS-0407,1010019,144288,216432,72146,1442885
2026-06,CUS-0408,1010019,144288,216432,72146,1442885
2026-06,CUS-0409,1010019,144288,216432,72146,1442885
2026-06,CUS-0410,1010019,144288,216432,72146,1442885
2026-06,CUS-0411,1010019,144288,216432,72146,1442885
2026-06,CUS-0412,1010019,144288,216432,72146,1442885
2026-06,CUS-0413,1010019,144288,216432,72146,1442885
2026-06,CUS-0414,1010019,144288,216432,72146,1442885
2026-06,CUS-0415,1010019,144288,216432,72146,1442885
2026-06,CUS-0416,1010019,144288,216432,72146,1442885
2026-06,CUS-0417,1010019,144288,216432,72146,1442885
2026-06,CUS-0418,1010019,144288,216432,72146,1442885
2026-06,CUS-0419,1010019,144288,216432,72146,1442885
2026-06,CUS-0420,1010019,144288,216432,72146,1442885
2026-06,CUS-0421,1010019,144288,216432,72146,1442885
2026-06,CUS-0422,1010019,144288,216432,72146,1442885
2026-06,CUS-0423,1010019,144288,216432,72146,1442885
2026-06,CUS-0424,1010019,144288,216432,72146,1442885
2026-06,CUS-0425,1010019,144288,216432,72146,1442885
2026-06,CUS-0426,1010019,144288,216432,72146,1442885
2026-06,CUS-0427,1010019,144288,216432,72146,1442885
2026-06,CUS-0428,1010019,144288,216432,72146,1442885
2026-06,CUS-0429,1010019,144288,216432,72146,1442885
2026-06,CUS-0430,1010019,144288,216432,72146,1442885
2026-06,CUS-0431,1010019,144288,216432,72146,1442885
2026-06,CUS-0432,1010019,144288,216432,72146,1442885
2026-06,CUS-0433,1010019,144288,216432,72146,1442885
2026-06,CUS-0434,1010019,144288,216432,72146,1442885
2026-06,CUS-0435,1010019,144288,216432,72146,1442885
2026-06,CUS-0436,1010019,144288,216432,72146,1442885
2026-06,CUS-0437,1010019,144288,216432,72146,1442885
2026-06,CUS-0438,1010019,144288,216432,72146,1442885
2026-06,CUS-0439,1010019,144288,216432,72146,1442885
2026-06,CUS-0440,1010019,144288,216432,72146,1442885
2026-06,CUS-0441,1010019,144288,216432,72146,1442885
2026-06,CUS-0442,1010019,144288,216432,72146,1442885
2026-06,CUS-0443,1010019,144288,216432,72146,1442885
2026-06,CUS-0444,1010019,144288,216432,72146,1442885
2026-06,CUS-0445,1010019,144288,216432,72146,1442885
2026-06,CUS-0446,1010019,144288,216432,72146,1442885
2026-06,CUS-0447,1010019,144288,216432,72146,1442885
2026-06,CUS-0448,1010019,144288,216432,72146,1442885
2026-06,CUS-0449,1010019,144288,216432,72146,1442885
2026-06,CUS-0450,1010019,144288,216432,72146,1442885
2026-06,CUS-0451,1010019,144288,216432,72146,1442885
2026-06,CUS-0452,1010019,144288,216432,72146,1442885
2026-06,CUS-0453,1010019,144288,216432,72146,1442885
2026-06,CUS-0454,1010019,144288,216432,72146,1442885
2026-06,CUS-0455,1010019,144288,216432,72146,1442885
2026-06,CUS-0456,1010019,144288,216432,72146,1442885
2026-06,CUS-0457,1010019,144288,216432,72146,1442885
2026-06,CUS-0458,1010019,144288,216432,72146,1442885
2026-06,CUS-0459,1010019,144288,216432,72146,1442885
2026-06,CUS-0460,1010019,144288,216432,72146,1442885
2026-06,CUS-0461,1010019,144288,216432,72146,1442885
2026-06,CUS-0462,1010019,144288,216432,72146,1442885
2026-06,CUS-0463,1010019,144288,216432,72146,1442885
2026-06,CUS-0464,1010019,144288,216432,72146,1442885
2026-06,CUS-0465,1010019,144288,216432,72146,1442885
2026-06,CUS-0466,1010019,144288,216432,72146,1442885
2026-06,CUS-0467,1010019,144288,216432,72146,1442885
2026-06,CUS-0468,1010019,144288,216432,72146,1442885
2026-06,CUS-0469,1010019,144288,216432,72146,1442885
2026-06,CUS-0470,1010019,144288,216432,72146,1442885
2026-06,CUS-0471,1010019,144288,216432,72146,1442885
2026-06,CUS-0472,1010019,144288,216432,72146,1442885
2026-06,CUS-0473,1010019,144288,216432,72146,1442885
2026-06,CUS-0474,1010019,144288,216432,72146,1442885
2026-06,CUS-0475,1010019,144288,216432,72146,1442885
2026-06,CUS-0476,1010019,144288,216432,72146,1442885
2026-06,CUS-0477,1010019,144288,216432,72146,1442885
2026-06,CUS-0478,1010019,144288,216432,72146,1442885
2026-06,CUS-0479,1010019,144288,216432,72146,1442885
2026-06,CUS-0480,1010019,144288,216432,72146,1442885
2026-06,CUS-0481,1010019,144288,216432,72146,1442885
2026-06,CUS-0482,1010019,144288,216432,72146,1442885
2026-06,CUS-0483,1010019,144288,216432,72146,1442885
2026-06,CUS-0484,1010019,144288,216432,72146,1442885
2026-06,CUS-0485,1010019,144288,216432,72146,1442885
2026-06,CUS-0486,1010019,144288,216432,72146,1442885
2026-06,CUS-0487,1010019,144288,216432,72146,1442885
2026-06,CUS-0488,1010019,144288,216432,72146,1442885
2026-06,CUS-0489,1010019,144288,216432,72146,1442885
2026-06,CUS-0490,1010019,144288,216432,72146,1442885
2026-06,CUS-0491,1010019,144288,216432,72146,1442885
2026-06,CUS-0492,1010019,144288,216432,72146,1442885
2026-06,CUS-0493,1010019,144288,216432,72146,1442885
2026-06,CUS-0494,1010019,144288,216432,72146,1442885
2026-06,CUS-0495,1010019,144288,216432,72146,1442885
2026-06,CUS-0496,1010019,144288,216432,72146,1442885
2026-06,CUS-0497,1010019,144288,216432,72146,1442885
2026-06,CUS-0498,1010019,144288,216432,72146,1442885
2026-06,CUS-0499,1010019,144288,216432,72146,1442885
2026-06,CUS-0500,1010019,144288,216432,72146,1442885
2026-07,CUS-0001,231000000,33000000,49500000,16500000,330000000
2026-07,CUS-0002,1010020,144288,216432,72146,1442886
2026-07,CUS-0003,1010020,144288,216432,72146,1442886
2026-07,CUS-0004,1010020,144288,216432,72146,1442886
2026-07,CUS-0005,1010020,144288,216432,72146,1442886
2026-07,CUS-0006,1010020,144288,216432,72146,1442886
2026-07,CUS-0007,1010020,144288,216432,72146,1442886
2026-07,CUS-0008,1010020,144288,216432,72146,1442886
2026-07,CUS-0009,1010020,144288,216432,72146,1442886
2026-07,CUS-0010,1010020,144288,216432,72146,1442886
2026-07,CUS-0011,1010020,144288,216432,72146,1442886
2026-07,CUS-0012,1010020,144288,216432,72146,1442886
2026-07,CUS-0013,1010020,144288,216432,72146,1442886
2026-07,CUS-0014,1010020,144288,216432,72146,1442886
2026-07,CUS-0015,1010020,144288,216432,72146,1442886
2026-07,CUS-0016,1010020,144288,216432,72146,1442886
2026-07,CUS-0017,1010020,144288,216432,72146,1442886
2026-07,CUS-0018,1010020,144288,216432,72146,1442886
2026-07,CUS-0019,1010020,144288,216432,72146,1442886
2026-07,CUS-0020,1010020,144288,216432,72146,1442886
2026-07,CUS-0021,1010020,144288,216432,72146,1442886
2026-07,CUS-0022,1010020,144288,216432,72146,1442886
2026-07,CUS-0023,1010020,144288,216432,72146,1442886
2026-07,CUS-0024,1010020,144288,216432,72146,1442886
2026-07,CUS-0025,1010020,144288,216432,72146,1442886
2026-07,CUS-0026,1010020,144288,216432,72146,1442886
2026-07,CUS-0027,1010020,144288,216432,72146,1442886
2026-07,CUS-0028,1010020,144288,216432,72146,1442886
2026-07,CUS-0029,1010020,144288,216432,72146,1442886
2026-07,CUS-0030,1010020,144288,216432,72146,1442886
2026-07,CUS-0031,1010020,144288,216432,72146,1442886
2026-07,CUS-0032,1010020,144288,216432,72146,1442886
2026-07,CUS-0033,1010020,144288,216432,72146,1442886
2026-07,CUS-0034,1010020,144288,216432,72146,1442886
2026-07,CUS-0035,1010020,144288,216432,72146,1442886
2026-07,CUS-0036,1010020,144288,216432,72146,1442886
2026-07,CUS-0037,1010020,144288,216432,72146,1442886
2026-07,CUS-0038,1010020,144288,216432,72146,1442886
2026-07,CUS-0039,1010020,144288,216432,72146,1442886
2026-07,CUS-0040,1010020,144288,216432,72146,1442886
2026-07,CUS-0041,1010020,144288,216432,72146,1442886
2026-07,CUS-0042,1010020,144288,216432,72146,1442886
2026-07,CUS-0043,1010020,144288,216432,72146,1442886
2026-07,CUS-0044,1010020,144288,216432,72146,1442886
2026-07,CUS-0045,1010020,144288,216432,72146,1442886
2026-07,CUS-0046,1010020,144288,216432,72146,1442886
2026-07,CUS-0047,1010020,144288,216432,72146,1442886
2026-07,CUS-0048,1010020,144288,216432,72146,1442886
2026-07,CUS-0049,1010020,144288,216432,72146,1442886
2026-07,CUS-0050,1010020,144288,216432,72146,1442886
2026-07,CUS-0051,1010020,144288,216432,72146,1442886
2026-07,CUS-0052,1010020,144288,216432,72146,1442886
2026-07,CUS-0053,1010020,144288,216432,72146,1442886
2026-07,CUS-0054,1010020,144288,216432,72146,1442886
2026-07,CUS-0055,1010020,144288,216432,72146,1442886
2026-07,CUS-0056,1010020,144288,216432,72146,1442886
2026-07,CUS-0057,1010020,144288,216432,72146,1442886
2026-07,CUS-0058,1010020,144288,216432,72146,1442886
2026-07,CUS-0059,1010020,144288,216432,72146,1442886
2026-07,CUS-0060,1010020,144288,216432,72146,1442886
2026-07,CUS-0061,1010020,144288,216432,72146,1442886
2026-07,CUS-0062,1010020,144288,216432,72146,1442886
2026-07,CUS-0063,1010020,144288,216432,72146,1442886
2026-07,CUS-0064,1010020,144288,216432,72146,1442886
2026-07,CUS-0065,1010020,144288,216432,72146,1442886
2026-07,CUS-0066,1010020,144288,216432,72146,1442886
2026-07,CUS-0067,1010020,144288,216432,72146,1442886
2026-07,CUS-0068,1010020,144288,216432,72146,1442886
2026-07,CUS-0069,1010020,144288,216432,72146,1442886
2026-07,CUS-0070,1010020,144288,216432,72146,1442886
2026-07,CUS-0071,1010020,144288,216432,72146,1442886
2026-07,CUS-0072,1010020,144288,216432,72146,1442886
2026-07,CUS-0073,1010020,144288,216432,72146,1442886
2026-07,CUS-0074,1010020,144288,216432,72146,1442886
2026-07,CUS-0075,1010020,144288,216432,72146,1442886
2026-07,CUS-0076,1010020,144288,216432,72146,1442886
2026-07,CUS-0077,1010020,144288,216432,72146,1442886
2026-07,CUS-0078,1010020,144288,216432,72146,1442886
2026-07,CUS-0079,1010020,144288,216432,72146,1442886
2026-07,CUS-0080,1010020,144288,216432,72146,1442886
2026-07,CUS-0081,1010020,144288,216432,72146,1442886
2026-07,CUS-0082,1010020,144288,216432,72146,1442886
2026-07,CUS-0083,1010020,144288,216432,72146,1442886
2026-07,CUS-0084,1010020,144288,216432,72146,1442886
2026-07,CUS-0085,1010020,144288,216432,72146,1442886
2026-07,CUS-0086,1010020,144288,216432,72146,1442886
2026-07,CUS-0087,1010020,144288,216432,72146,1442886
2026-07,CUS-0088,1010020,144288,216432,72146,1442886
2026-07,CUS-0089,1010020,144288,216432,72146,1442886
2026-07,CUS-0090,1010020,144288,216432,72146,1442886
2026-07,CUS-0091,1010020,144288,216432,72146,1442886
2026-07,CUS-0092,1010020,144288,216432,72146,1442886
2026-07,CUS-0093,1010020,144288,216432,72146,1442886
2026-07,CUS-0094,1010020,144288,216432,72146,1442886
2026-07,CUS-0095,1010020,144288,216432,72146,1442886
2026-07,CUS-0096,1010020,144288,216432,72146,1442886
2026-07,CUS-0097,1010020,144288,216432,72146,1442886
2026-07,CUS-0098,1010020,144288,216432,72146,1442886
2026-07,CUS-0099,1010020,144288,216432,72146,1442886
2026-07,CUS-0100,1010020,144288,216432,72146,1442886
2026-07,CUS-0101,1010020,144288,216432,72146,1442886
2026-07,CUS-0102,1010020,144288,216432,72146,1442886
2026-07,CUS-0103,1010020,144288,216432,72146,1442886
2026-07,CUS-0104,1010020,144288,216432,72146,1442886
2026-07,CUS-0105,1010020,144288,216432,72146,1442886
2026-07,CUS-0106,1010020,144288,216432,72146,1442886
2026-07,CUS-0107,1010020,144288,216432,72146,1442886
2026-07,CUS-0108,1010020,144288,216432,72146,1442886
2026-07,CUS-0109,1010020,144288,216432,72146,1442886
2026-07,CUS-0110,1010020,144288,216432,72146,1442886
2026-07,CUS-0111,1010020,144288,216432,72146,1442886
2026-07,CUS-0112,1010020,144288,216432,72146,1442886
2026-07,CUS-0113,1010020,144288,216432,72146,1442886
2026-07,CUS-0114,1010020,144288,216432,72146,1442886
2026-07,CUS-0115,1010020,144288,216432,72146,1442886
2026-07,CUS-0116,1010020,144288,216432,72146,1442886
2026-07,CUS-0117,1010020,144288,216432,72146,1442886
2026-07,CUS-0118,1010020,144288,216432,72146,1442886
2026-07,CUS-0119,1010020,144288,216432,72146,1442886
2026-07,CUS-0120,1010020,144288,216432,72146,1442886
2026-07,CUS-0121,1010020,144288,216432,72146,1442886
2026-07,CUS-0122,1010020,144288,216432,72146,1442886
2026-07,CUS-0123,1010020,144288,216432,72146,1442886
2026-07,CUS-0124,1010020,144288,216432,72146,1442886
2026-07,CUS-0125,1010020,144288,216432,72146,1442886
2026-07,CUS-0126,1010020,144288,216432,72146,1442886
2026-07,CUS-0127,1010020,144288,216432,72146,1442886
2026-07,CUS-0128,1010020,144288,216432,72146,1442886
2026-07,CUS-0129,1010020,144288,216432,72146,1442886
2026-07,CUS-0130,1010020,144288,216432,72146,1442886
2026-07,CUS-0131,1010020,144288,216432,72146,1442886
2026-07,CUS-0132,1010020,144288,216432,72146,1442886
2026-07,CUS-0133,1010020,144288,216432,72146,1442886
2026-07,CUS-0134,1010020,144288,216432,72146,1442886
2026-07,CUS-0135,1010020,144288,216432,72146,1442886
2026-07,CUS-0136,1010020,144288,216432,72146,1442886
2026-07,CUS-0137,1010020,144288,216432,72146,1442886
2026-07,CUS-0138,1010020,144288,216432,72146,1442886
2026-07,CUS-0139,1010020,144288,216432,72146,1442886
2026-07,CUS-0140,1010020,144288,216432,72146,1442886
2026-07,CUS-0141,1010020,144288,216432,72146,1442886
2026-07,CUS-0142,1010020,144288,216432,72146,1442886
2026-07,CUS-0143,1010020,144288,216432,72146,1442886
2026-07,CUS-0144,1010020,144288,216432,72146,1442886
2026-07,CUS-0145,1010020,144288,216432,72146,1442886
2026-07,CUS-0146,1010020,144288,216432,72146,1442886
2026-07,CUS-0147,1010020,144288,216432,72146,1442886
2026-07,CUS-0148,1010020,144288,216432,72146,1442886
2026-07,CUS-0149,1010020,144288,216432,72146,1442886
2026-07,CUS-0150,1010020,144288,216432,72146,1442886
2026-07,CUS-0151,1010020,144288,216432,72146,1442886
2026-07,CUS-0152,1010020,144288,216432,72146,1442886
2026-07,CUS-0153,1010020,144288,216432,72146,1442886
2026-07,CUS-0154,1010020,144288,216432,72146,1442886
2026-07,CUS-0155,1010020,144288,216432,72146,1442886
2026-07,CUS-0156,1010020,144288,216432,72146,1442886
2026-07,CUS-0157,1010020,144288,216432,72146,1442886
2026-07,CUS-0158,1010020,144288,216432,72146,1442886
2026-07,CUS-0159,1010020,144288,216432,72146,1442886
2026-07,CUS-0160,1010020,144288,216432,72146,1442886
2026-07,CUS-0161,1010020,144288,216432,72146,1442886
2026-07,CUS-0162,1010020,144288,216432,72146,1442886
2026-07,CUS-0163,1010020,144288,216432,72146,1442886
2026-07,CUS-0164,1010020,144288,216432,72146,1442886
2026-07,CUS-0165,1010020,144288,216432,72146,1442886
2026-07,CUS-0166,1010020,144288,216432,72146,1442886
2026-07,CUS-0167,1010020,144288,216432,72146,1442886
2026-07,CUS-0168,1010020,144288,216432,72146,1442886
2026-07,CUS-0169,1010020,144288,216432,72146,1442886
2026-07,CUS-0170,1010020,144288,216432,72146,1442886
2026-07,CUS-0171,1010020,144288,216432,72146,1442886
2026-07,CUS-0172,1010020,144288,216432,72146,1442886
2026-07,CUS-0173,1010020,144288,216432,72146,1442886
2026-07,CUS-0174,1010020,144288,216432,72146,1442886
2026-07,CUS-0175,1010020,144288,216432,72146,1442886
2026-07,CUS-0176,1010020,144288,216432,72146,1442886
2026-07,CUS-0177,1010020,144288,216432,72146,1442886
2026-07,CUS-0178,1010020,144288,216432,72146,1442886
2026-07,CUS-0179,1010020,144288,216432,72146,1442886
2026-07,CUS-0180,1010020,144288,216432,72146,1442886
2026-07,CUS-0181,1010020,144288,216432,72146,1442886
2026-07,CUS-0182,1010020,144288,216432,72146,1442886
2026-07,CUS-0183,1010020,144288,216432,72146,1442886
2026-07,CUS-0184,1010020,144288,216432,72146,1442886
2026-07,CUS-0185,1010020,144288,216432,72146,1442886
2026-07,CUS-0186,1010020,144288,216432,72146,1442886
2026-07,CUS-0187,1010020,144288,216432,72146,1442886
2026-07,CUS-0188,1010020,144288,216432,72146,1442886
2026-07,CUS-0189,1010020,144288,216432,72146,1442886
2026-07,CUS-0190,1010020,144288,216432,72146,1442886
2026-07,CUS-0191,1010020,144288,216432,72146,1442886
2026-07,CUS-0192,1010020,144288,216432,72146,1442886
2026-07,CUS-0193,1010020,144288,216432,72146,1442886
2026-07,CUS-0194,1010020,144288,216432,72146,1442886
2026-07,CUS-0195,1010020,144288,216432,72146,1442886
2026-07,CUS-0196,1010020,144288,216432,72146,1442886
2026-07,CUS-0197,1010020,144288,216432,72146,1442886
2026-07,CUS-0198,1010020,144288,216432,72146,1442886
2026-07,CUS-0199,1010020,144288,216432,72146,1442886
2026-07,CUS-0200,1010020,144288,216432,72146,1442886
2026-07,CUS-0201,1010020,144288,216432,72146,1442886
2026-07,CUS-0202,1010020,144288,216432,72146,1442886
2026-07,CUS-0203,1010020,144288,216432,72146,1442886
2026-07,CUS-0204,1010020,144288,216432,72146,1442886
2026-07,CUS-0205,1010020,144288,216432,72146,1442886
2026-07,CUS-0206,1010020,144288,216432,72146,1442886
2026-07,CUS-0207,1010020,144288,216432,72146,1442886
2026-07,CUS-0208,1010020,144288,216432,72146,1442886
2026-07,CUS-0209,1010020,144288,216432,72146,1442886
2026-07,CUS-0210,1010020,144288,216432,72146,1442886
2026-07,CUS-0211,1010020,144288,216432,72146,1442886
2026-07,CUS-0212,1010020,144288,216432,72146,1442886
2026-07,CUS-0213,1010020,144288,216432,72146,1442886
2026-07,CUS-0214,1010020,144288,216432,72146,1442886
2026-07,CUS-0215,1010020,144288,216432,72146,1442886
2026-07,CUS-0216,1010020,144288,216432,72146,1442886
2026-07,CUS-0217,1010020,144288,216432,72146,1442886
2026-07,CUS-0218,1010020,144288,216432,72146,1442886
2026-07,CUS-0219,1010020,144288,216432,72146,1442886
2026-07,CUS-0220,1010020,144288,216432,72146,1442886
2026-07,CUS-0221,1010020,144288,216432,72146,1442886
2026-07,CUS-0222,1010020,144288,216432,72146,1442886
2026-07,CUS-0223,1010020,144288,216432,72146,1442886
2026-07,CUS-0224,1010020,144288,216432,72146,1442886
2026-07,CUS-0225,1010020,144288,216432,72146,1442886
2026-07,CUS-0226,1010020,144288,216432,72146,1442886
2026-07,CUS-0227,1010020,144288,216432,72146,1442886
2026-07,CUS-0228,1010020,144288,216432,72146,1442886
2026-07,CUS-0229,1010020,144288,216432,72146,1442886
2026-07,CUS-0230,1010020,144288,216432,72146,1442886
2026-07,CUS-0231,1010020,144288,216432,72146,1442886
2026-07,CUS-0232,1010020,144288,216432,72146,1442886
2026-07,CUS-0233,1010020,144288,216432,72146,1442886
2026-07,CUS-0234,1010020,144288,216432,72146,1442886
2026-07,CUS-0235,1010020,144288,216432,72146,1442886
2026-07,CUS-0236,1010020,144288,216432,72146,1442886
2026-07,CUS-0237,1010020,144288,216432,72146,1442886
2026-07,CUS-0238,1010020,144288,216432,72146,1442886
2026-07,CUS-0239,1010020,144288,216432,72146,1442886
2026-07,CUS-0240,1010020,144288,216432,72146,1442886
2026-07,CUS-0241,1010020,144288,216432,72146,1442886
2026-07,CUS-0242,1010020,144288,216432,72146,1442886
2026-07,CUS-0243,1010020,144288,216432,72146,1442886
2026-07,CUS-0244,1010020,144288,216432,72146,1442886
2026-07,CUS-0245,1010020,144288,216432,72146,1442886
2026-07,CUS-0246,1010020,144288,216432,72146,1442886
2026-07,CUS-0247,1010020,144288,216432,72146,1442886
2026-07,CUS-0248,1010020,144288,216432,72146,1442886
2026-07,CUS-0249,1010020,144288,216432,72146,1442886
2026-07,CUS-0250,1010020,144288,216432,72146,1442886
2026-07,CUS-0251,1010020,144288,216432,72146,1442886
2026-07,CUS-0252,1010020,144288,216432,72146,1442886
2026-07,CUS-0253,1010020,144288,216432,72146,1442886
2026-07,CUS-0254,1010020,144288,216432,72146,1442886
2026-07,CUS-0255,1010020,144288,216432,72146,1442886
2026-07,CUS-0256,1010020,144288,216432,72146,1442886
2026-07,CUS-0257,1010020,144288,216432,72146,1442886
2026-07,CUS-0258,1010020,144288,216432,72146,1442886
2026-07,CUS-0259,1010020,144288,216432,72146,1442886
2026-07,CUS-0260,1010020,144288,216432,72146,1442886
2026-07,CUS-0261,1010020,144288,216432,72146,1442886
2026-07,CUS-0262,1010020,144288,216432,72146,1442886
2026-07,CUS-0263,1010020,144288,216432,72146,1442886
2026-07,CUS-0264,1010020,144288,216432,72146,1442886
2026-07,CUS-0265,1010020,144288,216432,72146,1442886
2026-07,CUS-0266,1010020,144288,216432,72146,1442886
2026-07,CUS-0267,1010020,144288,216432,72146,1442886
2026-07,CUS-0268,1010020,144288,216432,72146,1442886
2026-07,CUS-0269,1010020,144288,216432,72146,1442886
2026-07,CUS-0270,1010020,144288,216432,72146,1442886
2026-07,CUS-0271,1010020,144288,216432,72146,1442886
2026-07,CUS-0272,1010020,144288,216432,72146,1442886
2026-07,CUS-0273,1010020,144288,216432,72146,1442886
2026-07,CUS-0274,1010020,144288,216432,72146,1442886
2026-07,CUS-0275,1010020,144288,216432,72146,1442886
2026-07,CUS-0276,1010020,144288,216432,72146,1442886
2026-07,CUS-0277,1010020,144288,216432,72146,1442886
2026-07,CUS-0278,1010020,144288,216432,72146,1442886
2026-07,CUS-0279,1010020,144288,216432,72146,1442886
2026-07,CUS-0280,1010020,144288,216432,72146,1442886
2026-07,CUS-0281,1010020,144288,216432,72146,1442886
2026-07,CUS-0282,1010020,144288,216432,72146,1442886
2026-07,CUS-0283,1010020,144288,216432,72146,1442886
2026-07,CUS-0284,1010020,144288,216432,72146,1442886
2026-07,CUS-0285,1010020,144288,216432,72146,1442886
2026-07,CUS-0286,1010020,144288,216432,72146,1442886
2026-07,CUS-0287,1010020,144288,216432,72146,1442886
2026-07,CUS-0288,1010020,144288,216432,72146,1442886
2026-07,CUS-0289,1010020,144288,216432,72146,1442886
2026-07,CUS-0290,1010020,144288,216432,72146,1442886
2026-07,CUS-0291,1010020,144288,216432,72146,1442886
2026-07,CUS-0292,1010020,144288,216432,72146,1442886
2026-07,CUS-0293,1010020,144288,216432,72146,1442886
2026-07,CUS-0294,1010020,144288,216432,72146,1442886
2026-07,CUS-0295,1010020,144288,216432,72146,1442886
2026-07,CUS-0296,1010020,144288,216432,72146,1442886
2026-07,CUS-0297,1010020,144288,216432,72146,1442886
2026-07,CUS-0298,1010020,144288,216432,72146,1442886
2026-07,CUS-0299,1010020,144288,216432,72146,1442886
2026-07,CUS-0300,1010020,144288,216432,72146,1442886
2026-07,CUS-0301,1010020,144288,216432,72146,1442886
2026-07,CUS-0302,1010020,144288,216432,72146,1442886
2026-07,CUS-0303,1010020,144288,216432,72146,1442886
2026-07,CUS-0304,1010020,144288,216432,72146,1442886
2026-07,CUS-0305,1010020,144288,216432,72146,1442886
2026-07,CUS-0306,1010020,144288,216432,72146,1442886
2026-07,CUS-0307,1010020,144288,216432,72146,1442886
2026-07,CUS-0308,1010020,144288,216432,72146,1442886
2026-07,CUS-0309,1010020,144288,216432,72146,1442886
2026-07,CUS-0310,1010020,144288,216432,72146,1442886
2026-07,CUS-0311,1010019,144288,216432,72146,1442885
2026-07,CUS-0312,1010019,144288,216432,72146,1442885
2026-07,CUS-0313,1010019,144288,216432,72146,1442885
2026-07,CUS-0314,1010019,144288,216432,72146,1442885
2026-07,CUS-0315,1010019,144288,216432,72146,1442885
2026-07,CUS-0316,1010019,144288,216432,72146,1442885
2026-07,CUS-0317,1010019,144288,216432,72146,1442885
2026-07,CUS-0318,1010019,144288,216432,72146,1442885
2026-07,CUS-0319,1010019,144288,216432,72146,1442885
2026-07,CUS-0320,1010019,144288,216432,72146,1442885
2026-07,CUS-0321,1010019,144288,216432,72146,1442885
2026-07,CUS-0322,1010019,144288,216432,72146,1442885
2026-07,CUS-0323,1010019,144288,216432,72146,1442885
2026-07,CUS-0324,1010019,144288,216432,72146,1442885
2026-07,CUS-0325,1010019,144288,216432,72146,1442885
2026-07,CUS-0326,1010019,144288,216432,72146,1442885
2026-07,CUS-0327,1010019,144288,216432,72146,1442885
2026-07,CUS-0328,1010019,144288,216432,72146,1442885
2026-07,CUS-0329,1010019,144288,216432,72146,1442885
2026-07,CUS-0330,1010019,144288,216432,72146,1442885
2026-07,CUS-0331,1010019,144288,216432,72146,1442885
2026-07,CUS-0332,1010019,144288,216432,72146,1442885
2026-07,CUS-0333,1010019,144288,216432,72146,1442885
2026-07,CUS-0334,1010019,144288,216432,72146,1442885
2026-07,CUS-0335,1010019,144288,216432,72146,1442885
2026-07,CUS-0336,1010019,144288,216432,72146,1442885
2026-07,CUS-0337,1010019,144288,216432,72146,1442885
2026-07,CUS-0338,1010019,144288,216432,72146,1442885
2026-07,CUS-0339,1010019,144288,216432,72146,1442885
2026-07,CUS-0340,1010019,144288,216432,72146,1442885
2026-07,CUS-0341,1010019,144288,216432,72146,1442885
2026-07,CUS-0342,1010019,144288,216432,72146,1442885
2026-07,CUS-0343,1010019,144288,216432,72146,1442885
2026-07,CUS-0344,1010019,144288,216432,72146,1442885
2026-07,CUS-0345,1010019,144288,216432,72146,1442885
2026-07,CUS-0346,1010019,144288,216432,72146,1442885
2026-07,CUS-0347,1010019,144288,216432,72146,1442885
2026-07,CUS-0348,1010019,144288,216432,72146,1442885
2026-07,CUS-0349,1010019,144288,216432,72146,1442885
2026-07,CUS-0350,1010019,144288,216432,72146,1442885
2026-07,CUS-0351,1010019,144288,216432,72146,1442885
2026-07,CUS-0352,1010019,144288,216432,72146,1442885
2026-07,CUS-0353,1010019,144288,216432,72146,1442885
2026-07,CUS-0354,1010019,144288,216432,72146,1442885
2026-07,CUS-0355,1010019,144288,216432,72146,1442885
2026-07,CUS-0356,1010019,144288,216432,72146,1442885
2026-07,CUS-0357,1010019,144288,216432,72146,1442885
2026-07,CUS-0358,1010019,144288,216432,72146,1442885
2026-07,CUS-0359,1010019,144288,216432,72146,1442885
2026-07,CUS-0360,1010019,144288,216432,72146,1442885
2026-07,CUS-0361,1010019,144288,216432,72146,1442885
2026-07,CUS-0362,1010019,144288,216432,72146,1442885
2026-07,CUS-0363,1010019,144288,216432,72146,1442885
2026-07,CUS-0364,1010019,144288,216432,72146,1442885
2026-07,CUS-0365,1010019,144288,216432,72146,1442885
2026-07,CUS-0366,1010019,144288,216432,72146,1442885
2026-07,CUS-0367,1010019,144288,216432,72146,1442885
2026-07,CUS-0368,1010019,144288,216432,72146,1442885
2026-07,CUS-0369,1010019,144288,216432,72146,1442885
2026-07,CUS-0370,1010019,144288,216432,72146,1442885
2026-07,CUS-0371,1010019,144288,216432,72146,1442885
2026-07,CUS-0372,1010019,144288,216432,72146,1442885
2026-07,CUS-0373,1010019,144288,216432,72146,1442885
2026-07,CUS-0374,1010019,144288,216432,72146,1442885
2026-07,CUS-0375,1010019,144288,216432,72146,1442885
2026-07,CUS-0376,1010019,144288,216432,72146,1442885
2026-07,CUS-0377,1010019,144288,216432,72146,1442885
2026-07,CUS-0378,1010019,144288,216432,72146,1442885
2026-07,CUS-0379,1010019,144288,216432,72146,1442885
2026-07,CUS-0380,1010019,144288,216432,72146,1442885
2026-07,CUS-0381,1010019,144288,216432,72146,1442885
2026-07,CUS-0382,1010019,144288,216432,72146,1442885
2026-07,CUS-0383,1010019,144288,216432,72146,1442885
2026-07,CUS-0384,1010019,144288,216432,72146,1442885
2026-07,CUS-0385,1010019,144288,216432,72146,1442885
2026-07,CUS-0386,1010019,144288,216432,72146,1442885
2026-07,CUS-0387,1010019,144288,216432,72146,1442885
2026-07,CUS-0388,1010019,144288,216432,72146,1442885
2026-07,CUS-0389,1010019,144288,216432,72146,1442885
2026-07,CUS-0390,1010019,144288,216432,72146,1442885
2026-07,CUS-0391,1010019,144288,216432,72146,1442885
2026-07,CUS-0392,1010019,144288,216432,72146,1442885
2026-07,CUS-0393,1010019,144288,216432,72146,1442885
2026-07,CUS-0394,1010019,144288,216432,72146,1442885
2026-07,CUS-0395,1010019,144288,216432,72146,1442885
2026-07,CUS-0396,1010019,144288,216432,72146,1442885
2026-07,CUS-0397,1010019,144288,216432,72146,1442885
2026-07,CUS-0398,1010019,144288,216432,72146,1442885
2026-07,CUS-0399,1010019,144288,216432,72146,1442885
2026-07,CUS-0400,1010019,144288,216432,72146,1442885
2026-07,CUS-0401,1010019,144288,216432,72146,1442885
2026-07,CUS-0402,1010019,144288,216432,72146,1442885
2026-07,CUS-0403,1010019,144288,216432,72146,1442885
2026-07,CUS-0404,1010019,144288,216432,72146,1442885
2026-07,CUS-0405,1010019,144288,216432,72146,1442885
2026-07,CUS-0406,1010019,144288,216432,72146,1442885
2026-07,CUS-0407,1010019,144288,216432,72146,1442885
2026-07,CUS-0408,1010019,144288,216432,72146,1442885
2026-07,CUS-0409,1010019,144288,216432,72146,1442885
2026-07,CUS-0410,1010019,144288,216432,72146,1442885
2026-07,CUS-0411,1010019,144288,216432,72146,1442885
2026-07,CUS-0412,1010019,144288,216432,72146,1442885
2026-07,CUS-0413,1010019,144288,216432,72146,1442885
2026-07,CUS-0414,1010019,144288,216432,72146,1442885
2026-07,CUS-0415,1010019,144288,216432,72146,1442885
2026-07,CUS-0416,1010019,144288,216432,72146,1442885
2026-07,CUS-0417,1010019,144288,216432,72146,1442885
2026-07,CUS-0418,1010019,144288,216432,72146,1442885
2026-07,CUS-0419,1010019,144288,216432,72146,1442885
2026-07,CUS-0420,1010019,144288,216432,72146,1442885
2026-07,CUS-0421,1010019,144288,216432,72146,1442885
2026-07,CUS-0422,1010019,144288,216432,72146,1442885
2026-07,CUS-0423,1010019,144288,216432,72146,1442885
2026-07,CUS-0424,1010019,144288,216432,72146,1442885
2026-07,CUS-0425,1010019,144288,216432,72146,1442885
2026-07,CUS-0426,1010019,144288,216432,72146,1442885
2026-07,CUS-0427,1010019,144288,216432,72146,1442885
2026-07,CUS-0428,1010019,144288,216432,72146,1442885
2026-07,CUS-0429,1010019,144288,216432,72146,1442885
2026-07,CUS-0430,1010019,144288,216432,72146,1442885
2026-07,CUS-0431,1010019,144288,216432,72146,1442885
2026-07,CUS-0432,1010019,144288,216432,72146,1442885
2026-07,CUS-0433,1010019,144288,216432,72146,1442885
2026-07,CUS-0434,1010019,144288,216432,72146,1442885
2026-07,CUS-0435,1010019,144288,216432,72146,1442885
2026-07,CUS-0436,1010019,144288,216432,72146,1442885
2026-07,CUS-0437,1010019,144288,216432,72146,1442885
2026-07,CUS-0438,1010019,144288,216432,72146,1442885
2026-07,CUS-0439,1010019,144288,216432,72146,1442885
2026-07,CUS-0440,1010019,144288,216432,72146,1442885
2026-07,CUS-0441,1010019,144288,216432,72146,1442885
2026-07,CUS-0442,1010019,144288,216432,72146,1442885
2026-07,CUS-0443,1010019,144288,216432,72146,1442885
2026-07,CUS-0444,1010019,144288,216432,72146,1442885
2026-07,CUS-0445,1010019,144288,216432,72146,1442885
2026-07,CUS-0446,1010019,144288,216432,72146,1442885
2026-07,CUS-0447,1010019,144288,216432,72146,1442885
2026-07,CUS-0448,1010019,144288,216432,72146,1442885
2026-07,CUS-0449,1010019,144288,216432,72146,1442885
2026-07,CUS-0450,1010019,144288,216432,72146,1442885
2026-07,CUS-0451,1010019,144288,216432,72146,1442885
2026-07,CUS-0452,1010019,144288,216432,72146,1442885
2026-07,CUS-0453,1010019,144288,216432,72146,1442885
2026-07,CUS-0454,1010019,144288,216432,72146,1442885
2026-07,CUS-0455,1010019,144288,216432,72146,1442885
2026-07,CUS-0456,1010019,144288,216432,72146,1442885
2026-07,CUS-0457,1010019,144288,216432,72146,1442885
2026-07,CUS-0458,1010019,144288,216432,72146,1442885
2026-07,CUS-0459,1010019,144288,216432,72146,1442885
2026-07,CUS-0460,1010019,144288,216432,72146,1442885
2026-07,CUS-0461,1010019,144288,216432,72146,1442885
2026-07,CUS-0462,1010019,144288,216432,72146,1442885
2026-07,CUS-0463,1010019,144288,216432,72146,1442885
2026-07,CUS-0464,1010019,144288,216432,72146,1442885
2026-07,CUS-0465,1010019,144288,216432,72146,1442885
2026-07,CUS-0466,1010019,144288,216432,72146,1442885
2026-07,CUS-0467,1010019,144288,216432,72146,1442885
2026-07,CUS-0468,1010019,144288,216432,72146,1442885
2026-07,CUS-0469,1010019,144288,216432,72146,1442885
2026-07,CUS-0470,1010019,144288,216432,72146,1442885
2026-07,CUS-0471,1010019,144288,216432,72146,1442885
2026-07,CUS-0472,1010019,144288,216432,72146,1442885
2026-07,CUS-0473,1010019,144288,216432,72146,1442885
2026-07,CUS-0474,1010019,144288,216432,72146,1442885
2026-07,CUS-0475,1010019,144288,216432,72146,1442885
2026-07,CUS-0476,1010019,144288,216432,72146,1442885
2026-07,CUS-0477,1010019,144288,216432,72146,1442885
2026-07,CUS-0478,1010019,144288,216432,72146,1442885
2026-07,CUS-0479,1010019,144288,216432,72146,1442885
2026-07,CUS-0480,1010019,144288,216432,72146,1442885
2026-07,CUS-0481,1010019,144288,216432,72146,1442885
2026-07,CUS-0482,1010019,144288,216432,72146,1442885
2026-07,CUS-0483,1010019,144288,216432,72146,1442885
2026-07,CUS-0484,1010019,144288,216432,72146,1442885
2026-07,CUS-0485,1010019,144288,216432,72146,1442885
2026-07,CUS-0486,1010019,144288,216432,72146,1442885
2026-07,CUS-0487,1010019,144288,216432,72146,1442885
2026-07,CUS-0488,1010019,144288,216432,72146,1442885
2026-07,CUS-0489,1010019,144288,216432,72146,1442885
2026-07,CUS-0490,1010019,144288,216432,72146,1442885
2026-07,CUS-0491,1010019,144288,216432,72146,1442885
2026-07,CUS-0492,1010019,144288,216432,72146,1442885
2026-07,CUS-0493,1010019,144288,216432,72146,1442885
2026-07,CUS-0494,1010019,144288,216432,72146,1442885
2026-07,CUS-0495,1010019,144288,216432,72146,1442885
2026-07,CUS-0496,1010019,144288,216432,72146,1442885
2026-07,CUS-0497,1010019,144288,216432,72146,1442885
2026-07,CUS-0498,1010019,144288,216432,72146,1442885
2026-07,CUS-0499,1010019,144288,216432,72146,1442885
2026-07,CUS-0500,1010019,144288,216432,72146,1442885
2026-08,CUS-0001,231000000,33000000,49500000,16500000,330000000
2026-08,CUS-0002,1010020,144288,216432,72146,1442886
2026-08,CUS-0003,1010020,144288,216432,72146,1442886
2026-08,CUS-0004,1010020,144288,216432,72146,1442886
2026-08,CUS-0005,1010020,144288,216432,72146,1442886
2026-08,CUS-0006,1010020,144288,216432,72146,1442886
2026-08,CUS-0007,1010020,144288,216432,72146,1442886
2026-08,CUS-0008,1010020,144288,216432,72146,1442886
2026-08,CUS-0009,1010020,144288,216432,72146,1442886
2026-08,CUS-0010,1010020,144288,216432,72146,1442886
2026-08,CUS-0011,1010020,144288,216432,72146,1442886
2026-08,CUS-0012,1010020,144288,216432,72146,1442886
2026-08,CUS-0013,1010020,144288,216432,72146,1442886
2026-08,CUS-0014,1010020,144288,216432,72146,1442886
2026-08,CUS-0015,1010020,144288,216432,72146,1442886
2026-08,CUS-0016,1010020,144288,216432,72146,1442886
2026-08,CUS-0017,1010020,144288,216432,72146,1442886
2026-08,CUS-0018,1010020,144288,216432,72146,1442886
2026-08,CUS-0019,1010020,144288,216432,72146,1442886
2026-08,CUS-0020,1010020,144288,216432,72146,1442886
2026-08,CUS-0021,1010020,144288,216432,72146,1442886
2026-08,CUS-0022,1010020,144288,216432,72146,1442886
2026-08,CUS-0023,1010020,144288,216432,72146,1442886
2026-08,CUS-0024,1010020,144288,216432,72146,1442886
2026-08,CUS-0025,1010020,144288,216432,72146,1442886
2026-08,CUS-0026,1010020,144288,216432,72146,1442886
2026-08,CUS-0027,1010020,144288,216432,72146,1442886
2026-08,CUS-0028,1010020,144288,216432,72146,1442886
2026-08,CUS-0029,1010020,144288,216432,72146,1442886
2026-08,CUS-0030,1010020,144288,216432,72146,1442886
2026-08,CUS-0031,1010020,144288,216432,72146,1442886
2026-08,CUS-0032,1010020,144288,216432,72146,1442886
2026-08,CUS-0033,1010020,144288,216432,72146,1442886
2026-08,CUS-0034,1010020,144288,216432,72146,1442886
2026-08,CUS-0035,1010020,144288,216432,72146,1442886
2026-08,CUS-0036,1010020,144288,216432,72146,1442886
2026-08,CUS-0037,1010020,144288,216432,72146,1442886
2026-08,CUS-0038,1010020,144288,216432,72146,1442886
2026-08,CUS-0039,1010020,144288,216432,72146,1442886
2026-08,CUS-0040,1010020,144288,216432,72146,1442886
2026-08,CUS-0041,1010020,144288,216432,72146,1442886
2026-08,CUS-0042,1010020,144288,216432,72146,1442886
2026-08,CUS-0043,1010020,144288,216432,72146,1442886
2026-08,CUS-0044,1010020,144288,216432,72146,1442886
2026-08,CUS-0045,1010020,144288,216432,72146,1442886
2026-08,CUS-0046,1010020,144288,216432,72146,1442886
2026-08,CUS-0047,1010020,144288,216432,72146,1442886
2026-08,CUS-0048,1010020,144288,216432,72146,1442886
2026-08,CUS-0049,1010020,144288,216432,72146,1442886
2026-08,CUS-0050,1010020,144288,216432,72146,1442886
2026-08,CUS-0051,1010020,144288,216432,72146,1442886
2026-08,CUS-0052,1010020,144288,216432,72146,1442886
2026-08,CUS-0053,1010020,144288,216432,72146,1442886
2026-08,CUS-0054,1010020,144288,216432,72146,1442886
2026-08,CUS-0055,1010020,144288,216432,72146,1442886
2026-08,CUS-0056,1010020,144288,216432,72146,1442886
2026-08,CUS-0057,1010020,144288,216432,72146,1442886
2026-08,CUS-0058,1010020,144288,216432,72146,1442886
2026-08,CUS-0059,1010020,144288,216432,72146,1442886
2026-08,CUS-0060,1010020,144288,216432,72146,1442886
2026-08,CUS-0061,1010020,144288,216432,72146,1442886
2026-08,CUS-0062,1010020,144288,216432,72146,1442886
2026-08,CUS-0063,1010020,144288,216432,72146,1442886
2026-08,CUS-0064,1010020,144288,216432,72146,1442886
2026-08,CUS-0065,1010020,144288,216432,72146,1442886
2026-08,CUS-0066,1010020,144288,216432,72146,1442886
2026-08,CUS-0067,1010020,144288,216432,72146,1442886
2026-08,CUS-0068,1010020,144288,216432,72146,1442886
2026-08,CUS-0069,1010020,144288,216432,72146,1442886
2026-08,CUS-0070,1010020,144288,216432,72146,1442886
2026-08,CUS-0071,1010020,144288,216432,72146,1442886
2026-08,CUS-0072,1010020,144288,216432,72146,1442886
2026-08,CUS-0073,1010020,144288,216432,72146,1442886
2026-08,CUS-0074,1010020,144288,216432,72146,1442886
2026-08,CUS-0075,1010020,144288,216432,72146,1442886
2026-08,CUS-0076,1010020,144288,216432,72146,1442886
2026-08,CUS-0077,1010020,144288,216432,72146,1442886
2026-08,CUS-0078,1010020,144288,216432,72146,1442886
2026-08,CUS-0079,1010020,144288,216432,72146,1442886
2026-08,CUS-0080,1010020,144288,216432,72146,1442886
2026-08,CUS-0081,1010020,144288,216432,72146,1442886
2026-08,CUS-0082,1010020,144288,216432,72146,1442886
2026-08,CUS-0083,1010020,144288,216432,72146,1442886
2026-08,CUS-0084,1010020,144288,216432,72146,1442886
2026-08,CUS-0085,1010020,144288,216432,72146,1442886
2026-08,CUS-0086,1010020,144288,216432,72146,1442886
2026-08,CUS-0087,1010020,144288,216432,72146,1442886
2026-08,CUS-0088,1010020,144288,216432,72146,1442886
2026-08,CUS-0089,1010020,144288,216432,72146,1442886
2026-08,CUS-0090,1010020,144288,216432,72146,1442886
2026-08,CUS-0091,1010020,144288,216432,72146,1442886
2026-08,CUS-0092,1010020,144288,216432,72146,1442886
2026-08,CUS-0093,1010020,144288,216432,72146,1442886
2026-08,CUS-0094,1010020,144288,216432,72146,1442886
2026-08,CUS-0095,1010020,144288,216432,72146,1442886
2026-08,CUS-0096,1010020,144288,216432,72146,1442886
2026-08,CUS-0097,1010020,144288,216432,72146,1442886
2026-08,CUS-0098,1010020,144288,216432,72146,1442886
2026-08,CUS-0099,1010020,144288,216432,72146,1442886
2026-08,CUS-0100,1010020,144288,216432,72146,1442886
2026-08,CUS-0101,1010020,144288,216432,72146,1442886
2026-08,CUS-0102,1010020,144288,216432,72146,1442886
2026-08,CUS-0103,1010020,144288,216432,72146,1442886
2026-08,CUS-0104,1010020,144288,216432,72146,1442886
2026-08,CUS-0105,1010020,144288,216432,72146,1442886
2026-08,CUS-0106,1010020,144288,216432,72146,1442886
2026-08,CUS-0107,1010020,144288,216432,72146,1442886
2026-08,CUS-0108,1010020,144288,216432,72146,1442886
2026-08,CUS-0109,1010020,144288,216432,72146,1442886
2026-08,CUS-0110,1010020,144288,216432,72146,1442886
2026-08,CUS-0111,1010020,144288,216432,72146,1442886
2026-08,CUS-0112,1010020,144288,216432,72146,1442886
2026-08,CUS-0113,1010020,144288,216432,72146,1442886
2026-08,CUS-0114,1010020,144288,216432,72146,1442886
2026-08,CUS-0115,1010020,144288,216432,72146,1442886
2026-08,CUS-0116,1010020,144288,216432,72146,1442886
2026-08,CUS-0117,1010020,144288,216432,72146,1442886
2026-08,CUS-0118,1010020,144288,216432,72146,1442886
2026-08,CUS-0119,1010020,144288,216432,72146,1442886
2026-08,CUS-0120,1010020,144288,216432,72146,1442886
2026-08,CUS-0121,1010020,144288,216432,72146,1442886
2026-08,CUS-0122,1010020,144288,216432,72146,1442886
2026-08,CUS-0123,1010020,144288,216432,72146,1442886
2026-08,CUS-0124,1010020,144288,216432,72146,1442886
2026-08,CUS-0125,1010020,144288,216432,72146,1442886
2026-08,CUS-0126,1010020,144288,216432,72146,1442886
2026-08,CUS-0127,1010020,144288,216432,72146,1442886
2026-08,CUS-0128,1010020,144288,216432,72146,1442886
2026-08,CUS-0129,1010020,144288,216432,72146,1442886
2026-08,CUS-0130,1010020,144288,216432,72146,1442886
2026-08,CUS-0131,1010020,144288,216432,72146,1442886
2026-08,CUS-0132,1010020,144288,216432,72146,1442886
2026-08,CUS-0133,1010020,144288,216432,72146,1442886
2026-08,CUS-0134,1010020,144288,216432,72146,1442886
2026-08,CUS-0135,1010020,144288,216432,72146,1442886
2026-08,CUS-0136,1010020,144288,216432,72146,1442886
2026-08,CUS-0137,1010020,144288,216432,72146,1442886
2026-08,CUS-0138,1010020,144288,216432,72146,1442886
2026-08,CUS-0139,1010020,144288,216432,72146,1442886
2026-08,CUS-0140,1010020,144288,216432,72146,1442886
2026-08,CUS-0141,1010020,144288,216432,72146,1442886
2026-08,CUS-0142,1010020,144288,216432,72146,1442886
2026-08,CUS-0143,1010020,144288,216432,72146,1442886
2026-08,CUS-0144,1010020,144288,216432,72146,1442886
2026-08,CUS-0145,1010020,144288,216432,72146,1442886
2026-08,CUS-0146,1010020,144288,216432,72146,1442886
2026-08,CUS-0147,1010020,144288,216432,72146,1442886
2026-08,CUS-0148,1010020,144288,216432,72146,1442886
2026-08,CUS-0149,1010020,144288,216432,72146,1442886
2026-08,CUS-0150,1010020,144288,216432,72146,1442886
2026-08,CUS-0151,1010020,144288,216432,72146,1442886
2026-08,CUS-0152,1010020,144288,216432,72146,1442886
2026-08,CUS-0153,1010020,144288,216432,72146,1442886
2026-08,CUS-0154,1010020,144288,216432,72146,1442886
2026-08,CUS-0155,1010020,144288,216432,72146,1442886
2026-08,CUS-0156,1010020,144288,216432,72146,1442886
2026-08,CUS-0157,1010020,144288,216432,72146,1442886
2026-08,CUS-0158,1010020,144288,216432,72146,1442886
2026-08,CUS-0159,1010020,144288,216432,72146,1442886
2026-08,CUS-0160,1010020,144288,216432,72146,1442886
2026-08,CUS-0161,1010020,144288,216432,72146,1442886
2026-08,CUS-0162,1010020,144288,216432,72146,1442886
2026-08,CUS-0163,1010020,144288,216432,72146,1442886
2026-08,CUS-0164,1010020,144288,216432,72146,1442886
2026-08,CUS-0165,1010020,144288,216432,72146,1442886
2026-08,CUS-0166,1010020,144288,216432,72146,1442886
2026-08,CUS-0167,1010020,144288,216432,72146,1442886
2026-08,CUS-0168,1010020,144288,216432,72146,1442886
2026-08,CUS-0169,1010020,144288,216432,72146,1442886
2026-08,CUS-0170,1010020,144288,216432,72146,1442886
2026-08,CUS-0171,1010020,144288,216432,72146,1442886
2026-08,CUS-0172,1010020,144288,216432,72146,1442886
2026-08,CUS-0173,1010020,144288,216432,72146,1442886
2026-08,CUS-0174,1010020,144288,216432,72146,1442886
2026-08,CUS-0175,1010020,144288,216432,72146,1442886
2026-08,CUS-0176,1010020,144288,216432,72146,1442886
2026-08,CUS-0177,1010020,144288,216432,72146,1442886
2026-08,CUS-0178,1010020,144288,216432,72146,1442886
2026-08,CUS-0179,1010020,144288,216432,72146,1442886
2026-08,CUS-0180,1010020,144288,216432,72146,1442886
2026-08,CUS-0181,1010020,144288,216432,72146,1442886
2026-08,CUS-0182,1010020,144288,216432,72146,1442886
2026-08,CUS-0183,1010020,144288,216432,72146,1442886
2026-08,CUS-0184,1010020,144288,216432,72146,1442886
2026-08,CUS-0185,1010020,144288,216432,72146,1442886
2026-08,CUS-0186,1010020,144288,216432,72146,1442886
2026-08,CUS-0187,1010020,144288,216432,72146,1442886
2026-08,CUS-0188,1010020,144288,216432,72146,1442886
2026-08,CUS-0189,1010020,144288,216432,72146,1442886
2026-08,CUS-0190,1010020,144288,216432,72146,1442886
2026-08,CUS-0191,1010020,144288,216432,72146,1442886
2026-08,CUS-0192,1010020,144288,216432,72146,1442886
2026-08,CUS-0193,1010020,144288,216432,72146,1442886
2026-08,CUS-0194,1010020,144288,216432,72146,1442886
2026-08,CUS-0195,1010020,144288,216432,72146,1442886
2026-08,CUS-0196,1010020,144288,216432,72146,1442886
2026-08,CUS-0197,1010020,144288,216432,72146,1442886
2026-08,CUS-0198,1010020,144288,216432,72146,1442886
2026-08,CUS-0199,1010020,144288,216432,72146,1442886
2026-08,CUS-0200,1010020,144288,216432,72146,1442886
2026-08,CUS-0201,1010020,144288,216432,72146,1442886
2026-08,CUS-0202,1010020,144288,216432,72146,1442886
2026-08,CUS-0203,1010020,144288,216432,72146,1442886
2026-08,CUS-0204,1010020,144288,216432,72146,1442886
2026-08,CUS-0205,1010020,144288,216432,72146,1442886
2026-08,CUS-0206,1010020,144288,216432,72146,1442886
2026-08,CUS-0207,1010020,144288,216432,72146,1442886
2026-08,CUS-0208,1010020,144288,216432,72146,1442886
2026-08,CUS-0209,1010020,144288,216432,72146,1442886
2026-08,CUS-0210,1010020,144288,216432,72146,1442886
2026-08,CUS-0211,1010020,144288,216432,72146,1442886
2026-08,CUS-0212,1010020,144288,216432,72146,1442886
2026-08,CUS-0213,1010020,144288,216432,72146,1442886
2026-08,CUS-0214,1010020,144288,216432,72146,1442886
2026-08,CUS-0215,1010020,144288,216432,72146,1442886
2026-08,CUS-0216,1010020,144288,216432,72146,1442886
2026-08,CUS-0217,1010020,144288,216432,72146,1442886
2026-08,CUS-0218,1010020,144288,216432,72146,1442886
2026-08,CUS-0219,1010020,144288,216432,72146,1442886
2026-08,CUS-0220,1010020,144288,216432,72146,1442886
2026-08,CUS-0221,1010020,144288,216432,72146,1442886
2026-08,CUS-0222,1010020,144288,216432,72146,1442886
2026-08,CUS-0223,1010020,144288,216432,72146,1442886
2026-08,CUS-0224,1010020,144288,216432,72146,1442886
2026-08,CUS-0225,1010020,144288,216432,72146,1442886
2026-08,CUS-0226,1010020,144288,216432,72146,1442886
2026-08,CUS-0227,1010020,144288,216432,72146,1442886
2026-08,CUS-0228,1010020,144288,216432,72146,1442886
2026-08,CUS-0229,1010020,144288,216432,72146,1442886
2026-08,CUS-0230,1010020,144288,216432,72146,1442886
2026-08,CUS-0231,1010020,144288,216432,72146,1442886
2026-08,CUS-0232,1010020,144288,216432,72146,1442886
2026-08,CUS-0233,1010020,144288,216432,72146,1442886
2026-08,CUS-0234,1010020,144288,216432,72146,1442886
2026-08,CUS-0235,1010020,144288,216432,72146,1442886
2026-08,CUS-0236,1010020,144288,216432,72146,1442886
2026-08,CUS-0237,1010020,144288,216432,72146,1442886
2026-08,CUS-0238,1010020,144288,216432,72146,1442886
2026-08,CUS-0239,1010020,144288,216432,72146,1442886
2026-08,CUS-0240,1010020,144288,216432,72146,1442886
2026-08,CUS-0241,1010020,144288,216432,72146,1442886
2026-08,CUS-0242,1010020,144288,216432,72146,1442886
2026-08,CUS-0243,1010020,144288,216432,72146,1442886
2026-08,CUS-0244,1010020,144288,216432,72146,1442886
2026-08,CUS-0245,1010020,144288,216432,72146,1442886
2026-08,CUS-0246,1010020,144288,216432,72146,1442886
2026-08,CUS-0247,1010020,144288,216432,72146,1442886
2026-08,CUS-0248,1010020,144288,216432,72146,1442886
2026-08,CUS-0249,1010020,144288,216432,72146,1442886
2026-08,CUS-0250,1010020,144288,216432,72146,1442886
2026-08,CUS-0251,1010020,144288,216432,72146,1442886
2026-08,CUS-0252,1010020,144288,216432,72146,1442886
2026-08,CUS-0253,1010020,144288,216432,72146,1442886
2026-08,CUS-0254,1010020,144288,216432,72146,1442886
2026-08,CUS-0255,1010020,144288,216432,72146,1442886
2026-08,CUS-0256,1010020,144288,216432,72146,1442886
2026-08,CUS-0257,1010020,144288,216432,72146,1442886
2026-08,CUS-0258,1010020,144288,216432,72146,1442886
2026-08,CUS-0259,1010020,144288,216432,72146,1442886
2026-08,CUS-0260,1010020,144288,216432,72146,1442886
2026-08,CUS-0261,1010020,144288,216432,72146,1442886
2026-08,CUS-0262,1010020,144288,216432,72146,1442886
2026-08,CUS-0263,1010020,144288,216432,72146,1442886
2026-08,CUS-0264,1010020,144288,216432,72146,1442886
2026-08,CUS-0265,1010020,144288,216432,72146,1442886
2026-08,CUS-0266,1010020,144288,216432,72146,1442886
2026-08,CUS-0267,1010020,144288,216432,72146,1442886
2026-08,CUS-0268,1010020,144288,216432,72146,1442886
2026-08,CUS-0269,1010020,144288,216432,72146,1442886
2026-08,CUS-0270,1010020,144288,216432,72146,1442886
2026-08,CUS-0271,1010020,144288,216432,72146,1442886
2026-08,CUS-0272,1010020,144288,216432,72146,1442886
2026-08,CUS-0273,1010020,144288,216432,72146,1442886
2026-08,CUS-0274,1010020,144288,216432,72146,1442886
2026-08,CUS-0275,1010020,144288,216432,72146,1442886
2026-08,CUS-0276,1010020,144288,216432,72146,1442886
2026-08,CUS-0277,1010020,144288,216432,72146,1442886
2026-08,CUS-0278,1010020,144288,216432,72146,1442886
2026-08,CUS-0279,1010020,144288,216432,72146,1442886
2026-08,CUS-0280,1010020,144288,216432,72146,1442886
2026-08,CUS-0281,1010020,144288,216432,72146,1442886
2026-08,CUS-0282,1010020,144288,216432,72146,1442886
2026-08,CUS-0283,1010020,144288,216432,72146,1442886
2026-08,CUS-0284,1010020,144288,216432,72146,1442886
2026-08,CUS-0285,1010020,144288,216432,72146,1442886
2026-08,CUS-0286,1010020,144288,216432,72146,1442886
2026-08,CUS-0287,1010020,144288,216432,72146,1442886
2026-08,CUS-0288,1010020,144288,216432,72146,1442886
2026-08,CUS-0289,1010020,144288,216432,72146,1442886
2026-08,CUS-0290,1010020,144288,216432,72146,1442886
2026-08,CUS-0291,1010020,144288,216432,72146,1442886
2026-08,CUS-0292,1010020,144288,216432,72146,1442886
2026-08,CUS-0293,1010020,144288,216432,72146,1442886
2026-08,CUS-0294,1010020,144288,216432,72146,1442886
2026-08,CUS-0295,1010020,144288,216432,72146,1442886
2026-08,CUS-0296,1010020,144288,216432,72146,1442886
2026-08,CUS-0297,1010020,144288,216432,72146,1442886
2026-08,CUS-0298,1010020,144288,216432,72146,1442886
2026-08,CUS-0299,1010020,144288,216432,72146,1442886
2026-08,CUS-0300,1010020,144288,216432,72146,1442886
2026-08,CUS-0301,1010020,144288,216432,72146,1442886
2026-08,CUS-0302,1010020,144288,216432,72146,1442886
2026-08,CUS-0303,1010020,144288,216432,72146,1442886
2026-08,CUS-0304,1010020,144288,216432,72146,1442886
2026-08,CUS-0305,1010020,144288,216432,72146,1442886
2026-08,CUS-0306,1010020,144288,216432,72146,1442886
2026-08,CUS-0307,1010020,144288,216432,72146,1442886
2026-08,CUS-0308,1010020,144288,216432,72146,1442886
2026-08,CUS-0309,1010020,144288,216432,72146,1442886
2026-08,CUS-0310,1010020,144288,216432,72146,1442886
2026-08,CUS-0311,1010019,144288,216432,72146,1442885
2026-08,CUS-0312,1010019,144288,216432,72146,1442885
2026-08,CUS-0313,1010019,144288,216432,72146,1442885
2026-08,CUS-0314,1010019,144288,216432,72146,1442885
2026-08,CUS-0315,1010019,144288,216432,72146,1442885
2026-08,CUS-0316,1010019,144288,216432,72146,1442885
2026-08,CUS-0317,1010019,144288,216432,72146,1442885
2026-08,CUS-0318,1010019,144288,216432,72146,1442885
2026-08,CUS-0319,1010019,144288,216432,72146,1442885
2026-08,CUS-0320,1010019,144288,216432,72146,1442885
2026-08,CUS-0321,1010019,144288,216432,72146,1442885
2026-08,CUS-0322,1010019,144288,216432,72146,1442885
2026-08,CUS-0323,1010019,144288,216432,72146,1442885
2026-08,CUS-0324,1010019,144288,216432,72146,1442885
2026-08,CUS-0325,1010019,144288,216432,72146,1442885
2026-08,CUS-0326,1010019,144288,216432,72146,1442885
2026-08,CUS-0327,1010019,144288,216432,72146,1442885
2026-08,CUS-0328,1010019,144288,216432,72146,1442885
2026-08,CUS-0329,1010019,144288,216432,72146,1442885
2026-08,CUS-0330,1010019,144288,216432,72146,1442885
2026-08,CUS-0331,1010019,144288,216432,72146,1442885
2026-08,CUS-0332,1010019,144288,216432,72146,1442885
2026-08,CUS-0333,1010019,144288,216432,72146,1442885
2026-08,CUS-0334,1010019,144288,216432,72146,1442885
2026-08,CUS-0335,1010019,144288,216432,72146,1442885
2026-08,CUS-0336,1010019,144288,216432,72146,1442885
2026-08,CUS-0337,1010019,144288,216432,72146,1442885
2026-08,CUS-0338,1010019,144288,216432,72146,1442885
2026-08,CUS-0339,1010019,144288,216432,72146,1442885
2026-08,CUS-0340,1010019,144288,216432,72146,1442885
2026-08,CUS-0341,1010019,144288,216432,72146,1442885
2026-08,CUS-0342,1010019,144288,216432,72146,1442885
2026-08,CUS-0343,1010019,144288,216432,72146,1442885
2026-08,CUS-0344,1010019,144288,216432,72146,1442885
2026-08,CUS-0345,1010019,144288,216432,72146,1442885
2026-08,CUS-0346,1010019,144288,216432,72146,1442885
2026-08,CUS-0347,1010019,144288,216432,72146,1442885
2026-08,CUS-0348,1010019,144288,216432,72146,1442885
2026-08,CUS-0349,1010019,144288,216432,72146,1442885
2026-08,CUS-0350,1010019,144288,216432,72146,1442885
2026-08,CUS-0351,1010019,144288,216432,72146,1442885
2026-08,CUS-0352,1010019,144288,216432,72146,1442885
2026-08,CUS-0353,1010019,144288,216432,72146,1442885
2026-08,CUS-0354,1010019,144288,216432,72146,1442885
2026-08,CUS-0355,1010019,144288,216432,72146,1442885
2026-08,CUS-0356,1010019,144288,216432,72146,1442885
2026-08,CUS-0357,1010019,144288,216432,72146,1442885
2026-08,CUS-0358,1010019,144288,216432,72146,1442885
2026-08,CUS-0359,1010019,144288,216432,72146,1442885
2026-08,CUS-0360,1010019,144288,216432,72146,1442885
2026-08,CUS-0361,1010019,144288,216432,72146,1442885
2026-08,CUS-0362,1010019,144288,216432,72146,1442885
2026-08,CUS-0363,1010019,144288,216432,72146,1442885
2026-08,CUS-0364,1010019,144288,216432,72146,1442885
2026-08,CUS-0365,1010019,144288,216432,72146,1442885
2026-08,CUS-0366,1010019,144288,216432,72146,1442885
2026-08,CUS-0367,1010019,144288,216432,72146,1442885
2026-08,CUS-0368,1010019,144288,216432,72146,1442885
2026-08,CUS-0369,1010019,144288,216432,72146,1442885
2026-08,CUS-0370,1010019,144288,216432,72146,1442885
2026-08,CUS-0371,1010019,144288,216432,72146,1442885
2026-08,CUS-0372,1010019,144288,216432,72146,1442885
2026-08,CUS-0373,1010019,144288,216432,72146,1442885
2026-08,CUS-0374,1010019,144288,216432,72146,1442885
2026-08,CUS-0375,1010019,144288,216432,72146,1442885
2026-08,CUS-0376,1010019,144288,216432,72146,1442885
2026-08,CUS-0377,1010019,144288,216432,72146,1442885
2026-08,CUS-0378,1010019,144288,216432,72146,1442885
2026-08,CUS-0379,1010019,144288,216432,72146,1442885
2026-08,CUS-0380,1010019,144288,216432,72146,1442885
2026-08,CUS-0381,1010019,144288,216432,72146,1442885
2026-08,CUS-0382,1010019,144288,216432,72146,1442885
2026-08,CUS-0383,1010019,144288,216432,72146,1442885
2026-08,CUS-0384,1010019,144288,216432,72146,1442885
2026-08,CUS-0385,1010019,144288,216432,72146,1442885
2026-08,CUS-0386,1010019,144288,216432,72146,1442885
2026-08,CUS-0387,1010019,144288,216432,72146,1442885
2026-08,CUS-0388,1010019,144288,216432,72146,1442885
2026-08,CUS-0389,1010019,144288,216432,72146,1442885
2026-08,CUS-0390,1010019,144288,216432,72146,1442885
2026-08,CUS-0391,1010019,144288,216432,72146,1442885
2026-08,CUS-0392,1010019,144288,216432,72146,1442885
2026-08,CUS-0393,1010019,144288,216432,72146,1442885
2026-08,CUS-0394,1010019,144288,216432,72146,1442885
2026-08,CUS-0395,1010019,144288,216432,72146,1442885
2026-08,CUS-0396,1010019,144288,216432,72146,1442885
2026-08,CUS-0397,1010019,144288,216432,72146,1442885
2026-08,CUS-0398,1010019,144288,216432,72146,1442885
2026-08,CUS-0399,1010019,144288,216432,72146,1442885
2026-08,CUS-0400,1010019,144288,216432,72146,1442885
2026-08,CUS-0401,1010019,144288,216432,72146,1442885
2026-08,CUS-0402,1010019,144288,216432,72146,1442885
2026-08,CUS-0403,1010019,144288,216432,72146,1442885
2026-08,CUS-0404,1010019,144288,216432,72146,1442885
2026-08,CUS-0405,1010019,144288,216432,72146,1442885
2026-08,CUS-0406,1010019,144288,216432,72146,1442885
2026-08,CUS-0407,1010019,144288,216432,72146,1442885
2026-08,CUS-0408,1010019,144288,216432,72146,1442885
2026-08,CUS-0409,1010019,144288,216432,72146,1442885
2026-08,CUS-0410,1010019,144288,216432,72146,1442885
2026-08,CUS-0411,1010019,144288,216432,72146,1442885
2026-08,CUS-0412,1010019,144288,216432,72146,1442885
2026-08,CUS-0413,1010019,144288,216432,72146,1442885
2026-08,CUS-0414,1010019,144288,216432,72146,1442885
2026-08,CUS-0415,1010019,144288,216432,72146,1442885
2026-08,CUS-0416,1010019,144288,216432,72146,1442885
2026-08,CUS-0417,1010019,144288,216432,72146,1442885
2026-08,CUS-0418,1010019,144288,216432,72146,1442885
2026-08,CUS-0419,1010019,144288,216432,72146,1442885
2026-08,CUS-0420,1010019,144288,216432,72146,1442885
2026-08,CUS-0421,1010019,144288,216432,72146,1442885
2026-08,CUS-0422,1010019,144288,216432,72146,1442885
2026-08,CUS-0423,1010019,144288,216432,72146,1442885
2026-08,CUS-0424,1010019,144288,216432,72146,1442885
2026-08,CUS-0425,1010019,144288,216432,72146,1442885
2026-08,CUS-0426,1010019,144288,216432,72146,1442885
2026-08,CUS-0427,1010019,144288,216432,72146,1442885
2026-08,CUS-0428,1010019,144288,216432,72146,1442885
2026-08,CUS-0429,1010019,144288,216432,72146,1442885
2026-08,CUS-0430,1010019,144288,216432,72146,1442885
2026-08,CUS-0431,1010019,144288,216432,72146,1442885
2026-08,CUS-0432,1010019,144288,216432,72146,1442885
2026-08,CUS-0433,1010019,144288,216432,72146,1442885
2026-08,CUS-0434,1010019,144288,216432,72146,1442885
2026-08,CUS-0435,1010019,144288,216432,72146,1442885
2026-08,CUS-0436,1010019,144288,216432,72146,1442885
2026-08,CUS-0437,1010019,144288,216432,72146,1442885
2026-08,CUS-0438,1010019,144288,216432,72146,1442885
2026-08,CUS-0439,1010019,144288,216432,72146,1442885
2026-08,CUS-0440,1010019,144288,216432,72146,1442885
2026-08,CUS-0441,1010019,144288,216432,72146,1442885
2026-08,CUS-0442,1010019,144288,216432,72146,1442885
2026-08,CUS-0443,1010019,144288,216432,72146,1442885
2026-08,CUS-0444,1010019,144288,216432,72146,1442885
2026-08,CUS-0445,1010019,144288,216432,72146,1442885
2026-08,CUS-0446,1010019,144288,216432,72146,1442885
2026-08,CUS-0447,1010019,144288,216432,72146,1442885
2026-08,CUS-0448,1010019,144288,216432,72146,1442885
2026-08,CUS-0449,1010019,144288,216432,72146,1442885
2026-08,CUS-0450,1010019,144288,216432,72146,1442885
2026-08,CUS-0451,1010019,144288,216432,72146,1442885
2026-08,CUS-0452,1010019,144288,216432,72146,1442885
2026-08,CUS-0453,1010019,144288,216432,72146,1442885
2026-08,CUS-0454,1010019,144288,216432,72146,1442885
2026-08,CUS-0455,1010019,144288,216432,72146,1442885
2026-08,CUS-0456,1010019,144288,216432,72146,1442885
2026-08,CUS-0457,1010019,144288,216432,72146,1442885
2026-08,CUS-0458,1010019,144288,216432,72146,1442885
2026-08,CUS-0459,1010019,144288,216432,72146,1442885
2026-08,CUS-0460,1010019,144288,216432,72146,1442885
2026-08,CUS-0461,1010019,144288,216432,72146,1442885
2026-08,CUS-0462,1010019,144288,216432,72146,1442885
2026-08,CUS-0463,1010019,144288,216432,72146,1442885
2026-08,CUS-0464,1010019,144288,216432,72146,1442885
2026-08,CUS-0465,1010019,144288,216432,72146,1442885
2026-08,CUS-0466,1010019,144288,216432,72146,1442885
2026-08,CUS-0467,1010019,144288,216432,72146,1442885
2026-08,CUS-0468,1010019,144288,216432,72146,1442885
2026-08,CUS-0469,1010019,144288,216432,72146,1442885
2026-08,CUS-0470,1010019,144288,216432,72146,1442885
2026-08,CUS-0471,1010019,144288,216432,72146,1442885
2026-08,CUS-0472,1010019,144288,216432,72146,1442885
2026-08,CUS-0473,1010019,144288,216432,72146,1442885
2026-08,CUS-0474,1010019,144288,216432,72146,1442885
2026-08,CUS-0475,1010019,144288,216432,72146,1442885
2026-08,CUS-0476,1010019,144288,216432,72146,1442885
2026-08,CUS-0477,1010019,144288,216432,72146,1442885
2026-08,CUS-0478,1010019,144288,216432,72146,1442885
2026-08,CUS-0479,1010019,144288,216432,72146,1442885
2026-08,CUS-0480,1010019,144288,216432,72146,1442885
2026-08,CUS-0481,1010019,144288,216432,72146,1442885
2026-08,CUS-0482,1010019,144288,216432,72146,1442885
2026-08,CUS-0483,1010019,144288,216432,72146,1442885
2026-08,CUS-0484,1010019,144288,216432,72146,1442885
2026-08,CUS-0485,1010019,144288,216432,72146,1442885
2026-08,CUS-0486,1010019,144288,216432,72146,1442885
2026-08,CUS-0487,1010019,144288,216432,72146,1442885
2026-08,CUS-0488,1010019,144288,216432,72146,1442885
2026-08,CUS-0489,1010019,144288,216432,72146,1442885
2026-08,CUS-0490,1010019,144288,216432,72146,1442885
2026-08,CUS-0491,1010019,144288,216432,72146,1442885
2026-08,CUS-0492,1010019,144288,216432,72146,1442885
2026-08,CUS-0493,1010019,144288,216432,72146,1442885
2026-08,CUS-0494,1010019,144288,216432,72146,1442885
2026-08,CUS-0495,1010019,144288,216432,72146,1442885
2026-08,CUS-0496,1010019,144288,216432,72146,1442885
2026-08,CUS-0497,1010019,144288,216432,72146,1442885
2026-08,CUS-0498,1010019,144288,216432,72146,1442885
2026-08,CUS-0499,1010019,144288,216432,72146,1442885
2026-08,CUS-0500,1010019,144288,216432,72146,1442885
